pair_id,tier,split,group_id,clean_id,corrupt_id,reliability,winner,agreement_c1,agreement_c2,clean_schedule,corrupt_schedule,strict_boundary_pair,same_grid,same_questions,same_reports,cohort,direction,recipient_id,donor_id,site,patch_site,layer,condition,job_id,baseline_margin,patched_margin,baseline_truth_signed_margin,patched_truth_signed_margin,truth_signed_change,margin_change,baseline_correct,patched_correct,baseline_top_token_correct,patched_top_token_correct,repair,damage,full_vocab_repair,full_vocab_damage,choice_changed,buffered_repair,buffered_damage,directional_effect
013b92c00bfe0af91ac4,grid,train,535879badc16596b42d1,580217a66dbbfb1e61fcd15f,21d26639fa261c4da411a689,1/20,C1,1,2,50,33,True,True,False,False,discovery_grid_train,denoising,21d26639fa261c4da411a689,580217a66dbbfb1e61fcd15f,final_prompt,final_prompt,0,cross_patch,114b1a66de27bd97775149f7,-0.125,-0.125,-0.125,-0.125,0.0,0.0,False,False,False,False,False,False,False,False,False,False,False,0.0
013b92c00bfe0af91ac4,grid,train,535879badc16596b42d1,580217a66dbbfb1e61fcd15f,21d26639fa261c4da411a689,1/20,C1,1,2,50,33,True,True,False,False,discovery_grid_train,denoising,21d26639fa261c4da411a689,580217a66dbbfb1e61fcd15f,final_prompt,final_prompt,0,self_patch,e748e184c3e3a93385b32888,-0.125,-0.125,-0.125,-0.125,0.0,0.0,False,False,False,False,False,False,False,False,False,False,False,0.0
013b92c00bfe0af91ac4,grid,train,535879badc16596b42d1,580217a66dbbfb1e61fcd15f,21d26639fa261c4da411a689,1/20,C1,1,2,50,33,True,True,False,False,discovery_grid_train,denoising,21d26639fa261c4da411a689,580217a66dbbfb1e61fcd15f,final_prompt,final_prompt,1,cross_patch,2207187ded0f5e2ef38e68eb,-0.125,-0.125,-0.125,-0.125,0.0,0.0,False,False,False,False,False,False,False,False,False,False,False,0.0
013b92c00bfe0af91ac4,grid,train,535879badc16596b42d1,580217a66dbbfb1e61fcd15f,21d26639fa261c4da411a689,1/20,C1,1,2,50,33,True,True,False,False,discovery_grid_train,denoising,21d26639fa261c4da411a689,580217a66dbbfb1e61fcd15f,final_prompt,final_prompt,1,self_patch,5870d726b8509065d3aebbd2,-0.125,-0.125,-0.125,-0.125,0.0,0.0,False,False,False,False,False,False,False,False,False,False,False,0.0
013b92c00bfe0af91ac4,grid,train,535879badc16596b42d1,580217a66dbbfb1e61fcd15f,21d26639fa261c4da411a689,1/20,C1,1,2,50,33,True,True,False,False,discovery_grid_train,denoising,21d26639fa261c4da411a689,580217a66dbbfb1e61fcd15f,final_prompt,final_prompt,2,cross_patch,942a104652ed63ff785ee8f9,-0.125,-0.125,-0.125,-0.125,0.0,0.0,False,False,False,False,False,False,False,False,False,False,False,0.0
013b92c00bfe0af91ac4,grid,train,535879badc16596b42d1,580217a66dbbfb1e61fcd15f,21d26639fa261c4da411a689,1/20,C1,1,2,50,33,True,True,False,False,discovery_grid_train,denoising,21d26639fa261c4da411a689,580217a66dbbfb1e61fcd15f,final_prompt,final_prompt,2,self_patch,f139e74b485e6b2847678477,-0.125,-0.125,-0.125,-0.125,0.0,0.0,False,False,False,False,False,False,False,False,False,False,False,0.0
013b92c00bfe0af91ac4,grid,train,535879badc16596b42d1,580217a66dbbfb1e61fcd15f,21d26639fa261c4da411a689,1/20,C1,1,2,50,33,True,True,False,False,discovery_grid_train,denoising,21d26639fa261c4da411a689,580217a66dbbfb1e61fcd15f,final_prompt,final_prompt,3,cross_patch,347cbc0efad24cf66d82698f,-0.125,-0.125,-0.125,-0.125,0.0,0.0,False,False,False,False,False,False,False,False,False,False,False,0.0
013b92c00bfe0af91ac4,grid,train,535879badc16596b42d1,580217a66dbbfb1e61fcd15f,21d26639fa261c4da411a689,1/20,C1,1,2,50,33,True,True,False,False,discovery_grid_train,denoising,21d26639fa261c4da411a689,580217a66dbbfb1e61fcd15f,final_prompt,final_prompt,3,self_patch,889bc919c23214cefd84caf2,-0.125,-0.125,-0.125,-0.125,0.0,0.0,False,False,False,False,False,False,False,False,False,False,False,0.0
013b92c00bfe0af91ac4,grid,train,535879badc16596b42d1,580217a66dbbfb1e61fcd15f,21d26639fa261c4da411a689,1/20,C1,1,2,50,33,True,True,False,False,discovery_grid_train,denoising,21d26639fa261c4da411a689,580217a66dbbfb1e61fcd15f,final_prompt,final_prompt,4,cross_patch,d7a1a07c2190e2b5ac51e2d2,-0.125,-0.125,-0.125,-0.125,0.0,0.0,False,False,False,False,False,False,False,False,False,False,False,0.0
013b92c00bfe0af91ac4,grid,train,535879badc16596b42d1,580217a66dbbfb1e61fcd15f,21d26639fa261c4da411a689,1/20,C1,1,2,50,33,True,True,False,False,discovery_grid_train,denoising,21d26639fa261c4da411a689,580217a66dbbfb1e61fcd15f,final_prompt,final_prompt,4,self_patch,9d0b03b4da3ba2f395d6aa91,-0.125,-0.125,-0.125,-0.125,0.0,0.0,False,False,False,False,False,False,False,False,False,False,False,0.0
013b92c00bfe0af91ac4,grid,train,535879badc16596b42d1,580217a66dbbfb1e61fcd15f,21d26639fa261c4da411a689,1/20,C1,1,2,50,33,True,True,False,False,discovery_grid_train,denoising,21d26639fa261c4da411a689,580217a66dbbfb1e61fcd15f,final_prompt,final_prompt,5,cross_patch,78a0a182a708b0ea457f9e5c,-0.125,0.0,-0.125,0.0,0.125,0.125,False,False,False,True,False,False,True,False,True,False,False,0.125
013b92c00bfe0af91ac4,grid,train,535879badc16596b42d1,580217a66dbbfb1e61fcd15f,21d26639fa261c4da411a689,1/20,C1,1,2,50,33,True,True,False,False,discovery_grid_train,denoising,21d26639fa261c4da411a689,580217a66dbbfb1e61fcd15f,final_prompt,final_prompt,5,self_patch,d5c6fee05cb1c296dbbb56b3,-0.125,-0.125,-0.125,-0.125,0.0,0.0,False,False,False,False,False,False,False,False,False,False,False,0.0
013b92c00bfe0af91ac4,grid,train,535879badc16596b42d1,580217a66dbbfb1e61fcd15f,21d26639fa261c4da411a689,1/20,C1,1,2,50,33,True,True,False,False,discovery_grid_train,denoising,21d26639fa261c4da411a689,580217a66dbbfb1e61fcd15f,final_prompt,final_prompt,6,cross_patch,557caf493a8d730002a06f7a,-0.125,-0.125,-0.125,-0.125,0.0,0.0,False,False,False,False,False,False,False,False,False,False,False,0.0
013b92c00bfe0af91ac4,grid,train,535879badc16596b42d1,580217a66dbbfb1e61fcd15f,21d26639fa261c4da411a689,1/20,C1,1,2,50,33,True,True,False,False,discovery_grid_train,denoising,21d26639fa261c4da411a689,580217a66dbbfb1e61fcd15f,final_prompt,final_prompt,6,self_patch,7990c7ed91f7bcc376a8c9fe,-0.125,-0.125,-0.125,-0.125,0.0,0.0,False,False,False,False,False,False,False,False,False,False,False,0.0
013b92c00bfe0af91ac4,grid,train,535879badc16596b42d1,580217a66dbbfb1e61fcd15f,21d26639fa261c4da411a689,1/20,C1,1,2,50,33,True,True,False,False,discovery_grid_train,denoising,21d26639fa261c4da411a689,580217a66dbbfb1e61fcd15f,final_prompt,final_prompt,7,cross_patch,10f0f34d054a3e54f96a0cfb,-0.125,-0.125,-0.125,-0.125,0.0,0.0,False,False,False,False,False,False,False,False,False,False,False,0.0
013b92c00bfe0af91ac4,grid,train,535879badc16596b42d1,580217a66dbbfb1e61fcd15f,21d26639fa261c4da411a689,1/20,C1,1,2,50,33,True,True,False,False,discovery_grid_train,denoising,21d26639fa261c4da411a689,580217a66dbbfb1e61fcd15f,final_prompt,final_prompt,7,self_patch,e6ccde606b46796eac131df9,-0.125,-0.125,-0.125,-0.125,0.0,0.0,False,False,False,False,False,False,False,False,False,False,False,0.0
013b92c00bfe0af91ac4,grid,train,535879badc16596b42d1,580217a66dbbfb1e61fcd15f,21d26639fa261c4da411a689,1/20,C1,1,2,50,33,True,True,False,False,discovery_grid_train,denoising,21d26639fa261c4da411a689,580217a66dbbfb1e61fcd15f,final_prompt,final_prompt,8,cross_patch,8fa6f093433cb5be06ec8764,-0.125,-0.125,-0.125,-0.125,0.0,0.0,False,False,False,False,False,False,False,False,False,False,False,0.0
013b92c00bfe0af91ac4,grid,train,535879badc16596b42d1,580217a66dbbfb1e61fcd15f,21d26639fa261c4da411a689,1/20,C1,1,2,50,33,True,True,False,False,discovery_grid_train,denoising,21d26639fa261c4da411a689,580217a66dbbfb1e61fcd15f,final_prompt,final_prompt,8,self_patch,25cc210dfc67e47df2cb0e22,-0.125,-0.125,-0.125,-0.125,0.0,0.0,False,False,False,False,False,False,False,False,False,False,False,0.0
013b92c00bfe0af91ac4,grid,train,535879badc16596b42d1,580217a66dbbfb1e61fcd15f,21d26639fa261c4da411a689,1/20,C1,1,2,50,33,True,True,False,False,discovery_grid_train,denoising,21d26639fa261c4da411a689,580217a66dbbfb1e61fcd15f,final_prompt,final_prompt,9,cross_patch,4a96fd533403a74be52f0290,-0.125,0.0,-0.125,0.0,0.125,0.125,False,False,False,True,False,False,True,False,True,False,False,0.125
013b92c00bfe0af91ac4,grid,train,535879badc16596b42d1,580217a66dbbfb1e61fcd15f,21d26639fa261c4da411a689,1/20,C1,1,2,50,33,True,True,False,False,discovery_grid_train,denoising,21d26639fa261c4da411a689,580217a66dbbfb1e61fcd15f,final_prompt,final_prompt,9,self_patch,9d688c5cd3fa515c7813a276,-0.125,-0.125,-0.125,-0.125,0.0,0.0,False,False,False,False,False,False,False,False,False,False,False,0.0
013b92c00bfe0af91ac4,grid,train,535879badc16596b42d1,580217a66dbbfb1e61fcd15f,21d26639fa261c4da411a689,1/20,C1,1,2,50,33,True,True,False,False,discovery_grid_train,denoising,21d26639fa261c4da411a689,580217a66dbbfb1e61fcd15f,final_prompt,final_prompt,10,cross_patch,b1ee9d0cf536c47c2de8f70b,-0.125,0.0,-0.125,0.0,0.125,0.125,False,False,False,True,False,False,True,False,True,False,False,0.125
013b92c00bfe0af91ac4,grid,train,535879badc16596b42d1,580217a66dbbfb1e61fcd15f,21d26639fa261c4da411a689,1/20,C1,1,2,50,33,True,True,False,False,discovery_grid_train,denoising,21d26639fa261c4da411a689,580217a66dbbfb1e61fcd15f,final_prompt,final_prompt,10,self_patch,c5cdef2f5f6384ab59d6bd0c,-0.125,-0.125,-0.125,-0.125,0.0,0.0,False,False,False,False,False,False,False,False,False,False,False,0.0
013b92c00bfe0af91ac4,grid,train,535879badc16596b42d1,580217a66dbbfb1e61fcd15f,21d26639fa261c4da411a689,1/20,C1,1,2,50,33,True,True,False,False,discovery_grid_train,denoising,21d26639fa261c4da411a689,580217a66dbbfb1e61fcd15f,final_prompt,final_prompt,11,cross_patch,bbcbfdca1ee2e9d1c56725b6,-0.125,-0.125,-0.125,-0.125,0.0,0.0,False,False,False,False,False,False,False,False,False,False,False,0.0
013b92c00bfe0af91ac4,grid,train,535879badc16596b42d1,580217a66dbbfb1e61fcd15f,21d26639fa261c4da411a689,1/20,C1,1,2,50,33,True,True,False,False,discovery_grid_train,denoising,21d26639fa261c4da411a689,580217a66dbbfb1e61fcd15f,final_prompt,final_prompt,11,self_patch,fd01e4a90e35d6be874776e3,-0.125,-0.125,-0.125,-0.125,0.0,0.0,False,False,False,False,False,False,False,False,False,False,False,0.0
013b92c00bfe0af91ac4,grid,train,535879badc16596b42d1,580217a66dbbfb1e61fcd15f,21d26639fa261c4da411a689,1/20,C1,1,2,50,33,True,True,False,False,discovery_grid_train,denoising,21d26639fa261c4da411a689,580217a66dbbfb1e61fcd15f,final_prompt,final_prompt,12,cross_patch,2538ba4d247201208e05b49b,-0.125,0.0,-0.125,0.0,0.125,0.125,False,False,False,True,False,False,True,False,True,False,False,0.125
013b92c00bfe0af91ac4,grid,train,535879badc16596b42d1,580217a66dbbfb1e61fcd15f,21d26639fa261c4da411a689,1/20,C1,1,2,50,33,True,True,False,False,discovery_grid_train,denoising,21d26639fa261c4da411a689,580217a66dbbfb1e61fcd15f,final_prompt,final_prompt,12,self_patch,1e35035fa89c743a66c416a4,-0.125,-0.125,-0.125,-0.125,0.0,0.0,False,False,False,False,False,False,False,False,False,False,False,0.0
013b92c00bfe0af91ac4,grid,train,535879badc16596b42d1,580217a66dbbfb1e61fcd15f,21d26639fa261c4da411a689,1/20,C1,1,2,50,33,True,True,False,False,discovery_grid_train,denoising,21d26639fa261c4da411a689,580217a66dbbfb1e61fcd15f,final_prompt,final_prompt,13,cross_patch,fd0b16a21fe9209af4f2333d,-0.125,-0.125,-0.125,-0.125,0.0,0.0,False,False,False,False,False,False,False,False,False,False,False,0.0
013b92c00bfe0af91ac4,grid,train,535879badc16596b42d1,580217a66dbbfb1e61fcd15f,21d26639fa261c4da411a689,1/20,C1,1,2,50,33,True,True,False,False,discovery_grid_train,denoising,21d26639fa261c4da411a689,580217a66dbbfb1e61fcd15f,final_prompt,final_prompt,13,self_patch,9bb42b6e8621fc6093dc074c,-0.125,-0.125,-0.125,-0.125,0.0,0.0,False,False,False,False,False,False,False,False,False,False,False,0.0
013b92c00bfe0af91ac4,grid,train,535879badc16596b42d1,580217a66dbbfb1e61fcd15f,21d26639fa261c4da411a689,1/20,C1,1,2,50,33,True,True,False,False,discovery_grid_train,denoising,21d26639fa261c4da411a689,580217a66dbbfb1e61fcd15f,final_prompt,final_prompt,14,cross_patch,203e89677fd52a0e7a4ad38a,-0.125,-0.125,-0.125,-0.125,0.0,0.0,False,False,False,False,False,False,False,False,False,False,False,0.0
013b92c00bfe0af91ac4,grid,train,535879badc16596b42d1,580217a66dbbfb1e61fcd15f,21d26639fa261c4da411a689,1/20,C1,1,2,50,33,True,True,False,False,discovery_grid_train,denoising,21d26639fa261c4da411a689,580217a66dbbfb1e61fcd15f,final_prompt,final_prompt,14,self_patch,34112502e8e6268dbc52b74d,-0.125,-0.125,-0.125,-0.125,0.0,0.0,False,False,False,False,False,False,False,False,False,False,False,0.0
013b92c00bfe0af91ac4,grid,train,535879badc16596b42d1,580217a66dbbfb1e61fcd15f,21d26639fa261c4da411a689,1/20,C1,1,2,50,33,True,True,False,False,discovery_grid_train,denoising,21d26639fa261c4da411a689,580217a66dbbfb1e61fcd15f,final_prompt,final_prompt,15,cross_patch,53aee94eb3335cd5b0f50944,-0.125,0.0,-0.125,0.0,0.125,0.125,False,False,False,True,False,False,True,False,True,False,False,0.125
013b92c00bfe0af91ac4,grid,train,535879badc16596b42d1,580217a66dbbfb1e61fcd15f,21d26639fa261c4da411a689,1/20,C1,1,2,50,33,True,True,False,False,discovery_grid_train,denoising,21d26639fa261c4da411a689,580217a66dbbfb1e61fcd15f,final_prompt,final_prompt,15,self_patch,7c59d1bf624b519ba20c8565,-0.125,-0.125,-0.125,-0.125,0.0,0.0,False,False,False,False,False,False,False,False,False,False,False,0.0
013b92c00bfe0af91ac4,grid,train,535879badc16596b42d1,580217a66dbbfb1e61fcd15f,21d26639fa261c4da411a689,1/20,C1,1,2,50,33,True,True,False,False,discovery_grid_train,denoising,21d26639fa261c4da411a689,580217a66dbbfb1e61fcd15f,final_prompt,final_prompt,16,cross_patch,f3149b821f5928ebc4b53896,-0.125,-0.125,-0.125,-0.125,0.0,0.0,False,False,False,False,False,False,False,False,False,False,False,0.0
013b92c00bfe0af91ac4,grid,train,535879badc16596b42d1,580217a66dbbfb1e61fcd15f,21d26639fa261c4da411a689,1/20,C1,1,2,50,33,True,True,False,False,discovery_grid_train,denoising,21d26639fa261c4da411a689,580217a66dbbfb1e61fcd15f,final_prompt,final_prompt,16,self_patch,df877c32ee0163ec65d3da5c,-0.125,-0.125,-0.125,-0.125,0.0,0.0,False,False,False,False,False,False,False,False,False,False,False,0.0
013b92c00bfe0af91ac4,grid,train,535879badc16596b42d1,580217a66dbbfb1e61fcd15f,21d26639fa261c4da411a689,1/20,C1,1,2,50,33,True,True,False,False,discovery_grid_train,denoising,21d26639fa261c4da411a689,580217a66dbbfb1e61fcd15f,final_prompt,final_prompt,17,cross_patch,428e9882203963cae5224e26,-0.125,-0.125,-0.125,-0.125,0.0,0.0,False,False,False,False,False,False,False,False,False,False,False,0.0
013b92c00bfe0af91ac4,grid,train,535879badc16596b42d1,580217a66dbbfb1e61fcd15f,21d26639fa261c4da411a689,1/20,C1,1,2,50,33,True,True,False,False,discovery_grid_train,denoising,21d26639fa261c4da411a689,580217a66dbbfb1e61fcd15f,final_prompt,final_prompt,17,self_patch,7c118a942c3e12d7751a14a6,-0.125,-0.125,-0.125,-0.125,0.0,0.0,False,False,False,False,False,False,False,False,False,False,False,0.0
013b92c00bfe0af91ac4,grid,train,535879badc16596b42d1,580217a66dbbfb1e61fcd15f,21d26639fa261c4da411a689,1/20,C1,1,2,50,33,True,True,False,False,discovery_grid_train,denoising,21d26639fa261c4da411a689,580217a66dbbfb1e61fcd15f,final_prompt,final_prompt,18,cross_patch,e67c8476ea73c724d00ea3d7,-0.125,-0.125,-0.125,-0.125,0.0,0.0,False,False,False,False,False,False,False,False,False,False,False,0.0
013b92c00bfe0af91ac4,grid,train,535879badc16596b42d1,580217a66dbbfb1e61fcd15f,21d26639fa261c4da411a689,1/20,C1,1,2,50,33,True,True,False,False,discovery_grid_train,denoising,21d26639fa261c4da411a689,580217a66dbbfb1e61fcd15f,final_prompt,final_prompt,18,self_patch,0c0bf345c899d6b17297729e,-0.125,-0.125,-0.125,-0.125,0.0,0.0,False,False,False,False,False,False,False,False,False,False,False,0.0
013b92c00bfe0af91ac4,grid,train,535879badc16596b42d1,580217a66dbbfb1e61fcd15f,21d26639fa261c4da411a689,1/20,C1,1,2,50,33,True,True,False,False,discovery_grid_train,denoising,21d26639fa261c4da411a689,580217a66dbbfb1e61fcd15f,final_prompt,final_prompt,19,cross_patch,98b7779bb511da1b1b542e97,-0.125,-0.125,-0.125,-0.125,0.0,0.0,False,False,False,False,False,False,False,False,False,False,False,0.0
013b92c00bfe0af91ac4,grid,train,535879badc16596b42d1,580217a66dbbfb1e61fcd15f,21d26639fa261c4da411a689,1/20,C1,1,2,50,33,True,True,False,False,discovery_grid_train,denoising,21d26639fa261c4da411a689,580217a66dbbfb1e61fcd15f,final_prompt,final_prompt,19,self_patch,5ab7051d4d040e85f89d41d0,-0.125,-0.125,-0.125,-0.125,0.0,0.0,False,False,False,False,False,False,False,False,False,False,False,0.0
013b92c00bfe0af91ac4,grid,train,535879badc16596b42d1,580217a66dbbfb1e61fcd15f,21d26639fa261c4da411a689,1/20,C1,1,2,50,33,True,True,False,False,discovery_grid_train,denoising,21d26639fa261c4da411a689,580217a66dbbfb1e61fcd15f,final_prompt,final_prompt,20,cross_patch,84c13572d9990d53cea9a88d,-0.125,-0.125,-0.125,-0.125,0.0,0.0,False,False,False,False,False,False,False,False,False,False,False,0.0
013b92c00bfe0af91ac4,grid,train,535879badc16596b42d1,580217a66dbbfb1e61fcd15f,21d26639fa261c4da411a689,1/20,C1,1,2,50,33,True,True,False,False,discovery_grid_train,denoising,21d26639fa261c4da411a689,580217a66dbbfb1e61fcd15f,final_prompt,final_prompt,20,self_patch,a723c93524d7cfb1264b14a4,-0.125,-0.125,-0.125,-0.125,0.0,0.0,False,False,False,False,False,False,False,False,False,False,False,0.0
013b92c00bfe0af91ac4,grid,train,535879badc16596b42d1,580217a66dbbfb1e61fcd15f,21d26639fa261c4da411a689,1/20,C1,1,2,50,33,True,True,False,False,discovery_grid_train,denoising,21d26639fa261c4da411a689,580217a66dbbfb1e61fcd15f,final_prompt,final_prompt,21,cross_patch,f8dac03aa61c365f9c362be1,-0.125,-0.125,-0.125,-0.125,0.0,0.0,False,False,False,False,False,False,False,False,False,False,False,0.0
013b92c00bfe0af91ac4,grid,train,535879badc16596b42d1,580217a66dbbfb1e61fcd15f,21d26639fa261c4da411a689,1/20,C1,1,2,50,33,True,True,False,False,discovery_grid_train,denoising,21d26639fa261c4da411a689,580217a66dbbfb1e61fcd15f,final_prompt,final_prompt,21,self_patch,9e0b240b15174cf628f50575,-0.125,-0.125,-0.125,-0.125,0.0,0.0,False,False,False,False,False,False,False,False,False,False,False,0.0
013b92c00bfe0af91ac4,grid,train,535879badc16596b42d1,580217a66dbbfb1e61fcd15f,21d26639fa261c4da411a689,1/20,C1,1,2,50,33,True,True,False,False,discovery_grid_train,denoising,21d26639fa261c4da411a689,580217a66dbbfb1e61fcd15f,final_prompt,final_prompt,22,cross_patch,15dbec5d7546317633e892c8,-0.125,0.0,-0.125,0.0,0.125,0.125,False,False,False,True,False,False,True,False,True,False,False,0.125
013b92c00bfe0af91ac4,grid,train,535879badc16596b42d1,580217a66dbbfb1e61fcd15f,21d26639fa261c4da411a689,1/20,C1,1,2,50,33,True,True,False,False,discovery_grid_train,denoising,21d26639fa261c4da411a689,580217a66dbbfb1e61fcd15f,final_prompt,final_prompt,22,self_patch,340f8620ae8da3b6dc93d1e1,-0.125,-0.125,-0.125,-0.125,0.0,0.0,False,False,False,False,False,False,False,False,False,False,False,0.0
013b92c00bfe0af91ac4,grid,train,535879badc16596b42d1,580217a66dbbfb1e61fcd15f,21d26639fa261c4da411a689,1/20,C1,1,2,50,33,True,True,False,False,discovery_grid_train,denoising,21d26639fa261c4da411a689,580217a66dbbfb1e61fcd15f,final_prompt,final_prompt,23,cross_patch,cb2a948408ab06d42cc90934,-0.125,-0.125,-0.125,-0.125,0.0,0.0,False,False,False,False,False,False,False,False,False,False,False,0.0
013b92c00bfe0af91ac4,grid,train,535879badc16596b42d1,580217a66dbbfb1e61fcd15f,21d26639fa261c4da411a689,1/20,C1,1,2,50,33,True,True,False,False,discovery_grid_train,denoising,21d26639fa261c4da411a689,580217a66dbbfb1e61fcd15f,final_prompt,final_prompt,23,self_patch,f4c4268316f705906c144054,-0.125,-0.125,-0.125,-0.125,0.0,0.0,False,False,False,False,False,False,False,False,False,False,False,0.0
013b92c00bfe0af91ac4,grid,train,535879badc16596b42d1,580217a66dbbfb1e61fcd15f,21d26639fa261c4da411a689,1/20,C1,1,2,50,33,True,True,False,False,discovery_grid_train,denoising,21d26639fa261c4da411a689,580217a66dbbfb1e61fcd15f,final_prompt,final_prompt,24,cross_patch,df6181df18134acf4158bb64,-0.125,-0.125,-0.125,-0.125,0.0,0.0,False,False,False,False,False,False,False,False,False,False,False,0.0
013b92c00bfe0af91ac4,grid,train,535879badc16596b42d1,580217a66dbbfb1e61fcd15f,21d26639fa261c4da411a689,1/20,C1,1,2,50,33,True,True,False,False,discovery_grid_train,denoising,21d26639fa261c4da411a689,580217a66dbbfb1e61fcd15f,final_prompt,final_prompt,24,self_patch,3355cbb1698afe3b8f3953f1,-0.125,-0.125,-0.125,-0.125,0.0,0.0,False,False,False,False,False,False,False,False,False,False,False,0.0
013b92c00bfe0af91ac4,grid,train,535879badc16596b42d1,580217a66dbbfb1e61fcd15f,21d26639fa261c4da411a689,1/20,C1,1,2,50,33,True,True,False,False,discovery_grid_train,denoising,21d26639fa261c4da411a689,580217a66dbbfb1e61fcd15f,final_prompt,final_prompt,25,cross_patch,2bbada32e78554c381303864,-0.125,-0.125,-0.125,-0.125,0.0,0.0,False,False,False,False,False,False,False,False,False,False,False,0.0
013b92c00bfe0af91ac4,grid,train,535879badc16596b42d1,580217a66dbbfb1e61fcd15f,21d26639fa261c4da411a689,1/20,C1,1,2,50,33,True,True,False,False,discovery_grid_train,denoising,21d26639fa261c4da411a689,580217a66dbbfb1e61fcd15f,final_prompt,final_prompt,25,self_patch,3ec355457d45e4b13614f442,-0.125,-0.125,-0.125,-0.125,0.0,0.0,False,False,False,False,False,False,False,False,False,False,False,0.0
013b92c00bfe0af91ac4,grid,train,535879badc16596b42d1,580217a66dbbfb1e61fcd15f,21d26639fa261c4da411a689,1/20,C1,1,2,50,33,True,True,False,False,discovery_grid_train,denoising,21d26639fa261c4da411a689,580217a66dbbfb1e61fcd15f,final_prompt,final_prompt,26,cross_patch,329448908c9d135df52a44de,-0.125,-0.125,-0.125,-0.125,0.0,0.0,False,False,False,False,False,False,False,False,False,False,False,0.0
013b92c00bfe0af91ac4,grid,train,535879badc16596b42d1,580217a66dbbfb1e61fcd15f,21d26639fa261c4da411a689,1/20,C1,1,2,50,33,True,True,False,False,discovery_grid_train,denoising,21d26639fa261c4da411a689,580217a66dbbfb1e61fcd15f,final_prompt,final_prompt,26,self_patch,b297fb3953bd451023a5c5b1,-0.125,-0.125,-0.125,-0.125,0.0,0.0,False,False,False,False,False,False,False,False,False,False,False,0.0
013b92c00bfe0af91ac4,grid,train,535879badc16596b42d1,580217a66dbbfb1e61fcd15f,21d26639fa261c4da411a689,1/20,C1,1,2,50,33,True,True,False,False,discovery_grid_train,denoising,21d26639fa261c4da411a689,580217a66dbbfb1e61fcd15f,final_prompt,final_prompt,27,cross_patch,2abc6ae46930d0332b9c98df,-0.125,-0.125,-0.125,-0.125,0.0,0.0,False,False,False,False,False,False,False,False,False,False,False,0.0
013b92c00bfe0af91ac4,grid,train,535879badc16596b42d1,580217a66dbbfb1e61fcd15f,21d26639fa261c4da411a689,1/20,C1,1,2,50,33,True,True,False,False,discovery_grid_train,denoising,21d26639fa261c4da411a689,580217a66dbbfb1e61fcd15f,final_prompt,final_prompt,27,self_patch,54848962d9ad81113d086606,-0.125,-0.125,-0.125,-0.125,0.0,0.0,False,False,False,False,False,False,False,False,False,False,False,0.0
013b92c00bfe0af91ac4,grid,train,535879badc16596b42d1,580217a66dbbfb1e61fcd15f,21d26639fa261c4da411a689,1/20,C1,1,2,50,33,True,True,False,False,discovery_grid_train,denoising,21d26639fa261c4da411a689,580217a66dbbfb1e61fcd15f,final_prompt,final_prompt,28,cross_patch,70ad13f5d77f2e1247c41cbe,-0.125,-0.125,-0.125,-0.125,0.0,0.0,False,False,False,False,False,False,False,False,False,False,False,0.0
013b92c00bfe0af91ac4,grid,train,535879badc16596b42d1,580217a66dbbfb1e61fcd15f,21d26639fa261c4da411a689,1/20,C1,1,2,50,33,True,True,False,False,discovery_grid_train,denoising,21d26639fa261c4da411a689,580217a66dbbfb1e61fcd15f,final_prompt,final_prompt,28,self_patch,550d6f7573afaed3a7199473,-0.125,-0.125,-0.125,-0.125,0.0,0.0,False,False,False,False,False,False,False,False,False,False,False,0.0
013b92c00bfe0af91ac4,grid,train,535879badc16596b42d1,580217a66dbbfb1e61fcd15f,21d26639fa261c4da411a689,1/20,C1,1,2,50,33,True,True,False,False,discovery_grid_train,denoising,21d26639fa261c4da411a689,580217a66dbbfb1e61fcd15f,final_prompt,final_prompt,29,cross_patch,880cb4467c630c663adb0e00,-0.125,-0.125,-0.125,-0.125,0.0,0.0,False,False,False,False,False,False,False,False,False,False,False,0.0
013b92c00bfe0af91ac4,grid,train,535879badc16596b42d1,580217a66dbbfb1e61fcd15f,21d26639fa261c4da411a689,1/20,C1,1,2,50,33,True,True,False,False,discovery_grid_train,denoising,21d26639fa261c4da411a689,580217a66dbbfb1e61fcd15f,final_prompt,final_prompt,29,self_patch,a0212aa4af6899f41af7187a,-0.125,-0.125,-0.125,-0.125,0.0,0.0,False,False,False,False,False,False,False,False,False,False,False,0.0
013b92c00bfe0af91ac4,grid,train,535879badc16596b42d1,580217a66dbbfb1e61fcd15f,21d26639fa261c4da411a689,1/20,C1,1,2,50,33,True,True,False,False,discovery_grid_train,denoising,21d26639fa261c4da411a689,580217a66dbbfb1e61fcd15f,final_prompt,final_prompt,30,cross_patch,9b1dc217d14940ebeafe59aa,-0.125,-0.125,-0.125,-0.125,0.0,0.0,False,False,False,False,False,False,False,False,False,False,False,0.0
013b92c00bfe0af91ac4,grid,train,535879badc16596b42d1,580217a66dbbfb1e61fcd15f,21d26639fa261c4da411a689,1/20,C1,1,2,50,33,True,True,False,False,discovery_grid_train,denoising,21d26639fa261c4da411a689,580217a66dbbfb1e61fcd15f,final_prompt,final_prompt,30,self_patch,43593e69073d691768c477b6,-0.125,-0.125,-0.125,-0.125,0.0,0.0,False,False,False,False,False,False,False,False,False,False,False,0.0
013b92c00bfe0af91ac4,grid,train,535879badc16596b42d1,580217a66dbbfb1e61fcd15f,21d26639fa261c4da411a689,1/20,C1,1,2,50,33,True,True,False,False,discovery_grid_train,denoising,21d26639fa261c4da411a689,580217a66dbbfb1e61fcd15f,final_prompt,final_prompt,31,cross_patch,a42daee851e742fc674ac5cb,-0.125,-0.125,-0.125,-0.125,0.0,0.0,False,False,False,False,False,False,False,False,False,False,False,0.0
013b92c00bfe0af91ac4,grid,train,535879badc16596b42d1,580217a66dbbfb1e61fcd15f,21d26639fa261c4da411a689,1/20,C1,1,2,50,33,True,True,False,False,discovery_grid_train,denoising,21d26639fa261c4da411a689,580217a66dbbfb1e61fcd15f,final_prompt,final_prompt,31,self_patch,2f328e0b307890d21e3fb201,-0.125,-0.125,-0.125,-0.125,0.0,0.0,False,False,False,False,False,False,False,False,False,False,False,0.0
013b92c00bfe0af91ac4,grid,train,535879badc16596b42d1,580217a66dbbfb1e61fcd15f,21d26639fa261c4da411a689,1/20,C1,1,2,50,33,True,True,False,False,discovery_grid_train,denoising,21d26639fa261c4da411a689,580217a66dbbfb1e61fcd15f,answer_prefix,answer_prefix,0,cross_patch,8e0a02d1349ea4d3a212b2da,-0.125,0.0,-0.125,0.0,0.125,0.125,False,False,False,True,False,False,True,False,True,False,False,0.125
013b92c00bfe0af91ac4,grid,train,535879badc16596b42d1,580217a66dbbfb1e61fcd15f,21d26639fa261c4da411a689,1/20,C1,1,2,50,33,True,True,False,False,discovery_grid_train,denoising,21d26639fa261c4da411a689,580217a66dbbfb1e61fcd15f,answer_prefix,answer_prefix,0,self_patch,8eb4a58862304cebb910c9a8,-0.125,-0.125,-0.125,-0.125,0.0,0.0,False,False,False,False,False,False,False,False,False,False,False,0.0
013b92c00bfe0af91ac4,grid,train,535879badc16596b42d1,580217a66dbbfb1e61fcd15f,21d26639fa261c4da411a689,1/20,C1,1,2,50,33,True,True,False,False,discovery_grid_train,denoising,21d26639fa261c4da411a689,580217a66dbbfb1e61fcd15f,answer_prefix,answer_prefix,1,cross_patch,e1d1a5437c20e67d6ff0f736,-0.125,-0.125,-0.125,-0.125,0.0,0.0,False,False,False,False,False,False,False,False,False,False,False,0.0
013b92c00bfe0af91ac4,grid,train,535879badc16596b42d1,580217a66dbbfb1e61fcd15f,21d26639fa261c4da411a689,1/20,C1,1,2,50,33,True,True,False,False,discovery_grid_train,denoising,21d26639fa261c4da411a689,580217a66dbbfb1e61fcd15f,answer_prefix,answer_prefix,1,self_patch,cdcf44f15b80215f7aca3cda,-0.125,-0.125,-0.125,-0.125,0.0,0.0,False,False,False,False,False,False,False,False,False,False,False,0.0
013b92c00bfe0af91ac4,grid,train,535879badc16596b42d1,580217a66dbbfb1e61fcd15f,21d26639fa261c4da411a689,1/20,C1,1,2,50,33,True,True,False,False,discovery_grid_train,denoising,21d26639fa261c4da411a689,580217a66dbbfb1e61fcd15f,answer_prefix,answer_prefix,2,cross_patch,edadbaa80001000c0290d49d,-0.125,-0.125,-0.125,-0.125,0.0,0.0,False,False,False,False,False,False,False,False,False,False,False,0.0
013b92c00bfe0af91ac4,grid,train,535879badc16596b42d1,580217a66dbbfb1e61fcd15f,21d26639fa261c4da411a689,1/20,C1,1,2,50,33,True,True,False,False,discovery_grid_train,denoising,21d26639fa261c4da411a689,580217a66dbbfb1e61fcd15f,answer_prefix,answer_prefix,2,self_patch,d245dc7acf79bcf85bc019e1,-0.125,-0.125,-0.125,-0.125,0.0,0.0,False,False,False,False,False,False,False,False,False,False,False,0.0
013b92c00bfe0af91ac4,grid,train,535879badc16596b42d1,580217a66dbbfb1e61fcd15f,21d26639fa261c4da411a689,1/20,C1,1,2,50,33,True,True,False,False,discovery_grid_train,denoising,21d26639fa261c4da411a689,580217a66dbbfb1e61fcd15f,answer_prefix,answer_prefix,3,cross_patch,1e875eab717b0239c10bf5d1,-0.125,-0.125,-0.125,-0.125,0.0,0.0,False,False,False,False,False,False,False,False,False,False,False,0.0
013b92c00bfe0af91ac4,grid,train,535879badc16596b42d1,580217a66dbbfb1e61fcd15f,21d26639fa261c4da411a689,1/20,C1,1,2,50,33,True,True,False,False,discovery_grid_train,denoising,21d26639fa261c4da411a689,580217a66dbbfb1e61fcd15f,answer_prefix,answer_prefix,3,self_patch,e333768cd2e4ff453484e7ed,-0.125,-0.125,-0.125,-0.125,0.0,0.0,False,False,False,False,False,False,False,False,False,False,False,0.0
013b92c00bfe0af91ac4,grid,train,535879badc16596b42d1,580217a66dbbfb1e61fcd15f,21d26639fa261c4da411a689,1/20,C1,1,2,50,33,True,True,False,False,discovery_grid_train,denoising,21d26639fa261c4da411a689,580217a66dbbfb1e61fcd15f,answer_prefix,answer_prefix,4,cross_patch,2fad00cf672e6ccdbc6f88bb,-0.125,-0.125,-0.125,-0.125,0.0,0.0,False,False,False,False,False,False,False,False,False,False,False,0.0
013b92c00bfe0af91ac4,grid,train,535879badc16596b42d1,580217a66dbbfb1e61fcd15f,21d26639fa261c4da411a689,1/20,C1,1,2,50,33,True,True,False,False,discovery_grid_train,denoising,21d26639fa261c4da411a689,580217a66dbbfb1e61fcd15f,answer_prefix,answer_prefix,4,self_patch,d09c9341a66167f6cc1c70f0,-0.125,-0.125,-0.125,-0.125,0.0,0.0,False,False,False,False,False,False,False,False,False,False,False,0.0
013b92c00bfe0af91ac4,grid,train,535879badc16596b42d1,580217a66dbbfb1e61fcd15f,21d26639fa261c4da411a689,1/20,C1,1,2,50,33,True,True,False,False,discovery_grid_train,denoising,21d26639fa261c4da411a689,580217a66dbbfb1e61fcd15f,answer_prefix,answer_prefix,5,cross_patch,4aedc734e1ae6489b7825dd2,-0.125,-0.125,-0.125,-0.125,0.0,0.0,False,False,False,False,False,False,False,False,False,False,False,0.0
013b92c00bfe0af91ac4,grid,train,535879badc16596b42d1,580217a66dbbfb1e61fcd15f,21d26639fa261c4da411a689,1/20,C1,1,2,50,33,True,True,False,False,discovery_grid_train,denoising,21d26639fa261c4da411a689,580217a66dbbfb1e61fcd15f,answer_prefix,answer_prefix,5,self_patch,453960842e8ccaf6b8befc08,-0.125,-0.125,-0.125,-0.125,0.0,0.0,False,False,False,False,False,False,False,False,False,False,False,0.0
013b92c00bfe0af91ac4,grid,train,535879badc16596b42d1,580217a66dbbfb1e61fcd15f,21d26639fa261c4da411a689,1/20,C1,1,2,50,33,True,True,False,False,discovery_grid_train,denoising,21d26639fa261c4da411a689,580217a66dbbfb1e61fcd15f,answer_prefix,answer_prefix,6,cross_patch,0cb3aadea8648c61db06c29c,-0.125,-0.125,-0.125,-0.125,0.0,0.0,False,False,False,False,False,False,False,False,False,False,False,0.0
013b92c00bfe0af91ac4,grid,train,535879badc16596b42d1,580217a66dbbfb1e61fcd15f,21d26639fa261c4da411a689,1/20,C1,1,2,50,33,True,True,False,False,discovery_grid_train,denoising,21d26639fa261c4da411a689,580217a66dbbfb1e61fcd15f,answer_prefix,answer_prefix,6,self_patch,aa6dcaa04764824b5773264e,-0.125,-0.125,-0.125,-0.125,0.0,0.0,False,False,False,False,False,False,False,False,False,False,False,0.0
013b92c00bfe0af91ac4,grid,train,535879badc16596b42d1,580217a66dbbfb1e61fcd15f,21d26639fa261c4da411a689,1/20,C1,1,2,50,33,True,True,False,False,discovery_grid_train,denoising,21d26639fa261c4da411a689,580217a66dbbfb1e61fcd15f,answer_prefix,answer_prefix,7,cross_patch,31a5f466c4fcf836ba5badb4,-0.125,-0.125,-0.125,-0.125,0.0,0.0,False,False,False,False,False,False,False,False,False,False,False,0.0
013b92c00bfe0af91ac4,grid,train,535879badc16596b42d1,580217a66dbbfb1e61fcd15f,21d26639fa261c4da411a689,1/20,C1,1,2,50,33,True,True,False,False,discovery_grid_train,denoising,21d26639fa261c4da411a689,580217a66dbbfb1e61fcd15f,answer_prefix,answer_prefix,7,self_patch,b392ce6a87d1f6eab3df3dc3,-0.125,-0.125,-0.125,-0.125,0.0,0.0,False,False,False,False,False,False,False,False,False,False,False,0.0
013b92c00bfe0af91ac4,grid,train,535879badc16596b42d1,580217a66dbbfb1e61fcd15f,21d26639fa261c4da411a689,1/20,C1,1,2,50,33,True,True,False,False,discovery_grid_train,denoising,21d26639fa261c4da411a689,580217a66dbbfb1e61fcd15f,answer_prefix,answer_prefix,8,cross_patch,807c4fa3aff1f9c2be0140ff,-0.125,-0.125,-0.125,-0.125,0.0,0.0,False,False,False,False,False,False,False,False,False,False,False,0.0
013b92c00bfe0af91ac4,grid,train,535879badc16596b42d1,580217a66dbbfb1e61fcd15f,21d26639fa261c4da411a689,1/20,C1,1,2,50,33,True,True,False,False,discovery_grid_train,denoising,21d26639fa261c4da411a689,580217a66dbbfb1e61fcd15f,answer_prefix,answer_prefix,8,self_patch,a41bd4cce1ec9dd6b9ba415c,-0.125,-0.125,-0.125,-0.125,0.0,0.0,False,False,False,False,False,False,False,False,False,False,False,0.0
013b92c00bfe0af91ac4,grid,train,535879badc16596b42d1,580217a66dbbfb1e61fcd15f,21d26639fa261c4da411a689,1/20,C1,1,2,50,33,True,True,False,False,discovery_grid_train,denoising,21d26639fa261c4da411a689,580217a66dbbfb1e61fcd15f,answer_prefix,answer_prefix,9,cross_patch,ff5fe9869bb0bf8e84cdf06a,-0.125,-0.125,-0.125,-0.125,0.0,0.0,False,False,False,False,False,False,False,False,False,False,False,0.0
013b92c00bfe0af91ac4,grid,train,535879badc16596b42d1,580217a66dbbfb1e61fcd15f,21d26639fa261c4da411a689,1/20,C1,1,2,50,33,True,True,False,False,discovery_grid_train,denoising,21d26639fa261c4da411a689,580217a66dbbfb1e61fcd15f,answer_prefix,answer_prefix,9,self_patch,eef75ba926267f2677a47a34,-0.125,-0.125,-0.125,-0.125,0.0,0.0,False,False,False,False,False,False,False,False,False,False,False,0.0
013b92c00bfe0af91ac4,grid,train,535879badc16596b42d1,580217a66dbbfb1e61fcd15f,21d26639fa261c4da411a689,1/20,C1,1,2,50,33,True,True,False,False,discovery_grid_train,denoising,21d26639fa261c4da411a689,580217a66dbbfb1e61fcd15f,answer_prefix,answer_prefix,10,cross_patch,e5afa189451fce01aef2f0a1,-0.125,-0.125,-0.125,-0.125,0.0,0.0,False,False,False,False,False,False,False,False,False,False,False,0.0
013b92c00bfe0af91ac4,grid,train,535879badc16596b42d1,580217a66dbbfb1e61fcd15f,21d26639fa261c4da411a689,1/20,C1,1,2,50,33,True,True,False,False,discovery_grid_train,denoising,21d26639fa261c4da411a689,580217a66dbbfb1e61fcd15f,answer_prefix,answer_prefix,10,self_patch,16e0f0a85d4b3ecda35e35b4,-0.125,-0.125,-0.125,-0.125,0.0,0.0,False,False,False,False,False,False,False,False,False,False,False,0.0
013b92c00bfe0af91ac4,grid,train,535879badc16596b42d1,580217a66dbbfb1e61fcd15f,21d26639fa261c4da411a689,1/20,C1,1,2,50,33,True,True,False,False,discovery_grid_train,denoising,21d26639fa261c4da411a689,580217a66dbbfb1e61fcd15f,answer_prefix,answer_prefix,11,cross_patch,d4036cd3deb8eaecb38f5d21,-0.125,-0.125,-0.125,-0.125,0.0,0.0,False,False,False,False,False,False,False,False,False,False,False,0.0
013b92c00bfe0af91ac4,grid,train,535879badc16596b42d1,580217a66dbbfb1e61fcd15f,21d26639fa261c4da411a689,1/20,C1,1,2,50,33,True,True,False,False,discovery_grid_train,denoising,21d26639fa261c4da411a689,580217a66dbbfb1e61fcd15f,answer_prefix,answer_prefix,11,self_patch,4e0e31be40c9c752b425892a,-0.125,-0.125,-0.125,-0.125,0.0,0.0,False,False,False,False,False,False,False,False,False,False,False,0.0
013b92c00bfe0af91ac4,grid,train,535879badc16596b42d1,580217a66dbbfb1e61fcd15f,21d26639fa261c4da411a689,1/20,C1,1,2,50,33,True,True,False,False,discovery_grid_train,denoising,21d26639fa261c4da411a689,580217a66dbbfb1e61fcd15f,answer_prefix,answer_prefix,12,cross_patch,3e50d2a984386336de1261aa,-0.125,-0.125,-0.125,-0.125,0.0,0.0,False,False,False,False,False,False,False,False,False,False,False,0.0
013b92c00bfe0af91ac4,grid,train,535879badc16596b42d1,580217a66dbbfb1e61fcd15f,21d26639fa261c4da411a689,1/20,C1,1,2,50,33,True,True,False,False,discovery_grid_train,denoising,21d26639fa261c4da411a689,580217a66dbbfb1e61fcd15f,answer_prefix,answer_prefix,12,self_patch,5d1b219c44738bf25a9713cc,-0.125,-0.125,-0.125,-0.125,0.0,0.0,False,False,False,False,False,False,False,False,False,False,False,0.0
013b92c00bfe0af91ac4,grid,train,535879badc16596b42d1,580217a66dbbfb1e61fcd15f,21d26639fa261c4da411a689,1/20,C1,1,2,50,33,True,True,False,False,discovery_grid_train,denoising,21d26639fa261c4da411a689,580217a66dbbfb1e61fcd15f,answer_prefix,answer_prefix,13,cross_patch,30997de339031c10d863b852,-0.125,-0.125,-0.125,-0.125,0.0,0.0,False,False,False,False,False,False,False,False,False,False,False,0.0
013b92c00bfe0af91ac4,grid,train,535879badc16596b42d1,580217a66dbbfb1e61fcd15f,21d26639fa261c4da411a689,1/20,C1,1,2,50,33,True,True,False,False,discovery_grid_train,denoising,21d26639fa261c4da411a689,580217a66dbbfb1e61fcd15f,answer_prefix,answer_prefix,13,self_patch,fed5e7b444a11907a3fb61e9,-0.125,-0.125,-0.125,-0.125,0.0,0.0,False,False,False,False,False,False,False,False,False,False,False,0.0
013b92c00bfe0af91ac4,grid,train,535879badc16596b42d1,580217a66dbbfb1e61fcd15f,21d26639fa261c4da411a689,1/20,C1,1,2,50,33,True,True,False,False,discovery_grid_train,denoising,21d26639fa261c4da411a689,580217a66dbbfb1e61fcd15f,answer_prefix,answer_prefix,14,cross_patch,a0ca2035886cc8dd5d4f0b6f,-0.125,-0.25,-0.125,-0.25,-0.125,-0.125,False,False,False,False,False,False,False,False,False,False,False,-0.125
013b92c00bfe0af91ac4,grid,train,535879badc16596b42d1,580217a66dbbfb1e61fcd15f,21d26639fa261c4da411a689,1/20,C1,1,2,50,33,True,True,False,False,discovery_grid_train,denoising,21d26639fa261c4da411a689,580217a66dbbfb1e61fcd15f,answer_prefix,answer_prefix,14,self_patch,6b1e10fabf61a8bf355aa79d,-0.125,-0.125,-0.125,-0.125,0.0,0.0,False,False,False,False,False,False,False,False,False,False,False,0.0
013b92c00bfe0af91ac4,grid,train,535879badc16596b42d1,580217a66dbbfb1e61fcd15f,21d26639fa261c4da411a689,1/20,C1,1,2,50,33,True,True,False,False,discovery_grid_train,denoising,21d26639fa261c4da411a689,580217a66dbbfb1e61fcd15f,answer_prefix,answer_prefix,15,cross_patch,48a13a823568e52cb6a84292,-0.125,-0.25,-0.125,-0.25,-0.125,-0.125,False,False,False,False,False,False,False,False,False,False,False,-0.125
013b92c00bfe0af91ac4,grid,train,535879badc16596b42d1,580217a66dbbfb1e61fcd15f,21d26639fa261c4da411a689,1/20,C1,1,2,50,33,True,True,False,False,discovery_grid_train,denoising,21d26639fa261c4da411a689,580217a66dbbfb1e61fcd15f,answer_prefix,answer_prefix,15,self_patch,b23eff9eb283577479b6e77c,-0.125,-0.125,-0.125,-0.125,0.0,0.0,False,False,False,False,False,False,False,False,False,False,False,0.0
013b92c00bfe0af91ac4,grid,train,535879badc16596b42d1,580217a66dbbfb1e61fcd15f,21d26639fa261c4da411a689,1/20,C1,1,2,50,33,True,True,False,False,discovery_grid_train,denoising,21d26639fa261c4da411a689,580217a66dbbfb1e61fcd15f,answer_prefix,answer_prefix,16,cross_patch,ab3df7244c346ad84e607efd,-0.125,-0.25,-0.125,-0.25,-0.125,-0.125,False,False,False,False,False,False,False,False,False,False,False,-0.125
013b92c00bfe0af91ac4,grid,train,535879badc16596b42d1,580217a66dbbfb1e61fcd15f,21d26639fa261c4da411a689,1/20,C1,1,2,50,33,True,True,False,False,discovery_grid_train,denoising,21d26639fa261c4da411a689,580217a66dbbfb1e61fcd15f,answer_prefix,answer_prefix,16,self_patch,da5d0308d456b445f78eca82,-0.125,-0.125,-0.125,-0.125,0.0,0.0,False,False,False,False,False,False,False,False,False,False,False,0.0
013b92c00bfe0af91ac4,grid,train,535879badc16596b42d1,580217a66dbbfb1e61fcd15f,21d26639fa261c4da411a689,1/20,C1,1,2,50,33,True,True,False,False,discovery_grid_train,denoising,21d26639fa261c4da411a689,580217a66dbbfb1e61fcd15f,answer_prefix,answer_prefix,17,cross_patch,5b2ca15de247bcc4ee0ee607,-0.125,-0.125,-0.125,-0.125,0.0,0.0,False,False,False,False,False,False,False,False,False,False,False,0.0
013b92c00bfe0af91ac4,grid,train,535879badc16596b42d1,580217a66dbbfb1e61fcd15f,21d26639fa261c4da411a689,1/20,C1,1,2,50,33,True,True,False,False,discovery_grid_train,denoising,21d26639fa261c4da411a689,580217a66dbbfb1e61fcd15f,answer_prefix,answer_prefix,17,self_patch,ada9adb7853e1a7f1f377542,-0.125,-0.125,-0.125,-0.125,0.0,0.0,False,False,False,False,False,False,False,False,False,False,False,0.0
013b92c00bfe0af91ac4,grid,train,535879badc16596b42d1,580217a66dbbfb1e61fcd15f,21d26639fa261c4da411a689,1/20,C1,1,2,50,33,True,True,False,False,discovery_grid_train,denoising,21d26639fa261c4da411a689,580217a66dbbfb1e61fcd15f,answer_prefix,answer_prefix,18,cross_patch,867ad31b2710b5be22b730aa,-0.125,-0.25,-0.125,-0.25,-0.125,-0.125,False,False,False,False,False,False,False,False,False,False,False,-0.125
013b92c00bfe0af91ac4,grid,train,535879badc16596b42d1,580217a66dbbfb1e61fcd15f,21d26639fa261c4da411a689,1/20,C1,1,2,50,33,True,True,False,False,discovery_grid_train,denoising,21d26639fa261c4da411a689,580217a66dbbfb1e61fcd15f,answer_prefix,answer_prefix,18,self_patch,648d5f906df3b163f87277e5,-0.125,-0.125,-0.125,-0.125,0.0,0.0,False,False,False,False,False,False,False,False,False,False,False,0.0
013b92c00bfe0af91ac4,grid,train,535879badc16596b42d1,580217a66dbbfb1e61fcd15f,21d26639fa261c4da411a689,1/20,C1,1,2,50,33,True,True,False,False,discovery_grid_train,denoising,21d26639fa261c4da411a689,580217a66dbbfb1e61fcd15f,answer_prefix,answer_prefix,19,cross_patch,ae602d9e3319bcfc9e915234,-0.125,-0.25,-0.125,-0.25,-0.125,-0.125,False,False,False,False,False,False,False,False,False,False,False,-0.125
013b92c00bfe0af91ac4,grid,train,535879badc16596b42d1,580217a66dbbfb1e61fcd15f,21d26639fa261c4da411a689,1/20,C1,1,2,50,33,True,True,False,False,discovery_grid_train,denoising,21d26639fa261c4da411a689,580217a66dbbfb1e61fcd15f,answer_prefix,answer_prefix,19,self_patch,ebd9a491f16dd24987bb8b59,-0.125,-0.125,-0.125,-0.125,0.0,0.0,False,False,False,False,False,False,False,False,False,False,False,0.0
013b92c00bfe0af91ac4,grid,train,535879badc16596b42d1,580217a66dbbfb1e61fcd15f,21d26639fa261c4da411a689,1/20,C1,1,2,50,33,True,True,False,False,discovery_grid_train,denoising,21d26639fa261c4da411a689,580217a66dbbfb1e61fcd15f,answer_prefix,answer_prefix,20,cross_patch,0760e4d1f52b1c949876f6d9,-0.125,-0.25,-0.125,-0.25,-0.125,-0.125,False,False,False,False,False,False,False,False,False,False,False,-0.125
013b92c00bfe0af91ac4,grid,train,535879badc16596b42d1,580217a66dbbfb1e61fcd15f,21d26639fa261c4da411a689,1/20,C1,1,2,50,33,True,True,False,False,discovery_grid_train,denoising,21d26639fa261c4da411a689,580217a66dbbfb1e61fcd15f,answer_prefix,answer_prefix,20,self_patch,8fc2fb883701aaf228e7545c,-0.125,-0.125,-0.125,-0.125,0.0,0.0,False,False,False,False,False,False,False,False,False,False,False,0.0
013b92c00bfe0af91ac4,grid,train,535879badc16596b42d1,580217a66dbbfb1e61fcd15f,21d26639fa261c4da411a689,1/20,C1,1,2,50,33,True,True,False,False,discovery_grid_train,denoising,21d26639fa261c4da411a689,580217a66dbbfb1e61fcd15f,answer_prefix,answer_prefix,21,cross_patch,2927af40063ba47ae210aa47,-0.125,-0.125,-0.125,-0.125,0.0,0.0,False,False,False,False,False,False,False,False,False,False,False,0.0
013b92c00bfe0af91ac4,grid,train,535879badc16596b42d1,580217a66dbbfb1e61fcd15f,21d26639fa261c4da411a689,1/20,C1,1,2,50,33,True,True,False,False,discovery_grid_train,denoising,21d26639fa261c4da411a689,580217a66dbbfb1e61fcd15f,answer_prefix,answer_prefix,21,self_patch,dfb9570ac2f22ea5aef833e2,-0.125,-0.125,-0.125,-0.125,0.0,0.0,False,False,False,False,False,False,False,False,False,False,False,0.0
013b92c00bfe0af91ac4,grid,train,535879badc16596b42d1,580217a66dbbfb1e61fcd15f,21d26639fa261c4da411a689,1/20,C1,1,2,50,33,True,True,False,False,discovery_grid_train,denoising,21d26639fa261c4da411a689,580217a66dbbfb1e61fcd15f,answer_prefix,answer_prefix,22,cross_patch,831460ed140a102e089dc042,-0.125,-0.125,-0.125,-0.125,0.0,0.0,False,False,False,False,False,False,False,False,False,False,False,0.0
013b92c00bfe0af91ac4,grid,train,535879badc16596b42d1,580217a66dbbfb1e61fcd15f,21d26639fa261c4da411a689,1/20,C1,1,2,50,33,True,True,False,False,discovery_grid_train,denoising,21d26639fa261c4da411a689,580217a66dbbfb1e61fcd15f,answer_prefix,answer_prefix,22,self_patch,aaef677495170ea24e3fc9e0,-0.125,-0.125,-0.125,-0.125,0.0,0.0,False,False,False,False,False,False,False,False,False,False,False,0.0
013b92c00bfe0af91ac4,grid,train,535879badc16596b42d1,580217a66dbbfb1e61fcd15f,21d26639fa261c4da411a689,1/20,C1,1,2,50,33,True,True,False,False,discovery_grid_train,denoising,21d26639fa261c4da411a689,580217a66dbbfb1e61fcd15f,answer_prefix,answer_prefix,23,cross_patch,b6e1092acc06c3a7cceb7d40,-0.125,-0.25,-0.125,-0.25,-0.125,-0.125,False,False,False,False,False,False,False,False,False,False,False,-0.125
013b92c00bfe0af91ac4,grid,train,535879badc16596b42d1,580217a66dbbfb1e61fcd15f,21d26639fa261c4da411a689,1/20,C1,1,2,50,33,True,True,False,False,discovery_grid_train,denoising,21d26639fa261c4da411a689,580217a66dbbfb1e61fcd15f,answer_prefix,answer_prefix,23,self_patch,4a002e389b56a34d330d30c8,-0.125,-0.125,-0.125,-0.125,0.0,0.0,False,False,False,False,False,False,False,False,False,False,False,0.0
013b92c00bfe0af91ac4,grid,train,535879badc16596b42d1,580217a66dbbfb1e61fcd15f,21d26639fa261c4da411a689,1/20,C1,1,2,50,33,True,True,False,False,discovery_grid_train,denoising,21d26639fa261c4da411a689,580217a66dbbfb1e61fcd15f,answer_prefix,answer_prefix,24,cross_patch,3b6c6e16e4222b6c0e756bec,-0.125,0.0,-0.125,0.0,0.125,0.125,False,False,False,True,False,False,True,False,True,False,False,0.125
013b92c00bfe0af91ac4,grid,train,535879badc16596b42d1,580217a66dbbfb1e61fcd15f,21d26639fa261c4da411a689,1/20,C1,1,2,50,33,True,True,False,False,discovery_grid_train,denoising,21d26639fa261c4da411a689,580217a66dbbfb1e61fcd15f,answer_prefix,answer_prefix,24,self_patch,aac7b1e1534a9d8b7831bd2c,-0.125,-0.125,-0.125,-0.125,0.0,0.0,False,False,False,False,False,False,False,False,False,False,False,0.0
013b92c00bfe0af91ac4,grid,train,535879badc16596b42d1,580217a66dbbfb1e61fcd15f,21d26639fa261c4da411a689,1/20,C1,1,2,50,33,True,True,False,False,discovery_grid_train,denoising,21d26639fa261c4da411a689,580217a66dbbfb1e61fcd15f,answer_prefix,answer_prefix,25,cross_patch,07953b4980e784db6e009c19,-0.125,-0.125,-0.125,-0.125,0.0,0.0,False,False,False,False,False,False,False,False,False,False,False,0.0
013b92c00bfe0af91ac4,grid,train,535879badc16596b42d1,580217a66dbbfb1e61fcd15f,21d26639fa261c4da411a689,1/20,C1,1,2,50,33,True,True,False,False,discovery_grid_train,denoising,21d26639fa261c4da411a689,580217a66dbbfb1e61fcd15f,answer_prefix,answer_prefix,25,self_patch,3ac0d8c4539b85e1d0e49a36,-0.125,-0.125,-0.125,-0.125,0.0,0.0,False,False,False,False,False,False,False,False,False,False,False,0.0
013b92c00bfe0af91ac4,grid,train,535879badc16596b42d1,580217a66dbbfb1e61fcd15f,21d26639fa261c4da411a689,1/20,C1,1,2,50,33,True,True,False,False,discovery_grid_train,denoising,21d26639fa261c4da411a689,580217a66dbbfb1e61fcd15f,answer_prefix,answer_prefix,26,cross_patch,d7e8406973ee38c1654326aa,-0.125,-0.125,-0.125,-0.125,0.0,0.0,False,False,False,False,False,False,False,False,False,False,False,0.0
013b92c00bfe0af91ac4,grid,train,535879badc16596b42d1,580217a66dbbfb1e61fcd15f,21d26639fa261c4da411a689,1/20,C1,1,2,50,33,True,True,False,False,discovery_grid_train,denoising,21d26639fa261c4da411a689,580217a66dbbfb1e61fcd15f,answer_prefix,answer_prefix,26,self_patch,746bf5542370275e172c83e1,-0.125,-0.125,-0.125,-0.125,0.0,0.0,False,False,False,False,False,False,False,False,False,False,False,0.0
013b92c00bfe0af91ac4,grid,train,535879badc16596b42d1,580217a66dbbfb1e61fcd15f,21d26639fa261c4da411a689,1/20,C1,1,2,50,33,True,True,False,False,discovery_grid_train,denoising,21d26639fa261c4da411a689,580217a66dbbfb1e61fcd15f,answer_prefix,answer_prefix,27,cross_patch,8195fcda143457bdce68a2bf,-0.125,-0.125,-0.125,-0.125,0.0,0.0,False,False,False,False,False,False,False,False,False,False,False,0.0
013b92c00bfe0af91ac4,grid,train,535879badc16596b42d1,580217a66dbbfb1e61fcd15f,21d26639fa261c4da411a689,1/20,C1,1,2,50,33,True,True,False,False,discovery_grid_train,denoising,21d26639fa261c4da411a689,580217a66dbbfb1e61fcd15f,answer_prefix,answer_prefix,27,self_patch,a7096416b99fdde45bb1bf11,-0.125,-0.125,-0.125,-0.125,0.0,0.0,False,False,False,False,False,False,False,False,False,False,False,0.0
013b92c00bfe0af91ac4,grid,train,535879badc16596b42d1,580217a66dbbfb1e61fcd15f,21d26639fa261c4da411a689,1/20,C1,1,2,50,33,True,True,False,False,discovery_grid_train,denoising,21d26639fa261c4da411a689,580217a66dbbfb1e61fcd15f,answer_prefix,answer_prefix,28,cross_patch,759665387cb63e1c8b560906,-0.125,-0.125,-0.125,-0.125,0.0,0.0,False,False,False,False,False,False,False,False,False,False,False,0.0
013b92c00bfe0af91ac4,grid,train,535879badc16596b42d1,580217a66dbbfb1e61fcd15f,21d26639fa261c4da411a689,1/20,C1,1,2,50,33,True,True,False,False,discovery_grid_train,denoising,21d26639fa261c4da411a689,580217a66dbbfb1e61fcd15f,answer_prefix,answer_prefix,28,self_patch,7145e3fcaa3220cd47d2864b,-0.125,-0.125,-0.125,-0.125,0.0,0.0,False,False,False,False,False,False,False,False,False,False,False,0.0
013b92c00bfe0af91ac4,grid,train,535879badc16596b42d1,580217a66dbbfb1e61fcd15f,21d26639fa261c4da411a689,1/20,C1,1,2,50,33,True,True,False,False,discovery_grid_train,denoising,21d26639fa261c4da411a689,580217a66dbbfb1e61fcd15f,answer_prefix,answer_prefix,29,cross_patch,a3cf19ca54872d5b13813952,-0.125,-0.125,-0.125,-0.125,0.0,0.0,False,False,False,False,False,False,False,False,False,False,False,0.0
013b92c00bfe0af91ac4,grid,train,535879badc16596b42d1,580217a66dbbfb1e61fcd15f,21d26639fa261c4da411a689,1/20,C1,1,2,50,33,True,True,False,False,discovery_grid_train,denoising,21d26639fa261c4da411a689,580217a66dbbfb1e61fcd15f,answer_prefix,answer_prefix,29,self_patch,527f7f4858e1fbf37843385f,-0.125,-0.125,-0.125,-0.125,0.0,0.0,False,False,False,False,False,False,False,False,False,False,False,0.0
013b92c00bfe0af91ac4,grid,train,535879badc16596b42d1,580217a66dbbfb1e61fcd15f,21d26639fa261c4da411a689,1/20,C1,1,2,50,33,True,True,False,False,discovery_grid_train,denoising,21d26639fa261c4da411a689,580217a66dbbfb1e61fcd15f,answer_prefix,answer_prefix,30,cross_patch,f9c1968714f172cd0d52dd0d,-0.125,0.5,-0.125,0.5,0.625,0.625,False,True,False,True,True,False,True,False,True,False,False,0.625
013b92c00bfe0af91ac4,grid,train,535879badc16596b42d1,580217a66dbbfb1e61fcd15f,21d26639fa261c4da411a689,1/20,C1,1,2,50,33,True,True,False,False,discovery_grid_train,denoising,21d26639fa261c4da411a689,580217a66dbbfb1e61fcd15f,answer_prefix,answer_prefix,30,self_patch,4466b8846c72cd7866d9382f,-0.125,-0.125,-0.125,-0.125,0.0,0.0,False,False,False,False,False,False,False,False,False,False,False,0.0
013b92c00bfe0af91ac4,grid,train,535879badc16596b42d1,580217a66dbbfb1e61fcd15f,21d26639fa261c4da411a689,1/20,C1,1,2,50,33,True,True,False,False,discovery_grid_train,denoising,21d26639fa261c4da411a689,580217a66dbbfb1e61fcd15f,answer_prefix,answer_prefix,31,cross_patch,1e41f758397b741a91119627,-0.125,0.625,-0.125,0.625,0.75,0.75,False,True,False,True,True,False,True,False,True,False,False,0.75
013b92c00bfe0af91ac4,grid,train,535879badc16596b42d1,580217a66dbbfb1e61fcd15f,21d26639fa261c4da411a689,1/20,C1,1,2,50,33,True,True,False,False,discovery_grid_train,denoising,21d26639fa261c4da411a689,580217a66dbbfb1e61fcd15f,answer_prefix,answer_prefix,31,self_patch,6237874afc3abd006a0348bf,-0.125,-0.125,-0.125,-0.125,0.0,0.0,False,False,False,False,False,False,False,False,False,False,False,0.0
013b92c00bfe0af91ac4,grid,train,535879badc16596b42d1,580217a66dbbfb1e61fcd15f,21d26639fa261c4da411a689,1/20,C1,1,2,50,33,True,True,False,False,discovery_grid_train,noising,580217a66dbbfb1e61fcd15f,21d26639fa261c4da411a689,final_prompt,final_prompt,0,cross_patch,7afe6e7f4604134f53bc9040,0.625,0.625,0.625,0.625,0.0,0.0,True,True,True,True,False,False,False,False,False,False,False,-0.0
013b92c00bfe0af91ac4,grid,train,535879badc16596b42d1,580217a66dbbfb1e61fcd15f,21d26639fa261c4da411a689,1/20,C1,1,2,50,33,True,True,False,False,discovery_grid_train,noising,580217a66dbbfb1e61fcd15f,21d26639fa261c4da411a689,final_prompt,final_prompt,0,self_patch,0b7a63d4b22b3811084de75a,0.625,0.625,0.625,0.625,0.0,0.0,True,True,True,True,False,False,False,False,False,False,False,-0.0
013b92c00bfe0af91ac4,grid,train,535879badc16596b42d1,580217a66dbbfb1e61fcd15f,21d26639fa261c4da411a689,1/20,C1,1,2,50,33,True,True,False,False,discovery_grid_train,noising,580217a66dbbfb1e61fcd15f,21d26639fa261c4da411a689,final_prompt,final_prompt,1,cross_patch,e3ed925a70935c20de583d38,0.625,0.625,0.625,0.625,0.0,0.0,True,True,True,True,False,False,False,False,False,False,False,-0.0
013b92c00bfe0af91ac4,grid,train,535879badc16596b42d1,580217a66dbbfb1e61fcd15f,21d26639fa261c4da411a689,1/20,C1,1,2,50,33,True,True,False,False,discovery_grid_train,noising,580217a66dbbfb1e61fcd15f,21d26639fa261c4da411a689,final_prompt,final_prompt,1,self_patch,f1c2a61ca9914eeda1500342,0.625,0.625,0.625,0.625,0.0,0.0,True,True,True,True,False,False,False,False,False,False,False,-0.0
013b92c00bfe0af91ac4,grid,train,535879badc16596b42d1,580217a66dbbfb1e61fcd15f,21d26639fa261c4da411a689,1/20,C1,1,2,50,33,True,True,False,False,discovery_grid_train,noising,580217a66dbbfb1e61fcd15f,21d26639fa261c4da411a689,final_prompt,final_prompt,2,cross_patch,6ec2cbaab8c0a986dd156ea4,0.625,0.625,0.625,0.625,0.0,0.0,True,True,True,True,False,False,False,False,False,False,False,-0.0
013b92c00bfe0af91ac4,grid,train,535879badc16596b42d1,580217a66dbbfb1e61fcd15f,21d26639fa261c4da411a689,1/20,C1,1,2,50,33,True,True,False,False,discovery_grid_train,noising,580217a66dbbfb1e61fcd15f,21d26639fa261c4da411a689,final_prompt,final_prompt,2,self_patch,a7143ec895e72333c8ca9d3e,0.625,0.625,0.625,0.625,0.0,0.0,True,True,True,True,False,False,False,False,False,False,False,-0.0
013b92c00bfe0af91ac4,grid,train,535879badc16596b42d1,580217a66dbbfb1e61fcd15f,21d26639fa261c4da411a689,1/20,C1,1,2,50,33,True,True,False,False,discovery_grid_train,noising,580217a66dbbfb1e61fcd15f,21d26639fa261c4da411a689,final_prompt,final_prompt,3,cross_patch,28b44cd7b98a2f079b82460c,0.625,0.625,0.625,0.625,0.0,0.0,True,True,True,True,False,False,False,False,False,False,False,-0.0
013b92c00bfe0af91ac4,grid,train,535879badc16596b42d1,580217a66dbbfb1e61fcd15f,21d26639fa261c4da411a689,1/20,C1,1,2,50,33,True,True,False,False,discovery_grid_train,noising,580217a66dbbfb1e61fcd15f,21d26639fa261c4da411a689,final_prompt,final_prompt,3,self_patch,f8514ff2944bfe2a9f062778,0.625,0.625,0.625,0.625,0.0,0.0,True,True,True,True,False,False,False,False,False,False,False,-0.0
013b92c00bfe0af91ac4,grid,train,535879badc16596b42d1,580217a66dbbfb1e61fcd15f,21d26639fa261c4da411a689,1/20,C1,1,2,50,33,True,True,False,False,discovery_grid_train,noising,580217a66dbbfb1e61fcd15f,21d26639fa261c4da411a689,final_prompt,final_prompt,4,cross_patch,1850e4036ff9faba111b09a2,0.625,0.625,0.625,0.625,0.0,0.0,True,True,True,True,False,False,False,False,False,False,False,-0.0
013b92c00bfe0af91ac4,grid,train,535879badc16596b42d1,580217a66dbbfb1e61fcd15f,21d26639fa261c4da411a689,1/20,C1,1,2,50,33,True,True,False,False,discovery_grid_train,noising,580217a66dbbfb1e61fcd15f,21d26639fa261c4da411a689,final_prompt,final_prompt,4,self_patch,30a524d34659fc28ff408a43,0.625,0.625,0.625,0.625,0.0,0.0,True,True,True,True,False,False,False,False,False,False,False,-0.0
013b92c00bfe0af91ac4,grid,train,535879badc16596b42d1,580217a66dbbfb1e61fcd15f,21d26639fa261c4da411a689,1/20,C1,1,2,50,33,True,True,False,False,discovery_grid_train,noising,580217a66dbbfb1e61fcd15f,21d26639fa261c4da411a689,final_prompt,final_prompt,5,cross_patch,f07d220113af02629b6ee5d7,0.625,0.625,0.625,0.625,0.0,0.0,True,True,True,True,False,False,False,False,False,False,False,-0.0
013b92c00bfe0af91ac4,grid,train,535879badc16596b42d1,580217a66dbbfb1e61fcd15f,21d26639fa261c4da411a689,1/20,C1,1,2,50,33,True,True,False,False,discovery_grid_train,noising,580217a66dbbfb1e61fcd15f,21d26639fa261c4da411a689,final_prompt,final_prompt,5,self_patch,f9f3902ae8e54e7cc38da209,0.625,0.625,0.625,0.625,0.0,0.0,True,True,True,True,False,False,False,False,False,False,False,-0.0
013b92c00bfe0af91ac4,grid,train,535879badc16596b42d1,580217a66dbbfb1e61fcd15f,21d26639fa261c4da411a689,1/20,C1,1,2,50,33,True,True,False,False,discovery_grid_train,noising,580217a66dbbfb1e61fcd15f,21d26639fa261c4da411a689,final_prompt,final_prompt,6,cross_patch,34db1c29b305597e83069cac,0.625,0.625,0.625,0.625,0.0,0.0,True,True,True,True,False,False,False,False,False,False,False,-0.0
013b92c00bfe0af91ac4,grid,train,535879badc16596b42d1,580217a66dbbfb1e61fcd15f,21d26639fa261c4da411a689,1/20,C1,1,2,50,33,True,True,False,False,discovery_grid_train,noising,580217a66dbbfb1e61fcd15f,21d26639fa261c4da411a689,final_prompt,final_prompt,6,self_patch,ad0cbafb171634f46f874f73,0.625,0.625,0.625,0.625,0.0,0.0,True,True,True,True,False,False,False,False,False,False,False,-0.0
013b92c00bfe0af91ac4,grid,train,535879badc16596b42d1,580217a66dbbfb1e61fcd15f,21d26639fa261c4da411a689,1/20,C1,1,2,50,33,True,True,False,False,discovery_grid_train,noising,580217a66dbbfb1e61fcd15f,21d26639fa261c4da411a689,final_prompt,final_prompt,7,cross_patch,e82572e77fa022a23bb43153,0.625,0.625,0.625,0.625,0.0,0.0,True,True,True,True,False,False,False,False,False,False,False,-0.0
013b92c00bfe0af91ac4,grid,train,535879badc16596b42d1,580217a66dbbfb1e61fcd15f,21d26639fa261c4da411a689,1/20,C1,1,2,50,33,True,True,False,False,discovery_grid_train,noising,580217a66dbbfb1e61fcd15f,21d26639fa261c4da411a689,final_prompt,final_prompt,7,self_patch,556dbd33370d88fd9019874c,0.625,0.625,0.625,0.625,0.0,0.0,True,True,True,True,False,False,False,False,False,False,False,-0.0
013b92c00bfe0af91ac4,grid,train,535879badc16596b42d1,580217a66dbbfb1e61fcd15f,21d26639fa261c4da411a689,1/20,C1,1,2,50,33,True,True,False,False,discovery_grid_train,noising,580217a66dbbfb1e61fcd15f,21d26639fa261c4da411a689,final_prompt,final_prompt,8,cross_patch,bd03c03a964871fb82668a45,0.625,0.625,0.625,0.625,0.0,0.0,True,True,True,True,False,False,False,False,False,False,False,-0.0
013b92c00bfe0af91ac4,grid,train,535879badc16596b42d1,580217a66dbbfb1e61fcd15f,21d26639fa261c4da411a689,1/20,C1,1,2,50,33,True,True,False,False,discovery_grid_train,noising,580217a66dbbfb1e61fcd15f,21d26639fa261c4da411a689,final_prompt,final_prompt,8,self_patch,82a24560e29fade107ef0f1d,0.625,0.625,0.625,0.625,0.0,0.0,True,True,True,True,False,False,False,False,False,False,False,-0.0
013b92c00bfe0af91ac4,grid,train,535879badc16596b42d1,580217a66dbbfb1e61fcd15f,21d26639fa261c4da411a689,1/20,C1,1,2,50,33,True,True,False,False,discovery_grid_train,noising,580217a66dbbfb1e61fcd15f,21d26639fa261c4da411a689,final_prompt,final_prompt,9,cross_patch,f868798964874d92c6862bac,0.625,0.625,0.625,0.625,0.0,0.0,True,True,True,True,False,False,False,False,False,False,False,-0.0
013b92c00bfe0af91ac4,grid,train,535879badc16596b42d1,580217a66dbbfb1e61fcd15f,21d26639fa261c4da411a689,1/20,C1,1,2,50,33,True,True,False,False,discovery_grid_train,noising,580217a66dbbfb1e61fcd15f,21d26639fa261c4da411a689,final_prompt,final_prompt,9,self_patch,8adf4b3258d9c97d7079985a,0.625,0.625,0.625,0.625,0.0,0.0,True,True,True,True,False,False,False,False,False,False,False,-0.0
013b92c00bfe0af91ac4,grid,train,535879badc16596b42d1,580217a66dbbfb1e61fcd15f,21d26639fa261c4da411a689,1/20,C1,1,2,50,33,True,True,False,False,discovery_grid_train,noising,580217a66dbbfb1e61fcd15f,21d26639fa261c4da411a689,final_prompt,final_prompt,10,cross_patch,7f9342d72b6e574fa66d3bb5,0.625,0.625,0.625,0.625,0.0,0.0,True,True,True,True,False,False,False,False,False,False,False,-0.0
013b92c00bfe0af91ac4,grid,train,535879badc16596b42d1,580217a66dbbfb1e61fcd15f,21d26639fa261c4da411a689,1/20,C1,1,2,50,33,True,True,False,False,discovery_grid_train,noising,580217a66dbbfb1e61fcd15f,21d26639fa261c4da411a689,final_prompt,final_prompt,10,self_patch,3ae5273b310dd839b7fa535b,0.625,0.625,0.625,0.625,0.0,0.0,True,True,True,True,False,False,False,False,False,False,False,-0.0
013b92c00bfe0af91ac4,grid,train,535879badc16596b42d1,580217a66dbbfb1e61fcd15f,21d26639fa261c4da411a689,1/20,C1,1,2,50,33,True,True,False,False,discovery_grid_train,noising,580217a66dbbfb1e61fcd15f,21d26639fa261c4da411a689,final_prompt,final_prompt,11,cross_patch,2e177d135970a03f3fbdcd24,0.625,0.625,0.625,0.625,0.0,0.0,True,True,True,True,False,False,False,False,False,False,False,-0.0
013b92c00bfe0af91ac4,grid,train,535879badc16596b42d1,580217a66dbbfb1e61fcd15f,21d26639fa261c4da411a689,1/20,C1,1,2,50,33,True,True,False,False,discovery_grid_train,noising,580217a66dbbfb1e61fcd15f,21d26639fa261c4da411a689,final_prompt,final_prompt,11,self_patch,c9308cfcdcbc13db47aaa799,0.625,0.625,0.625,0.625,0.0,0.0,True,True,True,True,False,False,False,False,False,False,False,-0.0
013b92c00bfe0af91ac4,grid,train,535879badc16596b42d1,580217a66dbbfb1e61fcd15f,21d26639fa261c4da411a689,1/20,C1,1,2,50,33,True,True,False,False,discovery_grid_train,noising,580217a66dbbfb1e61fcd15f,21d26639fa261c4da411a689,final_prompt,final_prompt,12,cross_patch,255aadb5ccafdcb80ba62a92,0.625,0.625,0.625,0.625,0.0,0.0,True,True,True,True,False,False,False,False,False,False,False,-0.0
013b92c00bfe0af91ac4,grid,train,535879badc16596b42d1,580217a66dbbfb1e61fcd15f,21d26639fa261c4da411a689,1/20,C1,1,2,50,33,True,True,False,False,discovery_grid_train,noising,580217a66dbbfb1e61fcd15f,21d26639fa261c4da411a689,final_prompt,final_prompt,12,self_patch,886bd51b5b0713e0e78312f5,0.625,0.625,0.625,0.625,0.0,0.0,True,True,True,True,False,False,False,False,False,False,False,-0.0
013b92c00bfe0af91ac4,grid,train,535879badc16596b42d1,580217a66dbbfb1e61fcd15f,21d26639fa261c4da411a689,1/20,C1,1,2,50,33,True,True,False,False,discovery_grid_train,noising,580217a66dbbfb1e61fcd15f,21d26639fa261c4da411a689,final_prompt,final_prompt,13,cross_patch,e0db82da4e2e07f5ed602bd7,0.625,0.625,0.625,0.625,0.0,0.0,True,True,True,True,False,False,False,False,False,False,False,-0.0
013b92c00bfe0af91ac4,grid,train,535879badc16596b42d1,580217a66dbbfb1e61fcd15f,21d26639fa261c4da411a689,1/20,C1,1,2,50,33,True,True,False,False,discovery_grid_train,noising,580217a66dbbfb1e61fcd15f,21d26639fa261c4da411a689,final_prompt,final_prompt,13,self_patch,781bdd7e65e86156ad4b2adb,0.625,0.625,0.625,0.625,0.0,0.0,True,True,True,True,False,False,False,False,False,False,False,-0.0
013b92c00bfe0af91ac4,grid,train,535879badc16596b42d1,580217a66dbbfb1e61fcd15f,21d26639fa261c4da411a689,1/20,C1,1,2,50,33,True,True,False,False,discovery_grid_train,noising,580217a66dbbfb1e61fcd15f,21d26639fa261c4da411a689,final_prompt,final_prompt,14,cross_patch,489d11209b17ad84ae3f2233,0.625,0.625,0.625,0.625,0.0,0.0,True,True,True,True,False,False,False,False,False,False,False,-0.0
013b92c00bfe0af91ac4,grid,train,535879badc16596b42d1,580217a66dbbfb1e61fcd15f,21d26639fa261c4da411a689,1/20,C1,1,2,50,33,True,True,False,False,discovery_grid_train,noising,580217a66dbbfb1e61fcd15f,21d26639fa261c4da411a689,final_prompt,final_prompt,14,self_patch,4e6ebdc732c7e54b95ea2bb3,0.625,0.625,0.625,0.625,0.0,0.0,True,True,True,True,False,False,False,False,False,False,False,-0.0
013b92c00bfe0af91ac4,grid,train,535879badc16596b42d1,580217a66dbbfb1e61fcd15f,21d26639fa261c4da411a689,1/20,C1,1,2,50,33,True,True,False,False,discovery_grid_train,noising,580217a66dbbfb1e61fcd15f,21d26639fa261c4da411a689,final_prompt,final_prompt,15,cross_patch,9c8b91e0164f097deec897c5,0.625,0.625,0.625,0.625,0.0,0.0,True,True,True,True,False,False,False,False,False,False,False,-0.0
013b92c00bfe0af91ac4,grid,train,535879badc16596b42d1,580217a66dbbfb1e61fcd15f,21d26639fa261c4da411a689,1/20,C1,1,2,50,33,True,True,False,False,discovery_grid_train,noising,580217a66dbbfb1e61fcd15f,21d26639fa261c4da411a689,final_prompt,final_prompt,15,self_patch,d0d2df8c2c25ed0c151ace9e,0.625,0.625,0.625,0.625,0.0,0.0,True,True,True,True,False,False,False,False,False,False,False,-0.0
013b92c00bfe0af91ac4,grid,train,535879badc16596b42d1,580217a66dbbfb1e61fcd15f,21d26639fa261c4da411a689,1/20,C1,1,2,50,33,True,True,False,False,discovery_grid_train,noising,580217a66dbbfb1e61fcd15f,21d26639fa261c4da411a689,final_prompt,final_prompt,16,cross_patch,01c103224a2ab9afad7d4ae1,0.625,0.625,0.625,0.625,0.0,0.0,True,True,True,True,False,False,False,False,False,False,False,-0.0
013b92c00bfe0af91ac4,grid,train,535879badc16596b42d1,580217a66dbbfb1e61fcd15f,21d26639fa261c4da411a689,1/20,C1,1,2,50,33,True,True,False,False,discovery_grid_train,noising,580217a66dbbfb1e61fcd15f,21d26639fa261c4da411a689,final_prompt,final_prompt,16,self_patch,4214ad215545c94d7f3e3ce5,0.625,0.625,0.625,0.625,0.0,0.0,True,True,True,True,False,False,False,False,False,False,False,-0.0
013b92c00bfe0af91ac4,grid,train,535879badc16596b42d1,580217a66dbbfb1e61fcd15f,21d26639fa261c4da411a689,1/20,C1,1,2,50,33,True,True,False,False,discovery_grid_train,noising,580217a66dbbfb1e61fcd15f,21d26639fa261c4da411a689,final_prompt,final_prompt,17,cross_patch,f71cba57c200c81cacaf041f,0.625,0.625,0.625,0.625,0.0,0.0,True,True,True,True,False,False,False,False,False,False,False,-0.0
013b92c00bfe0af91ac4,grid,train,535879badc16596b42d1,580217a66dbbfb1e61fcd15f,21d26639fa261c4da411a689,1/20,C1,1,2,50,33,True,True,False,False,discovery_grid_train,noising,580217a66dbbfb1e61fcd15f,21d26639fa261c4da411a689,final_prompt,final_prompt,17,self_patch,a079910f5d181e0d71931829,0.625,0.625,0.625,0.625,0.0,0.0,True,True,True,True,False,False,False,False,False,False,False,-0.0
013b92c00bfe0af91ac4,grid,train,535879badc16596b42d1,580217a66dbbfb1e61fcd15f,21d26639fa261c4da411a689,1/20,C1,1,2,50,33,True,True,False,False,discovery_grid_train,noising,580217a66dbbfb1e61fcd15f,21d26639fa261c4da411a689,final_prompt,final_prompt,18,cross_patch,7f894e5acb4ceb3b6a63f523,0.625,0.625,0.625,0.625,0.0,0.0,True,True,True,True,False,False,False,False,False,False,False,-0.0
013b92c00bfe0af91ac4,grid,train,535879badc16596b42d1,580217a66dbbfb1e61fcd15f,21d26639fa261c4da411a689,1/20,C1,1,2,50,33,True,True,False,False,discovery_grid_train,noising,580217a66dbbfb1e61fcd15f,21d26639fa261c4da411a689,final_prompt,final_prompt,18,self_patch,7cfe0fa73c1275605e26a982,0.625,0.625,0.625,0.625,0.0,0.0,True,True,True,True,False,False,False,False,False,False,False,-0.0
013b92c00bfe0af91ac4,grid,train,535879badc16596b42d1,580217a66dbbfb1e61fcd15f,21d26639fa261c4da411a689,1/20,C1,1,2,50,33,True,True,False,False,discovery_grid_train,noising,580217a66dbbfb1e61fcd15f,21d26639fa261c4da411a689,final_prompt,final_prompt,19,cross_patch,e63516c27e1743a64f310e15,0.625,0.625,0.625,0.625,0.0,0.0,True,True,True,True,False,False,False,False,False,False,False,-0.0
013b92c00bfe0af91ac4,grid,train,535879badc16596b42d1,580217a66dbbfb1e61fcd15f,21d26639fa261c4da411a689,1/20,C1,1,2,50,33,True,True,False,False,discovery_grid_train,noising,580217a66dbbfb1e61fcd15f,21d26639fa261c4da411a689,final_prompt,final_prompt,19,self_patch,1930fbf16d9b1bc090ecf644,0.625,0.625,0.625,0.625,0.0,0.0,True,True,True,True,False,False,False,False,False,False,False,-0.0
013b92c00bfe0af91ac4,grid,train,535879badc16596b42d1,580217a66dbbfb1e61fcd15f,21d26639fa261c4da411a689,1/20,C1,1,2,50,33,True,True,False,False,discovery_grid_train,noising,580217a66dbbfb1e61fcd15f,21d26639fa261c4da411a689,final_prompt,final_prompt,20,cross_patch,2d97350ac56802ea84d67147,0.625,0.625,0.625,0.625,0.0,0.0,True,True,True,True,False,False,False,False,False,False,False,-0.0
013b92c00bfe0af91ac4,grid,train,535879badc16596b42d1,580217a66dbbfb1e61fcd15f,21d26639fa261c4da411a689,1/20,C1,1,2,50,33,True,True,False,False,discovery_grid_train,noising,580217a66dbbfb1e61fcd15f,21d26639fa261c4da411a689,final_prompt,final_prompt,20,self_patch,38c71cc34db5cfaaa920d343,0.625,0.625,0.625,0.625,0.0,0.0,True,True,True,True,False,False,False,False,False,False,False,-0.0
013b92c00bfe0af91ac4,grid,train,535879badc16596b42d1,580217a66dbbfb1e61fcd15f,21d26639fa261c4da411a689,1/20,C1,1,2,50,33,True,True,False,False,discovery_grid_train,noising,580217a66dbbfb1e61fcd15f,21d26639fa261c4da411a689,final_prompt,final_prompt,21,cross_patch,19cff2303c085b0ffcf4e668,0.625,0.625,0.625,0.625,0.0,0.0,True,True,True,True,False,False,False,False,False,False,False,-0.0
013b92c00bfe0af91ac4,grid,train,535879badc16596b42d1,580217a66dbbfb1e61fcd15f,21d26639fa261c4da411a689,1/20,C1,1,2,50,33,True,True,False,False,discovery_grid_train,noising,580217a66dbbfb1e61fcd15f,21d26639fa261c4da411a689,final_prompt,final_prompt,21,self_patch,7b61dda32f53f8d9683de9be,0.625,0.625,0.625,0.625,0.0,0.0,True,True,True,True,False,False,False,False,False,False,False,-0.0
013b92c00bfe0af91ac4,grid,train,535879badc16596b42d1,580217a66dbbfb1e61fcd15f,21d26639fa261c4da411a689,1/20,C1,1,2,50,33,True,True,False,False,discovery_grid_train,noising,580217a66dbbfb1e61fcd15f,21d26639fa261c4da411a689,final_prompt,final_prompt,22,cross_patch,6e66f52ec85bfceb119b8483,0.625,0.625,0.625,0.625,0.0,0.0,True,True,True,True,False,False,False,False,False,False,False,-0.0
013b92c00bfe0af91ac4,grid,train,535879badc16596b42d1,580217a66dbbfb1e61fcd15f,21d26639fa261c4da411a689,1/20,C1,1,2,50,33,True,True,False,False,discovery_grid_train,noising,580217a66dbbfb1e61fcd15f,21d26639fa261c4da411a689,final_prompt,final_prompt,22,self_patch,902ee3c5dc4704e6439d5d39,0.625,0.625,0.625,0.625,0.0,0.0,True,True,True,True,False,False,False,False,False,False,False,-0.0
013b92c00bfe0af91ac4,grid,train,535879badc16596b42d1,580217a66dbbfb1e61fcd15f,21d26639fa261c4da411a689,1/20,C1,1,2,50,33,True,True,False,False,discovery_grid_train,noising,580217a66dbbfb1e61fcd15f,21d26639fa261c4da411a689,final_prompt,final_prompt,23,cross_patch,810398b41a2c4c4bc8d4bf7e,0.625,0.625,0.625,0.625,0.0,0.0,True,True,True,True,False,False,False,False,False,False,False,-0.0
013b92c00bfe0af91ac4,grid,train,535879badc16596b42d1,580217a66dbbfb1e61fcd15f,21d26639fa261c4da411a689,1/20,C1,1,2,50,33,True,True,False,False,discovery_grid_train,noising,580217a66dbbfb1e61fcd15f,21d26639fa261c4da411a689,final_prompt,final_prompt,23,self_patch,9fbb9d4c87a38cd7152da47c,0.625,0.625,0.625,0.625,0.0,0.0,True,True,True,True,False,False,False,False,False,False,False,-0.0
013b92c00bfe0af91ac4,grid,train,535879badc16596b42d1,580217a66dbbfb1e61fcd15f,21d26639fa261c4da411a689,1/20,C1,1,2,50,33,True,True,False,False,discovery_grid_train,noising,580217a66dbbfb1e61fcd15f,21d26639fa261c4da411a689,final_prompt,final_prompt,24,cross_patch,33e19dbc27a5b96f12573422,0.625,0.625,0.625,0.625,0.0,0.0,True,True,True,True,False,False,False,False,False,False,False,-0.0
013b92c00bfe0af91ac4,grid,train,535879badc16596b42d1,580217a66dbbfb1e61fcd15f,21d26639fa261c4da411a689,1/20,C1,1,2,50,33,True,True,False,False,discovery_grid_train,noising,580217a66dbbfb1e61fcd15f,21d26639fa261c4da411a689,final_prompt,final_prompt,24,self_patch,23c974f7d7efbc35a4beeca2,0.625,0.625,0.625,0.625,0.0,0.0,True,True,True,True,False,False,False,False,False,False,False,-0.0
013b92c00bfe0af91ac4,grid,train,535879badc16596b42d1,580217a66dbbfb1e61fcd15f,21d26639fa261c4da411a689,1/20,C1,1,2,50,33,True,True,False,False,discovery_grid_train,noising,580217a66dbbfb1e61fcd15f,21d26639fa261c4da411a689,final_prompt,final_prompt,25,cross_patch,c58bd8d3864af81c05463355,0.625,0.625,0.625,0.625,0.0,0.0,True,True,True,True,False,False,False,False,False,False,False,-0.0
013b92c00bfe0af91ac4,grid,train,535879badc16596b42d1,580217a66dbbfb1e61fcd15f,21d26639fa261c4da411a689,1/20,C1,1,2,50,33,True,True,False,False,discovery_grid_train,noising,580217a66dbbfb1e61fcd15f,21d26639fa261c4da411a689,final_prompt,final_prompt,25,self_patch,80a7dbaa2353fc646f46fb8d,0.625,0.625,0.625,0.625,0.0,0.0,True,True,True,True,False,False,False,False,False,False,False,-0.0
013b92c00bfe0af91ac4,grid,train,535879badc16596b42d1,580217a66dbbfb1e61fcd15f,21d26639fa261c4da411a689,1/20,C1,1,2,50,33,True,True,False,False,discovery_grid_train,noising,580217a66dbbfb1e61fcd15f,21d26639fa261c4da411a689,final_prompt,final_prompt,26,cross_patch,1fc78ce4803f8d7f708a94c2,0.625,0.625,0.625,0.625,0.0,0.0,True,True,True,True,False,False,False,False,False,False,False,-0.0
013b92c00bfe0af91ac4,grid,train,535879badc16596b42d1,580217a66dbbfb1e61fcd15f,21d26639fa261c4da411a689,1/20,C1,1,2,50,33,True,True,False,False,discovery_grid_train,noising,580217a66dbbfb1e61fcd15f,21d26639fa261c4da411a689,final_prompt,final_prompt,26,self_patch,cf2a143f14d1058018f089ce,0.625,0.625,0.625,0.625,0.0,0.0,True,True,True,True,False,False,False,False,False,False,False,-0.0
013b92c00bfe0af91ac4,grid,train,535879badc16596b42d1,580217a66dbbfb1e61fcd15f,21d26639fa261c4da411a689,1/20,C1,1,2,50,33,True,True,False,False,discovery_grid_train,noising,580217a66dbbfb1e61fcd15f,21d26639fa261c4da411a689,final_prompt,final_prompt,27,cross_patch,8991ff91279ea49373777c60,0.625,0.625,0.625,0.625,0.0,0.0,True,True,True,True,False,False,False,False,False,False,False,-0.0
013b92c00bfe0af91ac4,grid,train,535879badc16596b42d1,580217a66dbbfb1e61fcd15f,21d26639fa261c4da411a689,1/20,C1,1,2,50,33,True,True,False,False,discovery_grid_train,noising,580217a66dbbfb1e61fcd15f,21d26639fa261c4da411a689,final_prompt,final_prompt,27,self_patch,d9b70b7303b2bc067d024745,0.625,0.625,0.625,0.625,0.0,0.0,True,True,True,True,False,False,False,False,False,False,False,-0.0
013b92c00bfe0af91ac4,grid,train,535879badc16596b42d1,580217a66dbbfb1e61fcd15f,21d26639fa261c4da411a689,1/20,C1,1,2,50,33,True,True,False,False,discovery_grid_train,noising,580217a66dbbfb1e61fcd15f,21d26639fa261c4da411a689,final_prompt,final_prompt,28,cross_patch,06fcad98ac9a4d631b64d5d9,0.625,0.625,0.625,0.625,0.0,0.0,True,True,True,True,False,False,False,False,False,False,False,-0.0
013b92c00bfe0af91ac4,grid,train,535879badc16596b42d1,580217a66dbbfb1e61fcd15f,21d26639fa261c4da411a689,1/20,C1,1,2,50,33,True,True,False,False,discovery_grid_train,noising,580217a66dbbfb1e61fcd15f,21d26639fa261c4da411a689,final_prompt,final_prompt,28,self_patch,db81543d725194a5a2f49fd8,0.625,0.625,0.625,0.625,0.0,0.0,True,True,True,True,False,False,False,False,False,False,False,-0.0
013b92c00bfe0af91ac4,grid,train,535879badc16596b42d1,580217a66dbbfb1e61fcd15f,21d26639fa261c4da411a689,1/20,C1,1,2,50,33,True,True,False,False,discovery_grid_train,noising,580217a66dbbfb1e61fcd15f,21d26639fa261c4da411a689,final_prompt,final_prompt,29,cross_patch,601ecd888f226a78366407f9,0.625,0.625,0.625,0.625,0.0,0.0,True,True,True,True,False,False,False,False,False,False,False,-0.0
013b92c00bfe0af91ac4,grid,train,535879badc16596b42d1,580217a66dbbfb1e61fcd15f,21d26639fa261c4da411a689,1/20,C1,1,2,50,33,True,True,False,False,discovery_grid_train,noising,580217a66dbbfb1e61fcd15f,21d26639fa261c4da411a689,final_prompt,final_prompt,29,self_patch,e4b54b58fbd9068439b3a6a4,0.625,0.625,0.625,0.625,0.0,0.0,True,True,True,True,False,False,False,False,False,False,False,-0.0
013b92c00bfe0af91ac4,grid,train,535879badc16596b42d1,580217a66dbbfb1e61fcd15f,21d26639fa261c4da411a689,1/20,C1,1,2,50,33,True,True,False,False,discovery_grid_train,noising,580217a66dbbfb1e61fcd15f,21d26639fa261c4da411a689,final_prompt,final_prompt,30,cross_patch,296a1e20abdd64ad947e2e81,0.625,0.625,0.625,0.625,0.0,0.0,True,True,True,True,False,False,False,False,False,False,False,-0.0
013b92c00bfe0af91ac4,grid,train,535879badc16596b42d1,580217a66dbbfb1e61fcd15f,21d26639fa261c4da411a689,1/20,C1,1,2,50,33,True,True,False,False,discovery_grid_train,noising,580217a66dbbfb1e61fcd15f,21d26639fa261c4da411a689,final_prompt,final_prompt,30,self_patch,44c608471ede40a39658af75,0.625,0.625,0.625,0.625,0.0,0.0,True,True,True,True,False,False,False,False,False,False,False,-0.0
013b92c00bfe0af91ac4,grid,train,535879badc16596b42d1,580217a66dbbfb1e61fcd15f,21d26639fa261c4da411a689,1/20,C1,1,2,50,33,True,True,False,False,discovery_grid_train,noising,580217a66dbbfb1e61fcd15f,21d26639fa261c4da411a689,final_prompt,final_prompt,31,cross_patch,18db9b44aee978bca107a1a6,0.625,0.625,0.625,0.625,0.0,0.0,True,True,True,True,False,False,False,False,False,False,False,-0.0
013b92c00bfe0af91ac4,grid,train,535879badc16596b42d1,580217a66dbbfb1e61fcd15f,21d26639fa261c4da411a689,1/20,C1,1,2,50,33,True,True,False,False,discovery_grid_train,noising,580217a66dbbfb1e61fcd15f,21d26639fa261c4da411a689,final_prompt,final_prompt,31,self_patch,a42c711f60c311bbdb856dd8,0.625,0.625,0.625,0.625,0.0,0.0,True,True,True,True,False,False,False,False,False,False,False,-0.0
013b92c00bfe0af91ac4,grid,train,535879badc16596b42d1,580217a66dbbfb1e61fcd15f,21d26639fa261c4da411a689,1/20,C1,1,2,50,33,True,True,False,False,discovery_grid_train,noising,580217a66dbbfb1e61fcd15f,21d26639fa261c4da411a689,answer_prefix,answer_prefix,0,cross_patch,933aad324c622d9460bf990e,0.625,0.75,0.625,0.75,0.125,0.125,True,True,True,True,False,False,False,False,False,False,False,-0.125
013b92c00bfe0af91ac4,grid,train,535879badc16596b42d1,580217a66dbbfb1e61fcd15f,21d26639fa261c4da411a689,1/20,C1,1,2,50,33,True,True,False,False,discovery_grid_train,noising,580217a66dbbfb1e61fcd15f,21d26639fa261c4da411a689,answer_prefix,answer_prefix,0,self_patch,0dc203cd1e1a256185ba7f3c,0.625,0.625,0.625,0.625,0.0,0.0,True,True,True,True,False,False,False,False,False,False,False,-0.0
013b92c00bfe0af91ac4,grid,train,535879badc16596b42d1,580217a66dbbfb1e61fcd15f,21d26639fa261c4da411a689,1/20,C1,1,2,50,33,True,True,False,False,discovery_grid_train,noising,580217a66dbbfb1e61fcd15f,21d26639fa261c4da411a689,answer_prefix,answer_prefix,1,cross_patch,93e9c5c7e5fd219aed7ea60d,0.625,0.625,0.625,0.625,0.0,0.0,True,True,True,True,False,False,False,False,False,False,False,-0.0
013b92c00bfe0af91ac4,grid,train,535879badc16596b42d1,580217a66dbbfb1e61fcd15f,21d26639fa261c4da411a689,1/20,C1,1,2,50,33,True,True,False,False,discovery_grid_train,noising,580217a66dbbfb1e61fcd15f,21d26639fa261c4da411a689,answer_prefix,answer_prefix,1,self_patch,f92d2e06e3f65d7c4398fefd,0.625,0.625,0.625,0.625,0.0,0.0,True,True,True,True,False,False,False,False,False,False,False,-0.0
013b92c00bfe0af91ac4,grid,train,535879badc16596b42d1,580217a66dbbfb1e61fcd15f,21d26639fa261c4da411a689,1/20,C1,1,2,50,33,True,True,False,False,discovery_grid_train,noising,580217a66dbbfb1e61fcd15f,21d26639fa261c4da411a689,answer_prefix,answer_prefix,2,cross_patch,8fe29bfa7d8495c6caaacbe4,0.625,0.625,0.625,0.625,0.0,0.0,True,True,True,True,False,False,False,False,False,False,False,-0.0
013b92c00bfe0af91ac4,grid,train,535879badc16596b42d1,580217a66dbbfb1e61fcd15f,21d26639fa261c4da411a689,1/20,C1,1,2,50,33,True,True,False,False,discovery_grid_train,noising,580217a66dbbfb1e61fcd15f,21d26639fa261c4da411a689,answer_prefix,answer_prefix,2,self_patch,53afbc285b782e4e6469f8dd,0.625,0.625,0.625,0.625,0.0,0.0,True,True,True,True,False,False,False,False,False,False,False,-0.0
013b92c00bfe0af91ac4,grid,train,535879badc16596b42d1,580217a66dbbfb1e61fcd15f,21d26639fa261c4da411a689,1/20,C1,1,2,50,33,True,True,False,False,discovery_grid_train,noising,580217a66dbbfb1e61fcd15f,21d26639fa261c4da411a689,answer_prefix,answer_prefix,3,cross_patch,06839e6a3125632895157c87,0.625,0.625,0.625,0.625,0.0,0.0,True,True,True,True,False,False,False,False,False,False,False,-0.0
013b92c00bfe0af91ac4,grid,train,535879badc16596b42d1,580217a66dbbfb1e61fcd15f,21d26639fa261c4da411a689,1/20,C1,1,2,50,33,True,True,False,False,discovery_grid_train,noising,580217a66dbbfb1e61fcd15f,21d26639fa261c4da411a689,answer_prefix,answer_prefix,3,self_patch,166ab8d524d02b606cb40f4a,0.625,0.625,0.625,0.625,0.0,0.0,True,True,True,True,False,False,False,False,False,False,False,-0.0
013b92c00bfe0af91ac4,grid,train,535879badc16596b42d1,580217a66dbbfb1e61fcd15f,21d26639fa261c4da411a689,1/20,C1,1,2,50,33,True,True,False,False,discovery_grid_train,noising,580217a66dbbfb1e61fcd15f,21d26639fa261c4da411a689,answer_prefix,answer_prefix,4,cross_patch,e350a9fc23decb2015eb169b,0.625,0.625,0.625,0.625,0.0,0.0,True,True,True,True,False,False,False,False,False,False,False,-0.0
013b92c00bfe0af91ac4,grid,train,535879badc16596b42d1,580217a66dbbfb1e61fcd15f,21d26639fa261c4da411a689,1/20,C1,1,2,50,33,True,True,False,False,discovery_grid_train,noising,580217a66dbbfb1e61fcd15f,21d26639fa261c4da411a689,answer_prefix,answer_prefix,4,self_patch,7f5eddd8b142971cff1fac92,0.625,0.625,0.625,0.625,0.0,0.0,True,True,True,True,False,False,False,False,False,False,False,-0.0
013b92c00bfe0af91ac4,grid,train,535879badc16596b42d1,580217a66dbbfb1e61fcd15f,21d26639fa261c4da411a689,1/20,C1,1,2,50,33,True,True,False,False,discovery_grid_train,noising,580217a66dbbfb1e61fcd15f,21d26639fa261c4da411a689,answer_prefix,answer_prefix,5,cross_patch,40e3d7cd906fe44885eb12cf,0.625,0.625,0.625,0.625,0.0,0.0,True,True,True,True,False,False,False,False,False,False,False,-0.0
013b92c00bfe0af91ac4,grid,train,535879badc16596b42d1,580217a66dbbfb1e61fcd15f,21d26639fa261c4da411a689,1/20,C1,1,2,50,33,True,True,False,False,discovery_grid_train,noising,580217a66dbbfb1e61fcd15f,21d26639fa261c4da411a689,answer_prefix,answer_prefix,5,self_patch,3294fbdb1396a75bffc30f5c,0.625,0.625,0.625,0.625,0.0,0.0,True,True,True,True,False,False,False,False,False,False,False,-0.0
013b92c00bfe0af91ac4,grid,train,535879badc16596b42d1,580217a66dbbfb1e61fcd15f,21d26639fa261c4da411a689,1/20,C1,1,2,50,33,True,True,False,False,discovery_grid_train,noising,580217a66dbbfb1e61fcd15f,21d26639fa261c4da411a689,answer_prefix,answer_prefix,6,cross_patch,a4a423eeb1b021216ac19510,0.625,0.625,0.625,0.625,0.0,0.0,True,True,True,True,False,False,False,False,False,False,False,-0.0
013b92c00bfe0af91ac4,grid,train,535879badc16596b42d1,580217a66dbbfb1e61fcd15f,21d26639fa261c4da411a689,1/20,C1,1,2,50,33,True,True,False,False,discovery_grid_train,noising,580217a66dbbfb1e61fcd15f,21d26639fa261c4da411a689,answer_prefix,answer_prefix,6,self_patch,42c681adda8b541108028792,0.625,0.625,0.625,0.625,0.0,0.0,True,True,True,True,False,False,False,False,False,False,False,-0.0
013b92c00bfe0af91ac4,grid,train,535879badc16596b42d1,580217a66dbbfb1e61fcd15f,21d26639fa261c4da411a689,1/20,C1,1,2,50,33,True,True,False,False,discovery_grid_train,noising,580217a66dbbfb1e61fcd15f,21d26639fa261c4da411a689,answer_prefix,answer_prefix,7,cross_patch,114b4cd82f1b910e236ceaef,0.625,0.75,0.625,0.75,0.125,0.125,True,True,True,True,False,False,False,False,False,False,False,-0.125
013b92c00bfe0af91ac4,grid,train,535879badc16596b42d1,580217a66dbbfb1e61fcd15f,21d26639fa261c4da411a689,1/20,C1,1,2,50,33,True,True,False,False,discovery_grid_train,noising,580217a66dbbfb1e61fcd15f,21d26639fa261c4da411a689,answer_prefix,answer_prefix,7,self_patch,427ce3d23bef322deb6a7830,0.625,0.625,0.625,0.625,0.0,0.0,True,True,True,True,False,False,False,False,False,False,False,-0.0
013b92c00bfe0af91ac4,grid,train,535879badc16596b42d1,580217a66dbbfb1e61fcd15f,21d26639fa261c4da411a689,1/20,C1,1,2,50,33,True,True,False,False,discovery_grid_train,noising,580217a66dbbfb1e61fcd15f,21d26639fa261c4da411a689,answer_prefix,answer_prefix,8,cross_patch,44a447ddc1ff025919103468,0.625,0.625,0.625,0.625,0.0,0.0,True,True,True,True,False,False,False,False,False,False,False,-0.0
013b92c00bfe0af91ac4,grid,train,535879badc16596b42d1,580217a66dbbfb1e61fcd15f,21d26639fa261c4da411a689,1/20,C1,1,2,50,33,True,True,False,False,discovery_grid_train,noising,580217a66dbbfb1e61fcd15f,21d26639fa261c4da411a689,answer_prefix,answer_prefix,8,self_patch,b96789872235e6b570f18348,0.625,0.625,0.625,0.625,0.0,0.0,True,True,True,True,False,False,False,False,False,False,False,-0.0
013b92c00bfe0af91ac4,grid,train,535879badc16596b42d1,580217a66dbbfb1e61fcd15f,21d26639fa261c4da411a689,1/20,C1,1,2,50,33,True,True,False,False,discovery_grid_train,noising,580217a66dbbfb1e61fcd15f,21d26639fa261c4da411a689,answer_prefix,answer_prefix,9,cross_patch,4f0b9010bed8886263f69eb0,0.625,0.625,0.625,0.625,0.0,0.0,True,True,True,True,False,False,False,False,False,False,False,-0.0
013b92c00bfe0af91ac4,grid,train,535879badc16596b42d1,580217a66dbbfb1e61fcd15f,21d26639fa261c4da411a689,1/20,C1,1,2,50,33,True,True,False,False,discovery_grid_train,noising,580217a66dbbfb1e61fcd15f,21d26639fa261c4da411a689,answer_prefix,answer_prefix,9,self_patch,0c871ac5fde04ef1db5a2976,0.625,0.625,0.625,0.625,0.0,0.0,True,True,True,True,False,False,False,False,False,False,False,-0.0
013b92c00bfe0af91ac4,grid,train,535879badc16596b42d1,580217a66dbbfb1e61fcd15f,21d26639fa261c4da411a689,1/20,C1,1,2,50,33,True,True,False,False,discovery_grid_train,noising,580217a66dbbfb1e61fcd15f,21d26639fa261c4da411a689,answer_prefix,answer_prefix,10,cross_patch,1ab331c13f5e37426ac828e0,0.625,0.625,0.625,0.625,0.0,0.0,True,True,True,True,False,False,False,False,False,False,False,-0.0
013b92c00bfe0af91ac4,grid,train,535879badc16596b42d1,580217a66dbbfb1e61fcd15f,21d26639fa261c4da411a689,1/20,C1,1,2,50,33,True,True,False,False,discovery_grid_train,noising,580217a66dbbfb1e61fcd15f,21d26639fa261c4da411a689,answer_prefix,answer_prefix,10,self_patch,eacef66769533e7fa926f1b8,0.625,0.625,0.625,0.625,0.0,0.0,True,True,True,True,False,False,False,False,False,False,False,-0.0
013b92c00bfe0af91ac4,grid,train,535879badc16596b42d1,580217a66dbbfb1e61fcd15f,21d26639fa261c4da411a689,1/20,C1,1,2,50,33,True,True,False,False,discovery_grid_train,noising,580217a66dbbfb1e61fcd15f,21d26639fa261c4da411a689,answer_prefix,answer_prefix,11,cross_patch,759f38cab12cdae521182b4c,0.625,0.625,0.625,0.625,0.0,0.0,True,True,True,True,False,False,False,False,False,False,False,-0.0
013b92c00bfe0af91ac4,grid,train,535879badc16596b42d1,580217a66dbbfb1e61fcd15f,21d26639fa261c4da411a689,1/20,C1,1,2,50,33,True,True,False,False,discovery_grid_train,noising,580217a66dbbfb1e61fcd15f,21d26639fa261c4da411a689,answer_prefix,answer_prefix,11,self_patch,629fbd1ab842e94541bf8f12,0.625,0.625,0.625,0.625,0.0,0.0,True,True,True,True,False,False,False,False,False,False,False,-0.0
013b92c00bfe0af91ac4,grid,train,535879badc16596b42d1,580217a66dbbfb1e61fcd15f,21d26639fa261c4da411a689,1/20,C1,1,2,50,33,True,True,False,False,discovery_grid_train,noising,580217a66dbbfb1e61fcd15f,21d26639fa261c4da411a689,answer_prefix,answer_prefix,12,cross_patch,917f1b5fd69d5c303efc5487,0.625,0.625,0.625,0.625,0.0,0.0,True,True,True,True,False,False,False,False,False,False,False,-0.0
013b92c00bfe0af91ac4,grid,train,535879badc16596b42d1,580217a66dbbfb1e61fcd15f,21d26639fa261c4da411a689,1/20,C1,1,2,50,33,True,True,False,False,discovery_grid_train,noising,580217a66dbbfb1e61fcd15f,21d26639fa261c4da411a689,answer_prefix,answer_prefix,12,self_patch,4eef1f3b291d17d3561c15b2,0.625,0.625,0.625,0.625,0.0,0.0,True,True,True,True,False,False,False,False,False,False,False,-0.0
013b92c00bfe0af91ac4,grid,train,535879badc16596b42d1,580217a66dbbfb1e61fcd15f,21d26639fa261c4da411a689,1/20,C1,1,2,50,33,True,True,False,False,discovery_grid_train,noising,580217a66dbbfb1e61fcd15f,21d26639fa261c4da411a689,answer_prefix,answer_prefix,13,cross_patch,319680dd8ebe61ce6e69be67,0.625,0.625,0.625,0.625,0.0,0.0,True,True,True,True,False,False,False,False,False,False,False,-0.0
013b92c00bfe0af91ac4,grid,train,535879badc16596b42d1,580217a66dbbfb1e61fcd15f,21d26639fa261c4da411a689,1/20,C1,1,2,50,33,True,True,False,False,discovery_grid_train,noising,580217a66dbbfb1e61fcd15f,21d26639fa261c4da411a689,answer_prefix,answer_prefix,13,self_patch,9216e4aa8a4e7f8c4078bd81,0.625,0.625,0.625,0.625,0.0,0.0,True,True,True,True,False,False,False,False,False,False,False,-0.0
013b92c00bfe0af91ac4,grid,train,535879badc16596b42d1,580217a66dbbfb1e61fcd15f,21d26639fa261c4da411a689,1/20,C1,1,2,50,33,True,True,False,False,discovery_grid_train,noising,580217a66dbbfb1e61fcd15f,21d26639fa261c4da411a689,answer_prefix,answer_prefix,14,cross_patch,cc065c363dcce8dfed433cde,0.625,0.75,0.625,0.75,0.125,0.125,True,True,True,True,False,False,False,False,False,False,False,-0.125
013b92c00bfe0af91ac4,grid,train,535879badc16596b42d1,580217a66dbbfb1e61fcd15f,21d26639fa261c4da411a689,1/20,C1,1,2,50,33,True,True,False,False,discovery_grid_train,noising,580217a66dbbfb1e61fcd15f,21d26639fa261c4da411a689,answer_prefix,answer_prefix,14,self_patch,a8f120a05a1b4038b9613f1e,0.625,0.625,0.625,0.625,0.0,0.0,True,True,True,True,False,False,False,False,False,False,False,-0.0
013b92c00bfe0af91ac4,grid,train,535879badc16596b42d1,580217a66dbbfb1e61fcd15f,21d26639fa261c4da411a689,1/20,C1,1,2,50,33,True,True,False,False,discovery_grid_train,noising,580217a66dbbfb1e61fcd15f,21d26639fa261c4da411a689,answer_prefix,answer_prefix,15,cross_patch,4827ac4897e5a915169f16e4,0.625,0.75,0.625,0.75,0.125,0.125,True,True,True,True,False,False,False,False,False,False,False,-0.125
013b92c00bfe0af91ac4,grid,train,535879badc16596b42d1,580217a66dbbfb1e61fcd15f,21d26639fa261c4da411a689,1/20,C1,1,2,50,33,True,True,False,False,discovery_grid_train,noising,580217a66dbbfb1e61fcd15f,21d26639fa261c4da411a689,answer_prefix,answer_prefix,15,self_patch,fab75773f0c9c0bde2877973,0.625,0.625,0.625,0.625,0.0,0.0,True,True,True,True,False,False,False,False,False,False,False,-0.0
013b92c00bfe0af91ac4,grid,train,535879badc16596b42d1,580217a66dbbfb1e61fcd15f,21d26639fa261c4da411a689,1/20,C1,1,2,50,33,True,True,False,False,discovery_grid_train,noising,580217a66dbbfb1e61fcd15f,21d26639fa261c4da411a689,answer_prefix,answer_prefix,16,cross_patch,f34533bcd476f9a7ade29250,0.625,0.625,0.625,0.625,0.0,0.0,True,True,True,True,False,False,False,False,False,False,False,-0.0
013b92c00bfe0af91ac4,grid,train,535879badc16596b42d1,580217a66dbbfb1e61fcd15f,21d26639fa261c4da411a689,1/20,C1,1,2,50,33,True,True,False,False,discovery_grid_train,noising,580217a66dbbfb1e61fcd15f,21d26639fa261c4da411a689,answer_prefix,answer_prefix,16,self_patch,0afae37578b31e7de8f9794c,0.625,0.625,0.625,0.625,0.0,0.0,True,True,True,True,False,False,False,False,False,False,False,-0.0
013b92c00bfe0af91ac4,grid,train,535879badc16596b42d1,580217a66dbbfb1e61fcd15f,21d26639fa261c4da411a689,1/20,C1,1,2,50,33,True,True,False,False,discovery_grid_train,noising,580217a66dbbfb1e61fcd15f,21d26639fa261c4da411a689,answer_prefix,answer_prefix,17,cross_patch,7720ae3bde700a61e1252fc7,0.625,0.75,0.625,0.75,0.125,0.125,True,True,True,True,False,False,False,False,False,False,False,-0.125
013b92c00bfe0af91ac4,grid,train,535879badc16596b42d1,580217a66dbbfb1e61fcd15f,21d26639fa261c4da411a689,1/20,C1,1,2,50,33,True,True,False,False,discovery_grid_train,noising,580217a66dbbfb1e61fcd15f,21d26639fa261c4da411a689,answer_prefix,answer_prefix,17,self_patch,8b40b660fd78f8992a0740bf,0.625,0.625,0.625,0.625,0.0,0.0,True,True,True,True,False,False,False,False,False,False,False,-0.0
013b92c00bfe0af91ac4,grid,train,535879badc16596b42d1,580217a66dbbfb1e61fcd15f,21d26639fa261c4da411a689,1/20,C1,1,2,50,33,True,True,False,False,discovery_grid_train,noising,580217a66dbbfb1e61fcd15f,21d26639fa261c4da411a689,answer_prefix,answer_prefix,18,cross_patch,db50a5f4940775eb588b3c10,0.625,0.625,0.625,0.625,0.0,0.0,True,True,True,True,False,False,False,False,False,False,False,-0.0
013b92c00bfe0af91ac4,grid,train,535879badc16596b42d1,580217a66dbbfb1e61fcd15f,21d26639fa261c4da411a689,1/20,C1,1,2,50,33,True,True,False,False,discovery_grid_train,noising,580217a66dbbfb1e61fcd15f,21d26639fa261c4da411a689,answer_prefix,answer_prefix,18,self_patch,9df0564b5f3b1aee9b67bdef,0.625,0.625,0.625,0.625,0.0,0.0,True,True,True,True,False,False,False,False,False,False,False,-0.0
013b92c00bfe0af91ac4,grid,train,535879badc16596b42d1,580217a66dbbfb1e61fcd15f,21d26639fa261c4da411a689,1/20,C1,1,2,50,33,True,True,False,False,discovery_grid_train,noising,580217a66dbbfb1e61fcd15f,21d26639fa261c4da411a689,answer_prefix,answer_prefix,19,cross_patch,aecd8dd12acea0dabfcf1999,0.625,0.75,0.625,0.75,0.125,0.125,True,True,True,True,False,False,False,False,False,False,False,-0.125
013b92c00bfe0af91ac4,grid,train,535879badc16596b42d1,580217a66dbbfb1e61fcd15f,21d26639fa261c4da411a689,1/20,C1,1,2,50,33,True,True,False,False,discovery_grid_train,noising,580217a66dbbfb1e61fcd15f,21d26639fa261c4da411a689,answer_prefix,answer_prefix,19,self_patch,16114b54e2a7a0ed4f309d56,0.625,0.625,0.625,0.625,0.0,0.0,True,True,True,True,False,False,False,False,False,False,False,-0.0
013b92c00bfe0af91ac4,grid,train,535879badc16596b42d1,580217a66dbbfb1e61fcd15f,21d26639fa261c4da411a689,1/20,C1,1,2,50,33,True,True,False,False,discovery_grid_train,noising,580217a66dbbfb1e61fcd15f,21d26639fa261c4da411a689,answer_prefix,answer_prefix,20,cross_patch,0ab6d6ce373531195a479493,0.625,0.625,0.625,0.625,0.0,0.0,True,True,True,True,False,False,False,False,False,False,False,-0.0
013b92c00bfe0af91ac4,grid,train,535879badc16596b42d1,580217a66dbbfb1e61fcd15f,21d26639fa261c4da411a689,1/20,C1,1,2,50,33,True,True,False,False,discovery_grid_train,noising,580217a66dbbfb1e61fcd15f,21d26639fa261c4da411a689,answer_prefix,answer_prefix,20,self_patch,0b62a2b6c3efbab6a395a441,0.625,0.625,0.625,0.625,0.0,0.0,True,True,True,True,False,False,False,False,False,False,False,-0.0
013b92c00bfe0af91ac4,grid,train,535879badc16596b42d1,580217a66dbbfb1e61fcd15f,21d26639fa261c4da411a689,1/20,C1,1,2,50,33,True,True,False,False,discovery_grid_train,noising,580217a66dbbfb1e61fcd15f,21d26639fa261c4da411a689,answer_prefix,answer_prefix,21,cross_patch,35cb85b30681172db90656c3,0.625,0.75,0.625,0.75,0.125,0.125,True,True,True,True,False,False,False,False,False,False,False,-0.125
013b92c00bfe0af91ac4,grid,train,535879badc16596b42d1,580217a66dbbfb1e61fcd15f,21d26639fa261c4da411a689,1/20,C1,1,2,50,33,True,True,False,False,discovery_grid_train,noising,580217a66dbbfb1e61fcd15f,21d26639fa261c4da411a689,answer_prefix,answer_prefix,21,self_patch,ce7d1daca43cd2193de86b3c,0.625,0.625,0.625,0.625,0.0,0.0,True,True,True,True,False,False,False,False,False,False,False,-0.0
013b92c00bfe0af91ac4,grid,train,535879badc16596b42d1,580217a66dbbfb1e61fcd15f,21d26639fa261c4da411a689,1/20,C1,1,2,50,33,True,True,False,False,discovery_grid_train,noising,580217a66dbbfb1e61fcd15f,21d26639fa261c4da411a689,answer_prefix,answer_prefix,22,cross_patch,77e623d2eb538ce0e339bc6b,0.625,0.625,0.625,0.625,0.0,0.0,True,True,True,True,False,False,False,False,False,False,False,-0.0
013b92c00bfe0af91ac4,grid,train,535879badc16596b42d1,580217a66dbbfb1e61fcd15f,21d26639fa261c4da411a689,1/20,C1,1,2,50,33,True,True,False,False,discovery_grid_train,noising,580217a66dbbfb1e61fcd15f,21d26639fa261c4da411a689,answer_prefix,answer_prefix,22,self_patch,6a5e4f5f15e714444606a650,0.625,0.625,0.625,0.625,0.0,0.0,True,True,True,True,False,False,False,False,False,False,False,-0.0
013b92c00bfe0af91ac4,grid,train,535879badc16596b42d1,580217a66dbbfb1e61fcd15f,21d26639fa261c4da411a689,1/20,C1,1,2,50,33,True,True,False,False,discovery_grid_train,noising,580217a66dbbfb1e61fcd15f,21d26639fa261c4da411a689,answer_prefix,answer_prefix,23,cross_patch,85fca8c1ab29f2c950af605b,0.625,0.625,0.625,0.625,0.0,0.0,True,True,True,True,False,False,False,False,False,False,False,-0.0
013b92c00bfe0af91ac4,grid,train,535879badc16596b42d1,580217a66dbbfb1e61fcd15f,21d26639fa261c4da411a689,1/20,C1,1,2,50,33,True,True,False,False,discovery_grid_train,noising,580217a66dbbfb1e61fcd15f,21d26639fa261c4da411a689,answer_prefix,answer_prefix,23,self_patch,30105fe50daf85e476806e93,0.625,0.625,0.625,0.625,0.0,0.0,True,True,True,True,False,False,False,False,False,False,False,-0.0
013b92c00bfe0af91ac4,grid,train,535879badc16596b42d1,580217a66dbbfb1e61fcd15f,21d26639fa261c4da411a689,1/20,C1,1,2,50,33,True,True,False,False,discovery_grid_train,noising,580217a66dbbfb1e61fcd15f,21d26639fa261c4da411a689,answer_prefix,answer_prefix,24,cross_patch,091de00826f2dbff3fd6d6a8,0.625,0.5,0.625,0.5,-0.125,-0.125,True,True,True,True,False,False,False,False,False,False,False,0.125
013b92c00bfe0af91ac4,grid,train,535879badc16596b42d1,580217a66dbbfb1e61fcd15f,21d26639fa261c4da411a689,1/20,C1,1,2,50,33,True,True,False,False,discovery_grid_train,noising,580217a66dbbfb1e61fcd15f,21d26639fa261c4da411a689,answer_prefix,answer_prefix,24,self_patch,9f8c319a42dcd4a7971a648b,0.625,0.625,0.625,0.625,0.0,0.0,True,True,True,True,False,False,False,False,False,False,False,-0.0
013b92c00bfe0af91ac4,grid,train,535879badc16596b42d1,580217a66dbbfb1e61fcd15f,21d26639fa261c4da411a689,1/20,C1,1,2,50,33,True,True,False,False,discovery_grid_train,noising,580217a66dbbfb1e61fcd15f,21d26639fa261c4da411a689,answer_prefix,answer_prefix,25,cross_patch,dae2e69a45d11435b68191a6,0.625,0.625,0.625,0.625,0.0,0.0,True,True,True,True,False,False,False,False,False,False,False,-0.0
013b92c00bfe0af91ac4,grid,train,535879badc16596b42d1,580217a66dbbfb1e61fcd15f,21d26639fa261c4da411a689,1/20,C1,1,2,50,33,True,True,False,False,discovery_grid_train,noising,580217a66dbbfb1e61fcd15f,21d26639fa261c4da411a689,answer_prefix,answer_prefix,25,self_patch,2b095af2f3a213de0af46006,0.625,0.625,0.625,0.625,0.0,0.0,True,True,True,True,False,False,False,False,False,False,False,-0.0
013b92c00bfe0af91ac4,grid,train,535879badc16596b42d1,580217a66dbbfb1e61fcd15f,21d26639fa261c4da411a689,1/20,C1,1,2,50,33,True,True,False,False,discovery_grid_train,noising,580217a66dbbfb1e61fcd15f,21d26639fa261c4da411a689,answer_prefix,answer_prefix,26,cross_patch,c574ebc5c14ca2b199211962,0.625,0.625,0.625,0.625,0.0,0.0,True,True,True,True,False,False,False,False,False,False,False,-0.0
013b92c00bfe0af91ac4,grid,train,535879badc16596b42d1,580217a66dbbfb1e61fcd15f,21d26639fa261c4da411a689,1/20,C1,1,2,50,33,True,True,False,False,discovery_grid_train,noising,580217a66dbbfb1e61fcd15f,21d26639fa261c4da411a689,answer_prefix,answer_prefix,26,self_patch,875552ab274f8a49511f3200,0.625,0.625,0.625,0.625,0.0,0.0,True,True,True,True,False,False,False,False,False,False,False,-0.0
013b92c00bfe0af91ac4,grid,train,535879badc16596b42d1,580217a66dbbfb1e61fcd15f,21d26639fa261c4da411a689,1/20,C1,1,2,50,33,True,True,False,False,discovery_grid_train,noising,580217a66dbbfb1e61fcd15f,21d26639fa261c4da411a689,answer_prefix,answer_prefix,27,cross_patch,27819c58c81d5eb70990676a,0.625,0.625,0.625,0.625,0.0,0.0,True,True,True,True,False,False,False,False,False,False,False,-0.0
013b92c00bfe0af91ac4,grid,train,535879badc16596b42d1,580217a66dbbfb1e61fcd15f,21d26639fa261c4da411a689,1/20,C1,1,2,50,33,True,True,False,False,discovery_grid_train,noising,580217a66dbbfb1e61fcd15f,21d26639fa261c4da411a689,answer_prefix,answer_prefix,27,self_patch,205750de9eaaa4707021981c,0.625,0.625,0.625,0.625,0.0,0.0,True,True,True,True,False,False,False,False,False,False,False,-0.0
013b92c00bfe0af91ac4,grid,train,535879badc16596b42d1,580217a66dbbfb1e61fcd15f,21d26639fa261c4da411a689,1/20,C1,1,2,50,33,True,True,False,False,discovery_grid_train,noising,580217a66dbbfb1e61fcd15f,21d26639fa261c4da411a689,answer_prefix,answer_prefix,28,cross_patch,9ee8304b4a86e6900bc75295,0.625,0.5,0.625,0.5,-0.125,-0.125,True,True,True,True,False,False,False,False,False,False,False,0.125
013b92c00bfe0af91ac4,grid,train,535879badc16596b42d1,580217a66dbbfb1e61fcd15f,21d26639fa261c4da411a689,1/20,C1,1,2,50,33,True,True,False,False,discovery_grid_train,noising,580217a66dbbfb1e61fcd15f,21d26639fa261c4da411a689,answer_prefix,answer_prefix,28,self_patch,70296003c704fb5c84ce036f,0.625,0.625,0.625,0.625,0.0,0.0,True,True,True,True,False,False,False,False,False,False,False,-0.0
013b92c00bfe0af91ac4,grid,train,535879badc16596b42d1,580217a66dbbfb1e61fcd15f,21d26639fa261c4da411a689,1/20,C1,1,2,50,33,True,True,False,False,discovery_grid_train,noising,580217a66dbbfb1e61fcd15f,21d26639fa261c4da411a689,answer_prefix,answer_prefix,29,cross_patch,5eef05dc0a024cb658c1e786,0.625,0.5,0.625,0.5,-0.125,-0.125,True,True,True,True,False,False,False,False,False,False,False,0.125
013b92c00bfe0af91ac4,grid,train,535879badc16596b42d1,580217a66dbbfb1e61fcd15f,21d26639fa261c4da411a689,1/20,C1,1,2,50,33,True,True,False,False,discovery_grid_train,noising,580217a66dbbfb1e61fcd15f,21d26639fa261c4da411a689,answer_prefix,answer_prefix,29,self_patch,fb20327a2b2384968662d44c,0.625,0.625,0.625,0.625,0.0,0.0,True,True,True,True,False,False,False,False,False,False,False,-0.0
013b92c00bfe0af91ac4,grid,train,535879badc16596b42d1,580217a66dbbfb1e61fcd15f,21d26639fa261c4da411a689,1/20,C1,1,2,50,33,True,True,False,False,discovery_grid_train,noising,580217a66dbbfb1e61fcd15f,21d26639fa261c4da411a689,answer_prefix,answer_prefix,30,cross_patch,10480ae3b9a6aa6cd080c78f,0.625,0.0,0.625,0.0,-0.625,-0.625,True,False,True,True,False,True,False,False,True,False,False,0.625
013b92c00bfe0af91ac4,grid,train,535879badc16596b42d1,580217a66dbbfb1e61fcd15f,21d26639fa261c4da411a689,1/20,C1,1,2,50,33,True,True,False,False,discovery_grid_train,noising,580217a66dbbfb1e61fcd15f,21d26639fa261c4da411a689,answer_prefix,answer_prefix,30,self_patch,06beffaac80db66724c32a21,0.625,0.625,0.625,0.625,0.0,0.0,True,True,True,True,False,False,False,False,False,False,False,-0.0
013b92c00bfe0af91ac4,grid,train,535879badc16596b42d1,580217a66dbbfb1e61fcd15f,21d26639fa261c4da411a689,1/20,C1,1,2,50,33,True,True,False,False,discovery_grid_train,noising,580217a66dbbfb1e61fcd15f,21d26639fa261c4da411a689,answer_prefix,answer_prefix,31,cross_patch,9e95b0b766c462f14a034a3b,0.625,-0.125,0.625,-0.125,-0.75,-0.75,True,False,True,False,False,True,False,True,True,False,False,0.75
013b92c00bfe0af91ac4,grid,train,535879badc16596b42d1,580217a66dbbfb1e61fcd15f,21d26639fa261c4da411a689,1/20,C1,1,2,50,33,True,True,False,False,discovery_grid_train,noising,580217a66dbbfb1e61fcd15f,21d26639fa261c4da411a689,answer_prefix,answer_prefix,31,self_patch,74d0c29a52e472f78443f2d7,0.625,0.625,0.625,0.625,0.0,0.0,True,True,True,True,False,False,False,False,False,False,False,-0.0
01b2e3a821070a2dfe5a,grid,train,0384d8764a73c20ceeb2,a34597cc41db4fa733c3b01d,cea2ee940ce836773c2f0119,1/20,C2,2,1,8,14,True,True,False,True,discovery_grid_train,denoising,cea2ee940ce836773c2f0119,a34597cc41db4fa733c3b01d,final_prompt,final_prompt,0,cross_patch,78b8fa92b4d8dc75e42a26e6,0.625,0.625,-0.625,-0.625,-0.0,0.0,False,False,False,False,False,False,False,False,False,False,False,-0.0
01b2e3a821070a2dfe5a,grid,train,0384d8764a73c20ceeb2,a34597cc41db4fa733c3b01d,cea2ee940ce836773c2f0119,1/20,C2,2,1,8,14,True,True,False,True,discovery_grid_train,denoising,cea2ee940ce836773c2f0119,a34597cc41db4fa733c3b01d,final_prompt,final_prompt,0,self_patch,8f23d5fffdd5226d78c6dd41,0.625,0.625,-0.625,-0.625,-0.0,0.0,False,False,False,False,False,False,False,False,False,False,False,-0.0
01b2e3a821070a2dfe5a,grid,train,0384d8764a73c20ceeb2,a34597cc41db4fa733c3b01d,cea2ee940ce836773c2f0119,1/20,C2,2,1,8,14,True,True,False,True,discovery_grid_train,denoising,cea2ee940ce836773c2f0119,a34597cc41db4fa733c3b01d,final_prompt,final_prompt,1,cross_patch,e6bb6a7f272c03fa80d867b4,0.625,0.5,-0.625,-0.5,0.125,-0.125,False,False,False,False,False,False,False,False,False,False,False,0.125
01b2e3a821070a2dfe5a,grid,train,0384d8764a73c20ceeb2,a34597cc41db4fa733c3b01d,cea2ee940ce836773c2f0119,1/20,C2,2,1,8,14,True,True,False,True,discovery_grid_train,denoising,cea2ee940ce836773c2f0119,a34597cc41db4fa733c3b01d,final_prompt,final_prompt,1,self_patch,8d4de0eec3df2959c88b1752,0.625,0.625,-0.625,-0.625,-0.0,0.0,False,False,False,False,False,False,False,False,False,False,False,-0.0
01b2e3a821070a2dfe5a,grid,train,0384d8764a73c20ceeb2,a34597cc41db4fa733c3b01d,cea2ee940ce836773c2f0119,1/20,C2,2,1,8,14,True,True,False,True,discovery_grid_train,denoising,cea2ee940ce836773c2f0119,a34597cc41db4fa733c3b01d,final_prompt,final_prompt,2,cross_patch,ec4f00f00747de886e58a95b,0.625,0.625,-0.625,-0.625,-0.0,0.0,False,False,False,False,False,False,False,False,False,False,False,-0.0
01b2e3a821070a2dfe5a,grid,train,0384d8764a73c20ceeb2,a34597cc41db4fa733c3b01d,cea2ee940ce836773c2f0119,1/20,C2,2,1,8,14,True,True,False,True,discovery_grid_train,denoising,cea2ee940ce836773c2f0119,a34597cc41db4fa733c3b01d,final_prompt,final_prompt,2,self_patch,dcce7bb0eb313702a21749b6,0.625,0.625,-0.625,-0.625,-0.0,0.0,False,False,False,False,False,False,False,False,False,False,False,-0.0
01b2e3a821070a2dfe5a,grid,train,0384d8764a73c20ceeb2,a34597cc41db4fa733c3b01d,cea2ee940ce836773c2f0119,1/20,C2,2,1,8,14,True,True,False,True,discovery_grid_train,denoising,cea2ee940ce836773c2f0119,a34597cc41db4fa733c3b01d,final_prompt,final_prompt,3,cross_patch,b24a07e392035b5ecfccc4cb,0.625,0.5,-0.625,-0.5,0.125,-0.125,False,False,False,False,False,False,False,False,False,False,False,0.125
01b2e3a821070a2dfe5a,grid,train,0384d8764a73c20ceeb2,a34597cc41db4fa733c3b01d,cea2ee940ce836773c2f0119,1/20,C2,2,1,8,14,True,True,False,True,discovery_grid_train,denoising,cea2ee940ce836773c2f0119,a34597cc41db4fa733c3b01d,final_prompt,final_prompt,3,self_patch,51c2f1737ab412e35ead16d6,0.625,0.625,-0.625,-0.625,-0.0,0.0,False,False,False,False,False,False,False,False,False,False,False,-0.0
01b2e3a821070a2dfe5a,grid,train,0384d8764a73c20ceeb2,a34597cc41db4fa733c3b01d,cea2ee940ce836773c2f0119,1/20,C2,2,1,8,14,True,True,False,True,discovery_grid_train,denoising,cea2ee940ce836773c2f0119,a34597cc41db4fa733c3b01d,final_prompt,final_prompt,4,cross_patch,a00f19621fdb717ff0adccb7,0.625,0.5,-0.625,-0.5,0.125,-0.125,False,False,False,False,False,False,False,False,False,False,False,0.125
01b2e3a821070a2dfe5a,grid,train,0384d8764a73c20ceeb2,a34597cc41db4fa733c3b01d,cea2ee940ce836773c2f0119,1/20,C2,2,1,8,14,True,True,False,True,discovery_grid_train,denoising,cea2ee940ce836773c2f0119,a34597cc41db4fa733c3b01d,final_prompt,final_prompt,4,self_patch,3f6796f4cd26e98e43b146af,0.625,0.625,-0.625,-0.625,-0.0,0.0,False,False,False,False,False,False,False,False,False,False,False,-0.0
01b2e3a821070a2dfe5a,grid,train,0384d8764a73c20ceeb2,a34597cc41db4fa733c3b01d,cea2ee940ce836773c2f0119,1/20,C2,2,1,8,14,True,True,False,True,discovery_grid_train,denoising,cea2ee940ce836773c2f0119,a34597cc41db4fa733c3b01d,final_prompt,final_prompt,5,cross_patch,55b6cb4ac4154aa50d019364,0.625,0.5,-0.625,-0.5,0.125,-0.125,False,False,False,False,False,False,False,False,False,False,False,0.125
01b2e3a821070a2dfe5a,grid,train,0384d8764a73c20ceeb2,a34597cc41db4fa733c3b01d,cea2ee940ce836773c2f0119,1/20,C2,2,1,8,14,True,True,False,True,discovery_grid_train,denoising,cea2ee940ce836773c2f0119,a34597cc41db4fa733c3b01d,final_prompt,final_prompt,5,self_patch,6427e0aacfc4d1bd1a578529,0.625,0.625,-0.625,-0.625,-0.0,0.0,False,False,False,False,False,False,False,False,False,False,False,-0.0
01b2e3a821070a2dfe5a,grid,train,0384d8764a73c20ceeb2,a34597cc41db4fa733c3b01d,cea2ee940ce836773c2f0119,1/20,C2,2,1,8,14,True,True,False,True,discovery_grid_train,denoising,cea2ee940ce836773c2f0119,a34597cc41db4fa733c3b01d,final_prompt,final_prompt,6,cross_patch,f9163e1ff5998df1e78b77d6,0.625,0.5,-0.625,-0.5,0.125,-0.125,False,False,False,False,False,False,False,False,False,False,False,0.125
01b2e3a821070a2dfe5a,grid,train,0384d8764a73c20ceeb2,a34597cc41db4fa733c3b01d,cea2ee940ce836773c2f0119,1/20,C2,2,1,8,14,True,True,False,True,discovery_grid_train,denoising,cea2ee940ce836773c2f0119,a34597cc41db4fa733c3b01d,final_prompt,final_prompt,6,self_patch,3d4bee6071e8adc1fa849390,0.625,0.625,-0.625,-0.625,-0.0,0.0,False,False,False,False,False,False,False,False,False,False,False,-0.0
01b2e3a821070a2dfe5a,grid,train,0384d8764a73c20ceeb2,a34597cc41db4fa733c3b01d,cea2ee940ce836773c2f0119,1/20,C2,2,1,8,14,True,True,False,True,discovery_grid_train,denoising,cea2ee940ce836773c2f0119,a34597cc41db4fa733c3b01d,final_prompt,final_prompt,7,cross_patch,229c16a5b1454436b3eed371,0.625,0.625,-0.625,-0.625,-0.0,0.0,False,False,False,False,False,False,False,False,False,False,False,-0.0
01b2e3a821070a2dfe5a,grid,train,0384d8764a73c20ceeb2,a34597cc41db4fa733c3b01d,cea2ee940ce836773c2f0119,1/20,C2,2,1,8,14,True,True,False,True,discovery_grid_train,denoising,cea2ee940ce836773c2f0119,a34597cc41db4fa733c3b01d,final_prompt,final_prompt,7,self_patch,5a3a854a2c0c04baa0b674f9,0.625,0.625,-0.625,-0.625,-0.0,0.0,False,False,False,False,False,False,False,False,False,False,False,-0.0
01b2e3a821070a2dfe5a,grid,train,0384d8764a73c20ceeb2,a34597cc41db4fa733c3b01d,cea2ee940ce836773c2f0119,1/20,C2,2,1,8,14,True,True,False,True,discovery_grid_train,denoising,cea2ee940ce836773c2f0119,a34597cc41db4fa733c3b01d,final_prompt,final_prompt,8,cross_patch,e872ab82bcda8e818e7d1f73,0.625,0.5,-0.625,-0.5,0.125,-0.125,False,False,False,False,False,False,False,False,False,False,False,0.125
01b2e3a821070a2dfe5a,grid,train,0384d8764a73c20ceeb2,a34597cc41db4fa733c3b01d,cea2ee940ce836773c2f0119,1/20,C2,2,1,8,14,True,True,False,True,discovery_grid_train,denoising,cea2ee940ce836773c2f0119,a34597cc41db4fa733c3b01d,final_prompt,final_prompt,8,self_patch,9c93501f9f717685d5bcb8a4,0.625,0.625,-0.625,-0.625,-0.0,0.0,False,False,False,False,False,False,False,False,False,False,False,-0.0
01b2e3a821070a2dfe5a,grid,train,0384d8764a73c20ceeb2,a34597cc41db4fa733c3b01d,cea2ee940ce836773c2f0119,1/20,C2,2,1,8,14,True,True,False,True,discovery_grid_train,denoising,cea2ee940ce836773c2f0119,a34597cc41db4fa733c3b01d,final_prompt,final_prompt,9,cross_patch,dfd81843e4df66b628a1cd9f,0.625,0.625,-0.625,-0.625,-0.0,0.0,False,False,False,False,False,False,False,False,False,False,False,-0.0
01b2e3a821070a2dfe5a,grid,train,0384d8764a73c20ceeb2,a34597cc41db4fa733c3b01d,cea2ee940ce836773c2f0119,1/20,C2,2,1,8,14,True,True,False,True,discovery_grid_train,denoising,cea2ee940ce836773c2f0119,a34597cc41db4fa733c3b01d,final_prompt,final_prompt,9,self_patch,460c0f729c770669a4626509,0.625,0.625,-0.625,-0.625,-0.0,0.0,False,False,False,False,False,False,False,False,False,False,False,-0.0
01b2e3a821070a2dfe5a,grid,train,0384d8764a73c20ceeb2,a34597cc41db4fa733c3b01d,cea2ee940ce836773c2f0119,1/20,C2,2,1,8,14,True,True,False,True,discovery_grid_train,denoising,cea2ee940ce836773c2f0119,a34597cc41db4fa733c3b01d,final_prompt,final_prompt,10,cross_patch,2dc24e269d79566fe398525c,0.625,0.5,-0.625,-0.5,0.125,-0.125,False,False,False,False,False,False,False,False,False,False,False,0.125
01b2e3a821070a2dfe5a,grid,train,0384d8764a73c20ceeb2,a34597cc41db4fa733c3b01d,cea2ee940ce836773c2f0119,1/20,C2,2,1,8,14,True,True,False,True,discovery_grid_train,denoising,cea2ee940ce836773c2f0119,a34597cc41db4fa733c3b01d,final_prompt,final_prompt,10,self_patch,f280401c841b45e3dbdb782c,0.625,0.625,-0.625,-0.625,-0.0,0.0,False,False,False,False,False,False,False,False,False,False,False,-0.0
01b2e3a821070a2dfe5a,grid,train,0384d8764a73c20ceeb2,a34597cc41db4fa733c3b01d,cea2ee940ce836773c2f0119,1/20,C2,2,1,8,14,True,True,False,True,discovery_grid_train,denoising,cea2ee940ce836773c2f0119,a34597cc41db4fa733c3b01d,final_prompt,final_prompt,11,cross_patch,b7bb78fa7b4fd4a786a86837,0.625,0.5,-0.625,-0.5,0.125,-0.125,False,False,False,False,False,False,False,False,False,False,False,0.125
01b2e3a821070a2dfe5a,grid,train,0384d8764a73c20ceeb2,a34597cc41db4fa733c3b01d,cea2ee940ce836773c2f0119,1/20,C2,2,1,8,14,True,True,False,True,discovery_grid_train,denoising,cea2ee940ce836773c2f0119,a34597cc41db4fa733c3b01d,final_prompt,final_prompt,11,self_patch,76c0eb3e38e33d1e667a7972,0.625,0.625,-0.625,-0.625,-0.0,0.0,False,False,False,False,False,False,False,False,False,False,False,-0.0
01b2e3a821070a2dfe5a,grid,train,0384d8764a73c20ceeb2,a34597cc41db4fa733c3b01d,cea2ee940ce836773c2f0119,1/20,C2,2,1,8,14,True,True,False,True,discovery_grid_train,denoising,cea2ee940ce836773c2f0119,a34597cc41db4fa733c3b01d,final_prompt,final_prompt,12,cross_patch,b47948e0a28f174dd23ce2d5,0.625,0.625,-0.625,-0.625,-0.0,0.0,False,False,False,False,False,False,False,False,False,False,False,-0.0
01b2e3a821070a2dfe5a,grid,train,0384d8764a73c20ceeb2,a34597cc41db4fa733c3b01d,cea2ee940ce836773c2f0119,1/20,C2,2,1,8,14,True,True,False,True,discovery_grid_train,denoising,cea2ee940ce836773c2f0119,a34597cc41db4fa733c3b01d,final_prompt,final_prompt,12,self_patch,e4e08484e5de4ec5caa06a6f,0.625,0.625,-0.625,-0.625,-0.0,0.0,False,False,False,False,False,False,False,False,False,False,False,-0.0
01b2e3a821070a2dfe5a,grid,train,0384d8764a73c20ceeb2,a34597cc41db4fa733c3b01d,cea2ee940ce836773c2f0119,1/20,C2,2,1,8,14,True,True,False,True,discovery_grid_train,denoising,cea2ee940ce836773c2f0119,a34597cc41db4fa733c3b01d,final_prompt,final_prompt,13,cross_patch,0a2761b4fdf4dca4427959a7,0.625,0.5,-0.625,-0.5,0.125,-0.125,False,False,False,False,False,False,False,False,False,False,False,0.125
01b2e3a821070a2dfe5a,grid,train,0384d8764a73c20ceeb2,a34597cc41db4fa733c3b01d,cea2ee940ce836773c2f0119,1/20,C2,2,1,8,14,True,True,False,True,discovery_grid_train,denoising,cea2ee940ce836773c2f0119,a34597cc41db4fa733c3b01d,final_prompt,final_prompt,13,self_patch,71df0868e259971588024ad9,0.625,0.625,-0.625,-0.625,-0.0,0.0,False,False,False,False,False,False,False,False,False,False,False,-0.0
01b2e3a821070a2dfe5a,grid,train,0384d8764a73c20ceeb2,a34597cc41db4fa733c3b01d,cea2ee940ce836773c2f0119,1/20,C2,2,1,8,14,True,True,False,True,discovery_grid_train,denoising,cea2ee940ce836773c2f0119,a34597cc41db4fa733c3b01d,final_prompt,final_prompt,14,cross_patch,7109949a89d46e2ded26af5f,0.625,0.625,-0.625,-0.625,-0.0,0.0,False,False,False,False,False,False,False,False,False,False,False,-0.0
01b2e3a821070a2dfe5a,grid,train,0384d8764a73c20ceeb2,a34597cc41db4fa733c3b01d,cea2ee940ce836773c2f0119,1/20,C2,2,1,8,14,True,True,False,True,discovery_grid_train,denoising,cea2ee940ce836773c2f0119,a34597cc41db4fa733c3b01d,final_prompt,final_prompt,14,self_patch,439156c759a0cbbe8714eda3,0.625,0.625,-0.625,-0.625,-0.0,0.0,False,False,False,False,False,False,False,False,False,False,False,-0.0
01b2e3a821070a2dfe5a,grid,train,0384d8764a73c20ceeb2,a34597cc41db4fa733c3b01d,cea2ee940ce836773c2f0119,1/20,C2,2,1,8,14,True,True,False,True,discovery_grid_train,denoising,cea2ee940ce836773c2f0119,a34597cc41db4fa733c3b01d,final_prompt,final_prompt,15,cross_patch,b75cf4bb5ae8cb0ea076aba4,0.625,0.625,-0.625,-0.625,-0.0,0.0,False,False,False,False,False,False,False,False,False,False,False,-0.0
01b2e3a821070a2dfe5a,grid,train,0384d8764a73c20ceeb2,a34597cc41db4fa733c3b01d,cea2ee940ce836773c2f0119,1/20,C2,2,1,8,14,True,True,False,True,discovery_grid_train,denoising,cea2ee940ce836773c2f0119,a34597cc41db4fa733c3b01d,final_prompt,final_prompt,15,self_patch,864d485bc76c4d8d92cf2dc7,0.625,0.625,-0.625,-0.625,-0.0,0.0,False,False,False,False,False,False,False,False,False,False,False,-0.0
01b2e3a821070a2dfe5a,grid,train,0384d8764a73c20ceeb2,a34597cc41db4fa733c3b01d,cea2ee940ce836773c2f0119,1/20,C2,2,1,8,14,True,True,False,True,discovery_grid_train,denoising,cea2ee940ce836773c2f0119,a34597cc41db4fa733c3b01d,final_prompt,final_prompt,16,cross_patch,c32a9bb26bd99bd6ad83ca20,0.625,0.625,-0.625,-0.625,-0.0,0.0,False,False,False,False,False,False,False,False,False,False,False,-0.0
01b2e3a821070a2dfe5a,grid,train,0384d8764a73c20ceeb2,a34597cc41db4fa733c3b01d,cea2ee940ce836773c2f0119,1/20,C2,2,1,8,14,True,True,False,True,discovery_grid_train,denoising,cea2ee940ce836773c2f0119,a34597cc41db4fa733c3b01d,final_prompt,final_prompt,16,self_patch,43e48e7a9697d356a616cf46,0.625,0.625,-0.625,-0.625,-0.0,0.0,False,False,False,False,False,False,False,False,False,False,False,-0.0
01b2e3a821070a2dfe5a,grid,train,0384d8764a73c20ceeb2,a34597cc41db4fa733c3b01d,cea2ee940ce836773c2f0119,1/20,C2,2,1,8,14,True,True,False,True,discovery_grid_train,denoising,cea2ee940ce836773c2f0119,a34597cc41db4fa733c3b01d,final_prompt,final_prompt,17,cross_patch,9cfeb9c9a74bd3c30bfb7422,0.625,0.625,-0.625,-0.625,-0.0,0.0,False,False,False,False,False,False,False,False,False,False,False,-0.0
01b2e3a821070a2dfe5a,grid,train,0384d8764a73c20ceeb2,a34597cc41db4fa733c3b01d,cea2ee940ce836773c2f0119,1/20,C2,2,1,8,14,True,True,False,True,discovery_grid_train,denoising,cea2ee940ce836773c2f0119,a34597cc41db4fa733c3b01d,final_prompt,final_prompt,17,self_patch,b828c3861e2f33a140a14643,0.625,0.625,-0.625,-0.625,-0.0,0.0,False,False,False,False,False,False,False,False,False,False,False,-0.0
01b2e3a821070a2dfe5a,grid,train,0384d8764a73c20ceeb2,a34597cc41db4fa733c3b01d,cea2ee940ce836773c2f0119,1/20,C2,2,1,8,14,True,True,False,True,discovery_grid_train,denoising,cea2ee940ce836773c2f0119,a34597cc41db4fa733c3b01d,final_prompt,final_prompt,18,cross_patch,792d5c320b40f3bc55aa8461,0.625,0.625,-0.625,-0.625,-0.0,0.0,False,False,False,False,False,False,False,False,False,False,False,-0.0
01b2e3a821070a2dfe5a,grid,train,0384d8764a73c20ceeb2,a34597cc41db4fa733c3b01d,cea2ee940ce836773c2f0119,1/20,C2,2,1,8,14,True,True,False,True,discovery_grid_train,denoising,cea2ee940ce836773c2f0119,a34597cc41db4fa733c3b01d,final_prompt,final_prompt,18,self_patch,f4c4f93ff3374d56cd4228f8,0.625,0.625,-0.625,-0.625,-0.0,0.0,False,False,False,False,False,False,False,False,False,False,False,-0.0
01b2e3a821070a2dfe5a,grid,train,0384d8764a73c20ceeb2,a34597cc41db4fa733c3b01d,cea2ee940ce836773c2f0119,1/20,C2,2,1,8,14,True,True,False,True,discovery_grid_train,denoising,cea2ee940ce836773c2f0119,a34597cc41db4fa733c3b01d,final_prompt,final_prompt,19,cross_patch,f67ebe99478a26f26d204703,0.625,0.625,-0.625,-0.625,-0.0,0.0,False,False,False,False,False,False,False,False,False,False,False,-0.0
01b2e3a821070a2dfe5a,grid,train,0384d8764a73c20ceeb2,a34597cc41db4fa733c3b01d,cea2ee940ce836773c2f0119,1/20,C2,2,1,8,14,True,True,False,True,discovery_grid_train,denoising,cea2ee940ce836773c2f0119,a34597cc41db4fa733c3b01d,final_prompt,final_prompt,19,self_patch,84701518d37325353d2090d5,0.625,0.625,-0.625,-0.625,-0.0,0.0,False,False,False,False,False,False,False,False,False,False,False,-0.0
01b2e3a821070a2dfe5a,grid,train,0384d8764a73c20ceeb2,a34597cc41db4fa733c3b01d,cea2ee940ce836773c2f0119,1/20,C2,2,1,8,14,True,True,False,True,discovery_grid_train,denoising,cea2ee940ce836773c2f0119,a34597cc41db4fa733c3b01d,final_prompt,final_prompt,20,cross_patch,2585300fb76f72d4f0b2fa68,0.625,0.625,-0.625,-0.625,-0.0,0.0,False,False,False,False,False,False,False,False,False,False,False,-0.0
01b2e3a821070a2dfe5a,grid,train,0384d8764a73c20ceeb2,a34597cc41db4fa733c3b01d,cea2ee940ce836773c2f0119,1/20,C2,2,1,8,14,True,True,False,True,discovery_grid_train,denoising,cea2ee940ce836773c2f0119,a34597cc41db4fa733c3b01d,final_prompt,final_prompt,20,self_patch,6c20913560ab73f0903b030c,0.625,0.625,-0.625,-0.625,-0.0,0.0,False,False,False,False,False,False,False,False,False,False,False,-0.0
01b2e3a821070a2dfe5a,grid,train,0384d8764a73c20ceeb2,a34597cc41db4fa733c3b01d,cea2ee940ce836773c2f0119,1/20,C2,2,1,8,14,True,True,False,True,discovery_grid_train,denoising,cea2ee940ce836773c2f0119,a34597cc41db4fa733c3b01d,final_prompt,final_prompt,21,cross_patch,89ba800360c7e4e6ca0bd513,0.625,0.625,-0.625,-0.625,-0.0,0.0,False,False,False,False,False,False,False,False,False,False,False,-0.0
01b2e3a821070a2dfe5a,grid,train,0384d8764a73c20ceeb2,a34597cc41db4fa733c3b01d,cea2ee940ce836773c2f0119,1/20,C2,2,1,8,14,True,True,False,True,discovery_grid_train,denoising,cea2ee940ce836773c2f0119,a34597cc41db4fa733c3b01d,final_prompt,final_prompt,21,self_patch,29bb936c18d65c25ea0960db,0.625,0.625,-0.625,-0.625,-0.0,0.0,False,False,False,False,False,False,False,False,False,False,False,-0.0
01b2e3a821070a2dfe5a,grid,train,0384d8764a73c20ceeb2,a34597cc41db4fa733c3b01d,cea2ee940ce836773c2f0119,1/20,C2,2,1,8,14,True,True,False,True,discovery_grid_train,denoising,cea2ee940ce836773c2f0119,a34597cc41db4fa733c3b01d,final_prompt,final_prompt,22,cross_patch,68f390a51db5e3c4e3e3408d,0.625,0.5,-0.625,-0.5,0.125,-0.125,False,False,False,False,False,False,False,False,False,False,False,0.125
01b2e3a821070a2dfe5a,grid,train,0384d8764a73c20ceeb2,a34597cc41db4fa733c3b01d,cea2ee940ce836773c2f0119,1/20,C2,2,1,8,14,True,True,False,True,discovery_grid_train,denoising,cea2ee940ce836773c2f0119,a34597cc41db4fa733c3b01d,final_prompt,final_prompt,22,self_patch,f3d1680d89b3328f56dc0bd4,0.625,0.625,-0.625,-0.625,-0.0,0.0,False,False,False,False,False,False,False,False,False,False,False,-0.0
01b2e3a821070a2dfe5a,grid,train,0384d8764a73c20ceeb2,a34597cc41db4fa733c3b01d,cea2ee940ce836773c2f0119,1/20,C2,2,1,8,14,True,True,False,True,discovery_grid_train,denoising,cea2ee940ce836773c2f0119,a34597cc41db4fa733c3b01d,final_prompt,final_prompt,23,cross_patch,905cdc6ac39c074fbbc44a1c,0.625,0.5,-0.625,-0.5,0.125,-0.125,False,False,False,False,False,False,False,False,False,False,False,0.125
01b2e3a821070a2dfe5a,grid,train,0384d8764a73c20ceeb2,a34597cc41db4fa733c3b01d,cea2ee940ce836773c2f0119,1/20,C2,2,1,8,14,True,True,False,True,discovery_grid_train,denoising,cea2ee940ce836773c2f0119,a34597cc41db4fa733c3b01d,final_prompt,final_prompt,23,self_patch,713ad329fb0dbe7ebbc5072b,0.625,0.625,-0.625,-0.625,-0.0,0.0,False,False,False,False,False,False,False,False,False,False,False,-0.0
01b2e3a821070a2dfe5a,grid,train,0384d8764a73c20ceeb2,a34597cc41db4fa733c3b01d,cea2ee940ce836773c2f0119,1/20,C2,2,1,8,14,True,True,False,True,discovery_grid_train,denoising,cea2ee940ce836773c2f0119,a34597cc41db4fa733c3b01d,final_prompt,final_prompt,24,cross_patch,44842136fd59312739ca7342,0.625,0.625,-0.625,-0.625,-0.0,0.0,False,False,False,False,False,False,False,False,False,False,False,-0.0
01b2e3a821070a2dfe5a,grid,train,0384d8764a73c20ceeb2,a34597cc41db4fa733c3b01d,cea2ee940ce836773c2f0119,1/20,C2,2,1,8,14,True,True,False,True,discovery_grid_train,denoising,cea2ee940ce836773c2f0119,a34597cc41db4fa733c3b01d,final_prompt,final_prompt,24,self_patch,26c03ead78df89d80120d90c,0.625,0.625,-0.625,-0.625,-0.0,0.0,False,False,False,False,False,False,False,False,False,False,False,-0.0
01b2e3a821070a2dfe5a,grid,train,0384d8764a73c20ceeb2,a34597cc41db4fa733c3b01d,cea2ee940ce836773c2f0119,1/20,C2,2,1,8,14,True,True,False,True,discovery_grid_train,denoising,cea2ee940ce836773c2f0119,a34597cc41db4fa733c3b01d,final_prompt,final_prompt,25,cross_patch,6d65ca61a4971fe36effb9c5,0.625,0.625,-0.625,-0.625,-0.0,0.0,False,False,False,False,False,False,False,False,False,False,False,-0.0
01b2e3a821070a2dfe5a,grid,train,0384d8764a73c20ceeb2,a34597cc41db4fa733c3b01d,cea2ee940ce836773c2f0119,1/20,C2,2,1,8,14,True,True,False,True,discovery_grid_train,denoising,cea2ee940ce836773c2f0119,a34597cc41db4fa733c3b01d,final_prompt,final_prompt,25,self_patch,7d9b91749265821d50db807a,0.625,0.625,-0.625,-0.625,-0.0,0.0,False,False,False,False,False,False,False,False,False,False,False,-0.0
01b2e3a821070a2dfe5a,grid,train,0384d8764a73c20ceeb2,a34597cc41db4fa733c3b01d,cea2ee940ce836773c2f0119,1/20,C2,2,1,8,14,True,True,False,True,discovery_grid_train,denoising,cea2ee940ce836773c2f0119,a34597cc41db4fa733c3b01d,final_prompt,final_prompt,26,cross_patch,28bfb2a48afb5f8b94b04e7c,0.625,0.625,-0.625,-0.625,-0.0,0.0,False,False,False,False,False,False,False,False,False,False,False,-0.0
01b2e3a821070a2dfe5a,grid,train,0384d8764a73c20ceeb2,a34597cc41db4fa733c3b01d,cea2ee940ce836773c2f0119,1/20,C2,2,1,8,14,True,True,False,True,discovery_grid_train,denoising,cea2ee940ce836773c2f0119,a34597cc41db4fa733c3b01d,final_prompt,final_prompt,26,self_patch,74fce2aa89b00b2e411937cc,0.625,0.625,-0.625,-0.625,-0.0,0.0,False,False,False,False,False,False,False,False,False,False,False,-0.0
01b2e3a821070a2dfe5a,grid,train,0384d8764a73c20ceeb2,a34597cc41db4fa733c3b01d,cea2ee940ce836773c2f0119,1/20,C2,2,1,8,14,True,True,False,True,discovery_grid_train,denoising,cea2ee940ce836773c2f0119,a34597cc41db4fa733c3b01d,final_prompt,final_prompt,27,cross_patch,7e79d73229a3f80f3a9a81b4,0.625,0.625,-0.625,-0.625,-0.0,0.0,False,False,False,False,False,False,False,False,False,False,False,-0.0
01b2e3a821070a2dfe5a,grid,train,0384d8764a73c20ceeb2,a34597cc41db4fa733c3b01d,cea2ee940ce836773c2f0119,1/20,C2,2,1,8,14,True,True,False,True,discovery_grid_train,denoising,cea2ee940ce836773c2f0119,a34597cc41db4fa733c3b01d,final_prompt,final_prompt,27,self_patch,bb78f14ecfe2a7e044a4fb74,0.625,0.625,-0.625,-0.625,-0.0,0.0,False,False,False,False,False,False,False,False,False,False,False,-0.0
01b2e3a821070a2dfe5a,grid,train,0384d8764a73c20ceeb2,a34597cc41db4fa733c3b01d,cea2ee940ce836773c2f0119,1/20,C2,2,1,8,14,True,True,False,True,discovery_grid_train,denoising,cea2ee940ce836773c2f0119,a34597cc41db4fa733c3b01d,final_prompt,final_prompt,28,cross_patch,3dd99aaa9a954e57cd319ca7,0.625,0.625,-0.625,-0.625,-0.0,0.0,False,False,False,False,False,False,False,False,False,False,False,-0.0
01b2e3a821070a2dfe5a,grid,train,0384d8764a73c20ceeb2,a34597cc41db4fa733c3b01d,cea2ee940ce836773c2f0119,1/20,C2,2,1,8,14,True,True,False,True,discovery_grid_train,denoising,cea2ee940ce836773c2f0119,a34597cc41db4fa733c3b01d,final_prompt,final_prompt,28,self_patch,54204d8fe54c9c06705fdc49,0.625,0.625,-0.625,-0.625,-0.0,0.0,False,False,False,False,False,False,False,False,False,False,False,-0.0
01b2e3a821070a2dfe5a,grid,train,0384d8764a73c20ceeb2,a34597cc41db4fa733c3b01d,cea2ee940ce836773c2f0119,1/20,C2,2,1,8,14,True,True,False,True,discovery_grid_train,denoising,cea2ee940ce836773c2f0119,a34597cc41db4fa733c3b01d,final_prompt,final_prompt,29,cross_patch,b4aa7108848920eec7c0630b,0.625,0.625,-0.625,-0.625,-0.0,0.0,False,False,False,False,False,False,False,False,False,False,False,-0.0
01b2e3a821070a2dfe5a,grid,train,0384d8764a73c20ceeb2,a34597cc41db4fa733c3b01d,cea2ee940ce836773c2f0119,1/20,C2,2,1,8,14,True,True,False,True,discovery_grid_train,denoising,cea2ee940ce836773c2f0119,a34597cc41db4fa733c3b01d,final_prompt,final_prompt,29,self_patch,4c91699e2cde14c687375bb9,0.625,0.625,-0.625,-0.625,-0.0,0.0,False,False,False,False,False,False,False,False,False,False,False,-0.0
01b2e3a821070a2dfe5a,grid,train,0384d8764a73c20ceeb2,a34597cc41db4fa733c3b01d,cea2ee940ce836773c2f0119,1/20,C2,2,1,8,14,True,True,False,True,discovery_grid_train,denoising,cea2ee940ce836773c2f0119,a34597cc41db4fa733c3b01d,final_prompt,final_prompt,30,cross_patch,0db8fc2330f4d705d95601ef,0.625,0.625,-0.625,-0.625,-0.0,0.0,False,False,False,False,False,False,False,False,False,False,False,-0.0
01b2e3a821070a2dfe5a,grid,train,0384d8764a73c20ceeb2,a34597cc41db4fa733c3b01d,cea2ee940ce836773c2f0119,1/20,C2,2,1,8,14,True,True,False,True,discovery_grid_train,denoising,cea2ee940ce836773c2f0119,a34597cc41db4fa733c3b01d,final_prompt,final_prompt,30,self_patch,ffd19e1f1596c3329da8476f,0.625,0.625,-0.625,-0.625,-0.0,0.0,False,False,False,False,False,False,False,False,False,False,False,-0.0
01b2e3a821070a2dfe5a,grid,train,0384d8764a73c20ceeb2,a34597cc41db4fa733c3b01d,cea2ee940ce836773c2f0119,1/20,C2,2,1,8,14,True,True,False,True,discovery_grid_train,denoising,cea2ee940ce836773c2f0119,a34597cc41db4fa733c3b01d,final_prompt,final_prompt,31,cross_patch,d1962c1541748994bb1774fa,0.625,0.625,-0.625,-0.625,-0.0,0.0,False,False,False,False,False,False,False,False,False,False,False,-0.0
01b2e3a821070a2dfe5a,grid,train,0384d8764a73c20ceeb2,a34597cc41db4fa733c3b01d,cea2ee940ce836773c2f0119,1/20,C2,2,1,8,14,True,True,False,True,discovery_grid_train,denoising,cea2ee940ce836773c2f0119,a34597cc41db4fa733c3b01d,final_prompt,final_prompt,31,self_patch,bdd74a7dbe171a6a5334b9aa,0.625,0.625,-0.625,-0.625,-0.0,0.0,False,False,False,False,False,False,False,False,False,False,False,-0.0
01b2e3a821070a2dfe5a,grid,train,0384d8764a73c20ceeb2,a34597cc41db4fa733c3b01d,cea2ee940ce836773c2f0119,1/20,C2,2,1,8,14,True,True,False,True,discovery_grid_train,denoising,cea2ee940ce836773c2f0119,a34597cc41db4fa733c3b01d,answer_prefix,answer_prefix,0,cross_patch,4c4973bc0e917f1af219c3c5,0.625,0.625,-0.625,-0.625,-0.0,0.0,False,False,False,False,False,False,False,False,False,False,False,-0.0
01b2e3a821070a2dfe5a,grid,train,0384d8764a73c20ceeb2,a34597cc41db4fa733c3b01d,cea2ee940ce836773c2f0119,1/20,C2,2,1,8,14,True,True,False,True,discovery_grid_train,denoising,cea2ee940ce836773c2f0119,a34597cc41db4fa733c3b01d,answer_prefix,answer_prefix,0,self_patch,fde15f538c18b5c49edd0be4,0.625,0.625,-0.625,-0.625,-0.0,0.0,False,False,False,False,False,False,False,False,False,False,False,-0.0
01b2e3a821070a2dfe5a,grid,train,0384d8764a73c20ceeb2,a34597cc41db4fa733c3b01d,cea2ee940ce836773c2f0119,1/20,C2,2,1,8,14,True,True,False,True,discovery_grid_train,denoising,cea2ee940ce836773c2f0119,a34597cc41db4fa733c3b01d,answer_prefix,answer_prefix,1,cross_patch,c97ba513b4fe802b25e67877,0.625,0.5,-0.625,-0.5,0.125,-0.125,False,False,False,False,False,False,False,False,False,False,False,0.125
01b2e3a821070a2dfe5a,grid,train,0384d8764a73c20ceeb2,a34597cc41db4fa733c3b01d,cea2ee940ce836773c2f0119,1/20,C2,2,1,8,14,True,True,False,True,discovery_grid_train,denoising,cea2ee940ce836773c2f0119,a34597cc41db4fa733c3b01d,answer_prefix,answer_prefix,1,self_patch,87be10b40462cd457428b898,0.625,0.625,-0.625,-0.625,-0.0,0.0,False,False,False,False,False,False,False,False,False,False,False,-0.0
01b2e3a821070a2dfe5a,grid,train,0384d8764a73c20ceeb2,a34597cc41db4fa733c3b01d,cea2ee940ce836773c2f0119,1/20,C2,2,1,8,14,True,True,False,True,discovery_grid_train,denoising,cea2ee940ce836773c2f0119,a34597cc41db4fa733c3b01d,answer_prefix,answer_prefix,2,cross_patch,4bfaca29016afb8167baf1fe,0.625,0.5,-0.625,-0.5,0.125,-0.125,False,False,False,False,False,False,False,False,False,False,False,0.125
01b2e3a821070a2dfe5a,grid,train,0384d8764a73c20ceeb2,a34597cc41db4fa733c3b01d,cea2ee940ce836773c2f0119,1/20,C2,2,1,8,14,True,True,False,True,discovery_grid_train,denoising,cea2ee940ce836773c2f0119,a34597cc41db4fa733c3b01d,answer_prefix,answer_prefix,2,self_patch,c5b4023800c4bfa51d3a5e3e,0.625,0.625,-0.625,-0.625,-0.0,0.0,False,False,False,False,False,False,False,False,False,False,False,-0.0
01b2e3a821070a2dfe5a,grid,train,0384d8764a73c20ceeb2,a34597cc41db4fa733c3b01d,cea2ee940ce836773c2f0119,1/20,C2,2,1,8,14,True,True,False,True,discovery_grid_train,denoising,cea2ee940ce836773c2f0119,a34597cc41db4fa733c3b01d,answer_prefix,answer_prefix,3,cross_patch,ecbcdcfad894bbb485a6b919,0.625,0.625,-0.625,-0.625,-0.0,0.0,False,False,False,False,False,False,False,False,False,False,False,-0.0
01b2e3a821070a2dfe5a,grid,train,0384d8764a73c20ceeb2,a34597cc41db4fa733c3b01d,cea2ee940ce836773c2f0119,1/20,C2,2,1,8,14,True,True,False,True,discovery_grid_train,denoising,cea2ee940ce836773c2f0119,a34597cc41db4fa733c3b01d,answer_prefix,answer_prefix,3,self_patch,edd37fdc7b6514ca06cabc29,0.625,0.625,-0.625,-0.625,-0.0,0.0,False,False,False,False,False,False,False,False,False,False,False,-0.0
01b2e3a821070a2dfe5a,grid,train,0384d8764a73c20ceeb2,a34597cc41db4fa733c3b01d,cea2ee940ce836773c2f0119,1/20,C2,2,1,8,14,True,True,False,True,discovery_grid_train,denoising,cea2ee940ce836773c2f0119,a34597cc41db4fa733c3b01d,answer_prefix,answer_prefix,4,cross_patch,791531377d695bb99ea15731,0.625,0.625,-0.625,-0.625,-0.0,0.0,False,False,False,False,False,False,False,False,False,False,False,-0.0
01b2e3a821070a2dfe5a,grid,train,0384d8764a73c20ceeb2,a34597cc41db4fa733c3b01d,cea2ee940ce836773c2f0119,1/20,C2,2,1,8,14,True,True,False,True,discovery_grid_train,denoising,cea2ee940ce836773c2f0119,a34597cc41db4fa733c3b01d,answer_prefix,answer_prefix,4,self_patch,f2037ad289caab3373a27506,0.625,0.625,-0.625,-0.625,-0.0,0.0,False,False,False,False,False,False,False,False,False,False,False,-0.0
01b2e3a821070a2dfe5a,grid,train,0384d8764a73c20ceeb2,a34597cc41db4fa733c3b01d,cea2ee940ce836773c2f0119,1/20,C2,2,1,8,14,True,True,False,True,discovery_grid_train,denoising,cea2ee940ce836773c2f0119,a34597cc41db4fa733c3b01d,answer_prefix,answer_prefix,5,cross_patch,934d7b7411f68009723921a9,0.625,0.5,-0.625,-0.5,0.125,-0.125,False,False,False,False,False,False,False,False,False,False,False,0.125
01b2e3a821070a2dfe5a,grid,train,0384d8764a73c20ceeb2,a34597cc41db4fa733c3b01d,cea2ee940ce836773c2f0119,1/20,C2,2,1,8,14,True,True,False,True,discovery_grid_train,denoising,cea2ee940ce836773c2f0119,a34597cc41db4fa733c3b01d,answer_prefix,answer_prefix,5,self_patch,f7e68961bef511c8af51dd35,0.625,0.625,-0.625,-0.625,-0.0,0.0,False,False,False,False,False,False,False,False,False,False,False,-0.0
01b2e3a821070a2dfe5a,grid,train,0384d8764a73c20ceeb2,a34597cc41db4fa733c3b01d,cea2ee940ce836773c2f0119,1/20,C2,2,1,8,14,True,True,False,True,discovery_grid_train,denoising,cea2ee940ce836773c2f0119,a34597cc41db4fa733c3b01d,answer_prefix,answer_prefix,6,cross_patch,a9adfedda0e8cf30481932eb,0.625,0.5,-0.625,-0.5,0.125,-0.125,False,False,False,False,False,False,False,False,False,False,False,0.125
01b2e3a821070a2dfe5a,grid,train,0384d8764a73c20ceeb2,a34597cc41db4fa733c3b01d,cea2ee940ce836773c2f0119,1/20,C2,2,1,8,14,True,True,False,True,discovery_grid_train,denoising,cea2ee940ce836773c2f0119,a34597cc41db4fa733c3b01d,answer_prefix,answer_prefix,6,self_patch,7669abdda6eb57c2153ebda3,0.625,0.625,-0.625,-0.625,-0.0,0.0,False,False,False,False,False,False,False,False,False,False,False,-0.0
01b2e3a821070a2dfe5a,grid,train,0384d8764a73c20ceeb2,a34597cc41db4fa733c3b01d,cea2ee940ce836773c2f0119,1/20,C2,2,1,8,14,True,True,False,True,discovery_grid_train,denoising,cea2ee940ce836773c2f0119,a34597cc41db4fa733c3b01d,answer_prefix,answer_prefix,7,cross_patch,e46f0d7a1e5e28b176f42ff4,0.625,0.625,-0.625,-0.625,-0.0,0.0,False,False,False,False,False,False,False,False,False,False,False,-0.0
01b2e3a821070a2dfe5a,grid,train,0384d8764a73c20ceeb2,a34597cc41db4fa733c3b01d,cea2ee940ce836773c2f0119,1/20,C2,2,1,8,14,True,True,False,True,discovery_grid_train,denoising,cea2ee940ce836773c2f0119,a34597cc41db4fa733c3b01d,answer_prefix,answer_prefix,7,self_patch,a6f5a5092056a0a5f83debb7,0.625,0.625,-0.625,-0.625,-0.0,0.0,False,False,False,False,False,False,False,False,False,False,False,-0.0
01b2e3a821070a2dfe5a,grid,train,0384d8764a73c20ceeb2,a34597cc41db4fa733c3b01d,cea2ee940ce836773c2f0119,1/20,C2,2,1,8,14,True,True,False,True,discovery_grid_train,denoising,cea2ee940ce836773c2f0119,a34597cc41db4fa733c3b01d,answer_prefix,answer_prefix,8,cross_patch,50146d6b4010b0fc566782f5,0.625,0.5,-0.625,-0.5,0.125,-0.125,False,False,False,False,False,False,False,False,False,False,False,0.125
01b2e3a821070a2dfe5a,grid,train,0384d8764a73c20ceeb2,a34597cc41db4fa733c3b01d,cea2ee940ce836773c2f0119,1/20,C2,2,1,8,14,True,True,False,True,discovery_grid_train,denoising,cea2ee940ce836773c2f0119,a34597cc41db4fa733c3b01d,answer_prefix,answer_prefix,8,self_patch,734a287c72ef1401cd13ad36,0.625,0.625,-0.625,-0.625,-0.0,0.0,False,False,False,False,False,False,False,False,False,False,False,-0.0
01b2e3a821070a2dfe5a,grid,train,0384d8764a73c20ceeb2,a34597cc41db4fa733c3b01d,cea2ee940ce836773c2f0119,1/20,C2,2,1,8,14,True,True,False,True,discovery_grid_train,denoising,cea2ee940ce836773c2f0119,a34597cc41db4fa733c3b01d,answer_prefix,answer_prefix,9,cross_patch,15624566abb92ae5efc5c5af,0.625,0.5,-0.625,-0.5,0.125,-0.125,False,False,False,False,False,False,False,False,False,False,False,0.125
01b2e3a821070a2dfe5a,grid,train,0384d8764a73c20ceeb2,a34597cc41db4fa733c3b01d,cea2ee940ce836773c2f0119,1/20,C2,2,1,8,14,True,True,False,True,discovery_grid_train,denoising,cea2ee940ce836773c2f0119,a34597cc41db4fa733c3b01d,answer_prefix,answer_prefix,9,self_patch,57212b2b400a3db185883214,0.625,0.625,-0.625,-0.625,-0.0,0.0,False,False,False,False,False,False,False,False,False,False,False,-0.0
01b2e3a821070a2dfe5a,grid,train,0384d8764a73c20ceeb2,a34597cc41db4fa733c3b01d,cea2ee940ce836773c2f0119,1/20,C2,2,1,8,14,True,True,False,True,discovery_grid_train,denoising,cea2ee940ce836773c2f0119,a34597cc41db4fa733c3b01d,answer_prefix,answer_prefix,10,cross_patch,95481a2f00af58b777072908,0.625,0.5,-0.625,-0.5,0.125,-0.125,False,False,False,False,False,False,False,False,False,False,False,0.125
01b2e3a821070a2dfe5a,grid,train,0384d8764a73c20ceeb2,a34597cc41db4fa733c3b01d,cea2ee940ce836773c2f0119,1/20,C2,2,1,8,14,True,True,False,True,discovery_grid_train,denoising,cea2ee940ce836773c2f0119,a34597cc41db4fa733c3b01d,answer_prefix,answer_prefix,10,self_patch,9a6dda2afcb8d0120d056f92,0.625,0.625,-0.625,-0.625,-0.0,0.0,False,False,False,False,False,False,False,False,False,False,False,-0.0
01b2e3a821070a2dfe5a,grid,train,0384d8764a73c20ceeb2,a34597cc41db4fa733c3b01d,cea2ee940ce836773c2f0119,1/20,C2,2,1,8,14,True,True,False,True,discovery_grid_train,denoising,cea2ee940ce836773c2f0119,a34597cc41db4fa733c3b01d,answer_prefix,answer_prefix,11,cross_patch,95b89ff3f3516e4a60d40251,0.625,0.625,-0.625,-0.625,-0.0,0.0,False,False,False,False,False,False,False,False,False,False,False,-0.0
01b2e3a821070a2dfe5a,grid,train,0384d8764a73c20ceeb2,a34597cc41db4fa733c3b01d,cea2ee940ce836773c2f0119,1/20,C2,2,1,8,14,True,True,False,True,discovery_grid_train,denoising,cea2ee940ce836773c2f0119,a34597cc41db4fa733c3b01d,answer_prefix,answer_prefix,11,self_patch,ce2b8d4acfc2407644fa2325,0.625,0.625,-0.625,-0.625,-0.0,0.0,False,False,False,False,False,False,False,False,False,False,False,-0.0
01b2e3a821070a2dfe5a,grid,train,0384d8764a73c20ceeb2,a34597cc41db4fa733c3b01d,cea2ee940ce836773c2f0119,1/20,C2,2,1,8,14,True,True,False,True,discovery_grid_train,denoising,cea2ee940ce836773c2f0119,a34597cc41db4fa733c3b01d,answer_prefix,answer_prefix,12,cross_patch,e0f1f38756323601ffdf75a4,0.625,0.5,-0.625,-0.5,0.125,-0.125,False,False,False,False,False,False,False,False,False,False,False,0.125
01b2e3a821070a2dfe5a,grid,train,0384d8764a73c20ceeb2,a34597cc41db4fa733c3b01d,cea2ee940ce836773c2f0119,1/20,C2,2,1,8,14,True,True,False,True,discovery_grid_train,denoising,cea2ee940ce836773c2f0119,a34597cc41db4fa733c3b01d,answer_prefix,answer_prefix,12,self_patch,8b7bb438a495833c12236f24,0.625,0.625,-0.625,-0.625,-0.0,0.0,False,False,False,False,False,False,False,False,False,False,False,-0.0
01b2e3a821070a2dfe5a,grid,train,0384d8764a73c20ceeb2,a34597cc41db4fa733c3b01d,cea2ee940ce836773c2f0119,1/20,C2,2,1,8,14,True,True,False,True,discovery_grid_train,denoising,cea2ee940ce836773c2f0119,a34597cc41db4fa733c3b01d,answer_prefix,answer_prefix,13,cross_patch,d7f30ce66a7e06b17fa2ad5c,0.625,0.625,-0.625,-0.625,-0.0,0.0,False,False,False,False,False,False,False,False,False,False,False,-0.0
01b2e3a821070a2dfe5a,grid,train,0384d8764a73c20ceeb2,a34597cc41db4fa733c3b01d,cea2ee940ce836773c2f0119,1/20,C2,2,1,8,14,True,True,False,True,discovery_grid_train,denoising,cea2ee940ce836773c2f0119,a34597cc41db4fa733c3b01d,answer_prefix,answer_prefix,13,self_patch,905d18b42b1e797958b96268,0.625,0.625,-0.625,-0.625,-0.0,0.0,False,False,False,False,False,False,False,False,False,False,False,-0.0
01b2e3a821070a2dfe5a,grid,train,0384d8764a73c20ceeb2,a34597cc41db4fa733c3b01d,cea2ee940ce836773c2f0119,1/20,C2,2,1,8,14,True,True,False,True,discovery_grid_train,denoising,cea2ee940ce836773c2f0119,a34597cc41db4fa733c3b01d,answer_prefix,answer_prefix,14,cross_patch,b4d909a0b9400f73f22a7c95,0.625,0.5,-0.625,-0.5,0.125,-0.125,False,False,False,False,False,False,False,False,False,False,False,0.125
01b2e3a821070a2dfe5a,grid,train,0384d8764a73c20ceeb2,a34597cc41db4fa733c3b01d,cea2ee940ce836773c2f0119,1/20,C2,2,1,8,14,True,True,False,True,discovery_grid_train,denoising,cea2ee940ce836773c2f0119,a34597cc41db4fa733c3b01d,answer_prefix,answer_prefix,14,self_patch,942334c0881307e40e9df8b4,0.625,0.625,-0.625,-0.625,-0.0,0.0,False,False,False,False,False,False,False,False,False,False,False,-0.0
01b2e3a821070a2dfe5a,grid,train,0384d8764a73c20ceeb2,a34597cc41db4fa733c3b01d,cea2ee940ce836773c2f0119,1/20,C2,2,1,8,14,True,True,False,True,discovery_grid_train,denoising,cea2ee940ce836773c2f0119,a34597cc41db4fa733c3b01d,answer_prefix,answer_prefix,15,cross_patch,ef8db4d05608d68b1c7acdc1,0.625,0.625,-0.625,-0.625,-0.0,0.0,False,False,False,False,False,False,False,False,False,False,False,-0.0
01b2e3a821070a2dfe5a,grid,train,0384d8764a73c20ceeb2,a34597cc41db4fa733c3b01d,cea2ee940ce836773c2f0119,1/20,C2,2,1,8,14,True,True,False,True,discovery_grid_train,denoising,cea2ee940ce836773c2f0119,a34597cc41db4fa733c3b01d,answer_prefix,answer_prefix,15,self_patch,5b0f64ec1ea138b9abbbf062,0.625,0.625,-0.625,-0.625,-0.0,0.0,False,False,False,False,False,False,False,False,False,False,False,-0.0
01b2e3a821070a2dfe5a,grid,train,0384d8764a73c20ceeb2,a34597cc41db4fa733c3b01d,cea2ee940ce836773c2f0119,1/20,C2,2,1,8,14,True,True,False,True,discovery_grid_train,denoising,cea2ee940ce836773c2f0119,a34597cc41db4fa733c3b01d,answer_prefix,answer_prefix,16,cross_patch,27223836a0b885373c11e8b7,0.625,0.5,-0.625,-0.5,0.125,-0.125,False,False,False,False,False,False,False,False,False,False,False,0.125
01b2e3a821070a2dfe5a,grid,train,0384d8764a73c20ceeb2,a34597cc41db4fa733c3b01d,cea2ee940ce836773c2f0119,1/20,C2,2,1,8,14,True,True,False,True,discovery_grid_train,denoising,cea2ee940ce836773c2f0119,a34597cc41db4fa733c3b01d,answer_prefix,answer_prefix,16,self_patch,92bb1bc9645ddef41969bca4,0.625,0.625,-0.625,-0.625,-0.0,0.0,False,False,False,False,False,False,False,False,False,False,False,-0.0
01b2e3a821070a2dfe5a,grid,train,0384d8764a73c20ceeb2,a34597cc41db4fa733c3b01d,cea2ee940ce836773c2f0119,1/20,C2,2,1,8,14,True,True,False,True,discovery_grid_train,denoising,cea2ee940ce836773c2f0119,a34597cc41db4fa733c3b01d,answer_prefix,answer_prefix,17,cross_patch,7e72aabc57e3fa9068eefc64,0.625,0.5,-0.625,-0.5,0.125,-0.125,False,False,False,False,False,False,False,False,False,False,False,0.125
01b2e3a821070a2dfe5a,grid,train,0384d8764a73c20ceeb2,a34597cc41db4fa733c3b01d,cea2ee940ce836773c2f0119,1/20,C2,2,1,8,14,True,True,False,True,discovery_grid_train,denoising,cea2ee940ce836773c2f0119,a34597cc41db4fa733c3b01d,answer_prefix,answer_prefix,17,self_patch,20711d5d9e15f326f5efcefb,0.625,0.625,-0.625,-0.625,-0.0,0.0,False,False,False,False,False,False,False,False,False,False,False,-0.0
01b2e3a821070a2dfe5a,grid,train,0384d8764a73c20ceeb2,a34597cc41db4fa733c3b01d,cea2ee940ce836773c2f0119,1/20,C2,2,1,8,14,True,True,False,True,discovery_grid_train,denoising,cea2ee940ce836773c2f0119,a34597cc41db4fa733c3b01d,answer_prefix,answer_prefix,18,cross_patch,c04352381cb60683ebe7976e,0.625,0.5,-0.625,-0.5,0.125,-0.125,False,False,False,False,False,False,False,False,False,False,False,0.125
01b2e3a821070a2dfe5a,grid,train,0384d8764a73c20ceeb2,a34597cc41db4fa733c3b01d,cea2ee940ce836773c2f0119,1/20,C2,2,1,8,14,True,True,False,True,discovery_grid_train,denoising,cea2ee940ce836773c2f0119,a34597cc41db4fa733c3b01d,answer_prefix,answer_prefix,18,self_patch,55dbdd945b506b4ee0b8c6af,0.625,0.625,-0.625,-0.625,-0.0,0.0,False,False,False,False,False,False,False,False,False,False,False,-0.0
01b2e3a821070a2dfe5a,grid,train,0384d8764a73c20ceeb2,a34597cc41db4fa733c3b01d,cea2ee940ce836773c2f0119,1/20,C2,2,1,8,14,True,True,False,True,discovery_grid_train,denoising,cea2ee940ce836773c2f0119,a34597cc41db4fa733c3b01d,answer_prefix,answer_prefix,19,cross_patch,4ba90c808811d1cd0811b9ee,0.625,0.5,-0.625,-0.5,0.125,-0.125,False,False,False,False,False,False,False,False,False,False,False,0.125
01b2e3a821070a2dfe5a,grid,train,0384d8764a73c20ceeb2,a34597cc41db4fa733c3b01d,cea2ee940ce836773c2f0119,1/20,C2,2,1,8,14,True,True,False,True,discovery_grid_train,denoising,cea2ee940ce836773c2f0119,a34597cc41db4fa733c3b01d,answer_prefix,answer_prefix,19,self_patch,d2321a103ce5421ffee74b91,0.625,0.625,-0.625,-0.625,-0.0,0.0,False,False,False,False,False,False,False,False,False,False,False,-0.0
01b2e3a821070a2dfe5a,grid,train,0384d8764a73c20ceeb2,a34597cc41db4fa733c3b01d,cea2ee940ce836773c2f0119,1/20,C2,2,1,8,14,True,True,False,True,discovery_grid_train,denoising,cea2ee940ce836773c2f0119,a34597cc41db4fa733c3b01d,answer_prefix,answer_prefix,20,cross_patch,0b3614834096d6a3015a041f,0.625,0.625,-0.625,-0.625,-0.0,0.0,False,False,False,False,False,False,False,False,False,False,False,-0.0
01b2e3a821070a2dfe5a,grid,train,0384d8764a73c20ceeb2,a34597cc41db4fa733c3b01d,cea2ee940ce836773c2f0119,1/20,C2,2,1,8,14,True,True,False,True,discovery_grid_train,denoising,cea2ee940ce836773c2f0119,a34597cc41db4fa733c3b01d,answer_prefix,answer_prefix,20,self_patch,a175feb7a1a62c9c17a32229,0.625,0.625,-0.625,-0.625,-0.0,0.0,False,False,False,False,False,False,False,False,False,False,False,-0.0
01b2e3a821070a2dfe5a,grid,train,0384d8764a73c20ceeb2,a34597cc41db4fa733c3b01d,cea2ee940ce836773c2f0119,1/20,C2,2,1,8,14,True,True,False,True,discovery_grid_train,denoising,cea2ee940ce836773c2f0119,a34597cc41db4fa733c3b01d,answer_prefix,answer_prefix,21,cross_patch,8b89e5a8bdadc2cd99cc7b17,0.625,0.5,-0.625,-0.5,0.125,-0.125,False,False,False,False,False,False,False,False,False,False,False,0.125
01b2e3a821070a2dfe5a,grid,train,0384d8764a73c20ceeb2,a34597cc41db4fa733c3b01d,cea2ee940ce836773c2f0119,1/20,C2,2,1,8,14,True,True,False,True,discovery_grid_train,denoising,cea2ee940ce836773c2f0119,a34597cc41db4fa733c3b01d,answer_prefix,answer_prefix,21,self_patch,f2be222505b831025ae8facb,0.625,0.625,-0.625,-0.625,-0.0,0.0,False,False,False,False,False,False,False,False,False,False,False,-0.0
01b2e3a821070a2dfe5a,grid,train,0384d8764a73c20ceeb2,a34597cc41db4fa733c3b01d,cea2ee940ce836773c2f0119,1/20,C2,2,1,8,14,True,True,False,True,discovery_grid_train,denoising,cea2ee940ce836773c2f0119,a34597cc41db4fa733c3b01d,answer_prefix,answer_prefix,22,cross_patch,2695ad952f56924917a6318a,0.625,0.5,-0.625,-0.5,0.125,-0.125,False,False,False,False,False,False,False,False,False,False,False,0.125
01b2e3a821070a2dfe5a,grid,train,0384d8764a73c20ceeb2,a34597cc41db4fa733c3b01d,cea2ee940ce836773c2f0119,1/20,C2,2,1,8,14,True,True,False,True,discovery_grid_train,denoising,cea2ee940ce836773c2f0119,a34597cc41db4fa733c3b01d,answer_prefix,answer_prefix,22,self_patch,7aec508d236bd3a61eb2c5ca,0.625,0.625,-0.625,-0.625,-0.0,0.0,False,False,False,False,False,False,False,False,False,False,False,-0.0
01b2e3a821070a2dfe5a,grid,train,0384d8764a73c20ceeb2,a34597cc41db4fa733c3b01d,cea2ee940ce836773c2f0119,1/20,C2,2,1,8,14,True,True,False,True,discovery_grid_train,denoising,cea2ee940ce836773c2f0119,a34597cc41db4fa733c3b01d,answer_prefix,answer_prefix,23,cross_patch,4547e313c1296678d31b6bc5,0.625,0.5,-0.625,-0.5,0.125,-0.125,False,False,False,False,False,False,False,False,False,False,False,0.125
01b2e3a821070a2dfe5a,grid,train,0384d8764a73c20ceeb2,a34597cc41db4fa733c3b01d,cea2ee940ce836773c2f0119,1/20,C2,2,1,8,14,True,True,False,True,discovery_grid_train,denoising,cea2ee940ce836773c2f0119,a34597cc41db4fa733c3b01d,answer_prefix,answer_prefix,23,self_patch,ceea98ce718d214924a88c95,0.625,0.625,-0.625,-0.625,-0.0,0.0,False,False,False,False,False,False,False,False,False,False,False,-0.0
01b2e3a821070a2dfe5a,grid,train,0384d8764a73c20ceeb2,a34597cc41db4fa733c3b01d,cea2ee940ce836773c2f0119,1/20,C2,2,1,8,14,True,True,False,True,discovery_grid_train,denoising,cea2ee940ce836773c2f0119,a34597cc41db4fa733c3b01d,answer_prefix,answer_prefix,24,cross_patch,ef132a36e6b4a852f657126c,0.625,0.5,-0.625,-0.5,0.125,-0.125,False,False,False,False,False,False,False,False,False,False,False,0.125
01b2e3a821070a2dfe5a,grid,train,0384d8764a73c20ceeb2,a34597cc41db4fa733c3b01d,cea2ee940ce836773c2f0119,1/20,C2,2,1,8,14,True,True,False,True,discovery_grid_train,denoising,cea2ee940ce836773c2f0119,a34597cc41db4fa733c3b01d,answer_prefix,answer_prefix,24,self_patch,397ce7481ef4795ac754a4f4,0.625,0.625,-0.625,-0.625,-0.0,0.0,False,False,False,False,False,False,False,False,False,False,False,-0.0
01b2e3a821070a2dfe5a,grid,train,0384d8764a73c20ceeb2,a34597cc41db4fa733c3b01d,cea2ee940ce836773c2f0119,1/20,C2,2,1,8,14,True,True,False,True,discovery_grid_train,denoising,cea2ee940ce836773c2f0119,a34597cc41db4fa733c3b01d,answer_prefix,answer_prefix,25,cross_patch,64c70801ea1f687f4a1a8755,0.625,0.5,-0.625,-0.5,0.125,-0.125,False,False,False,False,False,False,False,False,False,False,False,0.125
01b2e3a821070a2dfe5a,grid,train,0384d8764a73c20ceeb2,a34597cc41db4fa733c3b01d,cea2ee940ce836773c2f0119,1/20,C2,2,1,8,14,True,True,False,True,discovery_grid_train,denoising,cea2ee940ce836773c2f0119,a34597cc41db4fa733c3b01d,answer_prefix,answer_prefix,25,self_patch,9208133bf1bf65a91ca6dea8,0.625,0.625,-0.625,-0.625,-0.0,0.0,False,False,False,False,False,False,False,False,False,False,False,-0.0
01b2e3a821070a2dfe5a,grid,train,0384d8764a73c20ceeb2,a34597cc41db4fa733c3b01d,cea2ee940ce836773c2f0119,1/20,C2,2,1,8,14,True,True,False,True,discovery_grid_train,denoising,cea2ee940ce836773c2f0119,a34597cc41db4fa733c3b01d,answer_prefix,answer_prefix,26,cross_patch,87a770e3538f4ddec13d7a59,0.625,0.5,-0.625,-0.5,0.125,-0.125,False,False,False,False,False,False,False,False,False,False,False,0.125
01b2e3a821070a2dfe5a,grid,train,0384d8764a73c20ceeb2,a34597cc41db4fa733c3b01d,cea2ee940ce836773c2f0119,1/20,C2,2,1,8,14,True,True,False,True,discovery_grid_train,denoising,cea2ee940ce836773c2f0119,a34597cc41db4fa733c3b01d,answer_prefix,answer_prefix,26,self_patch,339db50ce54b315a62aa012e,0.625,0.625,-0.625,-0.625,-0.0,0.0,False,False,False,False,False,False,False,False,False,False,False,-0.0
01b2e3a821070a2dfe5a,grid,train,0384d8764a73c20ceeb2,a34597cc41db4fa733c3b01d,cea2ee940ce836773c2f0119,1/20,C2,2,1,8,14,True,True,False,True,discovery_grid_train,denoising,cea2ee940ce836773c2f0119,a34597cc41db4fa733c3b01d,answer_prefix,answer_prefix,27,cross_patch,087097e8121e070e45a2aeec,0.625,0.5,-0.625,-0.5,0.125,-0.125,False,False,False,False,False,False,False,False,False,False,False,0.125
01b2e3a821070a2dfe5a,grid,train,0384d8764a73c20ceeb2,a34597cc41db4fa733c3b01d,cea2ee940ce836773c2f0119,1/20,C2,2,1,8,14,True,True,False,True,discovery_grid_train,denoising,cea2ee940ce836773c2f0119,a34597cc41db4fa733c3b01d,answer_prefix,answer_prefix,27,self_patch,bf2a883c4bbde5c25e2b707f,0.625,0.625,-0.625,-0.625,-0.0,0.0,False,False,False,False,False,False,False,False,False,False,False,-0.0
01b2e3a821070a2dfe5a,grid,train,0384d8764a73c20ceeb2,a34597cc41db4fa733c3b01d,cea2ee940ce836773c2f0119,1/20,C2,2,1,8,14,True,True,False,True,discovery_grid_train,denoising,cea2ee940ce836773c2f0119,a34597cc41db4fa733c3b01d,answer_prefix,answer_prefix,28,cross_patch,4f3da3d0bcb3bead05ae8a61,0.625,0.5,-0.625,-0.5,0.125,-0.125,False,False,False,False,False,False,False,False,False,False,False,0.125
01b2e3a821070a2dfe5a,grid,train,0384d8764a73c20ceeb2,a34597cc41db4fa733c3b01d,cea2ee940ce836773c2f0119,1/20,C2,2,1,8,14,True,True,False,True,discovery_grid_train,denoising,cea2ee940ce836773c2f0119,a34597cc41db4fa733c3b01d,answer_prefix,answer_prefix,28,self_patch,587b6ecb1f9146559cfcebc1,0.625,0.625,-0.625,-0.625,-0.0,0.0,False,False,False,False,False,False,False,False,False,False,False,-0.0
01b2e3a821070a2dfe5a,grid,train,0384d8764a73c20ceeb2,a34597cc41db4fa733c3b01d,cea2ee940ce836773c2f0119,1/20,C2,2,1,8,14,True,True,False,True,discovery_grid_train,denoising,cea2ee940ce836773c2f0119,a34597cc41db4fa733c3b01d,answer_prefix,answer_prefix,29,cross_patch,48c4dba282255873c8e73168,0.625,0.5,-0.625,-0.5,0.125,-0.125,False,False,False,False,False,False,False,False,False,False,False,0.125
01b2e3a821070a2dfe5a,grid,train,0384d8764a73c20ceeb2,a34597cc41db4fa733c3b01d,cea2ee940ce836773c2f0119,1/20,C2,2,1,8,14,True,True,False,True,discovery_grid_train,denoising,cea2ee940ce836773c2f0119,a34597cc41db4fa733c3b01d,answer_prefix,answer_prefix,29,self_patch,20dac921099aacfe6e8d5b91,0.625,0.625,-0.625,-0.625,-0.0,0.0,False,False,False,False,False,False,False,False,False,False,False,-0.0
01b2e3a821070a2dfe5a,grid,train,0384d8764a73c20ceeb2,a34597cc41db4fa733c3b01d,cea2ee940ce836773c2f0119,1/20,C2,2,1,8,14,True,True,False,True,discovery_grid_train,denoising,cea2ee940ce836773c2f0119,a34597cc41db4fa733c3b01d,answer_prefix,answer_prefix,30,cross_patch,b4da680f7380aac3fc3a9451,0.625,-0.125,-0.625,0.125,0.75,-0.75,False,True,False,True,True,False,True,False,True,False,False,0.75
01b2e3a821070a2dfe5a,grid,train,0384d8764a73c20ceeb2,a34597cc41db4fa733c3b01d,cea2ee940ce836773c2f0119,1/20,C2,2,1,8,14,True,True,False,True,discovery_grid_train,denoising,cea2ee940ce836773c2f0119,a34597cc41db4fa733c3b01d,answer_prefix,answer_prefix,30,self_patch,293b6ca8c531a12478041d1b,0.625,0.625,-0.625,-0.625,-0.0,0.0,False,False,False,False,False,False,False,False,False,False,False,-0.0
01b2e3a821070a2dfe5a,grid,train,0384d8764a73c20ceeb2,a34597cc41db4fa733c3b01d,cea2ee940ce836773c2f0119,1/20,C2,2,1,8,14,True,True,False,True,discovery_grid_train,denoising,cea2ee940ce836773c2f0119,a34597cc41db4fa733c3b01d,answer_prefix,answer_prefix,31,cross_patch,9d5ac84f87a475211852ac54,0.625,-0.125,-0.625,0.125,0.75,-0.75,False,True,False,True,True,False,True,False,True,False,False,0.75
01b2e3a821070a2dfe5a,grid,train,0384d8764a73c20ceeb2,a34597cc41db4fa733c3b01d,cea2ee940ce836773c2f0119,1/20,C2,2,1,8,14,True,True,False,True,discovery_grid_train,denoising,cea2ee940ce836773c2f0119,a34597cc41db4fa733c3b01d,answer_prefix,answer_prefix,31,self_patch,5eb67e23a20a41f4c6ffd601,0.625,0.625,-0.625,-0.625,-0.0,0.0,False,False,False,False,False,False,False,False,False,False,False,-0.0
01b2e3a821070a2dfe5a,grid,train,0384d8764a73c20ceeb2,a34597cc41db4fa733c3b01d,cea2ee940ce836773c2f0119,1/20,C2,2,1,8,14,True,True,False,True,discovery_grid_train,noising,a34597cc41db4fa733c3b01d,cea2ee940ce836773c2f0119,final_prompt,final_prompt,0,cross_patch,0274afcb40aeddb4dea1adb1,-0.125,-0.125,0.125,0.125,-0.0,0.0,True,True,True,True,False,False,False,False,False,False,False,0.0
01b2e3a821070a2dfe5a,grid,train,0384d8764a73c20ceeb2,a34597cc41db4fa733c3b01d,cea2ee940ce836773c2f0119,1/20,C2,2,1,8,14,True,True,False,True,discovery_grid_train,noising,a34597cc41db4fa733c3b01d,cea2ee940ce836773c2f0119,final_prompt,final_prompt,0,self_patch,da9300add2d97db49f0c84de,-0.125,-0.125,0.125,0.125,-0.0,0.0,True,True,True,True,False,False,False,False,False,False,False,0.0
01b2e3a821070a2dfe5a,grid,train,0384d8764a73c20ceeb2,a34597cc41db4fa733c3b01d,cea2ee940ce836773c2f0119,1/20,C2,2,1,8,14,True,True,False,True,discovery_grid_train,noising,a34597cc41db4fa733c3b01d,cea2ee940ce836773c2f0119,final_prompt,final_prompt,1,cross_patch,e0a2531133329b750148757a,-0.125,-0.125,0.125,0.125,-0.0,0.0,True,True,True,True,False,False,False,False,False,False,False,0.0
01b2e3a821070a2dfe5a,grid,train,0384d8764a73c20ceeb2,a34597cc41db4fa733c3b01d,cea2ee940ce836773c2f0119,1/20,C2,2,1,8,14,True,True,False,True,discovery_grid_train,noising,a34597cc41db4fa733c3b01d,cea2ee940ce836773c2f0119,final_prompt,final_prompt,1,self_patch,f6a7204ba3b26f1559462ba3,-0.125,-0.125,0.125,0.125,-0.0,0.0,True,True,True,True,False,False,False,False,False,False,False,0.0
01b2e3a821070a2dfe5a,grid,train,0384d8764a73c20ceeb2,a34597cc41db4fa733c3b01d,cea2ee940ce836773c2f0119,1/20,C2,2,1,8,14,True,True,False,True,discovery_grid_train,noising,a34597cc41db4fa733c3b01d,cea2ee940ce836773c2f0119,final_prompt,final_prompt,2,cross_patch,90d116f54eeae47b949b26b8,-0.125,-0.125,0.125,0.125,-0.0,0.0,True,True,True,True,False,False,False,False,False,False,False,0.0
01b2e3a821070a2dfe5a,grid,train,0384d8764a73c20ceeb2,a34597cc41db4fa733c3b01d,cea2ee940ce836773c2f0119,1/20,C2,2,1,8,14,True,True,False,True,discovery_grid_train,noising,a34597cc41db4fa733c3b01d,cea2ee940ce836773c2f0119,final_prompt,final_prompt,2,self_patch,b0e7356c9198d33f5650d9db,-0.125,-0.125,0.125,0.125,-0.0,0.0,True,True,True,True,False,False,False,False,False,False,False,0.0
01b2e3a821070a2dfe5a,grid,train,0384d8764a73c20ceeb2,a34597cc41db4fa733c3b01d,cea2ee940ce836773c2f0119,1/20,C2,2,1,8,14,True,True,False,True,discovery_grid_train,noising,a34597cc41db4fa733c3b01d,cea2ee940ce836773c2f0119,final_prompt,final_prompt,3,cross_patch,7e7f1786338b6c0823183538,-0.125,-0.125,0.125,0.125,-0.0,0.0,True,True,True,True,False,False,False,False,False,False,False,0.0
01b2e3a821070a2dfe5a,grid,train,0384d8764a73c20ceeb2,a34597cc41db4fa733c3b01d,cea2ee940ce836773c2f0119,1/20,C2,2,1,8,14,True,True,False,True,discovery_grid_train,noising,a34597cc41db4fa733c3b01d,cea2ee940ce836773c2f0119,final_prompt,final_prompt,3,self_patch,006e78d4195cae227f39c63a,-0.125,-0.125,0.125,0.125,-0.0,0.0,True,True,True,True,False,False,False,False,False,False,False,0.0
01b2e3a821070a2dfe5a,grid,train,0384d8764a73c20ceeb2,a34597cc41db4fa733c3b01d,cea2ee940ce836773c2f0119,1/20,C2,2,1,8,14,True,True,False,True,discovery_grid_train,noising,a34597cc41db4fa733c3b01d,cea2ee940ce836773c2f0119,final_prompt,final_prompt,4,cross_patch,57deebfe9008f03676dc85cd,-0.125,-0.125,0.125,0.125,-0.0,0.0,True,True,True,True,False,False,False,False,False,False,False,0.0
01b2e3a821070a2dfe5a,grid,train,0384d8764a73c20ceeb2,a34597cc41db4fa733c3b01d,cea2ee940ce836773c2f0119,1/20,C2,2,1,8,14,True,True,False,True,discovery_grid_train,noising,a34597cc41db4fa733c3b01d,cea2ee940ce836773c2f0119,final_prompt,final_prompt,4,self_patch,90789b79248233bec3f5ad7d,-0.125,-0.125,0.125,0.125,-0.0,0.0,True,True,True,True,False,False,False,False,False,False,False,0.0
01b2e3a821070a2dfe5a,grid,train,0384d8764a73c20ceeb2,a34597cc41db4fa733c3b01d,cea2ee940ce836773c2f0119,1/20,C2,2,1,8,14,True,True,False,True,discovery_grid_train,noising,a34597cc41db4fa733c3b01d,cea2ee940ce836773c2f0119,final_prompt,final_prompt,5,cross_patch,7832995ba7958517291fced0,-0.125,-0.25,0.125,0.25,0.125,-0.125,True,True,True,True,False,False,False,False,False,False,False,-0.125
01b2e3a821070a2dfe5a,grid,train,0384d8764a73c20ceeb2,a34597cc41db4fa733c3b01d,cea2ee940ce836773c2f0119,1/20,C2,2,1,8,14,True,True,False,True,discovery_grid_train,noising,a34597cc41db4fa733c3b01d,cea2ee940ce836773c2f0119,final_prompt,final_prompt,5,self_patch,4d03e0ffb4e99c7244f3be8e,-0.125,-0.125,0.125,0.125,-0.0,0.0,True,True,True,True,False,False,False,False,False,False,False,0.0
01b2e3a821070a2dfe5a,grid,train,0384d8764a73c20ceeb2,a34597cc41db4fa733c3b01d,cea2ee940ce836773c2f0119,1/20,C2,2,1,8,14,True,True,False,True,discovery_grid_train,noising,a34597cc41db4fa733c3b01d,cea2ee940ce836773c2f0119,final_prompt,final_prompt,6,cross_patch,7f3d8a22e6785c1d8328e46d,-0.125,-0.125,0.125,0.125,-0.0,0.0,True,True,True,True,False,False,False,False,False,False,False,0.0
01b2e3a821070a2dfe5a,grid,train,0384d8764a73c20ceeb2,a34597cc41db4fa733c3b01d,cea2ee940ce836773c2f0119,1/20,C2,2,1,8,14,True,True,False,True,discovery_grid_train,noising,a34597cc41db4fa733c3b01d,cea2ee940ce836773c2f0119,final_prompt,final_prompt,6,self_patch,d6c5555f26a7a860d79956f6,-0.125,-0.125,0.125,0.125,-0.0,0.0,True,True,True,True,False,False,False,False,False,False,False,0.0
01b2e3a821070a2dfe5a,grid,train,0384d8764a73c20ceeb2,a34597cc41db4fa733c3b01d,cea2ee940ce836773c2f0119,1/20,C2,2,1,8,14,True,True,False,True,discovery_grid_train,noising,a34597cc41db4fa733c3b01d,cea2ee940ce836773c2f0119,final_prompt,final_prompt,7,cross_patch,bc1060d7b7cb467fc1dfbb55,-0.125,-0.125,0.125,0.125,-0.0,0.0,True,True,True,True,False,False,False,False,False,False,False,0.0
01b2e3a821070a2dfe5a,grid,train,0384d8764a73c20ceeb2,a34597cc41db4fa733c3b01d,cea2ee940ce836773c2f0119,1/20,C2,2,1,8,14,True,True,False,True,discovery_grid_train,noising,a34597cc41db4fa733c3b01d,cea2ee940ce836773c2f0119,final_prompt,final_prompt,7,self_patch,53ecbf5014f359c36e871662,-0.125,-0.125,0.125,0.125,-0.0,0.0,True,True,True,True,False,False,False,False,False,False,False,0.0
01b2e3a821070a2dfe5a,grid,train,0384d8764a73c20ceeb2,a34597cc41db4fa733c3b01d,cea2ee940ce836773c2f0119,1/20,C2,2,1,8,14,True,True,False,True,discovery_grid_train,noising,a34597cc41db4fa733c3b01d,cea2ee940ce836773c2f0119,final_prompt,final_prompt,8,cross_patch,860ec834576f376267d78168,-0.125,-0.125,0.125,0.125,-0.0,0.0,True,True,True,True,False,False,False,False,False,False,False,0.0
01b2e3a821070a2dfe5a,grid,train,0384d8764a73c20ceeb2,a34597cc41db4fa733c3b01d,cea2ee940ce836773c2f0119,1/20,C2,2,1,8,14,True,True,False,True,discovery_grid_train,noising,a34597cc41db4fa733c3b01d,cea2ee940ce836773c2f0119,final_prompt,final_prompt,8,self_patch,da0289bf6e8206432cf55950,-0.125,-0.125,0.125,0.125,-0.0,0.0,True,True,True,True,False,False,False,False,False,False,False,0.0
01b2e3a821070a2dfe5a,grid,train,0384d8764a73c20ceeb2,a34597cc41db4fa733c3b01d,cea2ee940ce836773c2f0119,1/20,C2,2,1,8,14,True,True,False,True,discovery_grid_train,noising,a34597cc41db4fa733c3b01d,cea2ee940ce836773c2f0119,final_prompt,final_prompt,9,cross_patch,2c317880cd4000aef742fd48,-0.125,-0.125,0.125,0.125,-0.0,0.0,True,True,True,True,False,False,False,False,False,False,False,0.0
01b2e3a821070a2dfe5a,grid,train,0384d8764a73c20ceeb2,a34597cc41db4fa733c3b01d,cea2ee940ce836773c2f0119,1/20,C2,2,1,8,14,True,True,False,True,discovery_grid_train,noising,a34597cc41db4fa733c3b01d,cea2ee940ce836773c2f0119,final_prompt,final_prompt,9,self_patch,efd4815c12bac8be1b2053fd,-0.125,-0.125,0.125,0.125,-0.0,0.0,True,True,True,True,False,False,False,False,False,False,False,0.0
01b2e3a821070a2dfe5a,grid,train,0384d8764a73c20ceeb2,a34597cc41db4fa733c3b01d,cea2ee940ce836773c2f0119,1/20,C2,2,1,8,14,True,True,False,True,discovery_grid_train,noising,a34597cc41db4fa733c3b01d,cea2ee940ce836773c2f0119,final_prompt,final_prompt,10,cross_patch,94e7f3c048bff7107c2d8a52,-0.125,-0.125,0.125,0.125,-0.0,0.0,True,True,True,True,False,False,False,False,False,False,False,0.0
01b2e3a821070a2dfe5a,grid,train,0384d8764a73c20ceeb2,a34597cc41db4fa733c3b01d,cea2ee940ce836773c2f0119,1/20,C2,2,1,8,14,True,True,False,True,discovery_grid_train,noising,a34597cc41db4fa733c3b01d,cea2ee940ce836773c2f0119,final_prompt,final_prompt,10,self_patch,a3deb29795e650e66f2bd944,-0.125,-0.125,0.125,0.125,-0.0,0.0,True,True,True,True,False,False,False,False,False,False,False,0.0
01b2e3a821070a2dfe5a,grid,train,0384d8764a73c20ceeb2,a34597cc41db4fa733c3b01d,cea2ee940ce836773c2f0119,1/20,C2,2,1,8,14,True,True,False,True,discovery_grid_train,noising,a34597cc41db4fa733c3b01d,cea2ee940ce836773c2f0119,final_prompt,final_prompt,11,cross_patch,8ac995157f9858dede32c7af,-0.125,-0.25,0.125,0.25,0.125,-0.125,True,True,True,True,False,False,False,False,False,False,False,-0.125
01b2e3a821070a2dfe5a,grid,train,0384d8764a73c20ceeb2,a34597cc41db4fa733c3b01d,cea2ee940ce836773c2f0119,1/20,C2,2,1,8,14,True,True,False,True,discovery_grid_train,noising,a34597cc41db4fa733c3b01d,cea2ee940ce836773c2f0119,final_prompt,final_prompt,11,self_patch,7d8caf19d732d444e65fba78,-0.125,-0.125,0.125,0.125,-0.0,0.0,True,True,True,True,False,False,False,False,False,False,False,0.0
01b2e3a821070a2dfe5a,grid,train,0384d8764a73c20ceeb2,a34597cc41db4fa733c3b01d,cea2ee940ce836773c2f0119,1/20,C2,2,1,8,14,True,True,False,True,discovery_grid_train,noising,a34597cc41db4fa733c3b01d,cea2ee940ce836773c2f0119,final_prompt,final_prompt,12,cross_patch,ebf722c99ef2bc24bb3b8814,-0.125,-0.25,0.125,0.25,0.125,-0.125,True,True,True,True,False,False,False,False,False,False,False,-0.125
01b2e3a821070a2dfe5a,grid,train,0384d8764a73c20ceeb2,a34597cc41db4fa733c3b01d,cea2ee940ce836773c2f0119,1/20,C2,2,1,8,14,True,True,False,True,discovery_grid_train,noising,a34597cc41db4fa733c3b01d,cea2ee940ce836773c2f0119,final_prompt,final_prompt,12,self_patch,024bf68e41d5b69e53fdf528,-0.125,-0.125,0.125,0.125,-0.0,0.0,True,True,True,True,False,False,False,False,False,False,False,0.0
01b2e3a821070a2dfe5a,grid,train,0384d8764a73c20ceeb2,a34597cc41db4fa733c3b01d,cea2ee940ce836773c2f0119,1/20,C2,2,1,8,14,True,True,False,True,discovery_grid_train,noising,a34597cc41db4fa733c3b01d,cea2ee940ce836773c2f0119,final_prompt,final_prompt,13,cross_patch,bc60569c9338cf87b36580ce,-0.125,-0.125,0.125,0.125,-0.0,0.0,True,True,True,True,False,False,False,False,False,False,False,0.0
01b2e3a821070a2dfe5a,grid,train,0384d8764a73c20ceeb2,a34597cc41db4fa733c3b01d,cea2ee940ce836773c2f0119,1/20,C2,2,1,8,14,True,True,False,True,discovery_grid_train,noising,a34597cc41db4fa733c3b01d,cea2ee940ce836773c2f0119,final_prompt,final_prompt,13,self_patch,dd02ece1fb3c701b40010c8d,-0.125,-0.125,0.125,0.125,-0.0,0.0,True,True,True,True,False,False,False,False,False,False,False,0.0
01b2e3a821070a2dfe5a,grid,train,0384d8764a73c20ceeb2,a34597cc41db4fa733c3b01d,cea2ee940ce836773c2f0119,1/20,C2,2,1,8,14,True,True,False,True,discovery_grid_train,noising,a34597cc41db4fa733c3b01d,cea2ee940ce836773c2f0119,final_prompt,final_prompt,14,cross_patch,f006ecc89b1094bbbbd85bb5,-0.125,-0.125,0.125,0.125,-0.0,0.0,True,True,True,True,False,False,False,False,False,False,False,0.0
01b2e3a821070a2dfe5a,grid,train,0384d8764a73c20ceeb2,a34597cc41db4fa733c3b01d,cea2ee940ce836773c2f0119,1/20,C2,2,1,8,14,True,True,False,True,discovery_grid_train,noising,a34597cc41db4fa733c3b01d,cea2ee940ce836773c2f0119,final_prompt,final_prompt,14,self_patch,c2794a3b8c31b01d46d3e5c4,-0.125,-0.125,0.125,0.125,-0.0,0.0,True,True,True,True,False,False,False,False,False,False,False,0.0
01b2e3a821070a2dfe5a,grid,train,0384d8764a73c20ceeb2,a34597cc41db4fa733c3b01d,cea2ee940ce836773c2f0119,1/20,C2,2,1,8,14,True,True,False,True,discovery_grid_train,noising,a34597cc41db4fa733c3b01d,cea2ee940ce836773c2f0119,final_prompt,final_prompt,15,cross_patch,9677c604df25128a02a609dc,-0.125,-0.125,0.125,0.125,-0.0,0.0,True,True,True,True,False,False,False,False,False,False,False,0.0
01b2e3a821070a2dfe5a,grid,train,0384d8764a73c20ceeb2,a34597cc41db4fa733c3b01d,cea2ee940ce836773c2f0119,1/20,C2,2,1,8,14,True,True,False,True,discovery_grid_train,noising,a34597cc41db4fa733c3b01d,cea2ee940ce836773c2f0119,final_prompt,final_prompt,15,self_patch,459b352b8e13bf033bea647f,-0.125,-0.125,0.125,0.125,-0.0,0.0,True,True,True,True,False,False,False,False,False,False,False,0.0
01b2e3a821070a2dfe5a,grid,train,0384d8764a73c20ceeb2,a34597cc41db4fa733c3b01d,cea2ee940ce836773c2f0119,1/20,C2,2,1,8,14,True,True,False,True,discovery_grid_train,noising,a34597cc41db4fa733c3b01d,cea2ee940ce836773c2f0119,final_prompt,final_prompt,16,cross_patch,5879e09716598a3b85b37fba,-0.125,-0.125,0.125,0.125,-0.0,0.0,True,True,True,True,False,False,False,False,False,False,False,0.0
01b2e3a821070a2dfe5a,grid,train,0384d8764a73c20ceeb2,a34597cc41db4fa733c3b01d,cea2ee940ce836773c2f0119,1/20,C2,2,1,8,14,True,True,False,True,discovery_grid_train,noising,a34597cc41db4fa733c3b01d,cea2ee940ce836773c2f0119,final_prompt,final_prompt,16,self_patch,373fcea593e36db3b55042cb,-0.125,-0.125,0.125,0.125,-0.0,0.0,True,True,True,True,False,False,False,False,False,False,False,0.0
01b2e3a821070a2dfe5a,grid,train,0384d8764a73c20ceeb2,a34597cc41db4fa733c3b01d,cea2ee940ce836773c2f0119,1/20,C2,2,1,8,14,True,True,False,True,discovery_grid_train,noising,a34597cc41db4fa733c3b01d,cea2ee940ce836773c2f0119,final_prompt,final_prompt,17,cross_patch,730ea7e3a514248aaf85b8a1,-0.125,-0.125,0.125,0.125,-0.0,0.0,True,True,True,True,False,False,False,False,False,False,False,0.0
01b2e3a821070a2dfe5a,grid,train,0384d8764a73c20ceeb2,a34597cc41db4fa733c3b01d,cea2ee940ce836773c2f0119,1/20,C2,2,1,8,14,True,True,False,True,discovery_grid_train,noising,a34597cc41db4fa733c3b01d,cea2ee940ce836773c2f0119,final_prompt,final_prompt,17,self_patch,34a74771c24b28402d9fb19b,-0.125,-0.125,0.125,0.125,-0.0,0.0,True,True,True,True,False,False,False,False,False,False,False,0.0
01b2e3a821070a2dfe5a,grid,train,0384d8764a73c20ceeb2,a34597cc41db4fa733c3b01d,cea2ee940ce836773c2f0119,1/20,C2,2,1,8,14,True,True,False,True,discovery_grid_train,noising,a34597cc41db4fa733c3b01d,cea2ee940ce836773c2f0119,final_prompt,final_prompt,18,cross_patch,22ed5c01267149a73419ebfa,-0.125,-0.125,0.125,0.125,-0.0,0.0,True,True,True,True,False,False,False,False,False,False,False,0.0
01b2e3a821070a2dfe5a,grid,train,0384d8764a73c20ceeb2,a34597cc41db4fa733c3b01d,cea2ee940ce836773c2f0119,1/20,C2,2,1,8,14,True,True,False,True,discovery_grid_train,noising,a34597cc41db4fa733c3b01d,cea2ee940ce836773c2f0119,final_prompt,final_prompt,18,self_patch,e309e2fc4071db279ff61d1f,-0.125,-0.125,0.125,0.125,-0.0,0.0,True,True,True,True,False,False,False,False,False,False,False,0.0
01b2e3a821070a2dfe5a,grid,train,0384d8764a73c20ceeb2,a34597cc41db4fa733c3b01d,cea2ee940ce836773c2f0119,1/20,C2,2,1,8,14,True,True,False,True,discovery_grid_train,noising,a34597cc41db4fa733c3b01d,cea2ee940ce836773c2f0119,final_prompt,final_prompt,19,cross_patch,524b2c799ef2816eb7344baa,-0.125,-0.125,0.125,0.125,-0.0,0.0,True,True,True,True,False,False,False,False,False,False,False,0.0
01b2e3a821070a2dfe5a,grid,train,0384d8764a73c20ceeb2,a34597cc41db4fa733c3b01d,cea2ee940ce836773c2f0119,1/20,C2,2,1,8,14,True,True,False,True,discovery_grid_train,noising,a34597cc41db4fa733c3b01d,cea2ee940ce836773c2f0119,final_prompt,final_prompt,19,self_patch,78fcf4961bdc4709e606e3fa,-0.125,-0.125,0.125,0.125,-0.0,0.0,True,True,True,True,False,False,False,False,False,False,False,0.0
01b2e3a821070a2dfe5a,grid,train,0384d8764a73c20ceeb2,a34597cc41db4fa733c3b01d,cea2ee940ce836773c2f0119,1/20,C2,2,1,8,14,True,True,False,True,discovery_grid_train,noising,a34597cc41db4fa733c3b01d,cea2ee940ce836773c2f0119,final_prompt,final_prompt,20,cross_patch,b81bb3e8f277b1c5a8f848d6,-0.125,-0.125,0.125,0.125,-0.0,0.0,True,True,True,True,False,False,False,False,False,False,False,0.0
01b2e3a821070a2dfe5a,grid,train,0384d8764a73c20ceeb2,a34597cc41db4fa733c3b01d,cea2ee940ce836773c2f0119,1/20,C2,2,1,8,14,True,True,False,True,discovery_grid_train,noising,a34597cc41db4fa733c3b01d,cea2ee940ce836773c2f0119,final_prompt,final_prompt,20,self_patch,4f38f3914059f552b7cb8477,-0.125,-0.125,0.125,0.125,-0.0,0.0,True,True,True,True,False,False,False,False,False,False,False,0.0
01b2e3a821070a2dfe5a,grid,train,0384d8764a73c20ceeb2,a34597cc41db4fa733c3b01d,cea2ee940ce836773c2f0119,1/20,C2,2,1,8,14,True,True,False,True,discovery_grid_train,noising,a34597cc41db4fa733c3b01d,cea2ee940ce836773c2f0119,final_prompt,final_prompt,21,cross_patch,a5f2f103fd4f71040aeaa8e9,-0.125,-0.25,0.125,0.25,0.125,-0.125,True,True,True,True,False,False,False,False,False,False,False,-0.125
01b2e3a821070a2dfe5a,grid,train,0384d8764a73c20ceeb2,a34597cc41db4fa733c3b01d,cea2ee940ce836773c2f0119,1/20,C2,2,1,8,14,True,True,False,True,discovery_grid_train,noising,a34597cc41db4fa733c3b01d,cea2ee940ce836773c2f0119,final_prompt,final_prompt,21,self_patch,9bd4d6dc8f50cc98f6c1412a,-0.125,-0.125,0.125,0.125,-0.0,0.0,True,True,True,True,False,False,False,False,False,False,False,0.0
01b2e3a821070a2dfe5a,grid,train,0384d8764a73c20ceeb2,a34597cc41db4fa733c3b01d,cea2ee940ce836773c2f0119,1/20,C2,2,1,8,14,True,True,False,True,discovery_grid_train,noising,a34597cc41db4fa733c3b01d,cea2ee940ce836773c2f0119,final_prompt,final_prompt,22,cross_patch,3cc3a2cc47cd3a5ed17137fb,-0.125,-0.25,0.125,0.25,0.125,-0.125,True,True,True,True,False,False,False,False,False,False,False,-0.125
01b2e3a821070a2dfe5a,grid,train,0384d8764a73c20ceeb2,a34597cc41db4fa733c3b01d,cea2ee940ce836773c2f0119,1/20,C2,2,1,8,14,True,True,False,True,discovery_grid_train,noising,a34597cc41db4fa733c3b01d,cea2ee940ce836773c2f0119,final_prompt,final_prompt,22,self_patch,08771db7bb348e739e863f79,-0.125,-0.125,0.125,0.125,-0.0,0.0,True,True,True,True,False,False,False,False,False,False,False,0.0
01b2e3a821070a2dfe5a,grid,train,0384d8764a73c20ceeb2,a34597cc41db4fa733c3b01d,cea2ee940ce836773c2f0119,1/20,C2,2,1,8,14,True,True,False,True,discovery_grid_train,noising,a34597cc41db4fa733c3b01d,cea2ee940ce836773c2f0119,final_prompt,final_prompt,23,cross_patch,610f98f6d770274c896b6607,-0.125,-0.125,0.125,0.125,-0.0,0.0,True,True,True,True,False,False,False,False,False,False,False,0.0
01b2e3a821070a2dfe5a,grid,train,0384d8764a73c20ceeb2,a34597cc41db4fa733c3b01d,cea2ee940ce836773c2f0119,1/20,C2,2,1,8,14,True,True,False,True,discovery_grid_train,noising,a34597cc41db4fa733c3b01d,cea2ee940ce836773c2f0119,final_prompt,final_prompt,23,self_patch,7675cca5e432b5446e111076,-0.125,-0.125,0.125,0.125,-0.0,0.0,True,True,True,True,False,False,False,False,False,False,False,0.0
01b2e3a821070a2dfe5a,grid,train,0384d8764a73c20ceeb2,a34597cc41db4fa733c3b01d,cea2ee940ce836773c2f0119,1/20,C2,2,1,8,14,True,True,False,True,discovery_grid_train,noising,a34597cc41db4fa733c3b01d,cea2ee940ce836773c2f0119,final_prompt,final_prompt,24,cross_patch,f6975faf44d9438f883bf3b0,-0.125,-0.25,0.125,0.25,0.125,-0.125,True,True,True,True,False,False,False,False,False,False,False,-0.125
01b2e3a821070a2dfe5a,grid,train,0384d8764a73c20ceeb2,a34597cc41db4fa733c3b01d,cea2ee940ce836773c2f0119,1/20,C2,2,1,8,14,True,True,False,True,discovery_grid_train,noising,a34597cc41db4fa733c3b01d,cea2ee940ce836773c2f0119,final_prompt,final_prompt,24,self_patch,064888664c67851d02597e13,-0.125,-0.125,0.125,0.125,-0.0,0.0,True,True,True,True,False,False,False,False,False,False,False,0.0
01b2e3a821070a2dfe5a,grid,train,0384d8764a73c20ceeb2,a34597cc41db4fa733c3b01d,cea2ee940ce836773c2f0119,1/20,C2,2,1,8,14,True,True,False,True,discovery_grid_train,noising,a34597cc41db4fa733c3b01d,cea2ee940ce836773c2f0119,final_prompt,final_prompt,25,cross_patch,ef612bb39621c24dc4b755d0,-0.125,-0.125,0.125,0.125,-0.0,0.0,True,True,True,True,False,False,False,False,False,False,False,0.0
01b2e3a821070a2dfe5a,grid,train,0384d8764a73c20ceeb2,a34597cc41db4fa733c3b01d,cea2ee940ce836773c2f0119,1/20,C2,2,1,8,14,True,True,False,True,discovery_grid_train,noising,a34597cc41db4fa733c3b01d,cea2ee940ce836773c2f0119,final_prompt,final_prompt,25,self_patch,e7fd5cb964afe7fe6b04f670,-0.125,-0.125,0.125,0.125,-0.0,0.0,True,True,True,True,False,False,False,False,False,False,False,0.0
01b2e3a821070a2dfe5a,grid,train,0384d8764a73c20ceeb2,a34597cc41db4fa733c3b01d,cea2ee940ce836773c2f0119,1/20,C2,2,1,8,14,True,True,False,True,discovery_grid_train,noising,a34597cc41db4fa733c3b01d,cea2ee940ce836773c2f0119,final_prompt,final_prompt,26,cross_patch,c69de92fba734618428be57e,-0.125,-0.25,0.125,0.25,0.125,-0.125,True,True,True,True,False,False,False,False,False,False,False,-0.125
01b2e3a821070a2dfe5a,grid,train,0384d8764a73c20ceeb2,a34597cc41db4fa733c3b01d,cea2ee940ce836773c2f0119,1/20,C2,2,1,8,14,True,True,False,True,discovery_grid_train,noising,a34597cc41db4fa733c3b01d,cea2ee940ce836773c2f0119,final_prompt,final_prompt,26,self_patch,395d8c9dcd46075f7b0cd022,-0.125,-0.125,0.125,0.125,-0.0,0.0,True,True,True,True,False,False,False,False,False,False,False,0.0
01b2e3a821070a2dfe5a,grid,train,0384d8764a73c20ceeb2,a34597cc41db4fa733c3b01d,cea2ee940ce836773c2f0119,1/20,C2,2,1,8,14,True,True,False,True,discovery_grid_train,noising,a34597cc41db4fa733c3b01d,cea2ee940ce836773c2f0119,final_prompt,final_prompt,27,cross_patch,371cedb06612a410a800fe9d,-0.125,-0.125,0.125,0.125,-0.0,0.0,True,True,True,True,False,False,False,False,False,False,False,0.0
01b2e3a821070a2dfe5a,grid,train,0384d8764a73c20ceeb2,a34597cc41db4fa733c3b01d,cea2ee940ce836773c2f0119,1/20,C2,2,1,8,14,True,True,False,True,discovery_grid_train,noising,a34597cc41db4fa733c3b01d,cea2ee940ce836773c2f0119,final_prompt,final_prompt,27,self_patch,74efb50dec2b169b739af12b,-0.125,-0.125,0.125,0.125,-0.0,0.0,True,True,True,True,False,False,False,False,False,False,False,0.0
01b2e3a821070a2dfe5a,grid,train,0384d8764a73c20ceeb2,a34597cc41db4fa733c3b01d,cea2ee940ce836773c2f0119,1/20,C2,2,1,8,14,True,True,False,True,discovery_grid_train,noising,a34597cc41db4fa733c3b01d,cea2ee940ce836773c2f0119,final_prompt,final_prompt,28,cross_patch,717b8f7951fbfb5d7d9c2156,-0.125,-0.125,0.125,0.125,-0.0,0.0,True,True,True,True,False,False,False,False,False,False,False,0.0
01b2e3a821070a2dfe5a,grid,train,0384d8764a73c20ceeb2,a34597cc41db4fa733c3b01d,cea2ee940ce836773c2f0119,1/20,C2,2,1,8,14,True,True,False,True,discovery_grid_train,noising,a34597cc41db4fa733c3b01d,cea2ee940ce836773c2f0119,final_prompt,final_prompt,28,self_patch,1ad1b5fd2bef6e346d63e8f4,-0.125,-0.125,0.125,0.125,-0.0,0.0,True,True,True,True,False,False,False,False,False,False,False,0.0
01b2e3a821070a2dfe5a,grid,train,0384d8764a73c20ceeb2,a34597cc41db4fa733c3b01d,cea2ee940ce836773c2f0119,1/20,C2,2,1,8,14,True,True,False,True,discovery_grid_train,noising,a34597cc41db4fa733c3b01d,cea2ee940ce836773c2f0119,final_prompt,final_prompt,29,cross_patch,1e1408bce11ea1fa8fb9e362,-0.125,-0.125,0.125,0.125,-0.0,0.0,True,True,True,True,False,False,False,False,False,False,False,0.0
01b2e3a821070a2dfe5a,grid,train,0384d8764a73c20ceeb2,a34597cc41db4fa733c3b01d,cea2ee940ce836773c2f0119,1/20,C2,2,1,8,14,True,True,False,True,discovery_grid_train,noising,a34597cc41db4fa733c3b01d,cea2ee940ce836773c2f0119,final_prompt,final_prompt,29,self_patch,70b446f64dcc904f1210aff4,-0.125,-0.125,0.125,0.125,-0.0,0.0,True,True,True,True,False,False,False,False,False,False,False,0.0
01b2e3a821070a2dfe5a,grid,train,0384d8764a73c20ceeb2,a34597cc41db4fa733c3b01d,cea2ee940ce836773c2f0119,1/20,C2,2,1,8,14,True,True,False,True,discovery_grid_train,noising,a34597cc41db4fa733c3b01d,cea2ee940ce836773c2f0119,final_prompt,final_prompt,30,cross_patch,ca413e9509a54e117c7b69dc,-0.125,-0.125,0.125,0.125,-0.0,0.0,True,True,True,True,False,False,False,False,False,False,False,0.0
01b2e3a821070a2dfe5a,grid,train,0384d8764a73c20ceeb2,a34597cc41db4fa733c3b01d,cea2ee940ce836773c2f0119,1/20,C2,2,1,8,14,True,True,False,True,discovery_grid_train,noising,a34597cc41db4fa733c3b01d,cea2ee940ce836773c2f0119,final_prompt,final_prompt,30,self_patch,8497a077dd19d7a486615921,-0.125,-0.125,0.125,0.125,-0.0,0.0,True,True,True,True,False,False,False,False,False,False,False,0.0
01b2e3a821070a2dfe5a,grid,train,0384d8764a73c20ceeb2,a34597cc41db4fa733c3b01d,cea2ee940ce836773c2f0119,1/20,C2,2,1,8,14,True,True,False,True,discovery_grid_train,noising,a34597cc41db4fa733c3b01d,cea2ee940ce836773c2f0119,final_prompt,final_prompt,31,cross_patch,6f9ae745525ea98c98871bcb,-0.125,-0.125,0.125,0.125,-0.0,0.0,True,True,True,True,False,False,False,False,False,False,False,0.0
01b2e3a821070a2dfe5a,grid,train,0384d8764a73c20ceeb2,a34597cc41db4fa733c3b01d,cea2ee940ce836773c2f0119,1/20,C2,2,1,8,14,True,True,False,True,discovery_grid_train,noising,a34597cc41db4fa733c3b01d,cea2ee940ce836773c2f0119,final_prompt,final_prompt,31,self_patch,bd2df3b6ed398c4012d2ceae,-0.125,-0.125,0.125,0.125,-0.0,0.0,True,True,True,True,False,False,False,False,False,False,False,0.0
01b2e3a821070a2dfe5a,grid,train,0384d8764a73c20ceeb2,a34597cc41db4fa733c3b01d,cea2ee940ce836773c2f0119,1/20,C2,2,1,8,14,True,True,False,True,discovery_grid_train,noising,a34597cc41db4fa733c3b01d,cea2ee940ce836773c2f0119,answer_prefix,answer_prefix,0,cross_patch,6b9fc1a30e4270e17a8e6cfe,-0.125,-0.125,0.125,0.125,-0.0,0.0,True,True,True,True,False,False,False,False,False,False,False,0.0
01b2e3a821070a2dfe5a,grid,train,0384d8764a73c20ceeb2,a34597cc41db4fa733c3b01d,cea2ee940ce836773c2f0119,1/20,C2,2,1,8,14,True,True,False,True,discovery_grid_train,noising,a34597cc41db4fa733c3b01d,cea2ee940ce836773c2f0119,answer_prefix,answer_prefix,0,self_patch,0397ff970b62975bdff349a6,-0.125,-0.125,0.125,0.125,-0.0,0.0,True,True,True,True,False,False,False,False,False,False,False,0.0
01b2e3a821070a2dfe5a,grid,train,0384d8764a73c20ceeb2,a34597cc41db4fa733c3b01d,cea2ee940ce836773c2f0119,1/20,C2,2,1,8,14,True,True,False,True,discovery_grid_train,noising,a34597cc41db4fa733c3b01d,cea2ee940ce836773c2f0119,answer_prefix,answer_prefix,1,cross_patch,e16db24c53be040c8462faf1,-0.125,-0.125,0.125,0.125,-0.0,0.0,True,True,True,True,False,False,False,False,False,False,False,0.0
01b2e3a821070a2dfe5a,grid,train,0384d8764a73c20ceeb2,a34597cc41db4fa733c3b01d,cea2ee940ce836773c2f0119,1/20,C2,2,1,8,14,True,True,False,True,discovery_grid_train,noising,a34597cc41db4fa733c3b01d,cea2ee940ce836773c2f0119,answer_prefix,answer_prefix,1,self_patch,0c9a7611134bbec25ee32c09,-0.125,-0.125,0.125,0.125,-0.0,0.0,True,True,True,True,False,False,False,False,False,False,False,0.0
01b2e3a821070a2dfe5a,grid,train,0384d8764a73c20ceeb2,a34597cc41db4fa733c3b01d,cea2ee940ce836773c2f0119,1/20,C2,2,1,8,14,True,True,False,True,discovery_grid_train,noising,a34597cc41db4fa733c3b01d,cea2ee940ce836773c2f0119,answer_prefix,answer_prefix,2,cross_patch,f54984d8f8eb3d022cea5e3c,-0.125,-0.125,0.125,0.125,-0.0,0.0,True,True,True,True,False,False,False,False,False,False,False,0.0
01b2e3a821070a2dfe5a,grid,train,0384d8764a73c20ceeb2,a34597cc41db4fa733c3b01d,cea2ee940ce836773c2f0119,1/20,C2,2,1,8,14,True,True,False,True,discovery_grid_train,noising,a34597cc41db4fa733c3b01d,cea2ee940ce836773c2f0119,answer_prefix,answer_prefix,2,self_patch,364749151288ba29903a07f0,-0.125,-0.125,0.125,0.125,-0.0,0.0,True,True,True,True,False,False,False,False,False,False,False,0.0
01b2e3a821070a2dfe5a,grid,train,0384d8764a73c20ceeb2,a34597cc41db4fa733c3b01d,cea2ee940ce836773c2f0119,1/20,C2,2,1,8,14,True,True,False,True,discovery_grid_train,noising,a34597cc41db4fa733c3b01d,cea2ee940ce836773c2f0119,answer_prefix,answer_prefix,3,cross_patch,a4533b6b483696caecc830ae,-0.125,-0.125,0.125,0.125,-0.0,0.0,True,True,True,True,False,False,False,False,False,False,False,0.0
01b2e3a821070a2dfe5a,grid,train,0384d8764a73c20ceeb2,a34597cc41db4fa733c3b01d,cea2ee940ce836773c2f0119,1/20,C2,2,1,8,14,True,True,False,True,discovery_grid_train,noising,a34597cc41db4fa733c3b01d,cea2ee940ce836773c2f0119,answer_prefix,answer_prefix,3,self_patch,54b870335031c4987f899954,-0.125,-0.125,0.125,0.125,-0.0,0.0,True,True,True,True,False,False,False,False,False,False,False,0.0
01b2e3a821070a2dfe5a,grid,train,0384d8764a73c20ceeb2,a34597cc41db4fa733c3b01d,cea2ee940ce836773c2f0119,1/20,C2,2,1,8,14,True,True,False,True,discovery_grid_train,noising,a34597cc41db4fa733c3b01d,cea2ee940ce836773c2f0119,answer_prefix,answer_prefix,4,cross_patch,e3d819e587c8b6a651454707,-0.125,-0.125,0.125,0.125,-0.0,0.0,True,True,True,True,False,False,False,False,False,False,False,0.0
01b2e3a821070a2dfe5a,grid,train,0384d8764a73c20ceeb2,a34597cc41db4fa733c3b01d,cea2ee940ce836773c2f0119,1/20,C2,2,1,8,14,True,True,False,True,discovery_grid_train,noising,a34597cc41db4fa733c3b01d,cea2ee940ce836773c2f0119,answer_prefix,answer_prefix,4,self_patch,6cab4392a7ca4c110861b778,-0.125,-0.125,0.125,0.125,-0.0,0.0,True,True,True,True,False,False,False,False,False,False,False,0.0
01b2e3a821070a2dfe5a,grid,train,0384d8764a73c20ceeb2,a34597cc41db4fa733c3b01d,cea2ee940ce836773c2f0119,1/20,C2,2,1,8,14,True,True,False,True,discovery_grid_train,noising,a34597cc41db4fa733c3b01d,cea2ee940ce836773c2f0119,answer_prefix,answer_prefix,5,cross_patch,2639791457684c0c3d467762,-0.125,-0.25,0.125,0.25,0.125,-0.125,True,True,True,True,False,False,False,False,False,False,False,-0.125
01b2e3a821070a2dfe5a,grid,train,0384d8764a73c20ceeb2,a34597cc41db4fa733c3b01d,cea2ee940ce836773c2f0119,1/20,C2,2,1,8,14,True,True,False,True,discovery_grid_train,noising,a34597cc41db4fa733c3b01d,cea2ee940ce836773c2f0119,answer_prefix,answer_prefix,5,self_patch,f96a8df4b99eef25fe30eebc,-0.125,-0.125,0.125,0.125,-0.0,0.0,True,True,True,True,False,False,False,False,False,False,False,0.0
01b2e3a821070a2dfe5a,grid,train,0384d8764a73c20ceeb2,a34597cc41db4fa733c3b01d,cea2ee940ce836773c2f0119,1/20,C2,2,1,8,14,True,True,False,True,discovery_grid_train,noising,a34597cc41db4fa733c3b01d,cea2ee940ce836773c2f0119,answer_prefix,answer_prefix,6,cross_patch,0ba82c119766971dd76d1ffc,-0.125,-0.125,0.125,0.125,-0.0,0.0,True,True,True,True,False,False,False,False,False,False,False,0.0
01b2e3a821070a2dfe5a,grid,train,0384d8764a73c20ceeb2,a34597cc41db4fa733c3b01d,cea2ee940ce836773c2f0119,1/20,C2,2,1,8,14,True,True,False,True,discovery_grid_train,noising,a34597cc41db4fa733c3b01d,cea2ee940ce836773c2f0119,answer_prefix,answer_prefix,6,self_patch,00a5f515e61bf24a27c4c3ec,-0.125,-0.125,0.125,0.125,-0.0,0.0,True,True,True,True,False,False,False,False,False,False,False,0.0
01b2e3a821070a2dfe5a,grid,train,0384d8764a73c20ceeb2,a34597cc41db4fa733c3b01d,cea2ee940ce836773c2f0119,1/20,C2,2,1,8,14,True,True,False,True,discovery_grid_train,noising,a34597cc41db4fa733c3b01d,cea2ee940ce836773c2f0119,answer_prefix,answer_prefix,7,cross_patch,b216d1901600fcd69ab6864d,-0.125,-0.125,0.125,0.125,-0.0,0.0,True,True,True,True,False,False,False,False,False,False,False,0.0
01b2e3a821070a2dfe5a,grid,train,0384d8764a73c20ceeb2,a34597cc41db4fa733c3b01d,cea2ee940ce836773c2f0119,1/20,C2,2,1,8,14,True,True,False,True,discovery_grid_train,noising,a34597cc41db4fa733c3b01d,cea2ee940ce836773c2f0119,answer_prefix,answer_prefix,7,self_patch,4058bd0295736e5e2a1adbbe,-0.125,-0.125,0.125,0.125,-0.0,0.0,True,True,True,True,False,False,False,False,False,False,False,0.0
01b2e3a821070a2dfe5a,grid,train,0384d8764a73c20ceeb2,a34597cc41db4fa733c3b01d,cea2ee940ce836773c2f0119,1/20,C2,2,1,8,14,True,True,False,True,discovery_grid_train,noising,a34597cc41db4fa733c3b01d,cea2ee940ce836773c2f0119,answer_prefix,answer_prefix,8,cross_patch,ab82a712aad32a3265655c04,-0.125,-0.25,0.125,0.25,0.125,-0.125,True,True,True,True,False,False,False,False,False,False,False,-0.125
01b2e3a821070a2dfe5a,grid,train,0384d8764a73c20ceeb2,a34597cc41db4fa733c3b01d,cea2ee940ce836773c2f0119,1/20,C2,2,1,8,14,True,True,False,True,discovery_grid_train,noising,a34597cc41db4fa733c3b01d,cea2ee940ce836773c2f0119,answer_prefix,answer_prefix,8,self_patch,a448b953227d2733e25178a7,-0.125,-0.125,0.125,0.125,-0.0,0.0,True,True,True,True,False,False,False,False,False,False,False,0.0
01b2e3a821070a2dfe5a,grid,train,0384d8764a73c20ceeb2,a34597cc41db4fa733c3b01d,cea2ee940ce836773c2f0119,1/20,C2,2,1,8,14,True,True,False,True,discovery_grid_train,noising,a34597cc41db4fa733c3b01d,cea2ee940ce836773c2f0119,answer_prefix,answer_prefix,9,cross_patch,60b0b9f217d367f5cf57157c,-0.125,-0.25,0.125,0.25,0.125,-0.125,True,True,True,True,False,False,False,False,False,False,False,-0.125
01b2e3a821070a2dfe5a,grid,train,0384d8764a73c20ceeb2,a34597cc41db4fa733c3b01d,cea2ee940ce836773c2f0119,1/20,C2,2,1,8,14,True,True,False,True,discovery_grid_train,noising,a34597cc41db4fa733c3b01d,cea2ee940ce836773c2f0119,answer_prefix,answer_prefix,9,self_patch,21ea85ff5cd4923d21727060,-0.125,-0.125,0.125,0.125,-0.0,0.0,True,True,True,True,False,False,False,False,False,False,False,0.0
01b2e3a821070a2dfe5a,grid,train,0384d8764a73c20ceeb2,a34597cc41db4fa733c3b01d,cea2ee940ce836773c2f0119,1/20,C2,2,1,8,14,True,True,False,True,discovery_grid_train,noising,a34597cc41db4fa733c3b01d,cea2ee940ce836773c2f0119,answer_prefix,answer_prefix,10,cross_patch,6c7cca3902a9fe33eb16ecc3,-0.125,-0.25,0.125,0.25,0.125,-0.125,True,True,True,True,False,False,False,False,False,False,False,-0.125
01b2e3a821070a2dfe5a,grid,train,0384d8764a73c20ceeb2,a34597cc41db4fa733c3b01d,cea2ee940ce836773c2f0119,1/20,C2,2,1,8,14,True,True,False,True,discovery_grid_train,noising,a34597cc41db4fa733c3b01d,cea2ee940ce836773c2f0119,answer_prefix,answer_prefix,10,self_patch,c835ef4712e28857b3933f2a,-0.125,-0.125,0.125,0.125,-0.0,0.0,True,True,True,True,False,False,False,False,False,False,False,0.0
01b2e3a821070a2dfe5a,grid,train,0384d8764a73c20ceeb2,a34597cc41db4fa733c3b01d,cea2ee940ce836773c2f0119,1/20,C2,2,1,8,14,True,True,False,True,discovery_grid_train,noising,a34597cc41db4fa733c3b01d,cea2ee940ce836773c2f0119,answer_prefix,answer_prefix,11,cross_patch,e19f14358f124fe27de60259,-0.125,-0.125,0.125,0.125,-0.0,0.0,True,True,True,True,False,False,False,False,False,False,False,0.0
01b2e3a821070a2dfe5a,grid,train,0384d8764a73c20ceeb2,a34597cc41db4fa733c3b01d,cea2ee940ce836773c2f0119,1/20,C2,2,1,8,14,True,True,False,True,discovery_grid_train,noising,a34597cc41db4fa733c3b01d,cea2ee940ce836773c2f0119,answer_prefix,answer_prefix,11,self_patch,1da0e272a113831face252d7,-0.125,-0.125,0.125,0.125,-0.0,0.0,True,True,True,True,False,False,False,False,False,False,False,0.0
01b2e3a821070a2dfe5a,grid,train,0384d8764a73c20ceeb2,a34597cc41db4fa733c3b01d,cea2ee940ce836773c2f0119,1/20,C2,2,1,8,14,True,True,False,True,discovery_grid_train,noising,a34597cc41db4fa733c3b01d,cea2ee940ce836773c2f0119,answer_prefix,answer_prefix,12,cross_patch,dd5fe837863aa3ac5cdabe5a,-0.125,-0.125,0.125,0.125,-0.0,0.0,True,True,True,True,False,False,False,False,False,False,False,0.0
01b2e3a821070a2dfe5a,grid,train,0384d8764a73c20ceeb2,a34597cc41db4fa733c3b01d,cea2ee940ce836773c2f0119,1/20,C2,2,1,8,14,True,True,False,True,discovery_grid_train,noising,a34597cc41db4fa733c3b01d,cea2ee940ce836773c2f0119,answer_prefix,answer_prefix,12,self_patch,dd50f872cf5062247c8e8253,-0.125,-0.125,0.125,0.125,-0.0,0.0,True,True,True,True,False,False,False,False,False,False,False,0.0
01b2e3a821070a2dfe5a,grid,train,0384d8764a73c20ceeb2,a34597cc41db4fa733c3b01d,cea2ee940ce836773c2f0119,1/20,C2,2,1,8,14,True,True,False,True,discovery_grid_train,noising,a34597cc41db4fa733c3b01d,cea2ee940ce836773c2f0119,answer_prefix,answer_prefix,13,cross_patch,5698f82ca64cd99f497f89c3,-0.125,-0.125,0.125,0.125,-0.0,0.0,True,True,True,True,False,False,False,False,False,False,False,0.0
01b2e3a821070a2dfe5a,grid,train,0384d8764a73c20ceeb2,a34597cc41db4fa733c3b01d,cea2ee940ce836773c2f0119,1/20,C2,2,1,8,14,True,True,False,True,discovery_grid_train,noising,a34597cc41db4fa733c3b01d,cea2ee940ce836773c2f0119,answer_prefix,answer_prefix,13,self_patch,80b041f3c81a6281f57553cb,-0.125,-0.125,0.125,0.125,-0.0,0.0,True,True,True,True,False,False,False,False,False,False,False,0.0
01b2e3a821070a2dfe5a,grid,train,0384d8764a73c20ceeb2,a34597cc41db4fa733c3b01d,cea2ee940ce836773c2f0119,1/20,C2,2,1,8,14,True,True,False,True,discovery_grid_train,noising,a34597cc41db4fa733c3b01d,cea2ee940ce836773c2f0119,answer_prefix,answer_prefix,14,cross_patch,3d883bea1fe4c2a3ef29c627,-0.125,-0.125,0.125,0.125,-0.0,0.0,True,True,True,True,False,False,False,False,False,False,False,0.0
01b2e3a821070a2dfe5a,grid,train,0384d8764a73c20ceeb2,a34597cc41db4fa733c3b01d,cea2ee940ce836773c2f0119,1/20,C2,2,1,8,14,True,True,False,True,discovery_grid_train,noising,a34597cc41db4fa733c3b01d,cea2ee940ce836773c2f0119,answer_prefix,answer_prefix,14,self_patch,f64cbf37e7a403caf972c2e9,-0.125,-0.125,0.125,0.125,-0.0,0.0,True,True,True,True,False,False,False,False,False,False,False,0.0
01b2e3a821070a2dfe5a,grid,train,0384d8764a73c20ceeb2,a34597cc41db4fa733c3b01d,cea2ee940ce836773c2f0119,1/20,C2,2,1,8,14,True,True,False,True,discovery_grid_train,noising,a34597cc41db4fa733c3b01d,cea2ee940ce836773c2f0119,answer_prefix,answer_prefix,15,cross_patch,1e93fb510fab1773f38d629d,-0.125,-0.25,0.125,0.25,0.125,-0.125,True,True,True,True,False,False,False,False,False,False,False,-0.125
01b2e3a821070a2dfe5a,grid,train,0384d8764a73c20ceeb2,a34597cc41db4fa733c3b01d,cea2ee940ce836773c2f0119,1/20,C2,2,1,8,14,True,True,False,True,discovery_grid_train,noising,a34597cc41db4fa733c3b01d,cea2ee940ce836773c2f0119,answer_prefix,answer_prefix,15,self_patch,97e69209a87d06baee96b328,-0.125,-0.125,0.125,0.125,-0.0,0.0,True,True,True,True,False,False,False,False,False,False,False,0.0
01b2e3a821070a2dfe5a,grid,train,0384d8764a73c20ceeb2,a34597cc41db4fa733c3b01d,cea2ee940ce836773c2f0119,1/20,C2,2,1,8,14,True,True,False,True,discovery_grid_train,noising,a34597cc41db4fa733c3b01d,cea2ee940ce836773c2f0119,answer_prefix,answer_prefix,16,cross_patch,cade2270007ca059a28e0551,-0.125,-0.125,0.125,0.125,-0.0,0.0,True,True,True,True,False,False,False,False,False,False,False,0.0
01b2e3a821070a2dfe5a,grid,train,0384d8764a73c20ceeb2,a34597cc41db4fa733c3b01d,cea2ee940ce836773c2f0119,1/20,C2,2,1,8,14,True,True,False,True,discovery_grid_train,noising,a34597cc41db4fa733c3b01d,cea2ee940ce836773c2f0119,answer_prefix,answer_prefix,16,self_patch,48d8c8b3b4388058a17ce0fd,-0.125,-0.125,0.125,0.125,-0.0,0.0,True,True,True,True,False,False,False,False,False,False,False,0.0
01b2e3a821070a2dfe5a,grid,train,0384d8764a73c20ceeb2,a34597cc41db4fa733c3b01d,cea2ee940ce836773c2f0119,1/20,C2,2,1,8,14,True,True,False,True,discovery_grid_train,noising,a34597cc41db4fa733c3b01d,cea2ee940ce836773c2f0119,answer_prefix,answer_prefix,17,cross_patch,100950b4d98daa0bc0b5e956,-0.125,-0.125,0.125,0.125,-0.0,0.0,True,True,True,True,False,False,False,False,False,False,False,0.0
01b2e3a821070a2dfe5a,grid,train,0384d8764a73c20ceeb2,a34597cc41db4fa733c3b01d,cea2ee940ce836773c2f0119,1/20,C2,2,1,8,14,True,True,False,True,discovery_grid_train,noising,a34597cc41db4fa733c3b01d,cea2ee940ce836773c2f0119,answer_prefix,answer_prefix,17,self_patch,0adf5d918820cd01bc5fcdb2,-0.125,-0.125,0.125,0.125,-0.0,0.0,True,True,True,True,False,False,False,False,False,False,False,0.0
01b2e3a821070a2dfe5a,grid,train,0384d8764a73c20ceeb2,a34597cc41db4fa733c3b01d,cea2ee940ce836773c2f0119,1/20,C2,2,1,8,14,True,True,False,True,discovery_grid_train,noising,a34597cc41db4fa733c3b01d,cea2ee940ce836773c2f0119,answer_prefix,answer_prefix,18,cross_patch,2916e4be01023ed0dd0f031a,-0.125,-0.125,0.125,0.125,-0.0,0.0,True,True,True,True,False,False,False,False,False,False,False,0.0
01b2e3a821070a2dfe5a,grid,train,0384d8764a73c20ceeb2,a34597cc41db4fa733c3b01d,cea2ee940ce836773c2f0119,1/20,C2,2,1,8,14,True,True,False,True,discovery_grid_train,noising,a34597cc41db4fa733c3b01d,cea2ee940ce836773c2f0119,answer_prefix,answer_prefix,18,self_patch,65368cb7e06d28b9d13fd34f,-0.125,-0.125,0.125,0.125,-0.0,0.0,True,True,True,True,False,False,False,False,False,False,False,0.0
01b2e3a821070a2dfe5a,grid,train,0384d8764a73c20ceeb2,a34597cc41db4fa733c3b01d,cea2ee940ce836773c2f0119,1/20,C2,2,1,8,14,True,True,False,True,discovery_grid_train,noising,a34597cc41db4fa733c3b01d,cea2ee940ce836773c2f0119,answer_prefix,answer_prefix,19,cross_patch,83135745d4a323d4edc7c5bd,-0.125,-0.125,0.125,0.125,-0.0,0.0,True,True,True,True,False,False,False,False,False,False,False,0.0
01b2e3a821070a2dfe5a,grid,train,0384d8764a73c20ceeb2,a34597cc41db4fa733c3b01d,cea2ee940ce836773c2f0119,1/20,C2,2,1,8,14,True,True,False,True,discovery_grid_train,noising,a34597cc41db4fa733c3b01d,cea2ee940ce836773c2f0119,answer_prefix,answer_prefix,19,self_patch,156444e3d2d6bb1f2972c94f,-0.125,-0.125,0.125,0.125,-0.0,0.0,True,True,True,True,False,False,False,False,False,False,False,0.0
01b2e3a821070a2dfe5a,grid,train,0384d8764a73c20ceeb2,a34597cc41db4fa733c3b01d,cea2ee940ce836773c2f0119,1/20,C2,2,1,8,14,True,True,False,True,discovery_grid_train,noising,a34597cc41db4fa733c3b01d,cea2ee940ce836773c2f0119,answer_prefix,answer_prefix,20,cross_patch,68d5a0548d2b643218b7d29b,-0.125,-0.125,0.125,0.125,-0.0,0.0,True,True,True,True,False,False,False,False,False,False,False,0.0
01b2e3a821070a2dfe5a,grid,train,0384d8764a73c20ceeb2,a34597cc41db4fa733c3b01d,cea2ee940ce836773c2f0119,1/20,C2,2,1,8,14,True,True,False,True,discovery_grid_train,noising,a34597cc41db4fa733c3b01d,cea2ee940ce836773c2f0119,answer_prefix,answer_prefix,20,self_patch,8e80aa41d0b6ae0e9274e9fd,-0.125,-0.125,0.125,0.125,-0.0,0.0,True,True,True,True,False,False,False,False,False,False,False,0.0
01b2e3a821070a2dfe5a,grid,train,0384d8764a73c20ceeb2,a34597cc41db4fa733c3b01d,cea2ee940ce836773c2f0119,1/20,C2,2,1,8,14,True,True,False,True,discovery_grid_train,noising,a34597cc41db4fa733c3b01d,cea2ee940ce836773c2f0119,answer_prefix,answer_prefix,21,cross_patch,b57c6daf0f6ac857cdff9e2b,-0.125,-0.125,0.125,0.125,-0.0,0.0,True,True,True,True,False,False,False,False,False,False,False,0.0
01b2e3a821070a2dfe5a,grid,train,0384d8764a73c20ceeb2,a34597cc41db4fa733c3b01d,cea2ee940ce836773c2f0119,1/20,C2,2,1,8,14,True,True,False,True,discovery_grid_train,noising,a34597cc41db4fa733c3b01d,cea2ee940ce836773c2f0119,answer_prefix,answer_prefix,21,self_patch,acb74527187247e261e7daa2,-0.125,-0.125,0.125,0.125,-0.0,0.0,True,True,True,True,False,False,False,False,False,False,False,0.0
01b2e3a821070a2dfe5a,grid,train,0384d8764a73c20ceeb2,a34597cc41db4fa733c3b01d,cea2ee940ce836773c2f0119,1/20,C2,2,1,8,14,True,True,False,True,discovery_grid_train,noising,a34597cc41db4fa733c3b01d,cea2ee940ce836773c2f0119,answer_prefix,answer_prefix,22,cross_patch,15ab641fa590a966e551c55e,-0.125,-0.125,0.125,0.125,-0.0,0.0,True,True,True,True,False,False,False,False,False,False,False,0.0
01b2e3a821070a2dfe5a,grid,train,0384d8764a73c20ceeb2,a34597cc41db4fa733c3b01d,cea2ee940ce836773c2f0119,1/20,C2,2,1,8,14,True,True,False,True,discovery_grid_train,noising,a34597cc41db4fa733c3b01d,cea2ee940ce836773c2f0119,answer_prefix,answer_prefix,22,self_patch,ba8adb9eab0e251f80ccb9b6,-0.125,-0.125,0.125,0.125,-0.0,0.0,True,True,True,True,False,False,False,False,False,False,False,0.0
01b2e3a821070a2dfe5a,grid,train,0384d8764a73c20ceeb2,a34597cc41db4fa733c3b01d,cea2ee940ce836773c2f0119,1/20,C2,2,1,8,14,True,True,False,True,discovery_grid_train,noising,a34597cc41db4fa733c3b01d,cea2ee940ce836773c2f0119,answer_prefix,answer_prefix,23,cross_patch,2ca8bd01e32e99b71b4c0834,-0.125,-0.125,0.125,0.125,-0.0,0.0,True,True,True,True,False,False,False,False,False,False,False,0.0
01b2e3a821070a2dfe5a,grid,train,0384d8764a73c20ceeb2,a34597cc41db4fa733c3b01d,cea2ee940ce836773c2f0119,1/20,C2,2,1,8,14,True,True,False,True,discovery_grid_train,noising,a34597cc41db4fa733c3b01d,cea2ee940ce836773c2f0119,answer_prefix,answer_prefix,23,self_patch,367fc6929ab1779c19a6754e,-0.125,-0.125,0.125,0.125,-0.0,0.0,True,True,True,True,False,False,False,False,False,False,False,0.0
01b2e3a821070a2dfe5a,grid,train,0384d8764a73c20ceeb2,a34597cc41db4fa733c3b01d,cea2ee940ce836773c2f0119,1/20,C2,2,1,8,14,True,True,False,True,discovery_grid_train,noising,a34597cc41db4fa733c3b01d,cea2ee940ce836773c2f0119,answer_prefix,answer_prefix,24,cross_patch,e5523d7568129793d868d142,-0.125,0.0,0.125,-0.0,-0.125,0.125,True,False,True,False,False,True,False,True,True,False,False,0.125
01b2e3a821070a2dfe5a,grid,train,0384d8764a73c20ceeb2,a34597cc41db4fa733c3b01d,cea2ee940ce836773c2f0119,1/20,C2,2,1,8,14,True,True,False,True,discovery_grid_train,noising,a34597cc41db4fa733c3b01d,cea2ee940ce836773c2f0119,answer_prefix,answer_prefix,24,self_patch,9672f2b9e524ad8aa1f16482,-0.125,-0.125,0.125,0.125,-0.0,0.0,True,True,True,True,False,False,False,False,False,False,False,0.0
01b2e3a821070a2dfe5a,grid,train,0384d8764a73c20ceeb2,a34597cc41db4fa733c3b01d,cea2ee940ce836773c2f0119,1/20,C2,2,1,8,14,True,True,False,True,discovery_grid_train,noising,a34597cc41db4fa733c3b01d,cea2ee940ce836773c2f0119,answer_prefix,answer_prefix,25,cross_patch,ee7e52889408c6b9ce8f9618,-0.125,-0.125,0.125,0.125,-0.0,0.0,True,True,True,True,False,False,False,False,False,False,False,0.0
01b2e3a821070a2dfe5a,grid,train,0384d8764a73c20ceeb2,a34597cc41db4fa733c3b01d,cea2ee940ce836773c2f0119,1/20,C2,2,1,8,14,True,True,False,True,discovery_grid_train,noising,a34597cc41db4fa733c3b01d,cea2ee940ce836773c2f0119,answer_prefix,answer_prefix,25,self_patch,e1c143021ca697c0111758b2,-0.125,-0.125,0.125,0.125,-0.0,0.0,True,True,True,True,False,False,False,False,False,False,False,0.0
01b2e3a821070a2dfe5a,grid,train,0384d8764a73c20ceeb2,a34597cc41db4fa733c3b01d,cea2ee940ce836773c2f0119,1/20,C2,2,1,8,14,True,True,False,True,discovery_grid_train,noising,a34597cc41db4fa733c3b01d,cea2ee940ce836773c2f0119,answer_prefix,answer_prefix,26,cross_patch,c685a122b837e99d5355d0ee,-0.125,0.0,0.125,-0.0,-0.125,0.125,True,False,True,False,False,True,False,True,True,False,False,0.125
01b2e3a821070a2dfe5a,grid,train,0384d8764a73c20ceeb2,a34597cc41db4fa733c3b01d,cea2ee940ce836773c2f0119,1/20,C2,2,1,8,14,True,True,False,True,discovery_grid_train,noising,a34597cc41db4fa733c3b01d,cea2ee940ce836773c2f0119,answer_prefix,answer_prefix,26,self_patch,fc1601e216d2e104abd7fbf8,-0.125,-0.125,0.125,0.125,-0.0,0.0,True,True,True,True,False,False,False,False,False,False,False,0.0
01b2e3a821070a2dfe5a,grid,train,0384d8764a73c20ceeb2,a34597cc41db4fa733c3b01d,cea2ee940ce836773c2f0119,1/20,C2,2,1,8,14,True,True,False,True,discovery_grid_train,noising,a34597cc41db4fa733c3b01d,cea2ee940ce836773c2f0119,answer_prefix,answer_prefix,27,cross_patch,96ca895d46ed78483ac6b654,-0.125,-0.125,0.125,0.125,-0.0,0.0,True,True,True,True,False,False,False,False,False,False,False,0.0
01b2e3a821070a2dfe5a,grid,train,0384d8764a73c20ceeb2,a34597cc41db4fa733c3b01d,cea2ee940ce836773c2f0119,1/20,C2,2,1,8,14,True,True,False,True,discovery_grid_train,noising,a34597cc41db4fa733c3b01d,cea2ee940ce836773c2f0119,answer_prefix,answer_prefix,27,self_patch,a07b23dbf2a958570c13b76e,-0.125,-0.125,0.125,0.125,-0.0,0.0,True,True,True,True,False,False,False,False,False,False,False,0.0
01b2e3a821070a2dfe5a,grid,train,0384d8764a73c20ceeb2,a34597cc41db4fa733c3b01d,cea2ee940ce836773c2f0119,1/20,C2,2,1,8,14,True,True,False,True,discovery_grid_train,noising,a34597cc41db4fa733c3b01d,cea2ee940ce836773c2f0119,answer_prefix,answer_prefix,28,cross_patch,a0100c3d16b936e02459fad9,-0.125,-0.125,0.125,0.125,-0.0,0.0,True,True,True,True,False,False,False,False,False,False,False,0.0
01b2e3a821070a2dfe5a,grid,train,0384d8764a73c20ceeb2,a34597cc41db4fa733c3b01d,cea2ee940ce836773c2f0119,1/20,C2,2,1,8,14,True,True,False,True,discovery_grid_train,noising,a34597cc41db4fa733c3b01d,cea2ee940ce836773c2f0119,answer_prefix,answer_prefix,28,self_patch,e4837d0c6184ecdc6fd02375,-0.125,-0.125,0.125,0.125,-0.0,0.0,True,True,True,True,False,False,False,False,False,False,False,0.0
01b2e3a821070a2dfe5a,grid,train,0384d8764a73c20ceeb2,a34597cc41db4fa733c3b01d,cea2ee940ce836773c2f0119,1/20,C2,2,1,8,14,True,True,False,True,discovery_grid_train,noising,a34597cc41db4fa733c3b01d,cea2ee940ce836773c2f0119,answer_prefix,answer_prefix,29,cross_patch,46c392440ab708a24d1bb3d5,-0.125,0.0,0.125,-0.0,-0.125,0.125,True,False,True,False,False,True,False,True,True,False,False,0.125
01b2e3a821070a2dfe5a,grid,train,0384d8764a73c20ceeb2,a34597cc41db4fa733c3b01d,cea2ee940ce836773c2f0119,1/20,C2,2,1,8,14,True,True,False,True,discovery_grid_train,noising,a34597cc41db4fa733c3b01d,cea2ee940ce836773c2f0119,answer_prefix,answer_prefix,29,self_patch,5c1b57b30eee454cd69f1071,-0.125,-0.125,0.125,0.125,-0.0,0.0,True,True,True,True,False,False,False,False,False,False,False,0.0
01b2e3a821070a2dfe5a,grid,train,0384d8764a73c20ceeb2,a34597cc41db4fa733c3b01d,cea2ee940ce836773c2f0119,1/20,C2,2,1,8,14,True,True,False,True,discovery_grid_train,noising,a34597cc41db4fa733c3b01d,cea2ee940ce836773c2f0119,answer_prefix,answer_prefix,30,cross_patch,9c448d19dfb9c36a09abb89d,-0.125,0.375,0.125,-0.375,-0.5,0.5,True,False,True,False,False,True,False,True,True,False,False,0.5
01b2e3a821070a2dfe5a,grid,train,0384d8764a73c20ceeb2,a34597cc41db4fa733c3b01d,cea2ee940ce836773c2f0119,1/20,C2,2,1,8,14,True,True,False,True,discovery_grid_train,noising,a34597cc41db4fa733c3b01d,cea2ee940ce836773c2f0119,answer_prefix,answer_prefix,30,self_patch,39ca60fdf33d95f8ebd3e05d,-0.125,-0.125,0.125,0.125,-0.0,0.0,True,True,True,True,False,False,False,False,False,False,False,0.0
01b2e3a821070a2dfe5a,grid,train,0384d8764a73c20ceeb2,a34597cc41db4fa733c3b01d,cea2ee940ce836773c2f0119,1/20,C2,2,1,8,14,True,True,False,True,discovery_grid_train,noising,a34597cc41db4fa733c3b01d,cea2ee940ce836773c2f0119,answer_prefix,answer_prefix,31,cross_patch,7517e809440c0bf1c1da3e4a,-0.125,0.625,0.125,-0.625,-0.75,0.75,True,False,True,False,False,True,False,True,True,False,False,0.75
01b2e3a821070a2dfe5a,grid,train,0384d8764a73c20ceeb2,a34597cc41db4fa733c3b01d,cea2ee940ce836773c2f0119,1/20,C2,2,1,8,14,True,True,False,True,discovery_grid_train,noising,a34597cc41db4fa733c3b01d,cea2ee940ce836773c2f0119,answer_prefix,answer_prefix,31,self_patch,25d52cbcea12188ce4c5be6a,-0.125,-0.125,0.125,0.125,-0.0,0.0,True,True,True,True,False,False,False,False,False,False,False,0.0
0b0a26a83411f7aa3c1d,grid,train,b127831bbd96a390fe1e,55ee6d882997b3a05fb2c583,36a02bffb580d2239edf5459,1/4,C1,1,2,50,51,True,True,False,False,discovery_grid_train,denoising,36a02bffb580d2239edf5459,55ee6d882997b3a05fb2c583,final_prompt,final_prompt,0,cross_patch,b984f5bd99cf6c72511d3af9,-0.75,-0.75,-0.75,-0.75,0.0,0.0,False,False,False,False,False,False,False,False,False,False,False,0.0
0b0a26a83411f7aa3c1d,grid,train,b127831bbd96a390fe1e,55ee6d882997b3a05fb2c583,36a02bffb580d2239edf5459,1/4,C1,1,2,50,51,True,True,False,False,discovery_grid_train,denoising,36a02bffb580d2239edf5459,55ee6d882997b3a05fb2c583,final_prompt,final_prompt,0,self_patch,355ed0cdac475db35fd1a33a,-0.75,-0.75,-0.75,-0.75,0.0,0.0,False,False,False,False,False,False,False,False,False,False,False,0.0
0b0a26a83411f7aa3c1d,grid,train,b127831bbd96a390fe1e,55ee6d882997b3a05fb2c583,36a02bffb580d2239edf5459,1/4,C1,1,2,50,51,True,True,False,False,discovery_grid_train,denoising,36a02bffb580d2239edf5459,55ee6d882997b3a05fb2c583,final_prompt,final_prompt,1,cross_patch,7359381262988b61d49a5e80,-0.75,-0.625,-0.75,-0.625,0.125,0.125,False,False,False,False,False,False,False,False,False,False,False,0.125
0b0a26a83411f7aa3c1d,grid,train,b127831bbd96a390fe1e,55ee6d882997b3a05fb2c583,36a02bffb580d2239edf5459,1/4,C1,1,2,50,51,True,True,False,False,discovery_grid_train,denoising,36a02bffb580d2239edf5459,55ee6d882997b3a05fb2c583,final_prompt,final_prompt,1,self_patch,974113e2b439bff92395aa23,-0.75,-0.75,-0.75,-0.75,0.0,0.0,False,False,False,False,False,False,False,False,False,False,False,0.0
0b0a26a83411f7aa3c1d,grid,train,b127831bbd96a390fe1e,55ee6d882997b3a05fb2c583,36a02bffb580d2239edf5459,1/4,C1,1,2,50,51,True,True,False,False,discovery_grid_train,denoising,36a02bffb580d2239edf5459,55ee6d882997b3a05fb2c583,final_prompt,final_prompt,2,cross_patch,6670ad203ec8e0bca2e5d94b,-0.75,-0.75,-0.75,-0.75,0.0,0.0,False,False,False,False,False,False,False,False,False,False,False,0.0
0b0a26a83411f7aa3c1d,grid,train,b127831bbd96a390fe1e,55ee6d882997b3a05fb2c583,36a02bffb580d2239edf5459,1/4,C1,1,2,50,51,True,True,False,False,discovery_grid_train,denoising,36a02bffb580d2239edf5459,55ee6d882997b3a05fb2c583,final_prompt,final_prompt,2,self_patch,db31ffeba777f4de8d620879,-0.75,-0.75,-0.75,-0.75,0.0,0.0,False,False,False,False,False,False,False,False,False,False,False,0.0
0b0a26a83411f7aa3c1d,grid,train,b127831bbd96a390fe1e,55ee6d882997b3a05fb2c583,36a02bffb580d2239edf5459,1/4,C1,1,2,50,51,True,True,False,False,discovery_grid_train,denoising,36a02bffb580d2239edf5459,55ee6d882997b3a05fb2c583,final_prompt,final_prompt,3,cross_patch,415bb27df04f4cc93e04492a,-0.75,-0.625,-0.75,-0.625,0.125,0.125,False,False,False,False,False,False,False,False,False,False,False,0.125
0b0a26a83411f7aa3c1d,grid,train,b127831bbd96a390fe1e,55ee6d882997b3a05fb2c583,36a02bffb580d2239edf5459,1/4,C1,1,2,50,51,True,True,False,False,discovery_grid_train,denoising,36a02bffb580d2239edf5459,55ee6d882997b3a05fb2c583,final_prompt,final_prompt,3,self_patch,f2b3b91069ea27a9dc2345e9,-0.75,-0.75,-0.75,-0.75,0.0,0.0,False,False,False,False,False,False,False,False,False,False,False,0.0
0b0a26a83411f7aa3c1d,grid,train,b127831bbd96a390fe1e,55ee6d882997b3a05fb2c583,36a02bffb580d2239edf5459,1/4,C1,1,2,50,51,True,True,False,False,discovery_grid_train,denoising,36a02bffb580d2239edf5459,55ee6d882997b3a05fb2c583,final_prompt,final_prompt,4,cross_patch,802369259ba386c95bff6a05,-0.75,-0.75,-0.75,-0.75,0.0,0.0,False,False,False,False,False,False,False,False,False,False,False,0.0
0b0a26a83411f7aa3c1d,grid,train,b127831bbd96a390fe1e,55ee6d882997b3a05fb2c583,36a02bffb580d2239edf5459,1/4,C1,1,2,50,51,True,True,False,False,discovery_grid_train,denoising,36a02bffb580d2239edf5459,55ee6d882997b3a05fb2c583,final_prompt,final_prompt,4,self_patch,abdc4a4f4904b3e2e27d133d,-0.75,-0.75,-0.75,-0.75,0.0,0.0,False,False,False,False,False,False,False,False,False,False,False,0.0
0b0a26a83411f7aa3c1d,grid,train,b127831bbd96a390fe1e,55ee6d882997b3a05fb2c583,36a02bffb580d2239edf5459,1/4,C1,1,2,50,51,True,True,False,False,discovery_grid_train,denoising,36a02bffb580d2239edf5459,55ee6d882997b3a05fb2c583,final_prompt,final_prompt,5,cross_patch,235b8d7402072048bae46928,-0.75,-0.75,-0.75,-0.75,0.0,0.0,False,False,False,False,False,False,False,False,False,False,False,0.0
0b0a26a83411f7aa3c1d,grid,train,b127831bbd96a390fe1e,55ee6d882997b3a05fb2c583,36a02bffb580d2239edf5459,1/4,C1,1,2,50,51,True,True,False,False,discovery_grid_train,denoising,36a02bffb580d2239edf5459,55ee6d882997b3a05fb2c583,final_prompt,final_prompt,5,self_patch,c108f160bb119c0991001eb9,-0.75,-0.75,-0.75,-0.75,0.0,0.0,False,False,False,False,False,False,False,False,False,False,False,0.0
0b0a26a83411f7aa3c1d,grid,train,b127831bbd96a390fe1e,55ee6d882997b3a05fb2c583,36a02bffb580d2239edf5459,1/4,C1,1,2,50,51,True,True,False,False,discovery_grid_train,denoising,36a02bffb580d2239edf5459,55ee6d882997b3a05fb2c583,final_prompt,final_prompt,6,cross_patch,0b34f016958732a28cb9396d,-0.75,-0.75,-0.75,-0.75,0.0,0.0,False,False,False,False,False,False,False,False,False,False,False,0.0
0b0a26a83411f7aa3c1d,grid,train,b127831bbd96a390fe1e,55ee6d882997b3a05fb2c583,36a02bffb580d2239edf5459,1/4,C1,1,2,50,51,True,True,False,False,discovery_grid_train,denoising,36a02bffb580d2239edf5459,55ee6d882997b3a05fb2c583,final_prompt,final_prompt,6,self_patch,c8e6ba785cf54569a48eb31b,-0.75,-0.75,-0.75,-0.75,0.0,0.0,False,False,False,False,False,False,False,False,False,False,False,0.0
0b0a26a83411f7aa3c1d,grid,train,b127831bbd96a390fe1e,55ee6d882997b3a05fb2c583,36a02bffb580d2239edf5459,1/4,C1,1,2,50,51,True,True,False,False,discovery_grid_train,denoising,36a02bffb580d2239edf5459,55ee6d882997b3a05fb2c583,final_prompt,final_prompt,7,cross_patch,99ca49ebfde4a54fb6b13f35,-0.75,-0.75,-0.75,-0.75,0.0,0.0,False,False,False,False,False,False,False,False,False,False,False,0.0
0b0a26a83411f7aa3c1d,grid,train,b127831bbd96a390fe1e,55ee6d882997b3a05fb2c583,36a02bffb580d2239edf5459,1/4,C1,1,2,50,51,True,True,False,False,discovery_grid_train,denoising,36a02bffb580d2239edf5459,55ee6d882997b3a05fb2c583,final_prompt,final_prompt,7,self_patch,80217875ba9bc978ec835dd0,-0.75,-0.75,-0.75,-0.75,0.0,0.0,False,False,False,False,False,False,False,False,False,False,False,0.0
0b0a26a83411f7aa3c1d,grid,train,b127831bbd96a390fe1e,55ee6d882997b3a05fb2c583,36a02bffb580d2239edf5459,1/4,C1,1,2,50,51,True,True,False,False,discovery_grid_train,denoising,36a02bffb580d2239edf5459,55ee6d882997b3a05fb2c583,final_prompt,final_prompt,8,cross_patch,71355e73c2a7d2304cef2ec4,-0.75,-0.75,-0.75,-0.75,0.0,0.0,False,False,False,False,False,False,False,False,False,False,False,0.0
0b0a26a83411f7aa3c1d,grid,train,b127831bbd96a390fe1e,55ee6d882997b3a05fb2c583,36a02bffb580d2239edf5459,1/4,C1,1,2,50,51,True,True,False,False,discovery_grid_train,denoising,36a02bffb580d2239edf5459,55ee6d882997b3a05fb2c583,final_prompt,final_prompt,8,self_patch,1817e1d636b7591814122b7e,-0.75,-0.75,-0.75,-0.75,0.0,0.0,False,False,False,False,False,False,False,False,False,False,False,0.0
0b0a26a83411f7aa3c1d,grid,train,b127831bbd96a390fe1e,55ee6d882997b3a05fb2c583,36a02bffb580d2239edf5459,1/4,C1,1,2,50,51,True,True,False,False,discovery_grid_train,denoising,36a02bffb580d2239edf5459,55ee6d882997b3a05fb2c583,final_prompt,final_prompt,9,cross_patch,dd5529660303781b34d794c6,-0.75,-0.625,-0.75,-0.625,0.125,0.125,False,False,False,False,False,False,False,False,False,False,False,0.125
0b0a26a83411f7aa3c1d,grid,train,b127831bbd96a390fe1e,55ee6d882997b3a05fb2c583,36a02bffb580d2239edf5459,1/4,C1,1,2,50,51,True,True,False,False,discovery_grid_train,denoising,36a02bffb580d2239edf5459,55ee6d882997b3a05fb2c583,final_prompt,final_prompt,9,self_patch,79b3300aaedf4cfe3a032cbf,-0.75,-0.75,-0.75,-0.75,0.0,0.0,False,False,False,False,False,False,False,False,False,False,False,0.0
0b0a26a83411f7aa3c1d,grid,train,b127831bbd96a390fe1e,55ee6d882997b3a05fb2c583,36a02bffb580d2239edf5459,1/4,C1,1,2,50,51,True,True,False,False,discovery_grid_train,denoising,36a02bffb580d2239edf5459,55ee6d882997b3a05fb2c583,final_prompt,final_prompt,10,cross_patch,40e5a17fa4308b2b2f3dd86d,-0.75,-0.75,-0.75,-0.75,0.0,0.0,False,False,False,False,False,False,False,False,False,False,False,0.0
0b0a26a83411f7aa3c1d,grid,train,b127831bbd96a390fe1e,55ee6d882997b3a05fb2c583,36a02bffb580d2239edf5459,1/4,C1,1,2,50,51,True,True,False,False,discovery_grid_train,denoising,36a02bffb580d2239edf5459,55ee6d882997b3a05fb2c583,final_prompt,final_prompt,10,self_patch,241d0c7b98016c6131eec80e,-0.75,-0.75,-0.75,-0.75,0.0,0.0,False,False,False,False,False,False,False,False,False,False,False,0.0
0b0a26a83411f7aa3c1d,grid,train,b127831bbd96a390fe1e,55ee6d882997b3a05fb2c583,36a02bffb580d2239edf5459,1/4,C1,1,2,50,51,True,True,False,False,discovery_grid_train,denoising,36a02bffb580d2239edf5459,55ee6d882997b3a05fb2c583,final_prompt,final_prompt,11,cross_patch,57780436cdf04d6ab0d63402,-0.75,-0.75,-0.75,-0.75,0.0,0.0,False,False,False,False,False,False,False,False,False,False,False,0.0
0b0a26a83411f7aa3c1d,grid,train,b127831bbd96a390fe1e,55ee6d882997b3a05fb2c583,36a02bffb580d2239edf5459,1/4,C1,1,2,50,51,True,True,False,False,discovery_grid_train,denoising,36a02bffb580d2239edf5459,55ee6d882997b3a05fb2c583,final_prompt,final_prompt,11,self_patch,7ffe707c369745f4ae0fc2de,-0.75,-0.75,-0.75,-0.75,0.0,0.0,False,False,False,False,False,False,False,False,False,False,False,0.0
0b0a26a83411f7aa3c1d,grid,train,b127831bbd96a390fe1e,55ee6d882997b3a05fb2c583,36a02bffb580d2239edf5459,1/4,C1,1,2,50,51,True,True,False,False,discovery_grid_train,denoising,36a02bffb580d2239edf5459,55ee6d882997b3a05fb2c583,final_prompt,final_prompt,12,cross_patch,de8cdcae66b528e6fddf0819,-0.75,-0.75,-0.75,-0.75,0.0,0.0,False,False,False,False,False,False,False,False,False,False,False,0.0
0b0a26a83411f7aa3c1d,grid,train,b127831bbd96a390fe1e,55ee6d882997b3a05fb2c583,36a02bffb580d2239edf5459,1/4,C1,1,2,50,51,True,True,False,False,discovery_grid_train,denoising,36a02bffb580d2239edf5459,55ee6d882997b3a05fb2c583,final_prompt,final_prompt,12,self_patch,7c7a6482c3794e3fc5be762d,-0.75,-0.75,-0.75,-0.75,0.0,0.0,False,False,False,False,False,False,False,False,False,False,False,0.0
0b0a26a83411f7aa3c1d,grid,train,b127831bbd96a390fe1e,55ee6d882997b3a05fb2c583,36a02bffb580d2239edf5459,1/4,C1,1,2,50,51,True,True,False,False,discovery_grid_train,denoising,36a02bffb580d2239edf5459,55ee6d882997b3a05fb2c583,final_prompt,final_prompt,13,cross_patch,5390d65610b43fc9ec12be4d,-0.75,-0.75,-0.75,-0.75,0.0,0.0,False,False,False,False,False,False,False,False,False,False,False,0.0
0b0a26a83411f7aa3c1d,grid,train,b127831bbd96a390fe1e,55ee6d882997b3a05fb2c583,36a02bffb580d2239edf5459,1/4,C1,1,2,50,51,True,True,False,False,discovery_grid_train,denoising,36a02bffb580d2239edf5459,55ee6d882997b3a05fb2c583,final_prompt,final_prompt,13,self_patch,844d944841d1bd151bcf707e,-0.75,-0.75,-0.75,-0.75,0.0,0.0,False,False,False,False,False,False,False,False,False,False,False,0.0
0b0a26a83411f7aa3c1d,grid,train,b127831bbd96a390fe1e,55ee6d882997b3a05fb2c583,36a02bffb580d2239edf5459,1/4,C1,1,2,50,51,True,True,False,False,discovery_grid_train,denoising,36a02bffb580d2239edf5459,55ee6d882997b3a05fb2c583,final_prompt,final_prompt,14,cross_patch,1286e63edb6d5b92c1901d38,-0.75,-0.75,-0.75,-0.75,0.0,0.0,False,False,False,False,False,False,False,False,False,False,False,0.0
0b0a26a83411f7aa3c1d,grid,train,b127831bbd96a390fe1e,55ee6d882997b3a05fb2c583,36a02bffb580d2239edf5459,1/4,C1,1,2,50,51,True,True,False,False,discovery_grid_train,denoising,36a02bffb580d2239edf5459,55ee6d882997b3a05fb2c583,final_prompt,final_prompt,14,self_patch,f1fc8a7d0647031e7daf182a,-0.75,-0.75,-0.75,-0.75,0.0,0.0,False,False,False,False,False,False,False,False,False,False,False,0.0
0b0a26a83411f7aa3c1d,grid,train,b127831bbd96a390fe1e,55ee6d882997b3a05fb2c583,36a02bffb580d2239edf5459,1/4,C1,1,2,50,51,True,True,False,False,discovery_grid_train,denoising,36a02bffb580d2239edf5459,55ee6d882997b3a05fb2c583,final_prompt,final_prompt,15,cross_patch,46aa24b8ceb34f6d7c3eb00e,-0.75,-0.75,-0.75,-0.75,0.0,0.0,False,False,False,False,False,False,False,False,False,False,False,0.0
0b0a26a83411f7aa3c1d,grid,train,b127831bbd96a390fe1e,55ee6d882997b3a05fb2c583,36a02bffb580d2239edf5459,1/4,C1,1,2,50,51,True,True,False,False,discovery_grid_train,denoising,36a02bffb580d2239edf5459,55ee6d882997b3a05fb2c583,final_prompt,final_prompt,15,self_patch,6418166938ef42f784630dcb,-0.75,-0.75,-0.75,-0.75,0.0,0.0,False,False,False,False,False,False,False,False,False,False,False,0.0
0b0a26a83411f7aa3c1d,grid,train,b127831bbd96a390fe1e,55ee6d882997b3a05fb2c583,36a02bffb580d2239edf5459,1/4,C1,1,2,50,51,True,True,False,False,discovery_grid_train,denoising,36a02bffb580d2239edf5459,55ee6d882997b3a05fb2c583,final_prompt,final_prompt,16,cross_patch,9262389f0db2f077fb21ae6a,-0.75,-0.75,-0.75,-0.75,0.0,0.0,False,False,False,False,False,False,False,False,False,False,False,0.0
0b0a26a83411f7aa3c1d,grid,train,b127831bbd96a390fe1e,55ee6d882997b3a05fb2c583,36a02bffb580d2239edf5459,1/4,C1,1,2,50,51,True,True,False,False,discovery_grid_train,denoising,36a02bffb580d2239edf5459,55ee6d882997b3a05fb2c583,final_prompt,final_prompt,16,self_patch,f6bf50ed85b7fc88bfbd2552,-0.75,-0.75,-0.75,-0.75,0.0,0.0,False,False,False,False,False,False,False,False,False,False,False,0.0
0b0a26a83411f7aa3c1d,grid,train,b127831bbd96a390fe1e,55ee6d882997b3a05fb2c583,36a02bffb580d2239edf5459,1/4,C1,1,2,50,51,True,True,False,False,discovery_grid_train,denoising,36a02bffb580d2239edf5459,55ee6d882997b3a05fb2c583,final_prompt,final_prompt,17,cross_patch,8d5b250832e5dcc9d2dd9933,-0.75,-0.625,-0.75,-0.625,0.125,0.125,False,False,False,False,False,False,False,False,False,False,False,0.125
0b0a26a83411f7aa3c1d,grid,train,b127831bbd96a390fe1e,55ee6d882997b3a05fb2c583,36a02bffb580d2239edf5459,1/4,C1,1,2,50,51,True,True,False,False,discovery_grid_train,denoising,36a02bffb580d2239edf5459,55ee6d882997b3a05fb2c583,final_prompt,final_prompt,17,self_patch,e1bc10b9688566cf7e433e9e,-0.75,-0.75,-0.75,-0.75,0.0,0.0,False,False,False,False,False,False,False,False,False,False,False,0.0
0b0a26a83411f7aa3c1d,grid,train,b127831bbd96a390fe1e,55ee6d882997b3a05fb2c583,36a02bffb580d2239edf5459,1/4,C1,1,2,50,51,True,True,False,False,discovery_grid_train,denoising,36a02bffb580d2239edf5459,55ee6d882997b3a05fb2c583,final_prompt,final_prompt,18,cross_patch,e9811a9b2d1766ab8e8cb2c4,-0.75,-0.625,-0.75,-0.625,0.125,0.125,False,False,False,False,False,False,False,False,False,False,False,0.125
0b0a26a83411f7aa3c1d,grid,train,b127831bbd96a390fe1e,55ee6d882997b3a05fb2c583,36a02bffb580d2239edf5459,1/4,C1,1,2,50,51,True,True,False,False,discovery_grid_train,denoising,36a02bffb580d2239edf5459,55ee6d882997b3a05fb2c583,final_prompt,final_prompt,18,self_patch,b5f42f26fbbac2f49e6221c2,-0.75,-0.75,-0.75,-0.75,0.0,0.0,False,False,False,False,False,False,False,False,False,False,False,0.0
0b0a26a83411f7aa3c1d,grid,train,b127831bbd96a390fe1e,55ee6d882997b3a05fb2c583,36a02bffb580d2239edf5459,1/4,C1,1,2,50,51,True,True,False,False,discovery_grid_train,denoising,36a02bffb580d2239edf5459,55ee6d882997b3a05fb2c583,final_prompt,final_prompt,19,cross_patch,a2320b08c782df736018c117,-0.75,-0.75,-0.75,-0.75,0.0,0.0,False,False,False,False,False,False,False,False,False,False,False,0.0
0b0a26a83411f7aa3c1d,grid,train,b127831bbd96a390fe1e,55ee6d882997b3a05fb2c583,36a02bffb580d2239edf5459,1/4,C1,1,2,50,51,True,True,False,False,discovery_grid_train,denoising,36a02bffb580d2239edf5459,55ee6d882997b3a05fb2c583,final_prompt,final_prompt,19,self_patch,de44cb2d2af545968269afde,-0.75,-0.75,-0.75,-0.75,0.0,0.0,False,False,False,False,False,False,False,False,False,False,False,0.0
0b0a26a83411f7aa3c1d,grid,train,b127831bbd96a390fe1e,55ee6d882997b3a05fb2c583,36a02bffb580d2239edf5459,1/4,C1,1,2,50,51,True,True,False,False,discovery_grid_train,denoising,36a02bffb580d2239edf5459,55ee6d882997b3a05fb2c583,final_prompt,final_prompt,20,cross_patch,ce680be2ceaeff9432dc0aa2,-0.75,-0.75,-0.75,-0.75,0.0,0.0,False,False,False,False,False,False,False,False,False,False,False,0.0
0b0a26a83411f7aa3c1d,grid,train,b127831bbd96a390fe1e,55ee6d882997b3a05fb2c583,36a02bffb580d2239edf5459,1/4,C1,1,2,50,51,True,True,False,False,discovery_grid_train,denoising,36a02bffb580d2239edf5459,55ee6d882997b3a05fb2c583,final_prompt,final_prompt,20,self_patch,dd6baee5fd077ce023468d8d,-0.75,-0.75,-0.75,-0.75,0.0,0.0,False,False,False,False,False,False,False,False,False,False,False,0.0
0b0a26a83411f7aa3c1d,grid,train,b127831bbd96a390fe1e,55ee6d882997b3a05fb2c583,36a02bffb580d2239edf5459,1/4,C1,1,2,50,51,True,True,False,False,discovery_grid_train,denoising,36a02bffb580d2239edf5459,55ee6d882997b3a05fb2c583,final_prompt,final_prompt,21,cross_patch,2c9bd2b669980b8207a58731,-0.75,-0.625,-0.75,-0.625,0.125,0.125,False,False,False,False,False,False,False,False,False,False,False,0.125
0b0a26a83411f7aa3c1d,grid,train,b127831bbd96a390fe1e,55ee6d882997b3a05fb2c583,36a02bffb580d2239edf5459,1/4,C1,1,2,50,51,True,True,False,False,discovery_grid_train,denoising,36a02bffb580d2239edf5459,55ee6d882997b3a05fb2c583,final_prompt,final_prompt,21,self_patch,e5bbb9157d118691c57c6ec6,-0.75,-0.75,-0.75,-0.75,0.0,0.0,False,False,False,False,False,False,False,False,False,False,False,0.0
0b0a26a83411f7aa3c1d,grid,train,b127831bbd96a390fe1e,55ee6d882997b3a05fb2c583,36a02bffb580d2239edf5459,1/4,C1,1,2,50,51,True,True,False,False,discovery_grid_train,denoising,36a02bffb580d2239edf5459,55ee6d882997b3a05fb2c583,final_prompt,final_prompt,22,cross_patch,3b22318c2bf8e6ea8dbd03b0,-0.75,-0.75,-0.75,-0.75,0.0,0.0,False,False,False,False,False,False,False,False,False,False,False,0.0
0b0a26a83411f7aa3c1d,grid,train,b127831bbd96a390fe1e,55ee6d882997b3a05fb2c583,36a02bffb580d2239edf5459,1/4,C1,1,2,50,51,True,True,False,False,discovery_grid_train,denoising,36a02bffb580d2239edf5459,55ee6d882997b3a05fb2c583,final_prompt,final_prompt,22,self_patch,562854725a037d69a6771ba4,-0.75,-0.75,-0.75,-0.75,0.0,0.0,False,False,False,False,False,False,False,False,False,False,False,0.0
0b0a26a83411f7aa3c1d,grid,train,b127831bbd96a390fe1e,55ee6d882997b3a05fb2c583,36a02bffb580d2239edf5459,1/4,C1,1,2,50,51,True,True,False,False,discovery_grid_train,denoising,36a02bffb580d2239edf5459,55ee6d882997b3a05fb2c583,final_prompt,final_prompt,23,cross_patch,5a54a10fe22812c4d3386f15,-0.75,-0.75,-0.75,-0.75,0.0,0.0,False,False,False,False,False,False,False,False,False,False,False,0.0
0b0a26a83411f7aa3c1d,grid,train,b127831bbd96a390fe1e,55ee6d882997b3a05fb2c583,36a02bffb580d2239edf5459,1/4,C1,1,2,50,51,True,True,False,False,discovery_grid_train,denoising,36a02bffb580d2239edf5459,55ee6d882997b3a05fb2c583,final_prompt,final_prompt,23,self_patch,e7d90d4dd2459928791c846d,-0.75,-0.75,-0.75,-0.75,0.0,0.0,False,False,False,False,False,False,False,False,False,False,False,0.0
0b0a26a83411f7aa3c1d,grid,train,b127831bbd96a390fe1e,55ee6d882997b3a05fb2c583,36a02bffb580d2239edf5459,1/4,C1,1,2,50,51,True,True,False,False,discovery_grid_train,denoising,36a02bffb580d2239edf5459,55ee6d882997b3a05fb2c583,final_prompt,final_prompt,24,cross_patch,472f50863245ad71c612e3e6,-0.75,-0.75,-0.75,-0.75,0.0,0.0,False,False,False,False,False,False,False,False,False,False,False,0.0
0b0a26a83411f7aa3c1d,grid,train,b127831bbd96a390fe1e,55ee6d882997b3a05fb2c583,36a02bffb580d2239edf5459,1/4,C1,1,2,50,51,True,True,False,False,discovery_grid_train,denoising,36a02bffb580d2239edf5459,55ee6d882997b3a05fb2c583,final_prompt,final_prompt,24,self_patch,69f082bd6bcb61fd6e60e50e,-0.75,-0.75,-0.75,-0.75,0.0,0.0,False,False,False,False,False,False,False,False,False,False,False,0.0
0b0a26a83411f7aa3c1d,grid,train,b127831bbd96a390fe1e,55ee6d882997b3a05fb2c583,36a02bffb580d2239edf5459,1/4,C1,1,2,50,51,True,True,False,False,discovery_grid_train,denoising,36a02bffb580d2239edf5459,55ee6d882997b3a05fb2c583,final_prompt,final_prompt,25,cross_patch,e1b872c8f9c4f2df385117e1,-0.75,-0.75,-0.75,-0.75,0.0,0.0,False,False,False,False,False,False,False,False,False,False,False,0.0
0b0a26a83411f7aa3c1d,grid,train,b127831bbd96a390fe1e,55ee6d882997b3a05fb2c583,36a02bffb580d2239edf5459,1/4,C1,1,2,50,51,True,True,False,False,discovery_grid_train,denoising,36a02bffb580d2239edf5459,55ee6d882997b3a05fb2c583,final_prompt,final_prompt,25,self_patch,4000172785f2290ea0cd1d95,-0.75,-0.75,-0.75,-0.75,0.0,0.0,False,False,False,False,False,False,False,False,False,False,False,0.0
0b0a26a83411f7aa3c1d,grid,train,b127831bbd96a390fe1e,55ee6d882997b3a05fb2c583,36a02bffb580d2239edf5459,1/4,C1,1,2,50,51,True,True,False,False,discovery_grid_train,denoising,36a02bffb580d2239edf5459,55ee6d882997b3a05fb2c583,final_prompt,final_prompt,26,cross_patch,db47fb117d3b5a0a6e5f3a96,-0.75,-0.75,-0.75,-0.75,0.0,0.0,False,False,False,False,False,False,False,False,False,False,False,0.0
0b0a26a83411f7aa3c1d,grid,train,b127831bbd96a390fe1e,55ee6d882997b3a05fb2c583,36a02bffb580d2239edf5459,1/4,C1,1,2,50,51,True,True,False,False,discovery_grid_train,denoising,36a02bffb580d2239edf5459,55ee6d882997b3a05fb2c583,final_prompt,final_prompt,26,self_patch,4498f4144b5d15d945a4b8ae,-0.75,-0.75,-0.75,-0.75,0.0,0.0,False,False,False,False,False,False,False,False,False,False,False,0.0
0b0a26a83411f7aa3c1d,grid,train,b127831bbd96a390fe1e,55ee6d882997b3a05fb2c583,36a02bffb580d2239edf5459,1/4,C1,1,2,50,51,True,True,False,False,discovery_grid_train,denoising,36a02bffb580d2239edf5459,55ee6d882997b3a05fb2c583,final_prompt,final_prompt,27,cross_patch,a1afd9eddf65fba8d71c9c1d,-0.75,-0.75,-0.75,-0.75,0.0,0.0,False,False,False,False,False,False,False,False,False,False,False,0.0
0b0a26a83411f7aa3c1d,grid,train,b127831bbd96a390fe1e,55ee6d882997b3a05fb2c583,36a02bffb580d2239edf5459,1/4,C1,1,2,50,51,True,True,False,False,discovery_grid_train,denoising,36a02bffb580d2239edf5459,55ee6d882997b3a05fb2c583,final_prompt,final_prompt,27,self_patch,07430d02cb85244b1d42caa8,-0.75,-0.75,-0.75,-0.75,0.0,0.0,False,False,False,False,False,False,False,False,False,False,False,0.0
0b0a26a83411f7aa3c1d,grid,train,b127831bbd96a390fe1e,55ee6d882997b3a05fb2c583,36a02bffb580d2239edf5459,1/4,C1,1,2,50,51,True,True,False,False,discovery_grid_train,denoising,36a02bffb580d2239edf5459,55ee6d882997b3a05fb2c583,final_prompt,final_prompt,28,cross_patch,0fe78af0296c50f3b72ab947,-0.75,-0.75,-0.75,-0.75,0.0,0.0,False,False,False,False,False,False,False,False,False,False,False,0.0
0b0a26a83411f7aa3c1d,grid,train,b127831bbd96a390fe1e,55ee6d882997b3a05fb2c583,36a02bffb580d2239edf5459,1/4,C1,1,2,50,51,True,True,False,False,discovery_grid_train,denoising,36a02bffb580d2239edf5459,55ee6d882997b3a05fb2c583,final_prompt,final_prompt,28,self_patch,3ea8e4f064d8cf971b18d188,-0.75,-0.75,-0.75,-0.75,0.0,0.0,False,False,False,False,False,False,False,False,False,False,False,0.0
0b0a26a83411f7aa3c1d,grid,train,b127831bbd96a390fe1e,55ee6d882997b3a05fb2c583,36a02bffb580d2239edf5459,1/4,C1,1,2,50,51,True,True,False,False,discovery_grid_train,denoising,36a02bffb580d2239edf5459,55ee6d882997b3a05fb2c583,final_prompt,final_prompt,29,cross_patch,30ec8c1388336bdbd5d447da,-0.75,-0.75,-0.75,-0.75,0.0,0.0,False,False,False,False,False,False,False,False,False,False,False,0.0
0b0a26a83411f7aa3c1d,grid,train,b127831bbd96a390fe1e,55ee6d882997b3a05fb2c583,36a02bffb580d2239edf5459,1/4,C1,1,2,50,51,True,True,False,False,discovery_grid_train,denoising,36a02bffb580d2239edf5459,55ee6d882997b3a05fb2c583,final_prompt,final_prompt,29,self_patch,a3e9c6113c676f118acdc87e,-0.75,-0.75,-0.75,-0.75,0.0,0.0,False,False,False,False,False,False,False,False,False,False,False,0.0
0b0a26a83411f7aa3c1d,grid,train,b127831bbd96a390fe1e,55ee6d882997b3a05fb2c583,36a02bffb580d2239edf5459,1/4,C1,1,2,50,51,True,True,False,False,discovery_grid_train,denoising,36a02bffb580d2239edf5459,55ee6d882997b3a05fb2c583,final_prompt,final_prompt,30,cross_patch,84a203a4ce8d156ee951ac77,-0.75,-0.75,-0.75,-0.75,0.0,0.0,False,False,False,False,False,False,False,False,False,False,False,0.0
0b0a26a83411f7aa3c1d,grid,train,b127831bbd96a390fe1e,55ee6d882997b3a05fb2c583,36a02bffb580d2239edf5459,1/4,C1,1,2,50,51,True,True,False,False,discovery_grid_train,denoising,36a02bffb580d2239edf5459,55ee6d882997b3a05fb2c583,final_prompt,final_prompt,30,self_patch,084b9d35cd3248174aa84ea3,-0.75,-0.75,-0.75,-0.75,0.0,0.0,False,False,False,False,False,False,False,False,False,False,False,0.0
0b0a26a83411f7aa3c1d,grid,train,b127831bbd96a390fe1e,55ee6d882997b3a05fb2c583,36a02bffb580d2239edf5459,1/4,C1,1,2,50,51,True,True,False,False,discovery_grid_train,denoising,36a02bffb580d2239edf5459,55ee6d882997b3a05fb2c583,final_prompt,final_prompt,31,cross_patch,02259b50177b9b89ef1cd54d,-0.75,-0.75,-0.75,-0.75,0.0,0.0,False,False,False,False,False,False,False,False,False,False,False,0.0
0b0a26a83411f7aa3c1d,grid,train,b127831bbd96a390fe1e,55ee6d882997b3a05fb2c583,36a02bffb580d2239edf5459,1/4,C1,1,2,50,51,True,True,False,False,discovery_grid_train,denoising,36a02bffb580d2239edf5459,55ee6d882997b3a05fb2c583,final_prompt,final_prompt,31,self_patch,595183a2cbb974a7bd1e4e35,-0.75,-0.75,-0.75,-0.75,0.0,0.0,False,False,False,False,False,False,False,False,False,False,False,0.0
0b0a26a83411f7aa3c1d,grid,train,b127831bbd96a390fe1e,55ee6d882997b3a05fb2c583,36a02bffb580d2239edf5459,1/4,C1,1,2,50,51,True,True,False,False,discovery_grid_train,denoising,36a02bffb580d2239edf5459,55ee6d882997b3a05fb2c583,answer_prefix,answer_prefix,0,cross_patch,5c48687346e7861e926e34b1,-0.75,-0.625,-0.75,-0.625,0.125,0.125,False,False,False,False,False,False,False,False,False,False,False,0.125
0b0a26a83411f7aa3c1d,grid,train,b127831bbd96a390fe1e,55ee6d882997b3a05fb2c583,36a02bffb580d2239edf5459,1/4,C1,1,2,50,51,True,True,False,False,discovery_grid_train,denoising,36a02bffb580d2239edf5459,55ee6d882997b3a05fb2c583,answer_prefix,answer_prefix,0,self_patch,f5e3e5d394cc57f3d9c311f0,-0.75,-0.75,-0.75,-0.75,0.0,0.0,False,False,False,False,False,False,False,False,False,False,False,0.0
0b0a26a83411f7aa3c1d,grid,train,b127831bbd96a390fe1e,55ee6d882997b3a05fb2c583,36a02bffb580d2239edf5459,1/4,C1,1,2,50,51,True,True,False,False,discovery_grid_train,denoising,36a02bffb580d2239edf5459,55ee6d882997b3a05fb2c583,answer_prefix,answer_prefix,1,cross_patch,88b0a878e1b46b9ab657fd99,-0.75,-0.75,-0.75,-0.75,0.0,0.0,False,False,False,False,False,False,False,False,False,False,False,0.0
0b0a26a83411f7aa3c1d,grid,train,b127831bbd96a390fe1e,55ee6d882997b3a05fb2c583,36a02bffb580d2239edf5459,1/4,C1,1,2,50,51,True,True,False,False,discovery_grid_train,denoising,36a02bffb580d2239edf5459,55ee6d882997b3a05fb2c583,answer_prefix,answer_prefix,1,self_patch,f8661ab4c75604a345dee6cd,-0.75,-0.75,-0.75,-0.75,0.0,0.0,False,False,False,False,False,False,False,False,False,False,False,0.0
0b0a26a83411f7aa3c1d,grid,train,b127831bbd96a390fe1e,55ee6d882997b3a05fb2c583,36a02bffb580d2239edf5459,1/4,C1,1,2,50,51,True,True,False,False,discovery_grid_train,denoising,36a02bffb580d2239edf5459,55ee6d882997b3a05fb2c583,answer_prefix,answer_prefix,2,cross_patch,a5a48e1e1d453005c635bbef,-0.75,-0.625,-0.75,-0.625,0.125,0.125,False,False,False,False,False,False,False,False,False,False,False,0.125
0b0a26a83411f7aa3c1d,grid,train,b127831bbd96a390fe1e,55ee6d882997b3a05fb2c583,36a02bffb580d2239edf5459,1/4,C1,1,2,50,51,True,True,False,False,discovery_grid_train,denoising,36a02bffb580d2239edf5459,55ee6d882997b3a05fb2c583,answer_prefix,answer_prefix,2,self_patch,52b6682d226d0e6445df8443,-0.75,-0.75,-0.75,-0.75,0.0,0.0,False,False,False,False,False,False,False,False,False,False,False,0.0
0b0a26a83411f7aa3c1d,grid,train,b127831bbd96a390fe1e,55ee6d882997b3a05fb2c583,36a02bffb580d2239edf5459,1/4,C1,1,2,50,51,True,True,False,False,discovery_grid_train,denoising,36a02bffb580d2239edf5459,55ee6d882997b3a05fb2c583,answer_prefix,answer_prefix,3,cross_patch,670e207aeb9b8cdfd4fce08d,-0.75,-0.75,-0.75,-0.75,0.0,0.0,False,False,False,False,False,False,False,False,False,False,False,0.0
0b0a26a83411f7aa3c1d,grid,train,b127831bbd96a390fe1e,55ee6d882997b3a05fb2c583,36a02bffb580d2239edf5459,1/4,C1,1,2,50,51,True,True,False,False,discovery_grid_train,denoising,36a02bffb580d2239edf5459,55ee6d882997b3a05fb2c583,answer_prefix,answer_prefix,3,self_patch,2a2c180cee8ee931678a89ca,-0.75,-0.75,-0.75,-0.75,0.0,0.0,False,False,False,False,False,False,False,False,False,False,False,0.0
0b0a26a83411f7aa3c1d,grid,train,b127831bbd96a390fe1e,55ee6d882997b3a05fb2c583,36a02bffb580d2239edf5459,1/4,C1,1,2,50,51,True,True,False,False,discovery_grid_train,denoising,36a02bffb580d2239edf5459,55ee6d882997b3a05fb2c583,answer_prefix,answer_prefix,4,cross_patch,925de1857dd9de14d48c52f3,-0.75,-0.75,-0.75,-0.75,0.0,0.0,False,False,False,False,False,False,False,False,False,False,False,0.0
0b0a26a83411f7aa3c1d,grid,train,b127831bbd96a390fe1e,55ee6d882997b3a05fb2c583,36a02bffb580d2239edf5459,1/4,C1,1,2,50,51,True,True,False,False,discovery_grid_train,denoising,36a02bffb580d2239edf5459,55ee6d882997b3a05fb2c583,answer_prefix,answer_prefix,4,self_patch,39879fcfcd620ce0b1ed7d7b,-0.75,-0.75,-0.75,-0.75,0.0,0.0,False,False,False,False,False,False,False,False,False,False,False,0.0
0b0a26a83411f7aa3c1d,grid,train,b127831bbd96a390fe1e,55ee6d882997b3a05fb2c583,36a02bffb580d2239edf5459,1/4,C1,1,2,50,51,True,True,False,False,discovery_grid_train,denoising,36a02bffb580d2239edf5459,55ee6d882997b3a05fb2c583,answer_prefix,answer_prefix,5,cross_patch,842532e90afab57091562f7a,-0.75,-0.625,-0.75,-0.625,0.125,0.125,False,False,False,False,False,False,False,False,False,False,False,0.125
0b0a26a83411f7aa3c1d,grid,train,b127831bbd96a390fe1e,55ee6d882997b3a05fb2c583,36a02bffb580d2239edf5459,1/4,C1,1,2,50,51,True,True,False,False,discovery_grid_train,denoising,36a02bffb580d2239edf5459,55ee6d882997b3a05fb2c583,answer_prefix,answer_prefix,5,self_patch,a42dce45655a8a4e032ac2a4,-0.75,-0.75,-0.75,-0.75,0.0,0.0,False,False,False,False,False,False,False,False,False,False,False,0.0
0b0a26a83411f7aa3c1d,grid,train,b127831bbd96a390fe1e,55ee6d882997b3a05fb2c583,36a02bffb580d2239edf5459,1/4,C1,1,2,50,51,True,True,False,False,discovery_grid_train,denoising,36a02bffb580d2239edf5459,55ee6d882997b3a05fb2c583,answer_prefix,answer_prefix,6,cross_patch,073f73ca4af5331da93c4738,-0.75,-0.625,-0.75,-0.625,0.125,0.125,False,False,False,False,False,False,False,False,False,False,False,0.125
0b0a26a83411f7aa3c1d,grid,train,b127831bbd96a390fe1e,55ee6d882997b3a05fb2c583,36a02bffb580d2239edf5459,1/4,C1,1,2,50,51,True,True,False,False,discovery_grid_train,denoising,36a02bffb580d2239edf5459,55ee6d882997b3a05fb2c583,answer_prefix,answer_prefix,6,self_patch,b9f2cba1ab8687275dc17d08,-0.75,-0.75,-0.75,-0.75,0.0,0.0,False,False,False,False,False,False,False,False,False,False,False,0.0
0b0a26a83411f7aa3c1d,grid,train,b127831bbd96a390fe1e,55ee6d882997b3a05fb2c583,36a02bffb580d2239edf5459,1/4,C1,1,2,50,51,True,True,False,False,discovery_grid_train,denoising,36a02bffb580d2239edf5459,55ee6d882997b3a05fb2c583,answer_prefix,answer_prefix,7,cross_patch,7c20428b0c0952a464c6dae5,-0.75,-0.75,-0.75,-0.75,0.0,0.0,False,False,False,False,False,False,False,False,False,False,False,0.0
0b0a26a83411f7aa3c1d,grid,train,b127831bbd96a390fe1e,55ee6d882997b3a05fb2c583,36a02bffb580d2239edf5459,1/4,C1,1,2,50,51,True,True,False,False,discovery_grid_train,denoising,36a02bffb580d2239edf5459,55ee6d882997b3a05fb2c583,answer_prefix,answer_prefix,7,self_patch,2dbf498ceb92e4c96da77111,-0.75,-0.75,-0.75,-0.75,0.0,0.0,False,False,False,False,False,False,False,False,False,False,False,0.0
0b0a26a83411f7aa3c1d,grid,train,b127831bbd96a390fe1e,55ee6d882997b3a05fb2c583,36a02bffb580d2239edf5459,1/4,C1,1,2,50,51,True,True,False,False,discovery_grid_train,denoising,36a02bffb580d2239edf5459,55ee6d882997b3a05fb2c583,answer_prefix,answer_prefix,8,cross_patch,166aef278be40c29c9f01491,-0.75,-0.75,-0.75,-0.75,0.0,0.0,False,False,False,False,False,False,False,False,False,False,False,0.0
0b0a26a83411f7aa3c1d,grid,train,b127831bbd96a390fe1e,55ee6d882997b3a05fb2c583,36a02bffb580d2239edf5459,1/4,C1,1,2,50,51,True,True,False,False,discovery_grid_train,denoising,36a02bffb580d2239edf5459,55ee6d882997b3a05fb2c583,answer_prefix,answer_prefix,8,self_patch,7c4399de882b60234347fd5a,-0.75,-0.75,-0.75,-0.75,0.0,0.0,False,False,False,False,False,False,False,False,False,False,False,0.0
0b0a26a83411f7aa3c1d,grid,train,b127831bbd96a390fe1e,55ee6d882997b3a05fb2c583,36a02bffb580d2239edf5459,1/4,C1,1,2,50,51,True,True,False,False,discovery_grid_train,denoising,36a02bffb580d2239edf5459,55ee6d882997b3a05fb2c583,answer_prefix,answer_prefix,9,cross_patch,8e77fda0c6060826ba3f80d1,-0.75,-0.625,-0.75,-0.625,0.125,0.125,False,False,False,False,False,False,False,False,False,False,False,0.125
0b0a26a83411f7aa3c1d,grid,train,b127831bbd96a390fe1e,55ee6d882997b3a05fb2c583,36a02bffb580d2239edf5459,1/4,C1,1,2,50,51,True,True,False,False,discovery_grid_train,denoising,36a02bffb580d2239edf5459,55ee6d882997b3a05fb2c583,answer_prefix,answer_prefix,9,self_patch,6e1619c88de7b4014333c4d2,-0.75,-0.75,-0.75,-0.75,0.0,0.0,False,False,False,False,False,False,False,False,False,False,False,0.0
0b0a26a83411f7aa3c1d,grid,train,b127831bbd96a390fe1e,55ee6d882997b3a05fb2c583,36a02bffb580d2239edf5459,1/4,C1,1,2,50,51,True,True,False,False,discovery_grid_train,denoising,36a02bffb580d2239edf5459,55ee6d882997b3a05fb2c583,answer_prefix,answer_prefix,10,cross_patch,93f32d6b74a19e5ac39134ad,-0.75,-0.75,-0.75,-0.75,0.0,0.0,False,False,False,False,False,False,False,False,False,False,False,0.0
0b0a26a83411f7aa3c1d,grid,train,b127831bbd96a390fe1e,55ee6d882997b3a05fb2c583,36a02bffb580d2239edf5459,1/4,C1,1,2,50,51,True,True,False,False,discovery_grid_train,denoising,36a02bffb580d2239edf5459,55ee6d882997b3a05fb2c583,answer_prefix,answer_prefix,10,self_patch,0fc0abecbdcc5bdabf086984,-0.75,-0.75,-0.75,-0.75,0.0,0.0,False,False,False,False,False,False,False,False,False,False,False,0.0
0b0a26a83411f7aa3c1d,grid,train,b127831bbd96a390fe1e,55ee6d882997b3a05fb2c583,36a02bffb580d2239edf5459,1/4,C1,1,2,50,51,True,True,False,False,discovery_grid_train,denoising,36a02bffb580d2239edf5459,55ee6d882997b3a05fb2c583,answer_prefix,answer_prefix,11,cross_patch,040311e5c636ca1938ffd974,-0.75,-0.75,-0.75,-0.75,0.0,0.0,False,False,False,False,False,False,False,False,False,False,False,0.0
0b0a26a83411f7aa3c1d,grid,train,b127831bbd96a390fe1e,55ee6d882997b3a05fb2c583,36a02bffb580d2239edf5459,1/4,C1,1,2,50,51,True,True,False,False,discovery_grid_train,denoising,36a02bffb580d2239edf5459,55ee6d882997b3a05fb2c583,answer_prefix,answer_prefix,11,self_patch,c7ed9263f127c812e01e6fd1,-0.75,-0.75,-0.75,-0.75,0.0,0.0,False,False,False,False,False,False,False,False,False,False,False,0.0
0b0a26a83411f7aa3c1d,grid,train,b127831bbd96a390fe1e,55ee6d882997b3a05fb2c583,36a02bffb580d2239edf5459,1/4,C1,1,2,50,51,True,True,False,False,discovery_grid_train,denoising,36a02bffb580d2239edf5459,55ee6d882997b3a05fb2c583,answer_prefix,answer_prefix,12,cross_patch,5d2733241b199dab419ea242,-0.75,-0.75,-0.75,-0.75,0.0,0.0,False,False,False,False,False,False,False,False,False,False,False,0.0
0b0a26a83411f7aa3c1d,grid,train,b127831bbd96a390fe1e,55ee6d882997b3a05fb2c583,36a02bffb580d2239edf5459,1/4,C1,1,2,50,51,True,True,False,False,discovery_grid_train,denoising,36a02bffb580d2239edf5459,55ee6d882997b3a05fb2c583,answer_prefix,answer_prefix,12,self_patch,1c091eabf0d2f4353abbadb0,-0.75,-0.75,-0.75,-0.75,0.0,0.0,False,False,False,False,False,False,False,False,False,False,False,0.0
0b0a26a83411f7aa3c1d,grid,train,b127831bbd96a390fe1e,55ee6d882997b3a05fb2c583,36a02bffb580d2239edf5459,1/4,C1,1,2,50,51,True,True,False,False,discovery_grid_train,denoising,36a02bffb580d2239edf5459,55ee6d882997b3a05fb2c583,answer_prefix,answer_prefix,13,cross_patch,c27fa40019207dbe75ec90dd,-0.75,-0.75,-0.75,-0.75,0.0,0.0,False,False,False,False,False,False,False,False,False,False,False,0.0
0b0a26a83411f7aa3c1d,grid,train,b127831bbd96a390fe1e,55ee6d882997b3a05fb2c583,36a02bffb580d2239edf5459,1/4,C1,1,2,50,51,True,True,False,False,discovery_grid_train,denoising,36a02bffb580d2239edf5459,55ee6d882997b3a05fb2c583,answer_prefix,answer_prefix,13,self_patch,575e4a2e4c11a80da8126ef4,-0.75,-0.75,-0.75,-0.75,0.0,0.0,False,False,False,False,False,False,False,False,False,False,False,0.0
0b0a26a83411f7aa3c1d,grid,train,b127831bbd96a390fe1e,55ee6d882997b3a05fb2c583,36a02bffb580d2239edf5459,1/4,C1,1,2,50,51,True,True,False,False,discovery_grid_train,denoising,36a02bffb580d2239edf5459,55ee6d882997b3a05fb2c583,answer_prefix,answer_prefix,14,cross_patch,a2d0e9f73c2a17a2dccad73e,-0.75,-0.75,-0.75,-0.75,0.0,0.0,False,False,False,False,False,False,False,False,False,False,False,0.0
0b0a26a83411f7aa3c1d,grid,train,b127831bbd96a390fe1e,55ee6d882997b3a05fb2c583,36a02bffb580d2239edf5459,1/4,C1,1,2,50,51,True,True,False,False,discovery_grid_train,denoising,36a02bffb580d2239edf5459,55ee6d882997b3a05fb2c583,answer_prefix,answer_prefix,14,self_patch,7ebaec8b0232c54519cd8392,-0.75,-0.75,-0.75,-0.75,0.0,0.0,False,False,False,False,False,False,False,False,False,False,False,0.0
0b0a26a83411f7aa3c1d,grid,train,b127831bbd96a390fe1e,55ee6d882997b3a05fb2c583,36a02bffb580d2239edf5459,1/4,C1,1,2,50,51,True,True,False,False,discovery_grid_train,denoising,36a02bffb580d2239edf5459,55ee6d882997b3a05fb2c583,answer_prefix,answer_prefix,15,cross_patch,7f71a7bc0e26f4ff6368292d,-0.75,-0.75,-0.75,-0.75,0.0,0.0,False,False,False,False,False,False,False,False,False,False,False,0.0
0b0a26a83411f7aa3c1d,grid,train,b127831bbd96a390fe1e,55ee6d882997b3a05fb2c583,36a02bffb580d2239edf5459,1/4,C1,1,2,50,51,True,True,False,False,discovery_grid_train,denoising,36a02bffb580d2239edf5459,55ee6d882997b3a05fb2c583,answer_prefix,answer_prefix,15,self_patch,9e094a744f35f18eb543ff71,-0.75,-0.75,-0.75,-0.75,0.0,0.0,False,False,False,False,False,False,False,False,False,False,False,0.0
0b0a26a83411f7aa3c1d,grid,train,b127831bbd96a390fe1e,55ee6d882997b3a05fb2c583,36a02bffb580d2239edf5459,1/4,C1,1,2,50,51,True,True,False,False,discovery_grid_train,denoising,36a02bffb580d2239edf5459,55ee6d882997b3a05fb2c583,answer_prefix,answer_prefix,16,cross_patch,e0f0f7ce8cf81b9881bdcc38,-0.75,-0.625,-0.75,-0.625,0.125,0.125,False,False,False,False,False,False,False,False,False,False,False,0.125
0b0a26a83411f7aa3c1d,grid,train,b127831bbd96a390fe1e,55ee6d882997b3a05fb2c583,36a02bffb580d2239edf5459,1/4,C1,1,2,50,51,True,True,False,False,discovery_grid_train,denoising,36a02bffb580d2239edf5459,55ee6d882997b3a05fb2c583,answer_prefix,answer_prefix,16,self_patch,ffa14177e2dc448281d7bb31,-0.75,-0.75,-0.75,-0.75,0.0,0.0,False,False,False,False,False,False,False,False,False,False,False,0.0
0b0a26a83411f7aa3c1d,grid,train,b127831bbd96a390fe1e,55ee6d882997b3a05fb2c583,36a02bffb580d2239edf5459,1/4,C1,1,2,50,51,True,True,False,False,discovery_grid_train,denoising,36a02bffb580d2239edf5459,55ee6d882997b3a05fb2c583,answer_prefix,answer_prefix,17,cross_patch,8044bc51b4d20347eb1fbcec,-0.75,-0.75,-0.75,-0.75,0.0,0.0,False,False,False,False,False,False,False,False,False,False,False,0.0
0b0a26a83411f7aa3c1d,grid,train,b127831bbd96a390fe1e,55ee6d882997b3a05fb2c583,36a02bffb580d2239edf5459,1/4,C1,1,2,50,51,True,True,False,False,discovery_grid_train,denoising,36a02bffb580d2239edf5459,55ee6d882997b3a05fb2c583,answer_prefix,answer_prefix,17,self_patch,e8365e1cdd61c62d5858dfe2,-0.75,-0.75,-0.75,-0.75,0.0,0.0,False,False,False,False,False,False,False,False,False,False,False,0.0
0b0a26a83411f7aa3c1d,grid,train,b127831bbd96a390fe1e,55ee6d882997b3a05fb2c583,36a02bffb580d2239edf5459,1/4,C1,1,2,50,51,True,True,False,False,discovery_grid_train,denoising,36a02bffb580d2239edf5459,55ee6d882997b3a05fb2c583,answer_prefix,answer_prefix,18,cross_patch,7c9f5da4389cb33f79eb1a9e,-0.75,-0.75,-0.75,-0.75,0.0,0.0,False,False,False,False,False,False,False,False,False,False,False,0.0
0b0a26a83411f7aa3c1d,grid,train,b127831bbd96a390fe1e,55ee6d882997b3a05fb2c583,36a02bffb580d2239edf5459,1/4,C1,1,2,50,51,True,True,False,False,discovery_grid_train,denoising,36a02bffb580d2239edf5459,55ee6d882997b3a05fb2c583,answer_prefix,answer_prefix,18,self_patch,7d75e1cbeac25bacc8328a3a,-0.75,-0.75,-0.75,-0.75,0.0,0.0,False,False,False,False,False,False,False,False,False,False,False,0.0
0b0a26a83411f7aa3c1d,grid,train,b127831bbd96a390fe1e,55ee6d882997b3a05fb2c583,36a02bffb580d2239edf5459,1/4,C1,1,2,50,51,True,True,False,False,discovery_grid_train,denoising,36a02bffb580d2239edf5459,55ee6d882997b3a05fb2c583,answer_prefix,answer_prefix,19,cross_patch,c7eda9f732fa7c2d1644de63,-0.75,-0.75,-0.75,-0.75,0.0,0.0,False,False,False,False,False,False,False,False,False,False,False,0.0
0b0a26a83411f7aa3c1d,grid,train,b127831bbd96a390fe1e,55ee6d882997b3a05fb2c583,36a02bffb580d2239edf5459,1/4,C1,1,2,50,51,True,True,False,False,discovery_grid_train,denoising,36a02bffb580d2239edf5459,55ee6d882997b3a05fb2c583,answer_prefix,answer_prefix,19,self_patch,b9e9f9c10ad8900c5f3bd1e3,-0.75,-0.75,-0.75,-0.75,0.0,0.0,False,False,False,False,False,False,False,False,False,False,False,0.0
0b0a26a83411f7aa3c1d,grid,train,b127831bbd96a390fe1e,55ee6d882997b3a05fb2c583,36a02bffb580d2239edf5459,1/4,C1,1,2,50,51,True,True,False,False,discovery_grid_train,denoising,36a02bffb580d2239edf5459,55ee6d882997b3a05fb2c583,answer_prefix,answer_prefix,20,cross_patch,a7fa89cc87b591ea77c13490,-0.75,-0.75,-0.75,-0.75,0.0,0.0,False,False,False,False,False,False,False,False,False,False,False,0.0
0b0a26a83411f7aa3c1d,grid,train,b127831bbd96a390fe1e,55ee6d882997b3a05fb2c583,36a02bffb580d2239edf5459,1/4,C1,1,2,50,51,True,True,False,False,discovery_grid_train,denoising,36a02bffb580d2239edf5459,55ee6d882997b3a05fb2c583,answer_prefix,answer_prefix,20,self_patch,aa1e05ec3757c2c0c0c39d84,-0.75,-0.75,-0.75,-0.75,0.0,0.0,False,False,False,False,False,False,False,False,False,False,False,0.0
0b0a26a83411f7aa3c1d,grid,train,b127831bbd96a390fe1e,55ee6d882997b3a05fb2c583,36a02bffb580d2239edf5459,1/4,C1,1,2,50,51,True,True,False,False,discovery_grid_train,denoising,36a02bffb580d2239edf5459,55ee6d882997b3a05fb2c583,answer_prefix,answer_prefix,21,cross_patch,02804f5495e6d0934f09f71c,-0.75,-0.75,-0.75,-0.75,0.0,0.0,False,False,False,False,False,False,False,False,False,False,False,0.0
0b0a26a83411f7aa3c1d,grid,train,b127831bbd96a390fe1e,55ee6d882997b3a05fb2c583,36a02bffb580d2239edf5459,1/4,C1,1,2,50,51,True,True,False,False,discovery_grid_train,denoising,36a02bffb580d2239edf5459,55ee6d882997b3a05fb2c583,answer_prefix,answer_prefix,21,self_patch,f9ce12fa99741e5657d8a960,-0.75,-0.75,-0.75,-0.75,0.0,0.0,False,False,False,False,False,False,False,False,False,False,False,0.0
0b0a26a83411f7aa3c1d,grid,train,b127831bbd96a390fe1e,55ee6d882997b3a05fb2c583,36a02bffb580d2239edf5459,1/4,C1,1,2,50,51,True,True,False,False,discovery_grid_train,denoising,36a02bffb580d2239edf5459,55ee6d882997b3a05fb2c583,answer_prefix,answer_prefix,22,cross_patch,a7f67e2a090fe2ba6b87ba24,-0.75,-0.75,-0.75,-0.75,0.0,0.0,False,False,False,False,False,False,False,False,False,False,False,0.0
0b0a26a83411f7aa3c1d,grid,train,b127831bbd96a390fe1e,55ee6d882997b3a05fb2c583,36a02bffb580d2239edf5459,1/4,C1,1,2,50,51,True,True,False,False,discovery_grid_train,denoising,36a02bffb580d2239edf5459,55ee6d882997b3a05fb2c583,answer_prefix,answer_prefix,22,self_patch,8ff3719066e39d5704351d43,-0.75,-0.75,-0.75,-0.75,0.0,0.0,False,False,False,False,False,False,False,False,False,False,False,0.0
0b0a26a83411f7aa3c1d,grid,train,b127831bbd96a390fe1e,55ee6d882997b3a05fb2c583,36a02bffb580d2239edf5459,1/4,C1,1,2,50,51,True,True,False,False,discovery_grid_train,denoising,36a02bffb580d2239edf5459,55ee6d882997b3a05fb2c583,answer_prefix,answer_prefix,23,cross_patch,d945abb40532c37ec72369aa,-0.75,-0.625,-0.75,-0.625,0.125,0.125,False,False,False,False,False,False,False,False,False,False,False,0.125
0b0a26a83411f7aa3c1d,grid,train,b127831bbd96a390fe1e,55ee6d882997b3a05fb2c583,36a02bffb580d2239edf5459,1/4,C1,1,2,50,51,True,True,False,False,discovery_grid_train,denoising,36a02bffb580d2239edf5459,55ee6d882997b3a05fb2c583,answer_prefix,answer_prefix,23,self_patch,9170465bee619b52baf49f78,-0.75,-0.75,-0.75,-0.75,0.0,0.0,False,False,False,False,False,False,False,False,False,False,False,0.0
0b0a26a83411f7aa3c1d,grid,train,b127831bbd96a390fe1e,55ee6d882997b3a05fb2c583,36a02bffb580d2239edf5459,1/4,C1,1,2,50,51,True,True,False,False,discovery_grid_train,denoising,36a02bffb580d2239edf5459,55ee6d882997b3a05fb2c583,answer_prefix,answer_prefix,24,cross_patch,0641c5015af5eb9ae14c887d,-0.75,-0.625,-0.75,-0.625,0.125,0.125,False,False,False,False,False,False,False,False,False,False,False,0.125
0b0a26a83411f7aa3c1d,grid,train,b127831bbd96a390fe1e,55ee6d882997b3a05fb2c583,36a02bffb580d2239edf5459,1/4,C1,1,2,50,51,True,True,False,False,discovery_grid_train,denoising,36a02bffb580d2239edf5459,55ee6d882997b3a05fb2c583,answer_prefix,answer_prefix,24,self_patch,313a6e71c62017e6e4ea711e,-0.75,-0.75,-0.75,-0.75,0.0,0.0,False,False,False,False,False,False,False,False,False,False,False,0.0
0b0a26a83411f7aa3c1d,grid,train,b127831bbd96a390fe1e,55ee6d882997b3a05fb2c583,36a02bffb580d2239edf5459,1/4,C1,1,2,50,51,True,True,False,False,discovery_grid_train,denoising,36a02bffb580d2239edf5459,55ee6d882997b3a05fb2c583,answer_prefix,answer_prefix,25,cross_patch,e4398930e5ce7d83b8d4f1fd,-0.75,-0.625,-0.75,-0.625,0.125,0.125,False,False,False,False,False,False,False,False,False,False,False,0.125
0b0a26a83411f7aa3c1d,grid,train,b127831bbd96a390fe1e,55ee6d882997b3a05fb2c583,36a02bffb580d2239edf5459,1/4,C1,1,2,50,51,True,True,False,False,discovery_grid_train,denoising,36a02bffb580d2239edf5459,55ee6d882997b3a05fb2c583,answer_prefix,answer_prefix,25,self_patch,b172fdca384eefdb2fca8b57,-0.75,-0.75,-0.75,-0.75,0.0,0.0,False,False,False,False,False,False,False,False,False,False,False,0.0
0b0a26a83411f7aa3c1d,grid,train,b127831bbd96a390fe1e,55ee6d882997b3a05fb2c583,36a02bffb580d2239edf5459,1/4,C1,1,2,50,51,True,True,False,False,discovery_grid_train,denoising,36a02bffb580d2239edf5459,55ee6d882997b3a05fb2c583,answer_prefix,answer_prefix,26,cross_patch,c0be427b9e6636e3fde159d6,-0.75,-0.625,-0.75,-0.625,0.125,0.125,False,False,False,False,False,False,False,False,False,False,False,0.125
0b0a26a83411f7aa3c1d,grid,train,b127831bbd96a390fe1e,55ee6d882997b3a05fb2c583,36a02bffb580d2239edf5459,1/4,C1,1,2,50,51,True,True,False,False,discovery_grid_train,denoising,36a02bffb580d2239edf5459,55ee6d882997b3a05fb2c583,answer_prefix,answer_prefix,26,self_patch,8ab400e63d44d6e985f39104,-0.75,-0.75,-0.75,-0.75,0.0,0.0,False,False,False,False,False,False,False,False,False,False,False,0.0
0b0a26a83411f7aa3c1d,grid,train,b127831bbd96a390fe1e,55ee6d882997b3a05fb2c583,36a02bffb580d2239edf5459,1/4,C1,1,2,50,51,True,True,False,False,discovery_grid_train,denoising,36a02bffb580d2239edf5459,55ee6d882997b3a05fb2c583,answer_prefix,answer_prefix,27,cross_patch,76415abb84fe72601841b903,-0.75,-0.625,-0.75,-0.625,0.125,0.125,False,False,False,False,False,False,False,False,False,False,False,0.125
0b0a26a83411f7aa3c1d,grid,train,b127831bbd96a390fe1e,55ee6d882997b3a05fb2c583,36a02bffb580d2239edf5459,1/4,C1,1,2,50,51,True,True,False,False,discovery_grid_train,denoising,36a02bffb580d2239edf5459,55ee6d882997b3a05fb2c583,answer_prefix,answer_prefix,27,self_patch,24cc0e6b9c60be93f9a31c3d,-0.75,-0.75,-0.75,-0.75,0.0,0.0,False,False,False,False,False,False,False,False,False,False,False,0.0
0b0a26a83411f7aa3c1d,grid,train,b127831bbd96a390fe1e,55ee6d882997b3a05fb2c583,36a02bffb580d2239edf5459,1/4,C1,1,2,50,51,True,True,False,False,discovery_grid_train,denoising,36a02bffb580d2239edf5459,55ee6d882997b3a05fb2c583,answer_prefix,answer_prefix,28,cross_patch,51825f06e15f858691101782,-0.75,-0.5,-0.75,-0.5,0.25,0.25,False,False,False,False,False,False,False,False,False,False,False,0.25
0b0a26a83411f7aa3c1d,grid,train,b127831bbd96a390fe1e,55ee6d882997b3a05fb2c583,36a02bffb580d2239edf5459,1/4,C1,1,2,50,51,True,True,False,False,discovery_grid_train,denoising,36a02bffb580d2239edf5459,55ee6d882997b3a05fb2c583,answer_prefix,answer_prefix,28,self_patch,163c89616eec15fa3dee418f,-0.75,-0.75,-0.75,-0.75,0.0,0.0,False,False,False,False,False,False,False,False,False,False,False,0.0
0b0a26a83411f7aa3c1d,grid,train,b127831bbd96a390fe1e,55ee6d882997b3a05fb2c583,36a02bffb580d2239edf5459,1/4,C1,1,2,50,51,True,True,False,False,discovery_grid_train,denoising,36a02bffb580d2239edf5459,55ee6d882997b3a05fb2c583,answer_prefix,answer_prefix,29,cross_patch,a1befc63beaee3e9412d09ce,-0.75,-0.5,-0.75,-0.5,0.25,0.25,False,False,False,False,False,False,False,False,False,False,False,0.25
0b0a26a83411f7aa3c1d,grid,train,b127831bbd96a390fe1e,55ee6d882997b3a05fb2c583,36a02bffb580d2239edf5459,1/4,C1,1,2,50,51,True,True,False,False,discovery_grid_train,denoising,36a02bffb580d2239edf5459,55ee6d882997b3a05fb2c583,answer_prefix,answer_prefix,29,self_patch,496b3fa3a8639a49f695900d,-0.75,-0.75,-0.75,-0.75,0.0,0.0,False,False,False,False,False,False,False,False,False,False,False,0.0
0b0a26a83411f7aa3c1d,grid,train,b127831bbd96a390fe1e,55ee6d882997b3a05fb2c583,36a02bffb580d2239edf5459,1/4,C1,1,2,50,51,True,True,False,False,discovery_grid_train,denoising,36a02bffb580d2239edf5459,55ee6d882997b3a05fb2c583,answer_prefix,answer_prefix,30,cross_patch,e3ae47b166fe9c5e42ab87e8,-0.75,0.375,-0.75,0.375,1.125,1.125,False,True,False,True,True,False,True,False,True,True,False,1.125
0b0a26a83411f7aa3c1d,grid,train,b127831bbd96a390fe1e,55ee6d882997b3a05fb2c583,36a02bffb580d2239edf5459,1/4,C1,1,2,50,51,True,True,False,False,discovery_grid_train,denoising,36a02bffb580d2239edf5459,55ee6d882997b3a05fb2c583,answer_prefix,answer_prefix,30,self_patch,2dc885009f8bdb34e8edc98f,-0.75,-0.75,-0.75,-0.75,0.0,0.0,False,False,False,False,False,False,False,False,False,False,False,0.0
0b0a26a83411f7aa3c1d,grid,train,b127831bbd96a390fe1e,55ee6d882997b3a05fb2c583,36a02bffb580d2239edf5459,1/4,C1,1,2,50,51,True,True,False,False,discovery_grid_train,denoising,36a02bffb580d2239edf5459,55ee6d882997b3a05fb2c583,answer_prefix,answer_prefix,31,cross_patch,73755ba8439ea2bae671894c,-0.75,0.5,-0.75,0.5,1.25,1.25,False,True,False,True,True,False,True,False,True,True,False,1.25
0b0a26a83411f7aa3c1d,grid,train,b127831bbd96a390fe1e,55ee6d882997b3a05fb2c583,36a02bffb580d2239edf5459,1/4,C1,1,2,50,51,True,True,False,False,discovery_grid_train,denoising,36a02bffb580d2239edf5459,55ee6d882997b3a05fb2c583,answer_prefix,answer_prefix,31,self_patch,efc9405a2172a0cd69264656,-0.75,-0.75,-0.75,-0.75,0.0,0.0,False,False,False,False,False,False,False,False,False,False,False,0.0
0b0a26a83411f7aa3c1d,grid,train,b127831bbd96a390fe1e,55ee6d882997b3a05fb2c583,36a02bffb580d2239edf5459,1/4,C1,1,2,50,51,True,True,False,False,discovery_grid_train,noising,55ee6d882997b3a05fb2c583,36a02bffb580d2239edf5459,final_prompt,final_prompt,0,cross_patch,616b741c35e29cc2b006993b,0.5,0.5,0.5,0.5,0.0,0.0,True,True,True,True,False,False,False,False,False,False,False,-0.0
0b0a26a83411f7aa3c1d,grid,train,b127831bbd96a390fe1e,55ee6d882997b3a05fb2c583,36a02bffb580d2239edf5459,1/4,C1,1,2,50,51,True,True,False,False,discovery_grid_train,noising,55ee6d882997b3a05fb2c583,36a02bffb580d2239edf5459,final_prompt,final_prompt,0,self_patch,036ea0ff65727a5e90accb51,0.5,0.5,0.5,0.5,0.0,0.0,True,True,True,True,False,False,False,False,False,False,False,-0.0
0b0a26a83411f7aa3c1d,grid,train,b127831bbd96a390fe1e,55ee6d882997b3a05fb2c583,36a02bffb580d2239edf5459,1/4,C1,1,2,50,51,True,True,False,False,discovery_grid_train,noising,55ee6d882997b3a05fb2c583,36a02bffb580d2239edf5459,final_prompt,final_prompt,1,cross_patch,1f75b3ccd53345541972cad3,0.5,0.625,0.5,0.625,0.125,0.125,True,True,True,True,False,False,False,False,False,False,False,-0.125
0b0a26a83411f7aa3c1d,grid,train,b127831bbd96a390fe1e,55ee6d882997b3a05fb2c583,36a02bffb580d2239edf5459,1/4,C1,1,2,50,51,True,True,False,False,discovery_grid_train,noising,55ee6d882997b3a05fb2c583,36a02bffb580d2239edf5459,final_prompt,final_prompt,1,self_patch,bb594c003968328e58c16b89,0.5,0.5,0.5,0.5,0.0,0.0,True,True,True,True,False,False,False,False,False,False,False,-0.0
0b0a26a83411f7aa3c1d,grid,train,b127831bbd96a390fe1e,55ee6d882997b3a05fb2c583,36a02bffb580d2239edf5459,1/4,C1,1,2,50,51,True,True,False,False,discovery_grid_train,noising,55ee6d882997b3a05fb2c583,36a02bffb580d2239edf5459,final_prompt,final_prompt,2,cross_patch,429c28d5031401924137f2ab,0.5,0.5,0.5,0.5,0.0,0.0,True,True,True,True,False,False,False,False,False,False,False,-0.0
0b0a26a83411f7aa3c1d,grid,train,b127831bbd96a390fe1e,55ee6d882997b3a05fb2c583,36a02bffb580d2239edf5459,1/4,C1,1,2,50,51,True,True,False,False,discovery_grid_train,noising,55ee6d882997b3a05fb2c583,36a02bffb580d2239edf5459,final_prompt,final_prompt,2,self_patch,3848748bcfc6bff1471a91d0,0.5,0.5,0.5,0.5,0.0,0.0,True,True,True,True,False,False,False,False,False,False,False,-0.0
0b0a26a83411f7aa3c1d,grid,train,b127831bbd96a390fe1e,55ee6d882997b3a05fb2c583,36a02bffb580d2239edf5459,1/4,C1,1,2,50,51,True,True,False,False,discovery_grid_train,noising,55ee6d882997b3a05fb2c583,36a02bffb580d2239edf5459,final_prompt,final_prompt,3,cross_patch,ff19d2ede9f6ee9a3e99611b,0.5,0.625,0.5,0.625,0.125,0.125,True,True,True,True,False,False,False,False,False,False,False,-0.125
0b0a26a83411f7aa3c1d,grid,train,b127831bbd96a390fe1e,55ee6d882997b3a05fb2c583,36a02bffb580d2239edf5459,1/4,C1,1,2,50,51,True,True,False,False,discovery_grid_train,noising,55ee6d882997b3a05fb2c583,36a02bffb580d2239edf5459,final_prompt,final_prompt,3,self_patch,9e056d97992be66385fba015,0.5,0.5,0.5,0.5,0.0,0.0,True,True,True,True,False,False,False,False,False,False,False,-0.0
0b0a26a83411f7aa3c1d,grid,train,b127831bbd96a390fe1e,55ee6d882997b3a05fb2c583,36a02bffb580d2239edf5459,1/4,C1,1,2,50,51,True,True,False,False,discovery_grid_train,noising,55ee6d882997b3a05fb2c583,36a02bffb580d2239edf5459,final_prompt,final_prompt,4,cross_patch,22c26e10b8ede093f653269d,0.5,0.5,0.5,0.5,0.0,0.0,True,True,True,True,False,False,False,False,False,False,False,-0.0
0b0a26a83411f7aa3c1d,grid,train,b127831bbd96a390fe1e,55ee6d882997b3a05fb2c583,36a02bffb580d2239edf5459,1/4,C1,1,2,50,51,True,True,False,False,discovery_grid_train,noising,55ee6d882997b3a05fb2c583,36a02bffb580d2239edf5459,final_prompt,final_prompt,4,self_patch,e99804161e1b0e8b5c226936,0.5,0.5,0.5,0.5,0.0,0.0,True,True,True,True,False,False,False,False,False,False,False,-0.0
0b0a26a83411f7aa3c1d,grid,train,b127831bbd96a390fe1e,55ee6d882997b3a05fb2c583,36a02bffb580d2239edf5459,1/4,C1,1,2,50,51,True,True,False,False,discovery_grid_train,noising,55ee6d882997b3a05fb2c583,36a02bffb580d2239edf5459,final_prompt,final_prompt,5,cross_patch,23e74161407445fce702a812,0.5,0.625,0.5,0.625,0.125,0.125,True,True,True,True,False,False,False,False,False,False,False,-0.125
0b0a26a83411f7aa3c1d,grid,train,b127831bbd96a390fe1e,55ee6d882997b3a05fb2c583,36a02bffb580d2239edf5459,1/4,C1,1,2,50,51,True,True,False,False,discovery_grid_train,noising,55ee6d882997b3a05fb2c583,36a02bffb580d2239edf5459,final_prompt,final_prompt,5,self_patch,57a308daa0658e96dee72647,0.5,0.5,0.5,0.5,0.0,0.0,True,True,True,True,False,False,False,False,False,False,False,-0.0
0b0a26a83411f7aa3c1d,grid,train,b127831bbd96a390fe1e,55ee6d882997b3a05fb2c583,36a02bffb580d2239edf5459,1/4,C1,1,2,50,51,True,True,False,False,discovery_grid_train,noising,55ee6d882997b3a05fb2c583,36a02bffb580d2239edf5459,final_prompt,final_prompt,6,cross_patch,ad1a2331ba184a484f25ebaa,0.5,0.625,0.5,0.625,0.125,0.125,True,True,True,True,False,False,False,False,False,False,False,-0.125
0b0a26a83411f7aa3c1d,grid,train,b127831bbd96a390fe1e,55ee6d882997b3a05fb2c583,36a02bffb580d2239edf5459,1/4,C1,1,2,50,51,True,True,False,False,discovery_grid_train,noising,55ee6d882997b3a05fb2c583,36a02bffb580d2239edf5459,final_prompt,final_prompt,6,self_patch,83946b24efe33a25a937ccd5,0.5,0.5,0.5,0.5,0.0,0.0,True,True,True,True,False,False,False,False,False,False,False,-0.0
0b0a26a83411f7aa3c1d,grid,train,b127831bbd96a390fe1e,55ee6d882997b3a05fb2c583,36a02bffb580d2239edf5459,1/4,C1,1,2,50,51,True,True,False,False,discovery_grid_train,noising,55ee6d882997b3a05fb2c583,36a02bffb580d2239edf5459,final_prompt,final_prompt,7,cross_patch,00b62b9c991375ecc810c409,0.5,0.5,0.5,0.5,0.0,0.0,True,True,True,True,False,False,False,False,False,False,False,-0.0
0b0a26a83411f7aa3c1d,grid,train,b127831bbd96a390fe1e,55ee6d882997b3a05fb2c583,36a02bffb580d2239edf5459,1/4,C1,1,2,50,51,True,True,False,False,discovery_grid_train,noising,55ee6d882997b3a05fb2c583,36a02bffb580d2239edf5459,final_prompt,final_prompt,7,self_patch,c9427f4539f8bc4fbd59d683,0.5,0.5,0.5,0.5,0.0,0.0,True,True,True,True,False,False,False,False,False,False,False,-0.0
0b0a26a83411f7aa3c1d,grid,train,b127831bbd96a390fe1e,55ee6d882997b3a05fb2c583,36a02bffb580d2239edf5459,1/4,C1,1,2,50,51,True,True,False,False,discovery_grid_train,noising,55ee6d882997b3a05fb2c583,36a02bffb580d2239edf5459,final_prompt,final_prompt,8,cross_patch,4b41ced6aa052e5469a17ff8,0.5,0.625,0.5,0.625,0.125,0.125,True,True,True,True,False,False,False,False,False,False,False,-0.125
0b0a26a83411f7aa3c1d,grid,train,b127831bbd96a390fe1e,55ee6d882997b3a05fb2c583,36a02bffb580d2239edf5459,1/4,C1,1,2,50,51,True,True,False,False,discovery_grid_train,noising,55ee6d882997b3a05fb2c583,36a02bffb580d2239edf5459,final_prompt,final_prompt,8,self_patch,97fa1066fbdadfad78ec9913,0.5,0.5,0.5,0.5,0.0,0.0,True,True,True,True,False,False,False,False,False,False,False,-0.0
0b0a26a83411f7aa3c1d,grid,train,b127831bbd96a390fe1e,55ee6d882997b3a05fb2c583,36a02bffb580d2239edf5459,1/4,C1,1,2,50,51,True,True,False,False,discovery_grid_train,noising,55ee6d882997b3a05fb2c583,36a02bffb580d2239edf5459,final_prompt,final_prompt,9,cross_patch,5499c94712c5927c1062f9b6,0.5,0.625,0.5,0.625,0.125,0.125,True,True,True,True,False,False,False,False,False,False,False,-0.125
0b0a26a83411f7aa3c1d,grid,train,b127831bbd96a390fe1e,55ee6d882997b3a05fb2c583,36a02bffb580d2239edf5459,1/4,C1,1,2,50,51,True,True,False,False,discovery_grid_train,noising,55ee6d882997b3a05fb2c583,36a02bffb580d2239edf5459,final_prompt,final_prompt,9,self_patch,1a30b94e22dd976601d3eb0a,0.5,0.5,0.5,0.5,0.0,0.0,True,True,True,True,False,False,False,False,False,False,False,-0.0
0b0a26a83411f7aa3c1d,grid,train,b127831bbd96a390fe1e,55ee6d882997b3a05fb2c583,36a02bffb580d2239edf5459,1/4,C1,1,2,50,51,True,True,False,False,discovery_grid_train,noising,55ee6d882997b3a05fb2c583,36a02bffb580d2239edf5459,final_prompt,final_prompt,10,cross_patch,d597a6e6de9f492a22cc5cb4,0.5,0.5,0.5,0.5,0.0,0.0,True,True,True,True,False,False,False,False,False,False,False,-0.0
0b0a26a83411f7aa3c1d,grid,train,b127831bbd96a390fe1e,55ee6d882997b3a05fb2c583,36a02bffb580d2239edf5459,1/4,C1,1,2,50,51,True,True,False,False,discovery_grid_train,noising,55ee6d882997b3a05fb2c583,36a02bffb580d2239edf5459,final_prompt,final_prompt,10,self_patch,c2e72426177628947b4979b5,0.5,0.5,0.5,0.5,0.0,0.0,True,True,True,True,False,False,False,False,False,False,False,-0.0
0b0a26a83411f7aa3c1d,grid,train,b127831bbd96a390fe1e,55ee6d882997b3a05fb2c583,36a02bffb580d2239edf5459,1/4,C1,1,2,50,51,True,True,False,False,discovery_grid_train,noising,55ee6d882997b3a05fb2c583,36a02bffb580d2239edf5459,final_prompt,final_prompt,11,cross_patch,88e2773e8e4c6da687b2ed14,0.5,0.5,0.5,0.5,0.0,0.0,True,True,True,True,False,False,False,False,False,False,False,-0.0
0b0a26a83411f7aa3c1d,grid,train,b127831bbd96a390fe1e,55ee6d882997b3a05fb2c583,36a02bffb580d2239edf5459,1/4,C1,1,2,50,51,True,True,False,False,discovery_grid_train,noising,55ee6d882997b3a05fb2c583,36a02bffb580d2239edf5459,final_prompt,final_prompt,11,self_patch,5e8098a6ed6acc737c8a570c,0.5,0.5,0.5,0.5,0.0,0.0,True,True,True,True,False,False,False,False,False,False,False,-0.0
0b0a26a83411f7aa3c1d,grid,train,b127831bbd96a390fe1e,55ee6d882997b3a05fb2c583,36a02bffb580d2239edf5459,1/4,C1,1,2,50,51,True,True,False,False,discovery_grid_train,noising,55ee6d882997b3a05fb2c583,36a02bffb580d2239edf5459,final_prompt,final_prompt,12,cross_patch,1e35196c4728e2905ec29483,0.5,0.625,0.5,0.625,0.125,0.125,True,True,True,True,False,False,False,False,False,False,False,-0.125
0b0a26a83411f7aa3c1d,grid,train,b127831bbd96a390fe1e,55ee6d882997b3a05fb2c583,36a02bffb580d2239edf5459,1/4,C1,1,2,50,51,True,True,False,False,discovery_grid_train,noising,55ee6d882997b3a05fb2c583,36a02bffb580d2239edf5459,final_prompt,final_prompt,12,self_patch,02e7d154880d2aa99ee5c577,0.5,0.5,0.5,0.5,0.0,0.0,True,True,True,True,False,False,False,False,False,False,False,-0.0
0b0a26a83411f7aa3c1d,grid,train,b127831bbd96a390fe1e,55ee6d882997b3a05fb2c583,36a02bffb580d2239edf5459,1/4,C1,1,2,50,51,True,True,False,False,discovery_grid_train,noising,55ee6d882997b3a05fb2c583,36a02bffb580d2239edf5459,final_prompt,final_prompt,13,cross_patch,62f4ec350b7143ead13d0382,0.5,0.625,0.5,0.625,0.125,0.125,True,True,True,True,False,False,False,False,False,False,False,-0.125
0b0a26a83411f7aa3c1d,grid,train,b127831bbd96a390fe1e,55ee6d882997b3a05fb2c583,36a02bffb580d2239edf5459,1/4,C1,1,2,50,51,True,True,False,False,discovery_grid_train,noising,55ee6d882997b3a05fb2c583,36a02bffb580d2239edf5459,final_prompt,final_prompt,13,self_patch,d0955b782c2ce2267b2e2be4,0.5,0.5,0.5,0.5,0.0,0.0,True,True,True,True,False,False,False,False,False,False,False,-0.0
0b0a26a83411f7aa3c1d,grid,train,b127831bbd96a390fe1e,55ee6d882997b3a05fb2c583,36a02bffb580d2239edf5459,1/4,C1,1,2,50,51,True,True,False,False,discovery_grid_train,noising,55ee6d882997b3a05fb2c583,36a02bffb580d2239edf5459,final_prompt,final_prompt,14,cross_patch,41251d623ca722053670b5c1,0.5,0.5,0.5,0.5,0.0,0.0,True,True,True,True,False,False,False,False,False,False,False,-0.0
0b0a26a83411f7aa3c1d,grid,train,b127831bbd96a390fe1e,55ee6d882997b3a05fb2c583,36a02bffb580d2239edf5459,1/4,C1,1,2,50,51,True,True,False,False,discovery_grid_train,noising,55ee6d882997b3a05fb2c583,36a02bffb580d2239edf5459,final_prompt,final_prompt,14,self_patch,ae22840ba64a4be70a953315,0.5,0.5,0.5,0.5,0.0,0.0,True,True,True,True,False,False,False,False,False,False,False,-0.0
0b0a26a83411f7aa3c1d,grid,train,b127831bbd96a390fe1e,55ee6d882997b3a05fb2c583,36a02bffb580d2239edf5459,1/4,C1,1,2,50,51,True,True,False,False,discovery_grid_train,noising,55ee6d882997b3a05fb2c583,36a02bffb580d2239edf5459,final_prompt,final_prompt,15,cross_patch,9b6b0044ee107c59841918d2,0.5,0.5,0.5,0.5,0.0,0.0,True,True,True,True,False,False,False,False,False,False,False,-0.0
0b0a26a83411f7aa3c1d,grid,train,b127831bbd96a390fe1e,55ee6d882997b3a05fb2c583,36a02bffb580d2239edf5459,1/4,C1,1,2,50,51,True,True,False,False,discovery_grid_train,noising,55ee6d882997b3a05fb2c583,36a02bffb580d2239edf5459,final_prompt,final_prompt,15,self_patch,91ba4dc1366912b80decd57e,0.5,0.5,0.5,0.5,0.0,0.0,True,True,True,True,False,False,False,False,False,False,False,-0.0
0b0a26a83411f7aa3c1d,grid,train,b127831bbd96a390fe1e,55ee6d882997b3a05fb2c583,36a02bffb580d2239edf5459,1/4,C1,1,2,50,51,True,True,False,False,discovery_grid_train,noising,55ee6d882997b3a05fb2c583,36a02bffb580d2239edf5459,final_prompt,final_prompt,16,cross_patch,dbb1201a615f4861b5c57144,0.5,0.5,0.5,0.5,0.0,0.0,True,True,True,True,False,False,False,False,False,False,False,-0.0
0b0a26a83411f7aa3c1d,grid,train,b127831bbd96a390fe1e,55ee6d882997b3a05fb2c583,36a02bffb580d2239edf5459,1/4,C1,1,2,50,51,True,True,False,False,discovery_grid_train,noising,55ee6d882997b3a05fb2c583,36a02bffb580d2239edf5459,final_prompt,final_prompt,16,self_patch,c1f98ef454f785d1b6d2465d,0.5,0.5,0.5,0.5,0.0,0.0,True,True,True,True,False,False,False,False,False,False,False,-0.0
0b0a26a83411f7aa3c1d,grid,train,b127831bbd96a390fe1e,55ee6d882997b3a05fb2c583,36a02bffb580d2239edf5459,1/4,C1,1,2,50,51,True,True,False,False,discovery_grid_train,noising,55ee6d882997b3a05fb2c583,36a02bffb580d2239edf5459,final_prompt,final_prompt,17,cross_patch,6fc5e3d69af08b293c7d29b6,0.5,0.5,0.5,0.5,0.0,0.0,True,True,True,True,False,False,False,False,False,False,False,-0.0
0b0a26a83411f7aa3c1d,grid,train,b127831bbd96a390fe1e,55ee6d882997b3a05fb2c583,36a02bffb580d2239edf5459,1/4,C1,1,2,50,51,True,True,False,False,discovery_grid_train,noising,55ee6d882997b3a05fb2c583,36a02bffb580d2239edf5459,final_prompt,final_prompt,17,self_patch,438e4b398dacf3512c55f255,0.5,0.5,0.5,0.5,0.0,0.0,True,True,True,True,False,False,False,False,False,False,False,-0.0
0b0a26a83411f7aa3c1d,grid,train,b127831bbd96a390fe1e,55ee6d882997b3a05fb2c583,36a02bffb580d2239edf5459,1/4,C1,1,2,50,51,True,True,False,False,discovery_grid_train,noising,55ee6d882997b3a05fb2c583,36a02bffb580d2239edf5459,final_prompt,final_prompt,18,cross_patch,26402f814034de12eb8f9887,0.5,0.5,0.5,0.5,0.0,0.0,True,True,True,True,False,False,False,False,False,False,False,-0.0
0b0a26a83411f7aa3c1d,grid,train,b127831bbd96a390fe1e,55ee6d882997b3a05fb2c583,36a02bffb580d2239edf5459,1/4,C1,1,2,50,51,True,True,False,False,discovery_grid_train,noising,55ee6d882997b3a05fb2c583,36a02bffb580d2239edf5459,final_prompt,final_prompt,18,self_patch,85b43bcc5f06443f6e45eee8,0.5,0.5,0.5,0.5,0.0,0.0,True,True,True,True,False,False,False,False,False,False,False,-0.0
0b0a26a83411f7aa3c1d,grid,train,b127831bbd96a390fe1e,55ee6d882997b3a05fb2c583,36a02bffb580d2239edf5459,1/4,C1,1,2,50,51,True,True,False,False,discovery_grid_train,noising,55ee6d882997b3a05fb2c583,36a02bffb580d2239edf5459,final_prompt,final_prompt,19,cross_patch,f0553055958eeff7d48300b8,0.5,0.625,0.5,0.625,0.125,0.125,True,True,True,True,False,False,False,False,False,False,False,-0.125
0b0a26a83411f7aa3c1d,grid,train,b127831bbd96a390fe1e,55ee6d882997b3a05fb2c583,36a02bffb580d2239edf5459,1/4,C1,1,2,50,51,True,True,False,False,discovery_grid_train,noising,55ee6d882997b3a05fb2c583,36a02bffb580d2239edf5459,final_prompt,final_prompt,19,self_patch,eeca547a2b564a39741c09e0,0.5,0.5,0.5,0.5,0.0,0.0,True,True,True,True,False,False,False,False,False,False,False,-0.0
0b0a26a83411f7aa3c1d,grid,train,b127831bbd96a390fe1e,55ee6d882997b3a05fb2c583,36a02bffb580d2239edf5459,1/4,C1,1,2,50,51,True,True,False,False,discovery_grid_train,noising,55ee6d882997b3a05fb2c583,36a02bffb580d2239edf5459,final_prompt,final_prompt,20,cross_patch,0801d9cc658cf6b3d5c28dc3,0.5,0.5,0.5,0.5,0.0,0.0,True,True,True,True,False,False,False,False,False,False,False,-0.0
0b0a26a83411f7aa3c1d,grid,train,b127831bbd96a390fe1e,55ee6d882997b3a05fb2c583,36a02bffb580d2239edf5459,1/4,C1,1,2,50,51,True,True,False,False,discovery_grid_train,noising,55ee6d882997b3a05fb2c583,36a02bffb580d2239edf5459,final_prompt,final_prompt,20,self_patch,d479f4d3ddea6f79d209cf99,0.5,0.5,0.5,0.5,0.0,0.0,True,True,True,True,False,False,False,False,False,False,False,-0.0
0b0a26a83411f7aa3c1d,grid,train,b127831bbd96a390fe1e,55ee6d882997b3a05fb2c583,36a02bffb580d2239edf5459,1/4,C1,1,2,50,51,True,True,False,False,discovery_grid_train,noising,55ee6d882997b3a05fb2c583,36a02bffb580d2239edf5459,final_prompt,final_prompt,21,cross_patch,19adb26f648b63a2c5bce412,0.5,0.5,0.5,0.5,0.0,0.0,True,True,True,True,False,False,False,False,False,False,False,-0.0
0b0a26a83411f7aa3c1d,grid,train,b127831bbd96a390fe1e,55ee6d882997b3a05fb2c583,36a02bffb580d2239edf5459,1/4,C1,1,2,50,51,True,True,False,False,discovery_grid_train,noising,55ee6d882997b3a05fb2c583,36a02bffb580d2239edf5459,final_prompt,final_prompt,21,self_patch,c2d86e294485e1de5329fdcf,0.5,0.5,0.5,0.5,0.0,0.0,True,True,True,True,False,False,False,False,False,False,False,-0.0
0b0a26a83411f7aa3c1d,grid,train,b127831bbd96a390fe1e,55ee6d882997b3a05fb2c583,36a02bffb580d2239edf5459,1/4,C1,1,2,50,51,True,True,False,False,discovery_grid_train,noising,55ee6d882997b3a05fb2c583,36a02bffb580d2239edf5459,final_prompt,final_prompt,22,cross_patch,77a930b18eb5b987764474ed,0.5,0.5,0.5,0.5,0.0,0.0,True,True,True,True,False,False,False,False,False,False,False,-0.0
0b0a26a83411f7aa3c1d,grid,train,b127831bbd96a390fe1e,55ee6d882997b3a05fb2c583,36a02bffb580d2239edf5459,1/4,C1,1,2,50,51,True,True,False,False,discovery_grid_train,noising,55ee6d882997b3a05fb2c583,36a02bffb580d2239edf5459,final_prompt,final_prompt,22,self_patch,c280971903e585307d018d60,0.5,0.5,0.5,0.5,0.0,0.0,True,True,True,True,False,False,False,False,False,False,False,-0.0
0b0a26a83411f7aa3c1d,grid,train,b127831bbd96a390fe1e,55ee6d882997b3a05fb2c583,36a02bffb580d2239edf5459,1/4,C1,1,2,50,51,True,True,False,False,discovery_grid_train,noising,55ee6d882997b3a05fb2c583,36a02bffb580d2239edf5459,final_prompt,final_prompt,23,cross_patch,520b7a34d33594056671645c,0.5,0.5,0.5,0.5,0.0,0.0,True,True,True,True,False,False,False,False,False,False,False,-0.0
0b0a26a83411f7aa3c1d,grid,train,b127831bbd96a390fe1e,55ee6d882997b3a05fb2c583,36a02bffb580d2239edf5459,1/4,C1,1,2,50,51,True,True,False,False,discovery_grid_train,noising,55ee6d882997b3a05fb2c583,36a02bffb580d2239edf5459,final_prompt,final_prompt,23,self_patch,97f7fa71d22038e21d040815,0.5,0.5,0.5,0.5,0.0,0.0,True,True,True,True,False,False,False,False,False,False,False,-0.0
0b0a26a83411f7aa3c1d,grid,train,b127831bbd96a390fe1e,55ee6d882997b3a05fb2c583,36a02bffb580d2239edf5459,1/4,C1,1,2,50,51,True,True,False,False,discovery_grid_train,noising,55ee6d882997b3a05fb2c583,36a02bffb580d2239edf5459,final_prompt,final_prompt,24,cross_patch,86238ffe9b4a2631ad89e5d9,0.5,0.5,0.5,0.5,0.0,0.0,True,True,True,True,False,False,False,False,False,False,False,-0.0
0b0a26a83411f7aa3c1d,grid,train,b127831bbd96a390fe1e,55ee6d882997b3a05fb2c583,36a02bffb580d2239edf5459,1/4,C1,1,2,50,51,True,True,False,False,discovery_grid_train,noising,55ee6d882997b3a05fb2c583,36a02bffb580d2239edf5459,final_prompt,final_prompt,24,self_patch,bff5783abdaf9539ecbb139a,0.5,0.5,0.5,0.5,0.0,0.0,True,True,True,True,False,False,False,False,False,False,False,-0.0
0b0a26a83411f7aa3c1d,grid,train,b127831bbd96a390fe1e,55ee6d882997b3a05fb2c583,36a02bffb580d2239edf5459,1/4,C1,1,2,50,51,True,True,False,False,discovery_grid_train,noising,55ee6d882997b3a05fb2c583,36a02bffb580d2239edf5459,final_prompt,final_prompt,25,cross_patch,496f7a0d15abee096ea336ea,0.5,0.5,0.5,0.5,0.0,0.0,True,True,True,True,False,False,False,False,False,False,False,-0.0
0b0a26a83411f7aa3c1d,grid,train,b127831bbd96a390fe1e,55ee6d882997b3a05fb2c583,36a02bffb580d2239edf5459,1/4,C1,1,2,50,51,True,True,False,False,discovery_grid_train,noising,55ee6d882997b3a05fb2c583,36a02bffb580d2239edf5459,final_prompt,final_prompt,25,self_patch,3b464e914ebced2136c3e98d,0.5,0.5,0.5,0.5,0.0,0.0,True,True,True,True,False,False,False,False,False,False,False,-0.0
0b0a26a83411f7aa3c1d,grid,train,b127831bbd96a390fe1e,55ee6d882997b3a05fb2c583,36a02bffb580d2239edf5459,1/4,C1,1,2,50,51,True,True,False,False,discovery_grid_train,noising,55ee6d882997b3a05fb2c583,36a02bffb580d2239edf5459,final_prompt,final_prompt,26,cross_patch,ea896ec5765f2549b96f40fd,0.5,0.5,0.5,0.5,0.0,0.0,True,True,True,True,False,False,False,False,False,False,False,-0.0
0b0a26a83411f7aa3c1d,grid,train,b127831bbd96a390fe1e,55ee6d882997b3a05fb2c583,36a02bffb580d2239edf5459,1/4,C1,1,2,50,51,True,True,False,False,discovery_grid_train,noising,55ee6d882997b3a05fb2c583,36a02bffb580d2239edf5459,final_prompt,final_prompt,26,self_patch,eef59a2cd927a66b3f86510f,0.5,0.5,0.5,0.5,0.0,0.0,True,True,True,True,False,False,False,False,False,False,False,-0.0
0b0a26a83411f7aa3c1d,grid,train,b127831bbd96a390fe1e,55ee6d882997b3a05fb2c583,36a02bffb580d2239edf5459,1/4,C1,1,2,50,51,True,True,False,False,discovery_grid_train,noising,55ee6d882997b3a05fb2c583,36a02bffb580d2239edf5459,final_prompt,final_prompt,27,cross_patch,10b1e63586acfd19de0c1e77,0.5,0.5,0.5,0.5,0.0,0.0,True,True,True,True,False,False,False,False,False,False,False,-0.0
0b0a26a83411f7aa3c1d,grid,train,b127831bbd96a390fe1e,55ee6d882997b3a05fb2c583,36a02bffb580d2239edf5459,1/4,C1,1,2,50,51,True,True,False,False,discovery_grid_train,noising,55ee6d882997b3a05fb2c583,36a02bffb580d2239edf5459,final_prompt,final_prompt,27,self_patch,b086013e7f737b0d84dc3f20,0.5,0.5,0.5,0.5,0.0,0.0,True,True,True,True,False,False,False,False,False,False,False,-0.0
0b0a26a83411f7aa3c1d,grid,train,b127831bbd96a390fe1e,55ee6d882997b3a05fb2c583,36a02bffb580d2239edf5459,1/4,C1,1,2,50,51,True,True,False,False,discovery_grid_train,noising,55ee6d882997b3a05fb2c583,36a02bffb580d2239edf5459,final_prompt,final_prompt,28,cross_patch,e213df3530f3135670e7b924,0.5,0.5,0.5,0.5,0.0,0.0,True,True,True,True,False,False,False,False,False,False,False,-0.0
0b0a26a83411f7aa3c1d,grid,train,b127831bbd96a390fe1e,55ee6d882997b3a05fb2c583,36a02bffb580d2239edf5459,1/4,C1,1,2,50,51,True,True,False,False,discovery_grid_train,noising,55ee6d882997b3a05fb2c583,36a02bffb580d2239edf5459,final_prompt,final_prompt,28,self_patch,213a0f0627600c5c070a3ea9,0.5,0.5,0.5,0.5,0.0,0.0,True,True,True,True,False,False,False,False,False,False,False,-0.0
0b0a26a83411f7aa3c1d,grid,train,b127831bbd96a390fe1e,55ee6d882997b3a05fb2c583,36a02bffb580d2239edf5459,1/4,C1,1,2,50,51,True,True,False,False,discovery_grid_train,noising,55ee6d882997b3a05fb2c583,36a02bffb580d2239edf5459,final_prompt,final_prompt,29,cross_patch,098762044cb81c9bcb408a44,0.5,0.5,0.5,0.5,0.0,0.0,True,True,True,True,False,False,False,False,False,False,False,-0.0
0b0a26a83411f7aa3c1d,grid,train,b127831bbd96a390fe1e,55ee6d882997b3a05fb2c583,36a02bffb580d2239edf5459,1/4,C1,1,2,50,51,True,True,False,False,discovery_grid_train,noising,55ee6d882997b3a05fb2c583,36a02bffb580d2239edf5459,final_prompt,final_prompt,29,self_patch,5163b7a87655e04698bbe1ca,0.5,0.5,0.5,0.5,0.0,0.0,True,True,True,True,False,False,False,False,False,False,False,-0.0
0b0a26a83411f7aa3c1d,grid,train,b127831bbd96a390fe1e,55ee6d882997b3a05fb2c583,36a02bffb580d2239edf5459,1/4,C1,1,2,50,51,True,True,False,False,discovery_grid_train,noising,55ee6d882997b3a05fb2c583,36a02bffb580d2239edf5459,final_prompt,final_prompt,30,cross_patch,2e0df9891d702ba28a88334e,0.5,0.5,0.5,0.5,0.0,0.0,True,True,True,True,False,False,False,False,False,False,False,-0.0
0b0a26a83411f7aa3c1d,grid,train,b127831bbd96a390fe1e,55ee6d882997b3a05fb2c583,36a02bffb580d2239edf5459,1/4,C1,1,2,50,51,True,True,False,False,discovery_grid_train,noising,55ee6d882997b3a05fb2c583,36a02bffb580d2239edf5459,final_prompt,final_prompt,30,self_patch,9869f64a8ffa1bbe617602e6,0.5,0.5,0.5,0.5,0.0,0.0,True,True,True,True,False,False,False,False,False,False,False,-0.0
0b0a26a83411f7aa3c1d,grid,train,b127831bbd96a390fe1e,55ee6d882997b3a05fb2c583,36a02bffb580d2239edf5459,1/4,C1,1,2,50,51,True,True,False,False,discovery_grid_train,noising,55ee6d882997b3a05fb2c583,36a02bffb580d2239edf5459,final_prompt,final_prompt,31,cross_patch,5e6fbcd453f25542eb36ad8a,0.5,0.5,0.5,0.5,0.0,0.0,True,True,True,True,False,False,False,False,False,False,False,-0.0
0b0a26a83411f7aa3c1d,grid,train,b127831bbd96a390fe1e,55ee6d882997b3a05fb2c583,36a02bffb580d2239edf5459,1/4,C1,1,2,50,51,True,True,False,False,discovery_grid_train,noising,55ee6d882997b3a05fb2c583,36a02bffb580d2239edf5459,final_prompt,final_prompt,31,self_patch,8f5d0682966223a3fcb3c2ae,0.5,0.5,0.5,0.5,0.0,0.0,True,True,True,True,False,False,False,False,False,False,False,-0.0
0b0a26a83411f7aa3c1d,grid,train,b127831bbd96a390fe1e,55ee6d882997b3a05fb2c583,36a02bffb580d2239edf5459,1/4,C1,1,2,50,51,True,True,False,False,discovery_grid_train,noising,55ee6d882997b3a05fb2c583,36a02bffb580d2239edf5459,answer_prefix,answer_prefix,0,cross_patch,893f23018aedc307f8b277fa,0.5,0.625,0.5,0.625,0.125,0.125,True,True,True,True,False,False,False,False,False,False,False,-0.125
0b0a26a83411f7aa3c1d,grid,train,b127831bbd96a390fe1e,55ee6d882997b3a05fb2c583,36a02bffb580d2239edf5459,1/4,C1,1,2,50,51,True,True,False,False,discovery_grid_train,noising,55ee6d882997b3a05fb2c583,36a02bffb580d2239edf5459,answer_prefix,answer_prefix,0,self_patch,544fcf32f82d3e6787db7205,0.5,0.5,0.5,0.5,0.0,0.0,True,True,True,True,False,False,False,False,False,False,False,-0.0
0b0a26a83411f7aa3c1d,grid,train,b127831bbd96a390fe1e,55ee6d882997b3a05fb2c583,36a02bffb580d2239edf5459,1/4,C1,1,2,50,51,True,True,False,False,discovery_grid_train,noising,55ee6d882997b3a05fb2c583,36a02bffb580d2239edf5459,answer_prefix,answer_prefix,1,cross_patch,08876939a886040cb8e67463,0.5,0.5,0.5,0.5,0.0,0.0,True,True,True,True,False,False,False,False,False,False,False,-0.0
0b0a26a83411f7aa3c1d,grid,train,b127831bbd96a390fe1e,55ee6d882997b3a05fb2c583,36a02bffb580d2239edf5459,1/4,C1,1,2,50,51,True,True,False,False,discovery_grid_train,noising,55ee6d882997b3a05fb2c583,36a02bffb580d2239edf5459,answer_prefix,answer_prefix,1,self_patch,faaaf682781dba2a124b65fb,0.5,0.5,0.5,0.5,0.0,0.0,True,True,True,True,False,False,False,False,False,False,False,-0.0
0b0a26a83411f7aa3c1d,grid,train,b127831bbd96a390fe1e,55ee6d882997b3a05fb2c583,36a02bffb580d2239edf5459,1/4,C1,1,2,50,51,True,True,False,False,discovery_grid_train,noising,55ee6d882997b3a05fb2c583,36a02bffb580d2239edf5459,answer_prefix,answer_prefix,2,cross_patch,5f804df4b172d81324093024,0.5,0.5,0.5,0.5,0.0,0.0,True,True,True,True,False,False,False,False,False,False,False,-0.0
0b0a26a83411f7aa3c1d,grid,train,b127831bbd96a390fe1e,55ee6d882997b3a05fb2c583,36a02bffb580d2239edf5459,1/4,C1,1,2,50,51,True,True,False,False,discovery_grid_train,noising,55ee6d882997b3a05fb2c583,36a02bffb580d2239edf5459,answer_prefix,answer_prefix,2,self_patch,1be3b0a04d5b6919ef031096,0.5,0.5,0.5,0.5,0.0,0.0,True,True,True,True,False,False,False,False,False,False,False,-0.0
0b0a26a83411f7aa3c1d,grid,train,b127831bbd96a390fe1e,55ee6d882997b3a05fb2c583,36a02bffb580d2239edf5459,1/4,C1,1,2,50,51,True,True,False,False,discovery_grid_train,noising,55ee6d882997b3a05fb2c583,36a02bffb580d2239edf5459,answer_prefix,answer_prefix,3,cross_patch,6696af930c5dca187231e0ab,0.5,0.625,0.5,0.625,0.125,0.125,True,True,True,True,False,False,False,False,False,False,False,-0.125
0b0a26a83411f7aa3c1d,grid,train,b127831bbd96a390fe1e,55ee6d882997b3a05fb2c583,36a02bffb580d2239edf5459,1/4,C1,1,2,50,51,True,True,False,False,discovery_grid_train,noising,55ee6d882997b3a05fb2c583,36a02bffb580d2239edf5459,answer_prefix,answer_prefix,3,self_patch,4142b7e6602cd9562b86ee3b,0.5,0.5,0.5,0.5,0.0,0.0,True,True,True,True,False,False,False,False,False,False,False,-0.0
0b0a26a83411f7aa3c1d,grid,train,b127831bbd96a390fe1e,55ee6d882997b3a05fb2c583,36a02bffb580d2239edf5459,1/4,C1,1,2,50,51,True,True,False,False,discovery_grid_train,noising,55ee6d882997b3a05fb2c583,36a02bffb580d2239edf5459,answer_prefix,answer_prefix,4,cross_patch,cd2f8538c878ce38d858e1c4,0.5,0.5,0.5,0.5,0.0,0.0,True,True,True,True,False,False,False,False,False,False,False,-0.0
0b0a26a83411f7aa3c1d,grid,train,b127831bbd96a390fe1e,55ee6d882997b3a05fb2c583,36a02bffb580d2239edf5459,1/4,C1,1,2,50,51,True,True,False,False,discovery_grid_train,noising,55ee6d882997b3a05fb2c583,36a02bffb580d2239edf5459,answer_prefix,answer_prefix,4,self_patch,9bdbe35d74d511e41cb375a0,0.5,0.5,0.5,0.5,0.0,0.0,True,True,True,True,False,False,False,False,False,False,False,-0.0
0b0a26a83411f7aa3c1d,grid,train,b127831bbd96a390fe1e,55ee6d882997b3a05fb2c583,36a02bffb580d2239edf5459,1/4,C1,1,2,50,51,True,True,False,False,discovery_grid_train,noising,55ee6d882997b3a05fb2c583,36a02bffb580d2239edf5459,answer_prefix,answer_prefix,5,cross_patch,4425e73abb524a89ae8d7971,0.5,0.5,0.5,0.5,0.0,0.0,True,True,True,True,False,False,False,False,False,False,False,-0.0
0b0a26a83411f7aa3c1d,grid,train,b127831bbd96a390fe1e,55ee6d882997b3a05fb2c583,36a02bffb580d2239edf5459,1/4,C1,1,2,50,51,True,True,False,False,discovery_grid_train,noising,55ee6d882997b3a05fb2c583,36a02bffb580d2239edf5459,answer_prefix,answer_prefix,5,self_patch,a6b51052611f4ccde6044f11,0.5,0.5,0.5,0.5,0.0,0.0,True,True,True,True,False,False,False,False,False,False,False,-0.0
0b0a26a83411f7aa3c1d,grid,train,b127831bbd96a390fe1e,55ee6d882997b3a05fb2c583,36a02bffb580d2239edf5459,1/4,C1,1,2,50,51,True,True,False,False,discovery_grid_train,noising,55ee6d882997b3a05fb2c583,36a02bffb580d2239edf5459,answer_prefix,answer_prefix,6,cross_patch,c9e816e0a1bc00cab8648f1a,0.5,0.625,0.5,0.625,0.125,0.125,True,True,True,True,False,False,False,False,False,False,False,-0.125
0b0a26a83411f7aa3c1d,grid,train,b127831bbd96a390fe1e,55ee6d882997b3a05fb2c583,36a02bffb580d2239edf5459,1/4,C1,1,2,50,51,True,True,False,False,discovery_grid_train,noising,55ee6d882997b3a05fb2c583,36a02bffb580d2239edf5459,answer_prefix,answer_prefix,6,self_patch,e3fcc6fa4b8496bc7ee1f1e6,0.5,0.5,0.5,0.5,0.0,0.0,True,True,True,True,False,False,False,False,False,False,False,-0.0
0b0a26a83411f7aa3c1d,grid,train,b127831bbd96a390fe1e,55ee6d882997b3a05fb2c583,36a02bffb580d2239edf5459,1/4,C1,1,2,50,51,True,True,False,False,discovery_grid_train,noising,55ee6d882997b3a05fb2c583,36a02bffb580d2239edf5459,answer_prefix,answer_prefix,7,cross_patch,aa7c9e44a453d2be21471822,0.5,0.625,0.5,0.625,0.125,0.125,True,True,True,True,False,False,False,False,False,False,False,-0.125
0b0a26a83411f7aa3c1d,grid,train,b127831bbd96a390fe1e,55ee6d882997b3a05fb2c583,36a02bffb580d2239edf5459,1/4,C1,1,2,50,51,True,True,False,False,discovery_grid_train,noising,55ee6d882997b3a05fb2c583,36a02bffb580d2239edf5459,answer_prefix,answer_prefix,7,self_patch,f5031cbb39277265d695aa2d,0.5,0.5,0.5,0.5,0.0,0.0,True,True,True,True,False,False,False,False,False,False,False,-0.0
0b0a26a83411f7aa3c1d,grid,train,b127831bbd96a390fe1e,55ee6d882997b3a05fb2c583,36a02bffb580d2239edf5459,1/4,C1,1,2,50,51,True,True,False,False,discovery_grid_train,noising,55ee6d882997b3a05fb2c583,36a02bffb580d2239edf5459,answer_prefix,answer_prefix,8,cross_patch,4289ca0b397d6a0a00a851ea,0.5,0.625,0.5,0.625,0.125,0.125,True,True,True,True,False,False,False,False,False,False,False,-0.125
0b0a26a83411f7aa3c1d,grid,train,b127831bbd96a390fe1e,55ee6d882997b3a05fb2c583,36a02bffb580d2239edf5459,1/4,C1,1,2,50,51,True,True,False,False,discovery_grid_train,noising,55ee6d882997b3a05fb2c583,36a02bffb580d2239edf5459,answer_prefix,answer_prefix,8,self_patch,7592d5ad0881ba0243203506,0.5,0.5,0.5,0.5,0.0,0.0,True,True,True,True,False,False,False,False,False,False,False,-0.0
0b0a26a83411f7aa3c1d,grid,train,b127831bbd96a390fe1e,55ee6d882997b3a05fb2c583,36a02bffb580d2239edf5459,1/4,C1,1,2,50,51,True,True,False,False,discovery_grid_train,noising,55ee6d882997b3a05fb2c583,36a02bffb580d2239edf5459,answer_prefix,answer_prefix,9,cross_patch,a38524405b5b13b7c45c64c8,0.5,0.5,0.5,0.5,0.0,0.0,True,True,True,True,False,False,False,False,False,False,False,-0.0
0b0a26a83411f7aa3c1d,grid,train,b127831bbd96a390fe1e,55ee6d882997b3a05fb2c583,36a02bffb580d2239edf5459,1/4,C1,1,2,50,51,True,True,False,False,discovery_grid_train,noising,55ee6d882997b3a05fb2c583,36a02bffb580d2239edf5459,answer_prefix,answer_prefix,9,self_patch,90913f9723c7d6b635b4fbb6,0.5,0.5,0.5,0.5,0.0,0.0,True,True,True,True,False,False,False,False,False,False,False,-0.0
0b0a26a83411f7aa3c1d,grid,train,b127831bbd96a390fe1e,55ee6d882997b3a05fb2c583,36a02bffb580d2239edf5459,1/4,C1,1,2,50,51,True,True,False,False,discovery_grid_train,noising,55ee6d882997b3a05fb2c583,36a02bffb580d2239edf5459,answer_prefix,answer_prefix,10,cross_patch,53e9ee08f2d9f0a15b5bef0f,0.5,0.625,0.5,0.625,0.125,0.125,True,True,True,True,False,False,False,False,False,False,False,-0.125
0b0a26a83411f7aa3c1d,grid,train,b127831bbd96a390fe1e,55ee6d882997b3a05fb2c583,36a02bffb580d2239edf5459,1/4,C1,1,2,50,51,True,True,False,False,discovery_grid_train,noising,55ee6d882997b3a05fb2c583,36a02bffb580d2239edf5459,answer_prefix,answer_prefix,10,self_patch,99f69affc419ccba2b711c5f,0.5,0.5,0.5,0.5,0.0,0.0,True,True,True,True,False,False,False,False,False,False,False,-0.0
0b0a26a83411f7aa3c1d,grid,train,b127831bbd96a390fe1e,55ee6d882997b3a05fb2c583,36a02bffb580d2239edf5459,1/4,C1,1,2,50,51,True,True,False,False,discovery_grid_train,noising,55ee6d882997b3a05fb2c583,36a02bffb580d2239edf5459,answer_prefix,answer_prefix,11,cross_patch,74f2a978d45c67c94d5d66ec,0.5,0.625,0.5,0.625,0.125,0.125,True,True,True,True,False,False,False,False,False,False,False,-0.125
0b0a26a83411f7aa3c1d,grid,train,b127831bbd96a390fe1e,55ee6d882997b3a05fb2c583,36a02bffb580d2239edf5459,1/4,C1,1,2,50,51,True,True,False,False,discovery_grid_train,noising,55ee6d882997b3a05fb2c583,36a02bffb580d2239edf5459,answer_prefix,answer_prefix,11,self_patch,60b0f39ed79a88a6757a47e3,0.5,0.5,0.5,0.5,0.0,0.0,True,True,True,True,False,False,False,False,False,False,False,-0.0
0b0a26a83411f7aa3c1d,grid,train,b127831bbd96a390fe1e,55ee6d882997b3a05fb2c583,36a02bffb580d2239edf5459,1/4,C1,1,2,50,51,True,True,False,False,discovery_grid_train,noising,55ee6d882997b3a05fb2c583,36a02bffb580d2239edf5459,answer_prefix,answer_prefix,12,cross_patch,eb8ab93e3e4662d43a2c5898,0.5,0.5,0.5,0.5,0.0,0.0,True,True,True,True,False,False,False,False,False,False,False,-0.0
0b0a26a83411f7aa3c1d,grid,train,b127831bbd96a390fe1e,55ee6d882997b3a05fb2c583,36a02bffb580d2239edf5459,1/4,C1,1,2,50,51,True,True,False,False,discovery_grid_train,noising,55ee6d882997b3a05fb2c583,36a02bffb580d2239edf5459,answer_prefix,answer_prefix,12,self_patch,45aa10928dfb2eafa109d99b,0.5,0.5,0.5,0.5,0.0,0.0,True,True,True,True,False,False,False,False,False,False,False,-0.0
0b0a26a83411f7aa3c1d,grid,train,b127831bbd96a390fe1e,55ee6d882997b3a05fb2c583,36a02bffb580d2239edf5459,1/4,C1,1,2,50,51,True,True,False,False,discovery_grid_train,noising,55ee6d882997b3a05fb2c583,36a02bffb580d2239edf5459,answer_prefix,answer_prefix,13,cross_patch,8147c32666d3711d76a75046,0.5,0.625,0.5,0.625,0.125,0.125,True,True,True,True,False,False,False,False,False,False,False,-0.125
0b0a26a83411f7aa3c1d,grid,train,b127831bbd96a390fe1e,55ee6d882997b3a05fb2c583,36a02bffb580d2239edf5459,1/4,C1,1,2,50,51,True,True,False,False,discovery_grid_train,noising,55ee6d882997b3a05fb2c583,36a02bffb580d2239edf5459,answer_prefix,answer_prefix,13,self_patch,3c8e57c9b726d3810015360d,0.5,0.5,0.5,0.5,0.0,0.0,True,True,True,True,False,False,False,False,False,False,False,-0.0
0b0a26a83411f7aa3c1d,grid,train,b127831bbd96a390fe1e,55ee6d882997b3a05fb2c583,36a02bffb580d2239edf5459,1/4,C1,1,2,50,51,True,True,False,False,discovery_grid_train,noising,55ee6d882997b3a05fb2c583,36a02bffb580d2239edf5459,answer_prefix,answer_prefix,14,cross_patch,fc23130638a822c2ad27ef07,0.5,0.625,0.5,0.625,0.125,0.125,True,True,True,True,False,False,False,False,False,False,False,-0.125
0b0a26a83411f7aa3c1d,grid,train,b127831bbd96a390fe1e,55ee6d882997b3a05fb2c583,36a02bffb580d2239edf5459,1/4,C1,1,2,50,51,True,True,False,False,discovery_grid_train,noising,55ee6d882997b3a05fb2c583,36a02bffb580d2239edf5459,answer_prefix,answer_prefix,14,self_patch,ec7729a26d82d0176414c641,0.5,0.5,0.5,0.5,0.0,0.0,True,True,True,True,False,False,False,False,False,False,False,-0.0
0b0a26a83411f7aa3c1d,grid,train,b127831bbd96a390fe1e,55ee6d882997b3a05fb2c583,36a02bffb580d2239edf5459,1/4,C1,1,2,50,51,True,True,False,False,discovery_grid_train,noising,55ee6d882997b3a05fb2c583,36a02bffb580d2239edf5459,answer_prefix,answer_prefix,15,cross_patch,1ade29b591bc2f6c0e6d02f8,0.5,0.625,0.5,0.625,0.125,0.125,True,True,True,True,False,False,False,False,False,False,False,-0.125
0b0a26a83411f7aa3c1d,grid,train,b127831bbd96a390fe1e,55ee6d882997b3a05fb2c583,36a02bffb580d2239edf5459,1/4,C1,1,2,50,51,True,True,False,False,discovery_grid_train,noising,55ee6d882997b3a05fb2c583,36a02bffb580d2239edf5459,answer_prefix,answer_prefix,15,self_patch,5a83203dc99711a8bbbab52f,0.5,0.5,0.5,0.5,0.0,0.0,True,True,True,True,False,False,False,False,False,False,False,-0.0
0b0a26a83411f7aa3c1d,grid,train,b127831bbd96a390fe1e,55ee6d882997b3a05fb2c583,36a02bffb580d2239edf5459,1/4,C1,1,2,50,51,True,True,False,False,discovery_grid_train,noising,55ee6d882997b3a05fb2c583,36a02bffb580d2239edf5459,answer_prefix,answer_prefix,16,cross_patch,573af4b63e6afc6ea5800078,0.5,0.5,0.5,0.5,0.0,0.0,True,True,True,True,False,False,False,False,False,False,False,-0.0
0b0a26a83411f7aa3c1d,grid,train,b127831bbd96a390fe1e,55ee6d882997b3a05fb2c583,36a02bffb580d2239edf5459,1/4,C1,1,2,50,51,True,True,False,False,discovery_grid_train,noising,55ee6d882997b3a05fb2c583,36a02bffb580d2239edf5459,answer_prefix,answer_prefix,16,self_patch,930e46b43ffa01740a22d93b,0.5,0.5,0.5,0.5,0.0,0.0,True,True,True,True,False,False,False,False,False,False,False,-0.0
0b0a26a83411f7aa3c1d,grid,train,b127831bbd96a390fe1e,55ee6d882997b3a05fb2c583,36a02bffb580d2239edf5459,1/4,C1,1,2,50,51,True,True,False,False,discovery_grid_train,noising,55ee6d882997b3a05fb2c583,36a02bffb580d2239edf5459,answer_prefix,answer_prefix,17,cross_patch,f50bf0ee3e07723cea66c7fb,0.5,0.5,0.5,0.5,0.0,0.0,True,True,True,True,False,False,False,False,False,False,False,-0.0
0b0a26a83411f7aa3c1d,grid,train,b127831bbd96a390fe1e,55ee6d882997b3a05fb2c583,36a02bffb580d2239edf5459,1/4,C1,1,2,50,51,True,True,False,False,discovery_grid_train,noising,55ee6d882997b3a05fb2c583,36a02bffb580d2239edf5459,answer_prefix,answer_prefix,17,self_patch,52cbd868c2d260ce282b7e7d,0.5,0.5,0.5,0.5,0.0,0.0,True,True,True,True,False,False,False,False,False,False,False,-0.0
0b0a26a83411f7aa3c1d,grid,train,b127831bbd96a390fe1e,55ee6d882997b3a05fb2c583,36a02bffb580d2239edf5459,1/4,C1,1,2,50,51,True,True,False,False,discovery_grid_train,noising,55ee6d882997b3a05fb2c583,36a02bffb580d2239edf5459,answer_prefix,answer_prefix,18,cross_patch,5b9e092fbf05fd78a5e82e8f,0.5,0.5,0.5,0.5,0.0,0.0,True,True,True,True,False,False,False,False,False,False,False,-0.0
0b0a26a83411f7aa3c1d,grid,train,b127831bbd96a390fe1e,55ee6d882997b3a05fb2c583,36a02bffb580d2239edf5459,1/4,C1,1,2,50,51,True,True,False,False,discovery_grid_train,noising,55ee6d882997b3a05fb2c583,36a02bffb580d2239edf5459,answer_prefix,answer_prefix,18,self_patch,287f7c376fda2b8ae6b0238d,0.5,0.5,0.5,0.5,0.0,0.0,True,True,True,True,False,False,False,False,False,False,False,-0.0
0b0a26a83411f7aa3c1d,grid,train,b127831bbd96a390fe1e,55ee6d882997b3a05fb2c583,36a02bffb580d2239edf5459,1/4,C1,1,2,50,51,True,True,False,False,discovery_grid_train,noising,55ee6d882997b3a05fb2c583,36a02bffb580d2239edf5459,answer_prefix,answer_prefix,19,cross_patch,1af69fb104eb08dec2ccfea6,0.5,0.625,0.5,0.625,0.125,0.125,True,True,True,True,False,False,False,False,False,False,False,-0.125
0b0a26a83411f7aa3c1d,grid,train,b127831bbd96a390fe1e,55ee6d882997b3a05fb2c583,36a02bffb580d2239edf5459,1/4,C1,1,2,50,51,True,True,False,False,discovery_grid_train,noising,55ee6d882997b3a05fb2c583,36a02bffb580d2239edf5459,answer_prefix,answer_prefix,19,self_patch,defe806e829c9baf23512714,0.5,0.5,0.5,0.5,0.0,0.0,True,True,True,True,False,False,False,False,False,False,False,-0.0
0b0a26a83411f7aa3c1d,grid,train,b127831bbd96a390fe1e,55ee6d882997b3a05fb2c583,36a02bffb580d2239edf5459,1/4,C1,1,2,50,51,True,True,False,False,discovery_grid_train,noising,55ee6d882997b3a05fb2c583,36a02bffb580d2239edf5459,answer_prefix,answer_prefix,20,cross_patch,8edf44d571d8d36f89fa05a8,0.5,0.625,0.5,0.625,0.125,0.125,True,True,True,True,False,False,False,False,False,False,False,-0.125
0b0a26a83411f7aa3c1d,grid,train,b127831bbd96a390fe1e,55ee6d882997b3a05fb2c583,36a02bffb580d2239edf5459,1/4,C1,1,2,50,51,True,True,False,False,discovery_grid_train,noising,55ee6d882997b3a05fb2c583,36a02bffb580d2239edf5459,answer_prefix,answer_prefix,20,self_patch,23476c415beb5b30ca34dc25,0.5,0.5,0.5,0.5,0.0,0.0,True,True,True,True,False,False,False,False,False,False,False,-0.0
0b0a26a83411f7aa3c1d,grid,train,b127831bbd96a390fe1e,55ee6d882997b3a05fb2c583,36a02bffb580d2239edf5459,1/4,C1,1,2,50,51,True,True,False,False,discovery_grid_train,noising,55ee6d882997b3a05fb2c583,36a02bffb580d2239edf5459,answer_prefix,answer_prefix,21,cross_patch,30e06079436e5c190c45fd30,0.5,0.625,0.5,0.625,0.125,0.125,True,True,True,True,False,False,False,False,False,False,False,-0.125
0b0a26a83411f7aa3c1d,grid,train,b127831bbd96a390fe1e,55ee6d882997b3a05fb2c583,36a02bffb580d2239edf5459,1/4,C1,1,2,50,51,True,True,False,False,discovery_grid_train,noising,55ee6d882997b3a05fb2c583,36a02bffb580d2239edf5459,answer_prefix,answer_prefix,21,self_patch,56d3df8a9b92e0196dc1308c,0.5,0.5,0.5,0.5,0.0,0.0,True,True,True,True,False,False,False,False,False,False,False,-0.0
0b0a26a83411f7aa3c1d,grid,train,b127831bbd96a390fe1e,55ee6d882997b3a05fb2c583,36a02bffb580d2239edf5459,1/4,C1,1,2,50,51,True,True,False,False,discovery_grid_train,noising,55ee6d882997b3a05fb2c583,36a02bffb580d2239edf5459,answer_prefix,answer_prefix,22,cross_patch,481cd65407be694fe3830a7d,0.5,0.5,0.5,0.5,0.0,0.0,True,True,True,True,False,False,False,False,False,False,False,-0.0
0b0a26a83411f7aa3c1d,grid,train,b127831bbd96a390fe1e,55ee6d882997b3a05fb2c583,36a02bffb580d2239edf5459,1/4,C1,1,2,50,51,True,True,False,False,discovery_grid_train,noising,55ee6d882997b3a05fb2c583,36a02bffb580d2239edf5459,answer_prefix,answer_prefix,22,self_patch,da8b0151c29a705dbf0f54e3,0.5,0.5,0.5,0.5,0.0,0.0,True,True,True,True,False,False,False,False,False,False,False,-0.0
0b0a26a83411f7aa3c1d,grid,train,b127831bbd96a390fe1e,55ee6d882997b3a05fb2c583,36a02bffb580d2239edf5459,1/4,C1,1,2,50,51,True,True,False,False,discovery_grid_train,noising,55ee6d882997b3a05fb2c583,36a02bffb580d2239edf5459,answer_prefix,answer_prefix,23,cross_patch,6f7e30826f5a6ec23cf06067,0.5,0.5,0.5,0.5,0.0,0.0,True,True,True,True,False,False,False,False,False,False,False,-0.0
0b0a26a83411f7aa3c1d,grid,train,b127831bbd96a390fe1e,55ee6d882997b3a05fb2c583,36a02bffb580d2239edf5459,1/4,C1,1,2,50,51,True,True,False,False,discovery_grid_train,noising,55ee6d882997b3a05fb2c583,36a02bffb580d2239edf5459,answer_prefix,answer_prefix,23,self_patch,6cf9469a68489fb89753a5a8,0.5,0.5,0.5,0.5,0.0,0.0,True,True,True,True,False,False,False,False,False,False,False,-0.0
0b0a26a83411f7aa3c1d,grid,train,b127831bbd96a390fe1e,55ee6d882997b3a05fb2c583,36a02bffb580d2239edf5459,1/4,C1,1,2,50,51,True,True,False,False,discovery_grid_train,noising,55ee6d882997b3a05fb2c583,36a02bffb580d2239edf5459,answer_prefix,answer_prefix,24,cross_patch,3c8dbf5edc9ca038b879b1d3,0.5,0.5,0.5,0.5,0.0,0.0,True,True,True,True,False,False,False,False,False,False,False,-0.0
0b0a26a83411f7aa3c1d,grid,train,b127831bbd96a390fe1e,55ee6d882997b3a05fb2c583,36a02bffb580d2239edf5459,1/4,C1,1,2,50,51,True,True,False,False,discovery_grid_train,noising,55ee6d882997b3a05fb2c583,36a02bffb580d2239edf5459,answer_prefix,answer_prefix,24,self_patch,e592d4f1612f0b300461dbd1,0.5,0.5,0.5,0.5,0.0,0.0,True,True,True,True,False,False,False,False,False,False,False,-0.0
0b0a26a83411f7aa3c1d,grid,train,b127831bbd96a390fe1e,55ee6d882997b3a05fb2c583,36a02bffb580d2239edf5459,1/4,C1,1,2,50,51,True,True,False,False,discovery_grid_train,noising,55ee6d882997b3a05fb2c583,36a02bffb580d2239edf5459,answer_prefix,answer_prefix,25,cross_patch,589a430922bf24a2893e1087,0.5,0.5,0.5,0.5,0.0,0.0,True,True,True,True,False,False,False,False,False,False,False,-0.0
0b0a26a83411f7aa3c1d,grid,train,b127831bbd96a390fe1e,55ee6d882997b3a05fb2c583,36a02bffb580d2239edf5459,1/4,C1,1,2,50,51,True,True,False,False,discovery_grid_train,noising,55ee6d882997b3a05fb2c583,36a02bffb580d2239edf5459,answer_prefix,answer_prefix,25,self_patch,edd6643afc0404e5f83bfb7f,0.5,0.5,0.5,0.5,0.0,0.0,True,True,True,True,False,False,False,False,False,False,False,-0.0
0b0a26a83411f7aa3c1d,grid,train,b127831bbd96a390fe1e,55ee6d882997b3a05fb2c583,36a02bffb580d2239edf5459,1/4,C1,1,2,50,51,True,True,False,False,discovery_grid_train,noising,55ee6d882997b3a05fb2c583,36a02bffb580d2239edf5459,answer_prefix,answer_prefix,26,cross_patch,2b2fd0d3081f56c7491b6759,0.5,0.375,0.5,0.375,-0.125,-0.125,True,True,True,True,False,False,False,False,False,False,False,0.125
0b0a26a83411f7aa3c1d,grid,train,b127831bbd96a390fe1e,55ee6d882997b3a05fb2c583,36a02bffb580d2239edf5459,1/4,C1,1,2,50,51,True,True,False,False,discovery_grid_train,noising,55ee6d882997b3a05fb2c583,36a02bffb580d2239edf5459,answer_prefix,answer_prefix,26,self_patch,0b941155f9e4e438f496c139,0.5,0.5,0.5,0.5,0.0,0.0,True,True,True,True,False,False,False,False,False,False,False,-0.0
0b0a26a83411f7aa3c1d,grid,train,b127831bbd96a390fe1e,55ee6d882997b3a05fb2c583,36a02bffb580d2239edf5459,1/4,C1,1,2,50,51,True,True,False,False,discovery_grid_train,noising,55ee6d882997b3a05fb2c583,36a02bffb580d2239edf5459,answer_prefix,answer_prefix,27,cross_patch,bda92bd99ef8f7b4ec3925f7,0.5,0.375,0.5,0.375,-0.125,-0.125,True,True,True,True,False,False,False,False,False,False,False,0.125
0b0a26a83411f7aa3c1d,grid,train,b127831bbd96a390fe1e,55ee6d882997b3a05fb2c583,36a02bffb580d2239edf5459,1/4,C1,1,2,50,51,True,True,False,False,discovery_grid_train,noising,55ee6d882997b3a05fb2c583,36a02bffb580d2239edf5459,answer_prefix,answer_prefix,27,self_patch,8e6422377b17febd90879838,0.5,0.5,0.5,0.5,0.0,0.0,True,True,True,True,False,False,False,False,False,False,False,-0.0
0b0a26a83411f7aa3c1d,grid,train,b127831bbd96a390fe1e,55ee6d882997b3a05fb2c583,36a02bffb580d2239edf5459,1/4,C1,1,2,50,51,True,True,False,False,discovery_grid_train,noising,55ee6d882997b3a05fb2c583,36a02bffb580d2239edf5459,answer_prefix,answer_prefix,28,cross_patch,7f91943f9255a4dbcbf9bfdb,0.5,0.375,0.5,0.375,-0.125,-0.125,True,True,True,True,False,False,False,False,False,False,False,0.125
0b0a26a83411f7aa3c1d,grid,train,b127831bbd96a390fe1e,55ee6d882997b3a05fb2c583,36a02bffb580d2239edf5459,1/4,C1,1,2,50,51,True,True,False,False,discovery_grid_train,noising,55ee6d882997b3a05fb2c583,36a02bffb580d2239edf5459,answer_prefix,answer_prefix,28,self_patch,e5a79f0bce62e4012142679a,0.5,0.5,0.5,0.5,0.0,0.0,True,True,True,True,False,False,False,False,False,False,False,-0.0
0b0a26a83411f7aa3c1d,grid,train,b127831bbd96a390fe1e,55ee6d882997b3a05fb2c583,36a02bffb580d2239edf5459,1/4,C1,1,2,50,51,True,True,False,False,discovery_grid_train,noising,55ee6d882997b3a05fb2c583,36a02bffb580d2239edf5459,answer_prefix,answer_prefix,29,cross_patch,94640dc385b27777285320d2,0.5,0.375,0.5,0.375,-0.125,-0.125,True,True,True,True,False,False,False,False,False,False,False,0.125
0b0a26a83411f7aa3c1d,grid,train,b127831bbd96a390fe1e,55ee6d882997b3a05fb2c583,36a02bffb580d2239edf5459,1/4,C1,1,2,50,51,True,True,False,False,discovery_grid_train,noising,55ee6d882997b3a05fb2c583,36a02bffb580d2239edf5459,answer_prefix,answer_prefix,29,self_patch,a466636373c7aece1a2a4243,0.5,0.5,0.5,0.5,0.0,0.0,True,True,True,True,False,False,False,False,False,False,False,-0.0
0b0a26a83411f7aa3c1d,grid,train,b127831bbd96a390fe1e,55ee6d882997b3a05fb2c583,36a02bffb580d2239edf5459,1/4,C1,1,2,50,51,True,True,False,False,discovery_grid_train,noising,55ee6d882997b3a05fb2c583,36a02bffb580d2239edf5459,answer_prefix,answer_prefix,30,cross_patch,a36d99e8726e1c53efa3a066,0.5,-0.625,0.5,-0.625,-1.125,-1.125,True,False,True,False,False,True,False,True,True,False,True,1.125
0b0a26a83411f7aa3c1d,grid,train,b127831bbd96a390fe1e,55ee6d882997b3a05fb2c583,36a02bffb580d2239edf5459,1/4,C1,1,2,50,51,True,True,False,False,discovery_grid_train,noising,55ee6d882997b3a05fb2c583,36a02bffb580d2239edf5459,answer_prefix,answer_prefix,30,self_patch,9d446e26e6a98d323c870019,0.5,0.5,0.5,0.5,0.0,0.0,True,True,True,True,False,False,False,False,False,False,False,-0.0
0b0a26a83411f7aa3c1d,grid,train,b127831bbd96a390fe1e,55ee6d882997b3a05fb2c583,36a02bffb580d2239edf5459,1/4,C1,1,2,50,51,True,True,False,False,discovery_grid_train,noising,55ee6d882997b3a05fb2c583,36a02bffb580d2239edf5459,answer_prefix,answer_prefix,31,cross_patch,dca5edbb6abe0dcd33a130f4,0.5,-0.75,0.5,-0.75,-1.25,-1.25,True,False,True,False,False,True,False,True,True,False,True,1.25
0b0a26a83411f7aa3c1d,grid,train,b127831bbd96a390fe1e,55ee6d882997b3a05fb2c583,36a02bffb580d2239edf5459,1/4,C1,1,2,50,51,True,True,False,False,discovery_grid_train,noising,55ee6d882997b3a05fb2c583,36a02bffb580d2239edf5459,answer_prefix,answer_prefix,31,self_patch,bab0029bb1242d0fe85e1867,0.5,0.5,0.5,0.5,0.0,0.0,True,True,True,True,False,False,False,False,False,False,False,-0.0
006327f6c2f6a4e84654,grid,train,54bb3f5f57f26cb27ce6,054faa597240a9e82434a0a9,c7d5fbd843ca9dca14ef9037,1/4,C2,2,1,38,33,True,True,False,False,discovery_grid_train,denoising,c7d5fbd843ca9dca14ef9037,054faa597240a9e82434a0a9,final_prompt,final_prompt,0,cross_patch,c6084ca891124fe18a981029,0.75,0.75,-0.75,-0.75,-0.0,0.0,False,False,False,False,False,False,False,False,False,False,False,-0.0
006327f6c2f6a4e84654,grid,train,54bb3f5f57f26cb27ce6,054faa597240a9e82434a0a9,c7d5fbd843ca9dca14ef9037,1/4,C2,2,1,38,33,True,True,False,False,discovery_grid_train,denoising,c7d5fbd843ca9dca14ef9037,054faa597240a9e82434a0a9,final_prompt,final_prompt,0,self_patch,9c5e5ee566057e88c185e3e7,0.75,0.75,-0.75,-0.75,-0.0,0.0,False,False,False,False,False,False,False,False,False,False,False,-0.0
006327f6c2f6a4e84654,grid,train,54bb3f5f57f26cb27ce6,054faa597240a9e82434a0a9,c7d5fbd843ca9dca14ef9037,1/4,C2,2,1,38,33,True,True,False,False,discovery_grid_train,denoising,c7d5fbd843ca9dca14ef9037,054faa597240a9e82434a0a9,final_prompt,final_prompt,1,cross_patch,8e15d959335164e003cf0131,0.75,0.75,-0.75,-0.75,-0.0,0.0,False,False,False,False,False,False,False,False,False,False,False,-0.0
006327f6c2f6a4e84654,grid,train,54bb3f5f57f26cb27ce6,054faa597240a9e82434a0a9,c7d5fbd843ca9dca14ef9037,1/4,C2,2,1,38,33,True,True,False,False,discovery_grid_train,denoising,c7d5fbd843ca9dca14ef9037,054faa597240a9e82434a0a9,final_prompt,final_prompt,1,self_patch,a6db98551f8a80cf1420a786,0.75,0.75,-0.75,-0.75,-0.0,0.0,False,False,False,False,False,False,False,False,False,False,False,-0.0
006327f6c2f6a4e84654,grid,train,54bb3f5f57f26cb27ce6,054faa597240a9e82434a0a9,c7d5fbd843ca9dca14ef9037,1/4,C2,2,1,38,33,True,True,False,False,discovery_grid_train,denoising,c7d5fbd843ca9dca14ef9037,054faa597240a9e82434a0a9,final_prompt,final_prompt,2,cross_patch,ba4c69dbe10527a069d5076f,0.75,0.75,-0.75,-0.75,-0.0,0.0,False,False,False,False,False,False,False,False,False,False,False,-0.0
006327f6c2f6a4e84654,grid,train,54bb3f5f57f26cb27ce6,054faa597240a9e82434a0a9,c7d5fbd843ca9dca14ef9037,1/4,C2,2,1,38,33,True,True,False,False,discovery_grid_train,denoising,c7d5fbd843ca9dca14ef9037,054faa597240a9e82434a0a9,final_prompt,final_prompt,2,self_patch,f76f5dd2455a259dd4b1f69a,0.75,0.75,-0.75,-0.75,-0.0,0.0,False,False,False,False,False,False,False,False,False,False,False,-0.0
006327f6c2f6a4e84654,grid,train,54bb3f5f57f26cb27ce6,054faa597240a9e82434a0a9,c7d5fbd843ca9dca14ef9037,1/4,C2,2,1,38,33,True,True,False,False,discovery_grid_train,denoising,c7d5fbd843ca9dca14ef9037,054faa597240a9e82434a0a9,final_prompt,final_prompt,3,cross_patch,ac6a081a2a40ba5b40b44f42,0.75,0.75,-0.75,-0.75,-0.0,0.0,False,False,False,False,False,False,False,False,False,False,False,-0.0
006327f6c2f6a4e84654,grid,train,54bb3f5f57f26cb27ce6,054faa597240a9e82434a0a9,c7d5fbd843ca9dca14ef9037,1/4,C2,2,1,38,33,True,True,False,False,discovery_grid_train,denoising,c7d5fbd843ca9dca14ef9037,054faa597240a9e82434a0a9,final_prompt,final_prompt,3,self_patch,63b60bfc236074f8caef9da5,0.75,0.75,-0.75,-0.75,-0.0,0.0,False,False,False,False,False,False,False,False,False,False,False,-0.0
006327f6c2f6a4e84654,grid,train,54bb3f5f57f26cb27ce6,054faa597240a9e82434a0a9,c7d5fbd843ca9dca14ef9037,1/4,C2,2,1,38,33,True,True,False,False,discovery_grid_train,denoising,c7d5fbd843ca9dca14ef9037,054faa597240a9e82434a0a9,final_prompt,final_prompt,4,cross_patch,cff2d3d3bc250029324b9c57,0.75,0.75,-0.75,-0.75,-0.0,0.0,False,False,False,False,False,False,False,False,False,False,False,-0.0
006327f6c2f6a4e84654,grid,train,54bb3f5f57f26cb27ce6,054faa597240a9e82434a0a9,c7d5fbd843ca9dca14ef9037,1/4,C2,2,1,38,33,True,True,False,False,discovery_grid_train,denoising,c7d5fbd843ca9dca14ef9037,054faa597240a9e82434a0a9,final_prompt,final_prompt,4,self_patch,c22d9c2145f71b818fa3f97c,0.75,0.75,-0.75,-0.75,-0.0,0.0,False,False,False,False,False,False,False,False,False,False,False,-0.0
006327f6c2f6a4e84654,grid,train,54bb3f5f57f26cb27ce6,054faa597240a9e82434a0a9,c7d5fbd843ca9dca14ef9037,1/4,C2,2,1,38,33,True,True,False,False,discovery_grid_train,denoising,c7d5fbd843ca9dca14ef9037,054faa597240a9e82434a0a9,final_prompt,final_prompt,5,cross_patch,dced49e870eecf665cbf6afb,0.75,0.875,-0.75,-0.875,-0.125,0.125,False,False,False,False,False,False,False,False,False,False,False,-0.125
006327f6c2f6a4e84654,grid,train,54bb3f5f57f26cb27ce6,054faa597240a9e82434a0a9,c7d5fbd843ca9dca14ef9037,1/4,C2,2,1,38,33,True,True,False,False,discovery_grid_train,denoising,c7d5fbd843ca9dca14ef9037,054faa597240a9e82434a0a9,final_prompt,final_prompt,5,self_patch,c055a0271e728a98b0842bf9,0.75,0.75,-0.75,-0.75,-0.0,0.0,False,False,False,False,False,False,False,False,False,False,False,-0.0
006327f6c2f6a4e84654,grid,train,54bb3f5f57f26cb27ce6,054faa597240a9e82434a0a9,c7d5fbd843ca9dca14ef9037,1/4,C2,2,1,38,33,True,True,False,False,discovery_grid_train,denoising,c7d5fbd843ca9dca14ef9037,054faa597240a9e82434a0a9,final_prompt,final_prompt,6,cross_patch,213e2dc782c5e00349dd8a99,0.75,0.75,-0.75,-0.75,-0.0,0.0,False,False,False,False,False,False,False,False,False,False,False,-0.0
006327f6c2f6a4e84654,grid,train,54bb3f5f57f26cb27ce6,054faa597240a9e82434a0a9,c7d5fbd843ca9dca14ef9037,1/4,C2,2,1,38,33,True,True,False,False,discovery_grid_train,denoising,c7d5fbd843ca9dca14ef9037,054faa597240a9e82434a0a9,final_prompt,final_prompt,6,self_patch,b59bd0ca7437b793ff42e3e3,0.75,0.75,-0.75,-0.75,-0.0,0.0,False,False,False,False,False,False,False,False,False,False,False,-0.0
006327f6c2f6a4e84654,grid,train,54bb3f5f57f26cb27ce6,054faa597240a9e82434a0a9,c7d5fbd843ca9dca14ef9037,1/4,C2,2,1,38,33,True,True,False,False,discovery_grid_train,denoising,c7d5fbd843ca9dca14ef9037,054faa597240a9e82434a0a9,final_prompt,final_prompt,7,cross_patch,9a061d8d83be15ec05d39e0f,0.75,0.75,-0.75,-0.75,-0.0,0.0,False,False,False,False,False,False,False,False,False,False,False,-0.0
006327f6c2f6a4e84654,grid,train,54bb3f5f57f26cb27ce6,054faa597240a9e82434a0a9,c7d5fbd843ca9dca14ef9037,1/4,C2,2,1,38,33,True,True,False,False,discovery_grid_train,denoising,c7d5fbd843ca9dca14ef9037,054faa597240a9e82434a0a9,final_prompt,final_prompt,7,self_patch,acd913091b8b3423b192590f,0.75,0.75,-0.75,-0.75,-0.0,0.0,False,False,False,False,False,False,False,False,False,False,False,-0.0
006327f6c2f6a4e84654,grid,train,54bb3f5f57f26cb27ce6,054faa597240a9e82434a0a9,c7d5fbd843ca9dca14ef9037,1/4,C2,2,1,38,33,True,True,False,False,discovery_grid_train,denoising,c7d5fbd843ca9dca14ef9037,054faa597240a9e82434a0a9,final_prompt,final_prompt,8,cross_patch,b68cb576b926e6cfbe8f8f43,0.75,0.75,-0.75,-0.75,-0.0,0.0,False,False,False,False,False,False,False,False,False,False,False,-0.0
006327f6c2f6a4e84654,grid,train,54bb3f5f57f26cb27ce6,054faa597240a9e82434a0a9,c7d5fbd843ca9dca14ef9037,1/4,C2,2,1,38,33,True,True,False,False,discovery_grid_train,denoising,c7d5fbd843ca9dca14ef9037,054faa597240a9e82434a0a9,final_prompt,final_prompt,8,self_patch,d00565d71b8fd8f37f488565,0.75,0.75,-0.75,-0.75,-0.0,0.0,False,False,False,False,False,False,False,False,False,False,False,-0.0
006327f6c2f6a4e84654,grid,train,54bb3f5f57f26cb27ce6,054faa597240a9e82434a0a9,c7d5fbd843ca9dca14ef9037,1/4,C2,2,1,38,33,True,True,False,False,discovery_grid_train,denoising,c7d5fbd843ca9dca14ef9037,054faa597240a9e82434a0a9,final_prompt,final_prompt,9,cross_patch,cad34f9dc4662e6f409af029,0.75,0.75,-0.75,-0.75,-0.0,0.0,False,False,False,False,False,False,False,False,False,False,False,-0.0
006327f6c2f6a4e84654,grid,train,54bb3f5f57f26cb27ce6,054faa597240a9e82434a0a9,c7d5fbd843ca9dca14ef9037,1/4,C2,2,1,38,33,True,True,False,False,discovery_grid_train,denoising,c7d5fbd843ca9dca14ef9037,054faa597240a9e82434a0a9,final_prompt,final_prompt,9,self_patch,ac6709f9cd29f6830db3a9f7,0.75,0.75,-0.75,-0.75,-0.0,0.0,False,False,False,False,False,False,False,False,False,False,False,-0.0
006327f6c2f6a4e84654,grid,train,54bb3f5f57f26cb27ce6,054faa597240a9e82434a0a9,c7d5fbd843ca9dca14ef9037,1/4,C2,2,1,38,33,True,True,False,False,discovery_grid_train,denoising,c7d5fbd843ca9dca14ef9037,054faa597240a9e82434a0a9,final_prompt,final_prompt,10,cross_patch,a60122035889b9582289eeb9,0.75,0.75,-0.75,-0.75,-0.0,0.0,False,False,False,False,False,False,False,False,False,False,False,-0.0
006327f6c2f6a4e84654,grid,train,54bb3f5f57f26cb27ce6,054faa597240a9e82434a0a9,c7d5fbd843ca9dca14ef9037,1/4,C2,2,1,38,33,True,True,False,False,discovery_grid_train,denoising,c7d5fbd843ca9dca14ef9037,054faa597240a9e82434a0a9,final_prompt,final_prompt,10,self_patch,ef8e5d8ec518a6cbd6d557c3,0.75,0.75,-0.75,-0.75,-0.0,0.0,False,False,False,False,False,False,False,False,False,False,False,-0.0
006327f6c2f6a4e84654,grid,train,54bb3f5f57f26cb27ce6,054faa597240a9e82434a0a9,c7d5fbd843ca9dca14ef9037,1/4,C2,2,1,38,33,True,True,False,False,discovery_grid_train,denoising,c7d5fbd843ca9dca14ef9037,054faa597240a9e82434a0a9,final_prompt,final_prompt,11,cross_patch,f7a766a42e0a3f602768bb3c,0.75,0.75,-0.75,-0.75,-0.0,0.0,False,False,False,False,False,False,False,False,False,False,False,-0.0
006327f6c2f6a4e84654,grid,train,54bb3f5f57f26cb27ce6,054faa597240a9e82434a0a9,c7d5fbd843ca9dca14ef9037,1/4,C2,2,1,38,33,True,True,False,False,discovery_grid_train,denoising,c7d5fbd843ca9dca14ef9037,054faa597240a9e82434a0a9,final_prompt,final_prompt,11,self_patch,ce38d9db9480c10045d1f8c7,0.75,0.75,-0.75,-0.75,-0.0,0.0,False,False,False,False,False,False,False,False,False,False,False,-0.0
006327f6c2f6a4e84654,grid,train,54bb3f5f57f26cb27ce6,054faa597240a9e82434a0a9,c7d5fbd843ca9dca14ef9037,1/4,C2,2,1,38,33,True,True,False,False,discovery_grid_train,denoising,c7d5fbd843ca9dca14ef9037,054faa597240a9e82434a0a9,final_prompt,final_prompt,12,cross_patch,1204be1cda245eea507872d0,0.75,0.75,-0.75,-0.75,-0.0,0.0,False,False,False,False,False,False,False,False,False,False,False,-0.0
006327f6c2f6a4e84654,grid,train,54bb3f5f57f26cb27ce6,054faa597240a9e82434a0a9,c7d5fbd843ca9dca14ef9037,1/4,C2,2,1,38,33,True,True,False,False,discovery_grid_train,denoising,c7d5fbd843ca9dca14ef9037,054faa597240a9e82434a0a9,final_prompt,final_prompt,12,self_patch,5810a5ce84852a1a812a1b8c,0.75,0.75,-0.75,-0.75,-0.0,0.0,False,False,False,False,False,False,False,False,False,False,False,-0.0
006327f6c2f6a4e84654,grid,train,54bb3f5f57f26cb27ce6,054faa597240a9e82434a0a9,c7d5fbd843ca9dca14ef9037,1/4,C2,2,1,38,33,True,True,False,False,discovery_grid_train,denoising,c7d5fbd843ca9dca14ef9037,054faa597240a9e82434a0a9,final_prompt,final_prompt,13,cross_patch,3b5711c506ea902210fb07e5,0.75,0.75,-0.75,-0.75,-0.0,0.0,False,False,False,False,False,False,False,False,False,False,False,-0.0
006327f6c2f6a4e84654,grid,train,54bb3f5f57f26cb27ce6,054faa597240a9e82434a0a9,c7d5fbd843ca9dca14ef9037,1/4,C2,2,1,38,33,True,True,False,False,discovery_grid_train,denoising,c7d5fbd843ca9dca14ef9037,054faa597240a9e82434a0a9,final_prompt,final_prompt,13,self_patch,25cc0f3e0f4e548ab809cef5,0.75,0.75,-0.75,-0.75,-0.0,0.0,False,False,False,False,False,False,False,False,False,False,False,-0.0
006327f6c2f6a4e84654,grid,train,54bb3f5f57f26cb27ce6,054faa597240a9e82434a0a9,c7d5fbd843ca9dca14ef9037,1/4,C2,2,1,38,33,True,True,False,False,discovery_grid_train,denoising,c7d5fbd843ca9dca14ef9037,054faa597240a9e82434a0a9,final_prompt,final_prompt,14,cross_patch,28961df83385d2dfa089df74,0.75,0.75,-0.75,-0.75,-0.0,0.0,False,False,False,False,False,False,False,False,False,False,False,-0.0
006327f6c2f6a4e84654,grid,train,54bb3f5f57f26cb27ce6,054faa597240a9e82434a0a9,c7d5fbd843ca9dca14ef9037,1/4,C2,2,1,38,33,True,True,False,False,discovery_grid_train,denoising,c7d5fbd843ca9dca14ef9037,054faa597240a9e82434a0a9,final_prompt,final_prompt,14,self_patch,f7148aeac5582a808f9f9218,0.75,0.75,-0.75,-0.75,-0.0,0.0,False,False,False,False,False,False,False,False,False,False,False,-0.0
006327f6c2f6a4e84654,grid,train,54bb3f5f57f26cb27ce6,054faa597240a9e82434a0a9,c7d5fbd843ca9dca14ef9037,1/4,C2,2,1,38,33,True,True,False,False,discovery_grid_train,denoising,c7d5fbd843ca9dca14ef9037,054faa597240a9e82434a0a9,final_prompt,final_prompt,15,cross_patch,c3200e73a68e1e1fa3126d67,0.75,0.75,-0.75,-0.75,-0.0,0.0,False,False,False,False,False,False,False,False,False,False,False,-0.0
006327f6c2f6a4e84654,grid,train,54bb3f5f57f26cb27ce6,054faa597240a9e82434a0a9,c7d5fbd843ca9dca14ef9037,1/4,C2,2,1,38,33,True,True,False,False,discovery_grid_train,denoising,c7d5fbd843ca9dca14ef9037,054faa597240a9e82434a0a9,final_prompt,final_prompt,15,self_patch,b8a508a5e2d6425f64ac3790,0.75,0.75,-0.75,-0.75,-0.0,0.0,False,False,False,False,False,False,False,False,False,False,False,-0.0
006327f6c2f6a4e84654,grid,train,54bb3f5f57f26cb27ce6,054faa597240a9e82434a0a9,c7d5fbd843ca9dca14ef9037,1/4,C2,2,1,38,33,True,True,False,False,discovery_grid_train,denoising,c7d5fbd843ca9dca14ef9037,054faa597240a9e82434a0a9,final_prompt,final_prompt,16,cross_patch,6248d4786389adb987dfa4a9,0.75,0.75,-0.75,-0.75,-0.0,0.0,False,False,False,False,False,False,False,False,False,False,False,-0.0
006327f6c2f6a4e84654,grid,train,54bb3f5f57f26cb27ce6,054faa597240a9e82434a0a9,c7d5fbd843ca9dca14ef9037,1/4,C2,2,1,38,33,True,True,False,False,discovery_grid_train,denoising,c7d5fbd843ca9dca14ef9037,054faa597240a9e82434a0a9,final_prompt,final_prompt,16,self_patch,2149cfd1e886963b7ebff98a,0.75,0.75,-0.75,-0.75,-0.0,0.0,False,False,False,False,False,False,False,False,False,False,False,-0.0
006327f6c2f6a4e84654,grid,train,54bb3f5f57f26cb27ce6,054faa597240a9e82434a0a9,c7d5fbd843ca9dca14ef9037,1/4,C2,2,1,38,33,True,True,False,False,discovery_grid_train,denoising,c7d5fbd843ca9dca14ef9037,054faa597240a9e82434a0a9,final_prompt,final_prompt,17,cross_patch,fe93f7b3fa1f0618ad8b60c6,0.75,0.75,-0.75,-0.75,-0.0,0.0,False,False,False,False,False,False,False,False,False,False,False,-0.0
006327f6c2f6a4e84654,grid,train,54bb3f5f57f26cb27ce6,054faa597240a9e82434a0a9,c7d5fbd843ca9dca14ef9037,1/4,C2,2,1,38,33,True,True,False,False,discovery_grid_train,denoising,c7d5fbd843ca9dca14ef9037,054faa597240a9e82434a0a9,final_prompt,final_prompt,17,self_patch,9f0d1c7621884fe55b57843f,0.75,0.75,-0.75,-0.75,-0.0,0.0,False,False,False,False,False,False,False,False,False,False,False,-0.0
006327f6c2f6a4e84654,grid,train,54bb3f5f57f26cb27ce6,054faa597240a9e82434a0a9,c7d5fbd843ca9dca14ef9037,1/4,C2,2,1,38,33,True,True,False,False,discovery_grid_train,denoising,c7d5fbd843ca9dca14ef9037,054faa597240a9e82434a0a9,final_prompt,final_prompt,18,cross_patch,21c33c593f33f2347bd22169,0.75,0.75,-0.75,-0.75,-0.0,0.0,False,False,False,False,False,False,False,False,False,False,False,-0.0
006327f6c2f6a4e84654,grid,train,54bb3f5f57f26cb27ce6,054faa597240a9e82434a0a9,c7d5fbd843ca9dca14ef9037,1/4,C2,2,1,38,33,True,True,False,False,discovery_grid_train,denoising,c7d5fbd843ca9dca14ef9037,054faa597240a9e82434a0a9,final_prompt,final_prompt,18,self_patch,2568290338bc65bf327984ea,0.75,0.75,-0.75,-0.75,-0.0,0.0,False,False,False,False,False,False,False,False,False,False,False,-0.0
006327f6c2f6a4e84654,grid,train,54bb3f5f57f26cb27ce6,054faa597240a9e82434a0a9,c7d5fbd843ca9dca14ef9037,1/4,C2,2,1,38,33,True,True,False,False,discovery_grid_train,denoising,c7d5fbd843ca9dca14ef9037,054faa597240a9e82434a0a9,final_prompt,final_prompt,19,cross_patch,098d7acbb49feca9cfe79a91,0.75,0.875,-0.75,-0.875,-0.125,0.125,False,False,False,False,False,False,False,False,False,False,False,-0.125
006327f6c2f6a4e84654,grid,train,54bb3f5f57f26cb27ce6,054faa597240a9e82434a0a9,c7d5fbd843ca9dca14ef9037,1/4,C2,2,1,38,33,True,True,False,False,discovery_grid_train,denoising,c7d5fbd843ca9dca14ef9037,054faa597240a9e82434a0a9,final_prompt,final_prompt,19,self_patch,811b2035800fd98e92e89dea,0.75,0.75,-0.75,-0.75,-0.0,0.0,False,False,False,False,False,False,False,False,False,False,False,-0.0
006327f6c2f6a4e84654,grid,train,54bb3f5f57f26cb27ce6,054faa597240a9e82434a0a9,c7d5fbd843ca9dca14ef9037,1/4,C2,2,1,38,33,True,True,False,False,discovery_grid_train,denoising,c7d5fbd843ca9dca14ef9037,054faa597240a9e82434a0a9,final_prompt,final_prompt,20,cross_patch,758d0632020ab0046d880d5c,0.75,0.75,-0.75,-0.75,-0.0,0.0,False,False,False,False,False,False,False,False,False,False,False,-0.0
006327f6c2f6a4e84654,grid,train,54bb3f5f57f26cb27ce6,054faa597240a9e82434a0a9,c7d5fbd843ca9dca14ef9037,1/4,C2,2,1,38,33,True,True,False,False,discovery_grid_train,denoising,c7d5fbd843ca9dca14ef9037,054faa597240a9e82434a0a9,final_prompt,final_prompt,20,self_patch,986e6659cc84cb14de6be192,0.75,0.75,-0.75,-0.75,-0.0,0.0,False,False,False,False,False,False,False,False,False,False,False,-0.0
006327f6c2f6a4e84654,grid,train,54bb3f5f57f26cb27ce6,054faa597240a9e82434a0a9,c7d5fbd843ca9dca14ef9037,1/4,C2,2,1,38,33,True,True,False,False,discovery_grid_train,denoising,c7d5fbd843ca9dca14ef9037,054faa597240a9e82434a0a9,final_prompt,final_prompt,21,cross_patch,4d22cb6b8ac9fadb3449c552,0.75,0.875,-0.75,-0.875,-0.125,0.125,False,False,False,False,False,False,False,False,False,False,False,-0.125
006327f6c2f6a4e84654,grid,train,54bb3f5f57f26cb27ce6,054faa597240a9e82434a0a9,c7d5fbd843ca9dca14ef9037,1/4,C2,2,1,38,33,True,True,False,False,discovery_grid_train,denoising,c7d5fbd843ca9dca14ef9037,054faa597240a9e82434a0a9,final_prompt,final_prompt,21,self_patch,92c55ddf257ee90a95c226dd,0.75,0.75,-0.75,-0.75,-0.0,0.0,False,False,False,False,False,False,False,False,False,False,False,-0.0
006327f6c2f6a4e84654,grid,train,54bb3f5f57f26cb27ce6,054faa597240a9e82434a0a9,c7d5fbd843ca9dca14ef9037,1/4,C2,2,1,38,33,True,True,False,False,discovery_grid_train,denoising,c7d5fbd843ca9dca14ef9037,054faa597240a9e82434a0a9,final_prompt,final_prompt,22,cross_patch,757b7079e2981a953a436015,0.75,0.75,-0.75,-0.75,-0.0,0.0,False,False,False,False,False,False,False,False,False,False,False,-0.0
006327f6c2f6a4e84654,grid,train,54bb3f5f57f26cb27ce6,054faa597240a9e82434a0a9,c7d5fbd843ca9dca14ef9037,1/4,C2,2,1,38,33,True,True,False,False,discovery_grid_train,denoising,c7d5fbd843ca9dca14ef9037,054faa597240a9e82434a0a9,final_prompt,final_prompt,22,self_patch,589a494d449960776304b81b,0.75,0.75,-0.75,-0.75,-0.0,0.0,False,False,False,False,False,False,False,False,False,False,False,-0.0
006327f6c2f6a4e84654,grid,train,54bb3f5f57f26cb27ce6,054faa597240a9e82434a0a9,c7d5fbd843ca9dca14ef9037,1/4,C2,2,1,38,33,True,True,False,False,discovery_grid_train,denoising,c7d5fbd843ca9dca14ef9037,054faa597240a9e82434a0a9,final_prompt,final_prompt,23,cross_patch,c85720366d16cf707f247e1e,0.75,0.75,-0.75,-0.75,-0.0,0.0,False,False,False,False,False,False,False,False,False,False,False,-0.0
006327f6c2f6a4e84654,grid,train,54bb3f5f57f26cb27ce6,054faa597240a9e82434a0a9,c7d5fbd843ca9dca14ef9037,1/4,C2,2,1,38,33,True,True,False,False,discovery_grid_train,denoising,c7d5fbd843ca9dca14ef9037,054faa597240a9e82434a0a9,final_prompt,final_prompt,23,self_patch,9ba7ce9e64f5a896535e0692,0.75,0.75,-0.75,-0.75,-0.0,0.0,False,False,False,False,False,False,False,False,False,False,False,-0.0
006327f6c2f6a4e84654,grid,train,54bb3f5f57f26cb27ce6,054faa597240a9e82434a0a9,c7d5fbd843ca9dca14ef9037,1/4,C2,2,1,38,33,True,True,False,False,discovery_grid_train,denoising,c7d5fbd843ca9dca14ef9037,054faa597240a9e82434a0a9,final_prompt,final_prompt,24,cross_patch,219deb960eda73cac90a64a5,0.75,0.75,-0.75,-0.75,-0.0,0.0,False,False,False,False,False,False,False,False,False,False,False,-0.0
006327f6c2f6a4e84654,grid,train,54bb3f5f57f26cb27ce6,054faa597240a9e82434a0a9,c7d5fbd843ca9dca14ef9037,1/4,C2,2,1,38,33,True,True,False,False,discovery_grid_train,denoising,c7d5fbd843ca9dca14ef9037,054faa597240a9e82434a0a9,final_prompt,final_prompt,24,self_patch,34e88449a9c2fbfa4a658018,0.75,0.75,-0.75,-0.75,-0.0,0.0,False,False,False,False,False,False,False,False,False,False,False,-0.0
006327f6c2f6a4e84654,grid,train,54bb3f5f57f26cb27ce6,054faa597240a9e82434a0a9,c7d5fbd843ca9dca14ef9037,1/4,C2,2,1,38,33,True,True,False,False,discovery_grid_train,denoising,c7d5fbd843ca9dca14ef9037,054faa597240a9e82434a0a9,final_prompt,final_prompt,25,cross_patch,fe4518f6b02e063bb030f6b4,0.75,0.75,-0.75,-0.75,-0.0,0.0,False,False,False,False,False,False,False,False,False,False,False,-0.0
006327f6c2f6a4e84654,grid,train,54bb3f5f57f26cb27ce6,054faa597240a9e82434a0a9,c7d5fbd843ca9dca14ef9037,1/4,C2,2,1,38,33,True,True,False,False,discovery_grid_train,denoising,c7d5fbd843ca9dca14ef9037,054faa597240a9e82434a0a9,final_prompt,final_prompt,25,self_patch,b92e45dc5277fee3f7de910c,0.75,0.75,-0.75,-0.75,-0.0,0.0,False,False,False,False,False,False,False,False,False,False,False,-0.0
006327f6c2f6a4e84654,grid,train,54bb3f5f57f26cb27ce6,054faa597240a9e82434a0a9,c7d5fbd843ca9dca14ef9037,1/4,C2,2,1,38,33,True,True,False,False,discovery_grid_train,denoising,c7d5fbd843ca9dca14ef9037,054faa597240a9e82434a0a9,final_prompt,final_prompt,26,cross_patch,ecbc2c6d42991189a0f136d4,0.75,0.75,-0.75,-0.75,-0.0,0.0,False,False,False,False,False,False,False,False,False,False,False,-0.0
006327f6c2f6a4e84654,grid,train,54bb3f5f57f26cb27ce6,054faa597240a9e82434a0a9,c7d5fbd843ca9dca14ef9037,1/4,C2,2,1,38,33,True,True,False,False,discovery_grid_train,denoising,c7d5fbd843ca9dca14ef9037,054faa597240a9e82434a0a9,final_prompt,final_prompt,26,self_patch,e3d353cc17fcfbcfede5a2ba,0.75,0.75,-0.75,-0.75,-0.0,0.0,False,False,False,False,False,False,False,False,False,False,False,-0.0
006327f6c2f6a4e84654,grid,train,54bb3f5f57f26cb27ce6,054faa597240a9e82434a0a9,c7d5fbd843ca9dca14ef9037,1/4,C2,2,1,38,33,True,True,False,False,discovery_grid_train,denoising,c7d5fbd843ca9dca14ef9037,054faa597240a9e82434a0a9,final_prompt,final_prompt,27,cross_patch,8089552091d3d202aea07f23,0.75,0.75,-0.75,-0.75,-0.0,0.0,False,False,False,False,False,False,False,False,False,False,False,-0.0
006327f6c2f6a4e84654,grid,train,54bb3f5f57f26cb27ce6,054faa597240a9e82434a0a9,c7d5fbd843ca9dca14ef9037,1/4,C2,2,1,38,33,True,True,False,False,discovery_grid_train,denoising,c7d5fbd843ca9dca14ef9037,054faa597240a9e82434a0a9,final_prompt,final_prompt,27,self_patch,31cbb50d411114ac5c561bdd,0.75,0.75,-0.75,-0.75,-0.0,0.0,False,False,False,False,False,False,False,False,False,False,False,-0.0
006327f6c2f6a4e84654,grid,train,54bb3f5f57f26cb27ce6,054faa597240a9e82434a0a9,c7d5fbd843ca9dca14ef9037,1/4,C2,2,1,38,33,True,True,False,False,discovery_grid_train,denoising,c7d5fbd843ca9dca14ef9037,054faa597240a9e82434a0a9,final_prompt,final_prompt,28,cross_patch,31e3f9b5c6ace11d1a5fa2cd,0.75,0.75,-0.75,-0.75,-0.0,0.0,False,False,False,False,False,False,False,False,False,False,False,-0.0
006327f6c2f6a4e84654,grid,train,54bb3f5f57f26cb27ce6,054faa597240a9e82434a0a9,c7d5fbd843ca9dca14ef9037,1/4,C2,2,1,38,33,True,True,False,False,discovery_grid_train,denoising,c7d5fbd843ca9dca14ef9037,054faa597240a9e82434a0a9,final_prompt,final_prompt,28,self_patch,f5aa92f92ad5690626774b0c,0.75,0.75,-0.75,-0.75,-0.0,0.0,False,False,False,False,False,False,False,False,False,False,False,-0.0
006327f6c2f6a4e84654,grid,train,54bb3f5f57f26cb27ce6,054faa597240a9e82434a0a9,c7d5fbd843ca9dca14ef9037,1/4,C2,2,1,38,33,True,True,False,False,discovery_grid_train,denoising,c7d5fbd843ca9dca14ef9037,054faa597240a9e82434a0a9,final_prompt,final_prompt,29,cross_patch,4d395dbfbb5428489b36866f,0.75,0.75,-0.75,-0.75,-0.0,0.0,False,False,False,False,False,False,False,False,False,False,False,-0.0
006327f6c2f6a4e84654,grid,train,54bb3f5f57f26cb27ce6,054faa597240a9e82434a0a9,c7d5fbd843ca9dca14ef9037,1/4,C2,2,1,38,33,True,True,False,False,discovery_grid_train,denoising,c7d5fbd843ca9dca14ef9037,054faa597240a9e82434a0a9,final_prompt,final_prompt,29,self_patch,aee1be25921807f0d6bf976f,0.75,0.75,-0.75,-0.75,-0.0,0.0,False,False,False,False,False,False,False,False,False,False,False,-0.0
006327f6c2f6a4e84654,grid,train,54bb3f5f57f26cb27ce6,054faa597240a9e82434a0a9,c7d5fbd843ca9dca14ef9037,1/4,C2,2,1,38,33,True,True,False,False,discovery_grid_train,denoising,c7d5fbd843ca9dca14ef9037,054faa597240a9e82434a0a9,final_prompt,final_prompt,30,cross_patch,ec16d85359ff486bc882af48,0.75,0.75,-0.75,-0.75,-0.0,0.0,False,False,False,False,False,False,False,False,False,False,False,-0.0
006327f6c2f6a4e84654,grid,train,54bb3f5f57f26cb27ce6,054faa597240a9e82434a0a9,c7d5fbd843ca9dca14ef9037,1/4,C2,2,1,38,33,True,True,False,False,discovery_grid_train,denoising,c7d5fbd843ca9dca14ef9037,054faa597240a9e82434a0a9,final_prompt,final_prompt,30,self_patch,93e756fb6bef273ae0d9659b,0.75,0.75,-0.75,-0.75,-0.0,0.0,False,False,False,False,False,False,False,False,False,False,False,-0.0
006327f6c2f6a4e84654,grid,train,54bb3f5f57f26cb27ce6,054faa597240a9e82434a0a9,c7d5fbd843ca9dca14ef9037,1/4,C2,2,1,38,33,True,True,False,False,discovery_grid_train,denoising,c7d5fbd843ca9dca14ef9037,054faa597240a9e82434a0a9,final_prompt,final_prompt,31,cross_patch,4fe7c30684229b312bc569f0,0.75,0.75,-0.75,-0.75,-0.0,0.0,False,False,False,False,False,False,False,False,False,False,False,-0.0
006327f6c2f6a4e84654,grid,train,54bb3f5f57f26cb27ce6,054faa597240a9e82434a0a9,c7d5fbd843ca9dca14ef9037,1/4,C2,2,1,38,33,True,True,False,False,discovery_grid_train,denoising,c7d5fbd843ca9dca14ef9037,054faa597240a9e82434a0a9,final_prompt,final_prompt,31,self_patch,699a0e79e3de9e301ebed351,0.75,0.75,-0.75,-0.75,-0.0,0.0,False,False,False,False,False,False,False,False,False,False,False,-0.0
006327f6c2f6a4e84654,grid,train,54bb3f5f57f26cb27ce6,054faa597240a9e82434a0a9,c7d5fbd843ca9dca14ef9037,1/4,C2,2,1,38,33,True,True,False,False,discovery_grid_train,denoising,c7d5fbd843ca9dca14ef9037,054faa597240a9e82434a0a9,answer_prefix,answer_prefix,0,cross_patch,3374609aa98f7e3330d2d44e,0.75,0.875,-0.75,-0.875,-0.125,0.125,False,False,False,False,False,False,False,False,False,False,False,-0.125
006327f6c2f6a4e84654,grid,train,54bb3f5f57f26cb27ce6,054faa597240a9e82434a0a9,c7d5fbd843ca9dca14ef9037,1/4,C2,2,1,38,33,True,True,False,False,discovery_grid_train,denoising,c7d5fbd843ca9dca14ef9037,054faa597240a9e82434a0a9,answer_prefix,answer_prefix,0,self_patch,da6ad9ae3bac4bf395aebe92,0.75,0.75,-0.75,-0.75,-0.0,0.0,False,False,False,False,False,False,False,False,False,False,False,-0.0
006327f6c2f6a4e84654,grid,train,54bb3f5f57f26cb27ce6,054faa597240a9e82434a0a9,c7d5fbd843ca9dca14ef9037,1/4,C2,2,1,38,33,True,True,False,False,discovery_grid_train,denoising,c7d5fbd843ca9dca14ef9037,054faa597240a9e82434a0a9,answer_prefix,answer_prefix,1,cross_patch,83b3a7127a1c91595ba65a3d,0.75,0.75,-0.75,-0.75,-0.0,0.0,False,False,False,False,False,False,False,False,False,False,False,-0.0
006327f6c2f6a4e84654,grid,train,54bb3f5f57f26cb27ce6,054faa597240a9e82434a0a9,c7d5fbd843ca9dca14ef9037,1/4,C2,2,1,38,33,True,True,False,False,discovery_grid_train,denoising,c7d5fbd843ca9dca14ef9037,054faa597240a9e82434a0a9,answer_prefix,answer_prefix,1,self_patch,b0cf7229c6ba6013a89971ab,0.75,0.75,-0.75,-0.75,-0.0,0.0,False,False,False,False,False,False,False,False,False,False,False,-0.0
006327f6c2f6a4e84654,grid,train,54bb3f5f57f26cb27ce6,054faa597240a9e82434a0a9,c7d5fbd843ca9dca14ef9037,1/4,C2,2,1,38,33,True,True,False,False,discovery_grid_train,denoising,c7d5fbd843ca9dca14ef9037,054faa597240a9e82434a0a9,answer_prefix,answer_prefix,2,cross_patch,165687464a84a5c267341022,0.75,0.875,-0.75,-0.875,-0.125,0.125,False,False,False,False,False,False,False,False,False,False,False,-0.125
006327f6c2f6a4e84654,grid,train,54bb3f5f57f26cb27ce6,054faa597240a9e82434a0a9,c7d5fbd843ca9dca14ef9037,1/4,C2,2,1,38,33,True,True,False,False,discovery_grid_train,denoising,c7d5fbd843ca9dca14ef9037,054faa597240a9e82434a0a9,answer_prefix,answer_prefix,2,self_patch,c45e3a2065fa964df8cee17b,0.75,0.75,-0.75,-0.75,-0.0,0.0,False,False,False,False,False,False,False,False,False,False,False,-0.0
006327f6c2f6a4e84654,grid,train,54bb3f5f57f26cb27ce6,054faa597240a9e82434a0a9,c7d5fbd843ca9dca14ef9037,1/4,C2,2,1,38,33,True,True,False,False,discovery_grid_train,denoising,c7d5fbd843ca9dca14ef9037,054faa597240a9e82434a0a9,answer_prefix,answer_prefix,3,cross_patch,39c6cd946496018d7bd25443,0.75,0.75,-0.75,-0.75,-0.0,0.0,False,False,False,False,False,False,False,False,False,False,False,-0.0
006327f6c2f6a4e84654,grid,train,54bb3f5f57f26cb27ce6,054faa597240a9e82434a0a9,c7d5fbd843ca9dca14ef9037,1/4,C2,2,1,38,33,True,True,False,False,discovery_grid_train,denoising,c7d5fbd843ca9dca14ef9037,054faa597240a9e82434a0a9,answer_prefix,answer_prefix,3,self_patch,333d3abcfe5163d86f69a5c7,0.75,0.75,-0.75,-0.75,-0.0,0.0,False,False,False,False,False,False,False,False,False,False,False,-0.0
006327f6c2f6a4e84654,grid,train,54bb3f5f57f26cb27ce6,054faa597240a9e82434a0a9,c7d5fbd843ca9dca14ef9037,1/4,C2,2,1,38,33,True,True,False,False,discovery_grid_train,denoising,c7d5fbd843ca9dca14ef9037,054faa597240a9e82434a0a9,answer_prefix,answer_prefix,4,cross_patch,ed91233b478bad7a4b2b37bf,0.75,0.75,-0.75,-0.75,-0.0,0.0,False,False,False,False,False,False,False,False,False,False,False,-0.0
006327f6c2f6a4e84654,grid,train,54bb3f5f57f26cb27ce6,054faa597240a9e82434a0a9,c7d5fbd843ca9dca14ef9037,1/4,C2,2,1,38,33,True,True,False,False,discovery_grid_train,denoising,c7d5fbd843ca9dca14ef9037,054faa597240a9e82434a0a9,answer_prefix,answer_prefix,4,self_patch,b9c845fe7ed3ca5c1e25fd83,0.75,0.75,-0.75,-0.75,-0.0,0.0,False,False,False,False,False,False,False,False,False,False,False,-0.0
006327f6c2f6a4e84654,grid,train,54bb3f5f57f26cb27ce6,054faa597240a9e82434a0a9,c7d5fbd843ca9dca14ef9037,1/4,C2,2,1,38,33,True,True,False,False,discovery_grid_train,denoising,c7d5fbd843ca9dca14ef9037,054faa597240a9e82434a0a9,answer_prefix,answer_prefix,5,cross_patch,c1a1cc443ccac86db85fa3bc,0.75,0.75,-0.75,-0.75,-0.0,0.0,False,False,False,False,False,False,False,False,False,False,False,-0.0
006327f6c2f6a4e84654,grid,train,54bb3f5f57f26cb27ce6,054faa597240a9e82434a0a9,c7d5fbd843ca9dca14ef9037,1/4,C2,2,1,38,33,True,True,False,False,discovery_grid_train,denoising,c7d5fbd843ca9dca14ef9037,054faa597240a9e82434a0a9,answer_prefix,answer_prefix,5,self_patch,57aba659ef3cc2f52b77370b,0.75,0.75,-0.75,-0.75,-0.0,0.0,False,False,False,False,False,False,False,False,False,False,False,-0.0
006327f6c2f6a4e84654,grid,train,54bb3f5f57f26cb27ce6,054faa597240a9e82434a0a9,c7d5fbd843ca9dca14ef9037,1/4,C2,2,1,38,33,True,True,False,False,discovery_grid_train,denoising,c7d5fbd843ca9dca14ef9037,054faa597240a9e82434a0a9,answer_prefix,answer_prefix,6,cross_patch,68168681433cce70d2e916ad,0.75,0.75,-0.75,-0.75,-0.0,0.0,False,False,False,False,False,False,False,False,False,False,False,-0.0
006327f6c2f6a4e84654,grid,train,54bb3f5f57f26cb27ce6,054faa597240a9e82434a0a9,c7d5fbd843ca9dca14ef9037,1/4,C2,2,1,38,33,True,True,False,False,discovery_grid_train,denoising,c7d5fbd843ca9dca14ef9037,054faa597240a9e82434a0a9,answer_prefix,answer_prefix,6,self_patch,36aa54f19737a44333370229,0.75,0.75,-0.75,-0.75,-0.0,0.0,False,False,False,False,False,False,False,False,False,False,False,-0.0
006327f6c2f6a4e84654,grid,train,54bb3f5f57f26cb27ce6,054faa597240a9e82434a0a9,c7d5fbd843ca9dca14ef9037,1/4,C2,2,1,38,33,True,True,False,False,discovery_grid_train,denoising,c7d5fbd843ca9dca14ef9037,054faa597240a9e82434a0a9,answer_prefix,answer_prefix,7,cross_patch,7552b91bc5bc8dce6b4ec929,0.75,0.75,-0.75,-0.75,-0.0,0.0,False,False,False,False,False,False,False,False,False,False,False,-0.0
006327f6c2f6a4e84654,grid,train,54bb3f5f57f26cb27ce6,054faa597240a9e82434a0a9,c7d5fbd843ca9dca14ef9037,1/4,C2,2,1,38,33,True,True,False,False,discovery_grid_train,denoising,c7d5fbd843ca9dca14ef9037,054faa597240a9e82434a0a9,answer_prefix,answer_prefix,7,self_patch,295da74fd9606d7f0823140e,0.75,0.75,-0.75,-0.75,-0.0,0.0,False,False,False,False,False,False,False,False,False,False,False,-0.0
006327f6c2f6a4e84654,grid,train,54bb3f5f57f26cb27ce6,054faa597240a9e82434a0a9,c7d5fbd843ca9dca14ef9037,1/4,C2,2,1,38,33,True,True,False,False,discovery_grid_train,denoising,c7d5fbd843ca9dca14ef9037,054faa597240a9e82434a0a9,answer_prefix,answer_prefix,8,cross_patch,9abde0b35a11b3dd48defafb,0.75,0.75,-0.75,-0.75,-0.0,0.0,False,False,False,False,False,False,False,False,False,False,False,-0.0
006327f6c2f6a4e84654,grid,train,54bb3f5f57f26cb27ce6,054faa597240a9e82434a0a9,c7d5fbd843ca9dca14ef9037,1/4,C2,2,1,38,33,True,True,False,False,discovery_grid_train,denoising,c7d5fbd843ca9dca14ef9037,054faa597240a9e82434a0a9,answer_prefix,answer_prefix,8,self_patch,7579aff314d5da2228b68e11,0.75,0.75,-0.75,-0.75,-0.0,0.0,False,False,False,False,False,False,False,False,False,False,False,-0.0
006327f6c2f6a4e84654,grid,train,54bb3f5f57f26cb27ce6,054faa597240a9e82434a0a9,c7d5fbd843ca9dca14ef9037,1/4,C2,2,1,38,33,True,True,False,False,discovery_grid_train,denoising,c7d5fbd843ca9dca14ef9037,054faa597240a9e82434a0a9,answer_prefix,answer_prefix,9,cross_patch,fd769fe90440f66b48c3a18c,0.75,0.75,-0.75,-0.75,-0.0,0.0,False,False,False,False,False,False,False,False,False,False,False,-0.0
006327f6c2f6a4e84654,grid,train,54bb3f5f57f26cb27ce6,054faa597240a9e82434a0a9,c7d5fbd843ca9dca14ef9037,1/4,C2,2,1,38,33,True,True,False,False,discovery_grid_train,denoising,c7d5fbd843ca9dca14ef9037,054faa597240a9e82434a0a9,answer_prefix,answer_prefix,9,self_patch,2c7d22cb8fa60261cd082690,0.75,0.75,-0.75,-0.75,-0.0,0.0,False,False,False,False,False,False,False,False,False,False,False,-0.0
006327f6c2f6a4e84654,grid,train,54bb3f5f57f26cb27ce6,054faa597240a9e82434a0a9,c7d5fbd843ca9dca14ef9037,1/4,C2,2,1,38,33,True,True,False,False,discovery_grid_train,denoising,c7d5fbd843ca9dca14ef9037,054faa597240a9e82434a0a9,answer_prefix,answer_prefix,10,cross_patch,de56ec76f4d2b1c3d6e2944a,0.75,0.75,-0.75,-0.75,-0.0,0.0,False,False,False,False,False,False,False,False,False,False,False,-0.0
006327f6c2f6a4e84654,grid,train,54bb3f5f57f26cb27ce6,054faa597240a9e82434a0a9,c7d5fbd843ca9dca14ef9037,1/4,C2,2,1,38,33,True,True,False,False,discovery_grid_train,denoising,c7d5fbd843ca9dca14ef9037,054faa597240a9e82434a0a9,answer_prefix,answer_prefix,10,self_patch,65a599b76a0060d1f6e3a258,0.75,0.75,-0.75,-0.75,-0.0,0.0,False,False,False,False,False,False,False,False,False,False,False,-0.0
006327f6c2f6a4e84654,grid,train,54bb3f5f57f26cb27ce6,054faa597240a9e82434a0a9,c7d5fbd843ca9dca14ef9037,1/4,C2,2,1,38,33,True,True,False,False,discovery_grid_train,denoising,c7d5fbd843ca9dca14ef9037,054faa597240a9e82434a0a9,answer_prefix,answer_prefix,11,cross_patch,9393325de9feb741f2b0bd48,0.75,0.875,-0.75,-0.875,-0.125,0.125,False,False,False,False,False,False,False,False,False,False,False,-0.125
006327f6c2f6a4e84654,grid,train,54bb3f5f57f26cb27ce6,054faa597240a9e82434a0a9,c7d5fbd843ca9dca14ef9037,1/4,C2,2,1,38,33,True,True,False,False,discovery_grid_train,denoising,c7d5fbd843ca9dca14ef9037,054faa597240a9e82434a0a9,answer_prefix,answer_prefix,11,self_patch,9cdeb44a1a11fcd7c8ce38e9,0.75,0.75,-0.75,-0.75,-0.0,0.0,False,False,False,False,False,False,False,False,False,False,False,-0.0
006327f6c2f6a4e84654,grid,train,54bb3f5f57f26cb27ce6,054faa597240a9e82434a0a9,c7d5fbd843ca9dca14ef9037,1/4,C2,2,1,38,33,True,True,False,False,discovery_grid_train,denoising,c7d5fbd843ca9dca14ef9037,054faa597240a9e82434a0a9,answer_prefix,answer_prefix,12,cross_patch,f0a2ef7700a5084d769c87c3,0.75,0.875,-0.75,-0.875,-0.125,0.125,False,False,False,False,False,False,False,False,False,False,False,-0.125
006327f6c2f6a4e84654,grid,train,54bb3f5f57f26cb27ce6,054faa597240a9e82434a0a9,c7d5fbd843ca9dca14ef9037,1/4,C2,2,1,38,33,True,True,False,False,discovery_grid_train,denoising,c7d5fbd843ca9dca14ef9037,054faa597240a9e82434a0a9,answer_prefix,answer_prefix,12,self_patch,7a1c3d39f7b649f55b7fe236,0.75,0.75,-0.75,-0.75,-0.0,0.0,False,False,False,False,False,False,False,False,False,False,False,-0.0
006327f6c2f6a4e84654,grid,train,54bb3f5f57f26cb27ce6,054faa597240a9e82434a0a9,c7d5fbd843ca9dca14ef9037,1/4,C2,2,1,38,33,True,True,False,False,discovery_grid_train,denoising,c7d5fbd843ca9dca14ef9037,054faa597240a9e82434a0a9,answer_prefix,answer_prefix,13,cross_patch,17ba47ca5b807246e6ff61b2,0.75,0.75,-0.75,-0.75,-0.0,0.0,False,False,False,False,False,False,False,False,False,False,False,-0.0
006327f6c2f6a4e84654,grid,train,54bb3f5f57f26cb27ce6,054faa597240a9e82434a0a9,c7d5fbd843ca9dca14ef9037,1/4,C2,2,1,38,33,True,True,False,False,discovery_grid_train,denoising,c7d5fbd843ca9dca14ef9037,054faa597240a9e82434a0a9,answer_prefix,answer_prefix,13,self_patch,dc818906c9af77488b1d41a7,0.75,0.75,-0.75,-0.75,-0.0,0.0,False,False,False,False,False,False,False,False,False,False,False,-0.0
006327f6c2f6a4e84654,grid,train,54bb3f5f57f26cb27ce6,054faa597240a9e82434a0a9,c7d5fbd843ca9dca14ef9037,1/4,C2,2,1,38,33,True,True,False,False,discovery_grid_train,denoising,c7d5fbd843ca9dca14ef9037,054faa597240a9e82434a0a9,answer_prefix,answer_prefix,14,cross_patch,d2901d9ce777c6d3723728c3,0.75,0.75,-0.75,-0.75,-0.0,0.0,False,False,False,False,False,False,False,False,False,False,False,-0.0
006327f6c2f6a4e84654,grid,train,54bb3f5f57f26cb27ce6,054faa597240a9e82434a0a9,c7d5fbd843ca9dca14ef9037,1/4,C2,2,1,38,33,True,True,False,False,discovery_grid_train,denoising,c7d5fbd843ca9dca14ef9037,054faa597240a9e82434a0a9,answer_prefix,answer_prefix,14,self_patch,43a73a7aa3c09bf447ef6f64,0.75,0.75,-0.75,-0.75,-0.0,0.0,False,False,False,False,False,False,False,False,False,False,False,-0.0
006327f6c2f6a4e84654,grid,train,54bb3f5f57f26cb27ce6,054faa597240a9e82434a0a9,c7d5fbd843ca9dca14ef9037,1/4,C2,2,1,38,33,True,True,False,False,discovery_grid_train,denoising,c7d5fbd843ca9dca14ef9037,054faa597240a9e82434a0a9,answer_prefix,answer_prefix,15,cross_patch,8ac89b31761c1bb11be8b036,0.75,0.75,-0.75,-0.75,-0.0,0.0,False,False,False,False,False,False,False,False,False,False,False,-0.0
006327f6c2f6a4e84654,grid,train,54bb3f5f57f26cb27ce6,054faa597240a9e82434a0a9,c7d5fbd843ca9dca14ef9037,1/4,C2,2,1,38,33,True,True,False,False,discovery_grid_train,denoising,c7d5fbd843ca9dca14ef9037,054faa597240a9e82434a0a9,answer_prefix,answer_prefix,15,self_patch,94c935fa5695771660e39bc3,0.75,0.75,-0.75,-0.75,-0.0,0.0,False,False,False,False,False,False,False,False,False,False,False,-0.0
006327f6c2f6a4e84654,grid,train,54bb3f5f57f26cb27ce6,054faa597240a9e82434a0a9,c7d5fbd843ca9dca14ef9037,1/4,C2,2,1,38,33,True,True,False,False,discovery_grid_train,denoising,c7d5fbd843ca9dca14ef9037,054faa597240a9e82434a0a9,answer_prefix,answer_prefix,16,cross_patch,083c90a9f4cb2254e0d5a66c,0.75,0.75,-0.75,-0.75,-0.0,0.0,False,False,False,False,False,False,False,False,False,False,False,-0.0
006327f6c2f6a4e84654,grid,train,54bb3f5f57f26cb27ce6,054faa597240a9e82434a0a9,c7d5fbd843ca9dca14ef9037,1/4,C2,2,1,38,33,True,True,False,False,discovery_grid_train,denoising,c7d5fbd843ca9dca14ef9037,054faa597240a9e82434a0a9,answer_prefix,answer_prefix,16,self_patch,b34ab8e147cc127c95334bf2,0.75,0.75,-0.75,-0.75,-0.0,0.0,False,False,False,False,False,False,False,False,False,False,False,-0.0
006327f6c2f6a4e84654,grid,train,54bb3f5f57f26cb27ce6,054faa597240a9e82434a0a9,c7d5fbd843ca9dca14ef9037,1/4,C2,2,1,38,33,True,True,False,False,discovery_grid_train,denoising,c7d5fbd843ca9dca14ef9037,054faa597240a9e82434a0a9,answer_prefix,answer_prefix,17,cross_patch,4bc8cce9e6bf89bc87b6f8f4,0.75,0.625,-0.75,-0.625,0.125,-0.125,False,False,False,False,False,False,False,False,False,False,False,0.125
006327f6c2f6a4e84654,grid,train,54bb3f5f57f26cb27ce6,054faa597240a9e82434a0a9,c7d5fbd843ca9dca14ef9037,1/4,C2,2,1,38,33,True,True,False,False,discovery_grid_train,denoising,c7d5fbd843ca9dca14ef9037,054faa597240a9e82434a0a9,answer_prefix,answer_prefix,17,self_patch,529ae1d5de743d569d6f74f1,0.75,0.75,-0.75,-0.75,-0.0,0.0,False,False,False,False,False,False,False,False,False,False,False,-0.0
006327f6c2f6a4e84654,grid,train,54bb3f5f57f26cb27ce6,054faa597240a9e82434a0a9,c7d5fbd843ca9dca14ef9037,1/4,C2,2,1,38,33,True,True,False,False,discovery_grid_train,denoising,c7d5fbd843ca9dca14ef9037,054faa597240a9e82434a0a9,answer_prefix,answer_prefix,18,cross_patch,6832797f619d3ad99a1aff9e,0.75,0.75,-0.75,-0.75,-0.0,0.0,False,False,False,False,False,False,False,False,False,False,False,-0.0
006327f6c2f6a4e84654,grid,train,54bb3f5f57f26cb27ce6,054faa597240a9e82434a0a9,c7d5fbd843ca9dca14ef9037,1/4,C2,2,1,38,33,True,True,False,False,discovery_grid_train,denoising,c7d5fbd843ca9dca14ef9037,054faa597240a9e82434a0a9,answer_prefix,answer_prefix,18,self_patch,a8239941409428458f19400e,0.75,0.75,-0.75,-0.75,-0.0,0.0,False,False,False,False,False,False,False,False,False,False,False,-0.0
006327f6c2f6a4e84654,grid,train,54bb3f5f57f26cb27ce6,054faa597240a9e82434a0a9,c7d5fbd843ca9dca14ef9037,1/4,C2,2,1,38,33,True,True,False,False,discovery_grid_train,denoising,c7d5fbd843ca9dca14ef9037,054faa597240a9e82434a0a9,answer_prefix,answer_prefix,19,cross_patch,47d64d45a98f8b82aecbc451,0.75,0.625,-0.75,-0.625,0.125,-0.125,False,False,False,False,False,False,False,False,False,False,False,0.125
006327f6c2f6a4e84654,grid,train,54bb3f5f57f26cb27ce6,054faa597240a9e82434a0a9,c7d5fbd843ca9dca14ef9037,1/4,C2,2,1,38,33,True,True,False,False,discovery_grid_train,denoising,c7d5fbd843ca9dca14ef9037,054faa597240a9e82434a0a9,answer_prefix,answer_prefix,19,self_patch,2924849c8376a6aa6040accc,0.75,0.75,-0.75,-0.75,-0.0,0.0,False,False,False,False,False,False,False,False,False,False,False,-0.0
006327f6c2f6a4e84654,grid,train,54bb3f5f57f26cb27ce6,054faa597240a9e82434a0a9,c7d5fbd843ca9dca14ef9037,1/4,C2,2,1,38,33,True,True,False,False,discovery_grid_train,denoising,c7d5fbd843ca9dca14ef9037,054faa597240a9e82434a0a9,answer_prefix,answer_prefix,20,cross_patch,a4caa88b34ece652eae9dd19,0.75,0.75,-0.75,-0.75,-0.0,0.0,False,False,False,False,False,False,False,False,False,False,False,-0.0
006327f6c2f6a4e84654,grid,train,54bb3f5f57f26cb27ce6,054faa597240a9e82434a0a9,c7d5fbd843ca9dca14ef9037,1/4,C2,2,1,38,33,True,True,False,False,discovery_grid_train,denoising,c7d5fbd843ca9dca14ef9037,054faa597240a9e82434a0a9,answer_prefix,answer_prefix,20,self_patch,89e75ef62903b4051afe6b1b,0.75,0.75,-0.75,-0.75,-0.0,0.0,False,False,False,False,False,False,False,False,False,False,False,-0.0
006327f6c2f6a4e84654,grid,train,54bb3f5f57f26cb27ce6,054faa597240a9e82434a0a9,c7d5fbd843ca9dca14ef9037,1/4,C2,2,1,38,33,True,True,False,False,discovery_grid_train,denoising,c7d5fbd843ca9dca14ef9037,054faa597240a9e82434a0a9,answer_prefix,answer_prefix,21,cross_patch,73fe8fd8d8a9b837d6441efb,0.75,0.75,-0.75,-0.75,-0.0,0.0,False,False,False,False,False,False,False,False,False,False,False,-0.0
006327f6c2f6a4e84654,grid,train,54bb3f5f57f26cb27ce6,054faa597240a9e82434a0a9,c7d5fbd843ca9dca14ef9037,1/4,C2,2,1,38,33,True,True,False,False,discovery_grid_train,denoising,c7d5fbd843ca9dca14ef9037,054faa597240a9e82434a0a9,answer_prefix,answer_prefix,21,self_patch,209e7d852610a2fc61261532,0.75,0.75,-0.75,-0.75,-0.0,0.0,False,False,False,False,False,False,False,False,False,False,False,-0.0
006327f6c2f6a4e84654,grid,train,54bb3f5f57f26cb27ce6,054faa597240a9e82434a0a9,c7d5fbd843ca9dca14ef9037,1/4,C2,2,1,38,33,True,True,False,False,discovery_grid_train,denoising,c7d5fbd843ca9dca14ef9037,054faa597240a9e82434a0a9,answer_prefix,answer_prefix,22,cross_patch,87e02dda6106af80fd11ddef,0.75,0.625,-0.75,-0.625,0.125,-0.125,False,False,False,False,False,False,False,False,False,False,False,0.125
006327f6c2f6a4e84654,grid,train,54bb3f5f57f26cb27ce6,054faa597240a9e82434a0a9,c7d5fbd843ca9dca14ef9037,1/4,C2,2,1,38,33,True,True,False,False,discovery_grid_train,denoising,c7d5fbd843ca9dca14ef9037,054faa597240a9e82434a0a9,answer_prefix,answer_prefix,22,self_patch,fb9881e5365fd6192558a017,0.75,0.75,-0.75,-0.75,-0.0,0.0,False,False,False,False,False,False,False,False,False,False,False,-0.0
006327f6c2f6a4e84654,grid,train,54bb3f5f57f26cb27ce6,054faa597240a9e82434a0a9,c7d5fbd843ca9dca14ef9037,1/4,C2,2,1,38,33,True,True,False,False,discovery_grid_train,denoising,c7d5fbd843ca9dca14ef9037,054faa597240a9e82434a0a9,answer_prefix,answer_prefix,23,cross_patch,1bdc2f537b5aad799ba9da64,0.75,0.625,-0.75,-0.625,0.125,-0.125,False,False,False,False,False,False,False,False,False,False,False,0.125
006327f6c2f6a4e84654,grid,train,54bb3f5f57f26cb27ce6,054faa597240a9e82434a0a9,c7d5fbd843ca9dca14ef9037,1/4,C2,2,1,38,33,True,True,False,False,discovery_grid_train,denoising,c7d5fbd843ca9dca14ef9037,054faa597240a9e82434a0a9,answer_prefix,answer_prefix,23,self_patch,4da264aeee326a24134d2b53,0.75,0.75,-0.75,-0.75,-0.0,0.0,False,False,False,False,False,False,False,False,False,False,False,-0.0
006327f6c2f6a4e84654,grid,train,54bb3f5f57f26cb27ce6,054faa597240a9e82434a0a9,c7d5fbd843ca9dca14ef9037,1/4,C2,2,1,38,33,True,True,False,False,discovery_grid_train,denoising,c7d5fbd843ca9dca14ef9037,054faa597240a9e82434a0a9,answer_prefix,answer_prefix,24,cross_patch,41f25d23859745843fc776ce,0.75,0.625,-0.75,-0.625,0.125,-0.125,False,False,False,False,False,False,False,False,False,False,False,0.125
006327f6c2f6a4e84654,grid,train,54bb3f5f57f26cb27ce6,054faa597240a9e82434a0a9,c7d5fbd843ca9dca14ef9037,1/4,C2,2,1,38,33,True,True,False,False,discovery_grid_train,denoising,c7d5fbd843ca9dca14ef9037,054faa597240a9e82434a0a9,answer_prefix,answer_prefix,24,self_patch,345e35485fbe3e374e7f9f7d,0.75,0.75,-0.75,-0.75,-0.0,0.0,False,False,False,False,False,False,False,False,False,False,False,-0.0
006327f6c2f6a4e84654,grid,train,54bb3f5f57f26cb27ce6,054faa597240a9e82434a0a9,c7d5fbd843ca9dca14ef9037,1/4,C2,2,1,38,33,True,True,False,False,discovery_grid_train,denoising,c7d5fbd843ca9dca14ef9037,054faa597240a9e82434a0a9,answer_prefix,answer_prefix,25,cross_patch,4582850af349362a89d4e139,0.75,0.625,-0.75,-0.625,0.125,-0.125,False,False,False,False,False,False,False,False,False,False,False,0.125
006327f6c2f6a4e84654,grid,train,54bb3f5f57f26cb27ce6,054faa597240a9e82434a0a9,c7d5fbd843ca9dca14ef9037,1/4,C2,2,1,38,33,True,True,False,False,discovery_grid_train,denoising,c7d5fbd843ca9dca14ef9037,054faa597240a9e82434a0a9,answer_prefix,answer_prefix,25,self_patch,4f19e5d68f9a93a3b43275b5,0.75,0.75,-0.75,-0.75,-0.0,0.0,False,False,False,False,False,False,False,False,False,False,False,-0.0
006327f6c2f6a4e84654,grid,train,54bb3f5f57f26cb27ce6,054faa597240a9e82434a0a9,c7d5fbd843ca9dca14ef9037,1/4,C2,2,1,38,33,True,True,False,False,discovery_grid_train,denoising,c7d5fbd843ca9dca14ef9037,054faa597240a9e82434a0a9,answer_prefix,answer_prefix,26,cross_patch,f30c14d0434c4a5aad4912c2,0.75,0.5,-0.75,-0.5,0.25,-0.25,False,False,False,False,False,False,False,False,False,False,False,0.25
006327f6c2f6a4e84654,grid,train,54bb3f5f57f26cb27ce6,054faa597240a9e82434a0a9,c7d5fbd843ca9dca14ef9037,1/4,C2,2,1,38,33,True,True,False,False,discovery_grid_train,denoising,c7d5fbd843ca9dca14ef9037,054faa597240a9e82434a0a9,answer_prefix,answer_prefix,26,self_patch,816e05dcd07636df8a6ec229,0.75,0.75,-0.75,-0.75,-0.0,0.0,False,False,False,False,False,False,False,False,False,False,False,-0.0
006327f6c2f6a4e84654,grid,train,54bb3f5f57f26cb27ce6,054faa597240a9e82434a0a9,c7d5fbd843ca9dca14ef9037,1/4,C2,2,1,38,33,True,True,False,False,discovery_grid_train,denoising,c7d5fbd843ca9dca14ef9037,054faa597240a9e82434a0a9,answer_prefix,answer_prefix,27,cross_patch,a52bf1caea346ca7c37b62de,0.75,0.625,-0.75,-0.625,0.125,-0.125,False,False,False,False,False,False,False,False,False,False,False,0.125
006327f6c2f6a4e84654,grid,train,54bb3f5f57f26cb27ce6,054faa597240a9e82434a0a9,c7d5fbd843ca9dca14ef9037,1/4,C2,2,1,38,33,True,True,False,False,discovery_grid_train,denoising,c7d5fbd843ca9dca14ef9037,054faa597240a9e82434a0a9,answer_prefix,answer_prefix,27,self_patch,af94e205ba1a21fd14c5fd02,0.75,0.75,-0.75,-0.75,-0.0,0.0,False,False,False,False,False,False,False,False,False,False,False,-0.0
006327f6c2f6a4e84654,grid,train,54bb3f5f57f26cb27ce6,054faa597240a9e82434a0a9,c7d5fbd843ca9dca14ef9037,1/4,C2,2,1,38,33,True,True,False,False,discovery_grid_train,denoising,c7d5fbd843ca9dca14ef9037,054faa597240a9e82434a0a9,answer_prefix,answer_prefix,28,cross_patch,bb463a5db0b93e9de6c54752,0.75,0.5,-0.75,-0.5,0.25,-0.25,False,False,False,False,False,False,False,False,False,False,False,0.25
006327f6c2f6a4e84654,grid,train,54bb3f5f57f26cb27ce6,054faa597240a9e82434a0a9,c7d5fbd843ca9dca14ef9037,1/4,C2,2,1,38,33,True,True,False,False,discovery_grid_train,denoising,c7d5fbd843ca9dca14ef9037,054faa597240a9e82434a0a9,answer_prefix,answer_prefix,28,self_patch,41d43919a53c0b1dcda923cf,0.75,0.75,-0.75,-0.75,-0.0,0.0,False,False,False,False,False,False,False,False,False,False,False,-0.0
006327f6c2f6a4e84654,grid,train,54bb3f5f57f26cb27ce6,054faa597240a9e82434a0a9,c7d5fbd843ca9dca14ef9037,1/4,C2,2,1,38,33,True,True,False,False,discovery_grid_train,denoising,c7d5fbd843ca9dca14ef9037,054faa597240a9e82434a0a9,answer_prefix,answer_prefix,29,cross_patch,732f1ea6eed6e10feef4c957,0.75,0.5,-0.75,-0.5,0.25,-0.25,False,False,False,False,False,False,False,False,False,False,False,0.25
006327f6c2f6a4e84654,grid,train,54bb3f5f57f26cb27ce6,054faa597240a9e82434a0a9,c7d5fbd843ca9dca14ef9037,1/4,C2,2,1,38,33,True,True,False,False,discovery_grid_train,denoising,c7d5fbd843ca9dca14ef9037,054faa597240a9e82434a0a9,answer_prefix,answer_prefix,29,self_patch,c7006a1aa6f76b3905471640,0.75,0.75,-0.75,-0.75,-0.0,0.0,False,False,False,False,False,False,False,False,False,False,False,-0.0
006327f6c2f6a4e84654,grid,train,54bb3f5f57f26cb27ce6,054faa597240a9e82434a0a9,c7d5fbd843ca9dca14ef9037,1/4,C2,2,1,38,33,True,True,False,False,discovery_grid_train,denoising,c7d5fbd843ca9dca14ef9037,054faa597240a9e82434a0a9,answer_prefix,answer_prefix,30,cross_patch,546e683fa0d460b8c2a7d94a,0.75,-0.375,-0.75,0.375,1.125,-1.125,False,True,False,True,True,False,True,False,True,True,False,1.125
006327f6c2f6a4e84654,grid,train,54bb3f5f57f26cb27ce6,054faa597240a9e82434a0a9,c7d5fbd843ca9dca14ef9037,1/4,C2,2,1,38,33,True,True,False,False,discovery_grid_train,denoising,c7d5fbd843ca9dca14ef9037,054faa597240a9e82434a0a9,answer_prefix,answer_prefix,30,self_patch,f901ffc989801c2416d8065d,0.75,0.75,-0.75,-0.75,-0.0,0.0,False,False,False,False,False,False,False,False,False,False,False,-0.0
006327f6c2f6a4e84654,grid,train,54bb3f5f57f26cb27ce6,054faa597240a9e82434a0a9,c7d5fbd843ca9dca14ef9037,1/4,C2,2,1,38,33,True,True,False,False,discovery_grid_train,denoising,c7d5fbd843ca9dca14ef9037,054faa597240a9e82434a0a9,answer_prefix,answer_prefix,31,cross_patch,76934dead4599ba0c4d76f26,0.75,-0.375,-0.75,0.375,1.125,-1.125,False,True,False,True,True,False,True,False,True,True,False,1.125
006327f6c2f6a4e84654,grid,train,54bb3f5f57f26cb27ce6,054faa597240a9e82434a0a9,c7d5fbd843ca9dca14ef9037,1/4,C2,2,1,38,33,True,True,False,False,discovery_grid_train,denoising,c7d5fbd843ca9dca14ef9037,054faa597240a9e82434a0a9,answer_prefix,answer_prefix,31,self_patch,1399040e13784b33d4c76155,0.75,0.75,-0.75,-0.75,-0.0,0.0,False,False,False,False,False,False,False,False,False,False,False,-0.0
006327f6c2f6a4e84654,grid,train,54bb3f5f57f26cb27ce6,054faa597240a9e82434a0a9,c7d5fbd843ca9dca14ef9037,1/4,C2,2,1,38,33,True,True,False,False,discovery_grid_train,noising,054faa597240a9e82434a0a9,c7d5fbd843ca9dca14ef9037,final_prompt,final_prompt,0,cross_patch,5354c49252c1bb93f07acec6,-0.375,-0.5,0.375,0.5,0.125,-0.125,True,True,True,True,False,False,False,False,False,False,False,-0.125
006327f6c2f6a4e84654,grid,train,54bb3f5f57f26cb27ce6,054faa597240a9e82434a0a9,c7d5fbd843ca9dca14ef9037,1/4,C2,2,1,38,33,True,True,False,False,discovery_grid_train,noising,054faa597240a9e82434a0a9,c7d5fbd843ca9dca14ef9037,final_prompt,final_prompt,0,self_patch,1bf21f4364a7c73e245ed87e,-0.375,-0.375,0.375,0.375,-0.0,0.0,True,True,True,True,False,False,False,False,False,False,False,0.0
006327f6c2f6a4e84654,grid,train,54bb3f5f57f26cb27ce6,054faa597240a9e82434a0a9,c7d5fbd843ca9dca14ef9037,1/4,C2,2,1,38,33,True,True,False,False,discovery_grid_train,noising,054faa597240a9e82434a0a9,c7d5fbd843ca9dca14ef9037,final_prompt,final_prompt,1,cross_patch,e32c514521c68ca6e9b3a743,-0.375,-0.375,0.375,0.375,-0.0,0.0,True,True,True,True,False,False,False,False,False,False,False,0.0
006327f6c2f6a4e84654,grid,train,54bb3f5f57f26cb27ce6,054faa597240a9e82434a0a9,c7d5fbd843ca9dca14ef9037,1/4,C2,2,1,38,33,True,True,False,False,discovery_grid_train,noising,054faa597240a9e82434a0a9,c7d5fbd843ca9dca14ef9037,final_prompt,final_prompt,1,self_patch,112ffad8c209917f96d6cc5c,-0.375,-0.375,0.375,0.375,-0.0,0.0,True,True,True,True,False,False,False,False,False,False,False,0.0
006327f6c2f6a4e84654,grid,train,54bb3f5f57f26cb27ce6,054faa597240a9e82434a0a9,c7d5fbd843ca9dca14ef9037,1/4,C2,2,1,38,33,True,True,False,False,discovery_grid_train,noising,054faa597240a9e82434a0a9,c7d5fbd843ca9dca14ef9037,final_prompt,final_prompt,2,cross_patch,f50436c17966687547ba09ea,-0.375,-0.375,0.375,0.375,-0.0,0.0,True,True,True,True,False,False,False,False,False,False,False,0.0
006327f6c2f6a4e84654,grid,train,54bb3f5f57f26cb27ce6,054faa597240a9e82434a0a9,c7d5fbd843ca9dca14ef9037,1/4,C2,2,1,38,33,True,True,False,False,discovery_grid_train,noising,054faa597240a9e82434a0a9,c7d5fbd843ca9dca14ef9037,final_prompt,final_prompt,2,self_patch,bbcbe95a5e991f3bf2505975,-0.375,-0.375,0.375,0.375,-0.0,0.0,True,True,True,True,False,False,False,False,False,False,False,0.0
006327f6c2f6a4e84654,grid,train,54bb3f5f57f26cb27ce6,054faa597240a9e82434a0a9,c7d5fbd843ca9dca14ef9037,1/4,C2,2,1,38,33,True,True,False,False,discovery_grid_train,noising,054faa597240a9e82434a0a9,c7d5fbd843ca9dca14ef9037,final_prompt,final_prompt,3,cross_patch,e4d92babfd88947f02472c60,-0.375,-0.375,0.375,0.375,-0.0,0.0,True,True,True,True,False,False,False,False,False,False,False,0.0
006327f6c2f6a4e84654,grid,train,54bb3f5f57f26cb27ce6,054faa597240a9e82434a0a9,c7d5fbd843ca9dca14ef9037,1/4,C2,2,1,38,33,True,True,False,False,discovery_grid_train,noising,054faa597240a9e82434a0a9,c7d5fbd843ca9dca14ef9037,final_prompt,final_prompt,3,self_patch,61f35246a55d184cb2b58951,-0.375,-0.375,0.375,0.375,-0.0,0.0,True,True,True,True,False,False,False,False,False,False,False,0.0
006327f6c2f6a4e84654,grid,train,54bb3f5f57f26cb27ce6,054faa597240a9e82434a0a9,c7d5fbd843ca9dca14ef9037,1/4,C2,2,1,38,33,True,True,False,False,discovery_grid_train,noising,054faa597240a9e82434a0a9,c7d5fbd843ca9dca14ef9037,final_prompt,final_prompt,4,cross_patch,8d32a51decdacc2558989f8a,-0.375,-0.5,0.375,0.5,0.125,-0.125,True,True,True,True,False,False,False,False,False,False,False,-0.125
006327f6c2f6a4e84654,grid,train,54bb3f5f57f26cb27ce6,054faa597240a9e82434a0a9,c7d5fbd843ca9dca14ef9037,1/4,C2,2,1,38,33,True,True,False,False,discovery_grid_train,noising,054faa597240a9e82434a0a9,c7d5fbd843ca9dca14ef9037,final_prompt,final_prompt,4,self_patch,a086fcfbe630778508a1befb,-0.375,-0.375,0.375,0.375,-0.0,0.0,True,True,True,True,False,False,False,False,False,False,False,0.0
006327f6c2f6a4e84654,grid,train,54bb3f5f57f26cb27ce6,054faa597240a9e82434a0a9,c7d5fbd843ca9dca14ef9037,1/4,C2,2,1,38,33,True,True,False,False,discovery_grid_train,noising,054faa597240a9e82434a0a9,c7d5fbd843ca9dca14ef9037,final_prompt,final_prompt,5,cross_patch,c9df4e148cca1e2cf3f1e4c2,-0.375,-0.375,0.375,0.375,-0.0,0.0,True,True,True,True,False,False,False,False,False,False,False,0.0
006327f6c2f6a4e84654,grid,train,54bb3f5f57f26cb27ce6,054faa597240a9e82434a0a9,c7d5fbd843ca9dca14ef9037,1/4,C2,2,1,38,33,True,True,False,False,discovery_grid_train,noising,054faa597240a9e82434a0a9,c7d5fbd843ca9dca14ef9037,final_prompt,final_prompt,5,self_patch,6640e03f5a51517ecabf4975,-0.375,-0.375,0.375,0.375,-0.0,0.0,True,True,True,True,False,False,False,False,False,False,False,0.0
006327f6c2f6a4e84654,grid,train,54bb3f5f57f26cb27ce6,054faa597240a9e82434a0a9,c7d5fbd843ca9dca14ef9037,1/4,C2,2,1,38,33,True,True,False,False,discovery_grid_train,noising,054faa597240a9e82434a0a9,c7d5fbd843ca9dca14ef9037,final_prompt,final_prompt,6,cross_patch,46e46c8b522d3995adcfc3d4,-0.375,-0.375,0.375,0.375,-0.0,0.0,True,True,True,True,False,False,False,False,False,False,False,0.0
006327f6c2f6a4e84654,grid,train,54bb3f5f57f26cb27ce6,054faa597240a9e82434a0a9,c7d5fbd843ca9dca14ef9037,1/4,C2,2,1,38,33,True,True,False,False,discovery_grid_train,noising,054faa597240a9e82434a0a9,c7d5fbd843ca9dca14ef9037,final_prompt,final_prompt,6,self_patch,754cf17cb69191d87e71c309,-0.375,-0.375,0.375,0.375,-0.0,0.0,True,True,True,True,False,False,False,False,False,False,False,0.0
006327f6c2f6a4e84654,grid,train,54bb3f5f57f26cb27ce6,054faa597240a9e82434a0a9,c7d5fbd843ca9dca14ef9037,1/4,C2,2,1,38,33,True,True,False,False,discovery_grid_train,noising,054faa597240a9e82434a0a9,c7d5fbd843ca9dca14ef9037,final_prompt,final_prompt,7,cross_patch,86a0af8fe0b9e6dc55aa7510,-0.375,-0.375,0.375,0.375,-0.0,0.0,True,True,True,True,False,False,False,False,False,False,False,0.0
006327f6c2f6a4e84654,grid,train,54bb3f5f57f26cb27ce6,054faa597240a9e82434a0a9,c7d5fbd843ca9dca14ef9037,1/4,C2,2,1,38,33,True,True,False,False,discovery_grid_train,noising,054faa597240a9e82434a0a9,c7d5fbd843ca9dca14ef9037,final_prompt,final_prompt,7,self_patch,358316f295501673d521ca68,-0.375,-0.375,0.375,0.375,-0.0,0.0,True,True,True,True,False,False,False,False,False,False,False,0.0
006327f6c2f6a4e84654,grid,train,54bb3f5f57f26cb27ce6,054faa597240a9e82434a0a9,c7d5fbd843ca9dca14ef9037,1/4,C2,2,1,38,33,True,True,False,False,discovery_grid_train,noising,054faa597240a9e82434a0a9,c7d5fbd843ca9dca14ef9037,final_prompt,final_prompt,8,cross_patch,9ffaf4a2234014c3a476557b,-0.375,-0.375,0.375,0.375,-0.0,0.0,True,True,True,True,False,False,False,False,False,False,False,0.0
006327f6c2f6a4e84654,grid,train,54bb3f5f57f26cb27ce6,054faa597240a9e82434a0a9,c7d5fbd843ca9dca14ef9037,1/4,C2,2,1,38,33,True,True,False,False,discovery_grid_train,noising,054faa597240a9e82434a0a9,c7d5fbd843ca9dca14ef9037,final_prompt,final_prompt,8,self_patch,08f72cd3626d571167ca3a93,-0.375,-0.375,0.375,0.375,-0.0,0.0,True,True,True,True,False,False,False,False,False,False,False,0.0
006327f6c2f6a4e84654,grid,train,54bb3f5f57f26cb27ce6,054faa597240a9e82434a0a9,c7d5fbd843ca9dca14ef9037,1/4,C2,2,1,38,33,True,True,False,False,discovery_grid_train,noising,054faa597240a9e82434a0a9,c7d5fbd843ca9dca14ef9037,final_prompt,final_prompt,9,cross_patch,a86f8fd79b2f234791df86d2,-0.375,-0.375,0.375,0.375,-0.0,0.0,True,True,True,True,False,False,False,False,False,False,False,0.0
006327f6c2f6a4e84654,grid,train,54bb3f5f57f26cb27ce6,054faa597240a9e82434a0a9,c7d5fbd843ca9dca14ef9037,1/4,C2,2,1,38,33,True,True,False,False,discovery_grid_train,noising,054faa597240a9e82434a0a9,c7d5fbd843ca9dca14ef9037,final_prompt,final_prompt,9,self_patch,472c3fe4e92904d0d49e393b,-0.375,-0.375,0.375,0.375,-0.0,0.0,True,True,True,True,False,False,False,False,False,False,False,0.0
006327f6c2f6a4e84654,grid,train,54bb3f5f57f26cb27ce6,054faa597240a9e82434a0a9,c7d5fbd843ca9dca14ef9037,1/4,C2,2,1,38,33,True,True,False,False,discovery_grid_train,noising,054faa597240a9e82434a0a9,c7d5fbd843ca9dca14ef9037,final_prompt,final_prompt,10,cross_patch,649c726490873db7b3a004c2,-0.375,-0.375,0.375,0.375,-0.0,0.0,True,True,True,True,False,False,False,False,False,False,False,0.0
006327f6c2f6a4e84654,grid,train,54bb3f5f57f26cb27ce6,054faa597240a9e82434a0a9,c7d5fbd843ca9dca14ef9037,1/4,C2,2,1,38,33,True,True,False,False,discovery_grid_train,noising,054faa597240a9e82434a0a9,c7d5fbd843ca9dca14ef9037,final_prompt,final_prompt,10,self_patch,a93ee0a6732659e04674b4c5,-0.375,-0.375,0.375,0.375,-0.0,0.0,True,True,True,True,False,False,False,False,False,False,False,0.0
006327f6c2f6a4e84654,grid,train,54bb3f5f57f26cb27ce6,054faa597240a9e82434a0a9,c7d5fbd843ca9dca14ef9037,1/4,C2,2,1,38,33,True,True,False,False,discovery_grid_train,noising,054faa597240a9e82434a0a9,c7d5fbd843ca9dca14ef9037,final_prompt,final_prompt,11,cross_patch,604fcd83f6fd8f680b31b5eb,-0.375,-0.375,0.375,0.375,-0.0,0.0,True,True,True,True,False,False,False,False,False,False,False,0.0
006327f6c2f6a4e84654,grid,train,54bb3f5f57f26cb27ce6,054faa597240a9e82434a0a9,c7d5fbd843ca9dca14ef9037,1/4,C2,2,1,38,33,True,True,False,False,discovery_grid_train,noising,054faa597240a9e82434a0a9,c7d5fbd843ca9dca14ef9037,final_prompt,final_prompt,11,self_patch,f304c54dbb129a6a863e1376,-0.375,-0.375,0.375,0.375,-0.0,0.0,True,True,True,True,False,False,False,False,False,False,False,0.0
006327f6c2f6a4e84654,grid,train,54bb3f5f57f26cb27ce6,054faa597240a9e82434a0a9,c7d5fbd843ca9dca14ef9037,1/4,C2,2,1,38,33,True,True,False,False,discovery_grid_train,noising,054faa597240a9e82434a0a9,c7d5fbd843ca9dca14ef9037,final_prompt,final_prompt,12,cross_patch,4f4401624676b9d636b588d1,-0.375,-0.375,0.375,0.375,-0.0,0.0,True,True,True,True,False,False,False,False,False,False,False,0.0
006327f6c2f6a4e84654,grid,train,54bb3f5f57f26cb27ce6,054faa597240a9e82434a0a9,c7d5fbd843ca9dca14ef9037,1/4,C2,2,1,38,33,True,True,False,False,discovery_grid_train,noising,054faa597240a9e82434a0a9,c7d5fbd843ca9dca14ef9037,final_prompt,final_prompt,12,self_patch,ffd5c3bcb2fe5d83df9f7c98,-0.375,-0.375,0.375,0.375,-0.0,0.0,True,True,True,True,False,False,False,False,False,False,False,0.0
006327f6c2f6a4e84654,grid,train,54bb3f5f57f26cb27ce6,054faa597240a9e82434a0a9,c7d5fbd843ca9dca14ef9037,1/4,C2,2,1,38,33,True,True,False,False,discovery_grid_train,noising,054faa597240a9e82434a0a9,c7d5fbd843ca9dca14ef9037,final_prompt,final_prompt,13,cross_patch,0a0f22c9bab5a7f4a40e3182,-0.375,-0.375,0.375,0.375,-0.0,0.0,True,True,True,True,False,False,False,False,False,False,False,0.0
006327f6c2f6a4e84654,grid,train,54bb3f5f57f26cb27ce6,054faa597240a9e82434a0a9,c7d5fbd843ca9dca14ef9037,1/4,C2,2,1,38,33,True,True,False,False,discovery_grid_train,noising,054faa597240a9e82434a0a9,c7d5fbd843ca9dca14ef9037,final_prompt,final_prompt,13,self_patch,2200cbbb8dfd04583ac57724,-0.375,-0.375,0.375,0.375,-0.0,0.0,True,True,True,True,False,False,False,False,False,False,False,0.0
006327f6c2f6a4e84654,grid,train,54bb3f5f57f26cb27ce6,054faa597240a9e82434a0a9,c7d5fbd843ca9dca14ef9037,1/4,C2,2,1,38,33,True,True,False,False,discovery_grid_train,noising,054faa597240a9e82434a0a9,c7d5fbd843ca9dca14ef9037,final_prompt,final_prompt,14,cross_patch,37c5662b5181388ab1e06224,-0.375,-0.375,0.375,0.375,-0.0,0.0,True,True,True,True,False,False,False,False,False,False,False,0.0
006327f6c2f6a4e84654,grid,train,54bb3f5f57f26cb27ce6,054faa597240a9e82434a0a9,c7d5fbd843ca9dca14ef9037,1/4,C2,2,1,38,33,True,True,False,False,discovery_grid_train,noising,054faa597240a9e82434a0a9,c7d5fbd843ca9dca14ef9037,final_prompt,final_prompt,14,self_patch,48b55b026452a7bd4cbba45d,-0.375,-0.375,0.375,0.375,-0.0,0.0,True,True,True,True,False,False,False,False,False,False,False,0.0
006327f6c2f6a4e84654,grid,train,54bb3f5f57f26cb27ce6,054faa597240a9e82434a0a9,c7d5fbd843ca9dca14ef9037,1/4,C2,2,1,38,33,True,True,False,False,discovery_grid_train,noising,054faa597240a9e82434a0a9,c7d5fbd843ca9dca14ef9037,final_prompt,final_prompt,15,cross_patch,b0835620f353a206ed782531,-0.375,-0.375,0.375,0.375,-0.0,0.0,True,True,True,True,False,False,False,False,False,False,False,0.0
006327f6c2f6a4e84654,grid,train,54bb3f5f57f26cb27ce6,054faa597240a9e82434a0a9,c7d5fbd843ca9dca14ef9037,1/4,C2,2,1,38,33,True,True,False,False,discovery_grid_train,noising,054faa597240a9e82434a0a9,c7d5fbd843ca9dca14ef9037,final_prompt,final_prompt,15,self_patch,a160b0599e56983d0107f10e,-0.375,-0.375,0.375,0.375,-0.0,0.0,True,True,True,True,False,False,False,False,False,False,False,0.0
006327f6c2f6a4e84654,grid,train,54bb3f5f57f26cb27ce6,054faa597240a9e82434a0a9,c7d5fbd843ca9dca14ef9037,1/4,C2,2,1,38,33,True,True,False,False,discovery_grid_train,noising,054faa597240a9e82434a0a9,c7d5fbd843ca9dca14ef9037,final_prompt,final_prompt,16,cross_patch,c198748d91ae5810bc04b7b4,-0.375,-0.5,0.375,0.5,0.125,-0.125,True,True,True,True,False,False,False,False,False,False,False,-0.125
006327f6c2f6a4e84654,grid,train,54bb3f5f57f26cb27ce6,054faa597240a9e82434a0a9,c7d5fbd843ca9dca14ef9037,1/4,C2,2,1,38,33,True,True,False,False,discovery_grid_train,noising,054faa597240a9e82434a0a9,c7d5fbd843ca9dca14ef9037,final_prompt,final_prompt,16,self_patch,f5d126b359cd0e6c690a1a47,-0.375,-0.375,0.375,0.375,-0.0,0.0,True,True,True,True,False,False,False,False,False,False,False,0.0
006327f6c2f6a4e84654,grid,train,54bb3f5f57f26cb27ce6,054faa597240a9e82434a0a9,c7d5fbd843ca9dca14ef9037,1/4,C2,2,1,38,33,True,True,False,False,discovery_grid_train,noising,054faa597240a9e82434a0a9,c7d5fbd843ca9dca14ef9037,final_prompt,final_prompt,17,cross_patch,df3fc850a9ae063a674793de,-0.375,-0.375,0.375,0.375,-0.0,0.0,True,True,True,True,False,False,False,False,False,False,False,0.0
006327f6c2f6a4e84654,grid,train,54bb3f5f57f26cb27ce6,054faa597240a9e82434a0a9,c7d5fbd843ca9dca14ef9037,1/4,C2,2,1,38,33,True,True,False,False,discovery_grid_train,noising,054faa597240a9e82434a0a9,c7d5fbd843ca9dca14ef9037,final_prompt,final_prompt,17,self_patch,fe9fef2a012734bf064d8fff,-0.375,-0.375,0.375,0.375,-0.0,0.0,True,True,True,True,False,False,False,False,False,False,False,0.0
006327f6c2f6a4e84654,grid,train,54bb3f5f57f26cb27ce6,054faa597240a9e82434a0a9,c7d5fbd843ca9dca14ef9037,1/4,C2,2,1,38,33,True,True,False,False,discovery_grid_train,noising,054faa597240a9e82434a0a9,c7d5fbd843ca9dca14ef9037,final_prompt,final_prompt,18,cross_patch,bd78913eded4e549a4e5a005,-0.375,-0.5,0.375,0.5,0.125,-0.125,True,True,True,True,False,False,False,False,False,False,False,-0.125
006327f6c2f6a4e84654,grid,train,54bb3f5f57f26cb27ce6,054faa597240a9e82434a0a9,c7d5fbd843ca9dca14ef9037,1/4,C2,2,1,38,33,True,True,False,False,discovery_grid_train,noising,054faa597240a9e82434a0a9,c7d5fbd843ca9dca14ef9037,final_prompt,final_prompt,18,self_patch,a679b723822b49685e139129,-0.375,-0.375,0.375,0.375,-0.0,0.0,True,True,True,True,False,False,False,False,False,False,False,0.0
006327f6c2f6a4e84654,grid,train,54bb3f5f57f26cb27ce6,054faa597240a9e82434a0a9,c7d5fbd843ca9dca14ef9037,1/4,C2,2,1,38,33,True,True,False,False,discovery_grid_train,noising,054faa597240a9e82434a0a9,c7d5fbd843ca9dca14ef9037,final_prompt,final_prompt,19,cross_patch,4807907902f185ce9f32fe43,-0.375,-0.5,0.375,0.5,0.125,-0.125,True,True,True,True,False,False,False,False,False,False,False,-0.125
006327f6c2f6a4e84654,grid,train,54bb3f5f57f26cb27ce6,054faa597240a9e82434a0a9,c7d5fbd843ca9dca14ef9037,1/4,C2,2,1,38,33,True,True,False,False,discovery_grid_train,noising,054faa597240a9e82434a0a9,c7d5fbd843ca9dca14ef9037,final_prompt,final_prompt,19,self_patch,bd70647ca6ca8d5294c1d587,-0.375,-0.375,0.375,0.375,-0.0,0.0,True,True,True,True,False,False,False,False,False,False,False,0.0
006327f6c2f6a4e84654,grid,train,54bb3f5f57f26cb27ce6,054faa597240a9e82434a0a9,c7d5fbd843ca9dca14ef9037,1/4,C2,2,1,38,33,True,True,False,False,discovery_grid_train,noising,054faa597240a9e82434a0a9,c7d5fbd843ca9dca14ef9037,final_prompt,final_prompt,20,cross_patch,3710245ca33858a68fe5c03f,-0.375,-0.5,0.375,0.5,0.125,-0.125,True,True,True,True,False,False,False,False,False,False,False,-0.125
006327f6c2f6a4e84654,grid,train,54bb3f5f57f26cb27ce6,054faa597240a9e82434a0a9,c7d5fbd843ca9dca14ef9037,1/4,C2,2,1,38,33,True,True,False,False,discovery_grid_train,noising,054faa597240a9e82434a0a9,c7d5fbd843ca9dca14ef9037,final_prompt,final_prompt,20,self_patch,950bae8c7eee68b6fb45fde2,-0.375,-0.375,0.375,0.375,-0.0,0.0,True,True,True,True,False,False,False,False,False,False,False,0.0
006327f6c2f6a4e84654,grid,train,54bb3f5f57f26cb27ce6,054faa597240a9e82434a0a9,c7d5fbd843ca9dca14ef9037,1/4,C2,2,1,38,33,True,True,False,False,discovery_grid_train,noising,054faa597240a9e82434a0a9,c7d5fbd843ca9dca14ef9037,final_prompt,final_prompt,21,cross_patch,35166b7add10c487e91ddbef,-0.375,-0.5,0.375,0.5,0.125,-0.125,True,True,True,True,False,False,False,False,False,False,False,-0.125
006327f6c2f6a4e84654,grid,train,54bb3f5f57f26cb27ce6,054faa597240a9e82434a0a9,c7d5fbd843ca9dca14ef9037,1/4,C2,2,1,38,33,True,True,False,False,discovery_grid_train,noising,054faa597240a9e82434a0a9,c7d5fbd843ca9dca14ef9037,final_prompt,final_prompt,21,self_patch,64620719262dbe6210dda134,-0.375,-0.375,0.375,0.375,-0.0,0.0,True,True,True,True,False,False,False,False,False,False,False,0.0
006327f6c2f6a4e84654,grid,train,54bb3f5f57f26cb27ce6,054faa597240a9e82434a0a9,c7d5fbd843ca9dca14ef9037,1/4,C2,2,1,38,33,True,True,False,False,discovery_grid_train,noising,054faa597240a9e82434a0a9,c7d5fbd843ca9dca14ef9037,final_prompt,final_prompt,22,cross_patch,fdfa8e9c523566010a1fd91a,-0.375,-0.375,0.375,0.375,-0.0,0.0,True,True,True,True,False,False,False,False,False,False,False,0.0
006327f6c2f6a4e84654,grid,train,54bb3f5f57f26cb27ce6,054faa597240a9e82434a0a9,c7d5fbd843ca9dca14ef9037,1/4,C2,2,1,38,33,True,True,False,False,discovery_grid_train,noising,054faa597240a9e82434a0a9,c7d5fbd843ca9dca14ef9037,final_prompt,final_prompt,22,self_patch,2b69d1bd8972cdf7bcef878a,-0.375,-0.375,0.375,0.375,-0.0,0.0,True,True,True,True,False,False,False,False,False,False,False,0.0
006327f6c2f6a4e84654,grid,train,54bb3f5f57f26cb27ce6,054faa597240a9e82434a0a9,c7d5fbd843ca9dca14ef9037,1/4,C2,2,1,38,33,True,True,False,False,discovery_grid_train,noising,054faa597240a9e82434a0a9,c7d5fbd843ca9dca14ef9037,final_prompt,final_prompt,23,cross_patch,0bea8a22adf02cc61226f2be,-0.375,-0.5,0.375,0.5,0.125,-0.125,True,True,True,True,False,False,False,False,False,False,False,-0.125
006327f6c2f6a4e84654,grid,train,54bb3f5f57f26cb27ce6,054faa597240a9e82434a0a9,c7d5fbd843ca9dca14ef9037,1/4,C2,2,1,38,33,True,True,False,False,discovery_grid_train,noising,054faa597240a9e82434a0a9,c7d5fbd843ca9dca14ef9037,final_prompt,final_prompt,23,self_patch,d211f293a51341bdc36472f9,-0.375,-0.375,0.375,0.375,-0.0,0.0,True,True,True,True,False,False,False,False,False,False,False,0.0
006327f6c2f6a4e84654,grid,train,54bb3f5f57f26cb27ce6,054faa597240a9e82434a0a9,c7d5fbd843ca9dca14ef9037,1/4,C2,2,1,38,33,True,True,False,False,discovery_grid_train,noising,054faa597240a9e82434a0a9,c7d5fbd843ca9dca14ef9037,final_prompt,final_prompt,24,cross_patch,fe5a0487cb2f9abe854be381,-0.375,-0.375,0.375,0.375,-0.0,0.0,True,True,True,True,False,False,False,False,False,False,False,0.0
006327f6c2f6a4e84654,grid,train,54bb3f5f57f26cb27ce6,054faa597240a9e82434a0a9,c7d5fbd843ca9dca14ef9037,1/4,C2,2,1,38,33,True,True,False,False,discovery_grid_train,noising,054faa597240a9e82434a0a9,c7d5fbd843ca9dca14ef9037,final_prompt,final_prompt,24,self_patch,8ec43812362448be045c5d99,-0.375,-0.375,0.375,0.375,-0.0,0.0,True,True,True,True,False,False,False,False,False,False,False,0.0
006327f6c2f6a4e84654,grid,train,54bb3f5f57f26cb27ce6,054faa597240a9e82434a0a9,c7d5fbd843ca9dca14ef9037,1/4,C2,2,1,38,33,True,True,False,False,discovery_grid_train,noising,054faa597240a9e82434a0a9,c7d5fbd843ca9dca14ef9037,final_prompt,final_prompt,25,cross_patch,66d0c99059006d6b3e0799b9,-0.375,-0.375,0.375,0.375,-0.0,0.0,True,True,True,True,False,False,False,False,False,False,False,0.0
006327f6c2f6a4e84654,grid,train,54bb3f5f57f26cb27ce6,054faa597240a9e82434a0a9,c7d5fbd843ca9dca14ef9037,1/4,C2,2,1,38,33,True,True,False,False,discovery_grid_train,noising,054faa597240a9e82434a0a9,c7d5fbd843ca9dca14ef9037,final_prompt,final_prompt,25,self_patch,b1c92156e053dd6a583c9b0e,-0.375,-0.375,0.375,0.375,-0.0,0.0,True,True,True,True,False,False,False,False,False,False,False,0.0
006327f6c2f6a4e84654,grid,train,54bb3f5f57f26cb27ce6,054faa597240a9e82434a0a9,c7d5fbd843ca9dca14ef9037,1/4,C2,2,1,38,33,True,True,False,False,discovery_grid_train,noising,054faa597240a9e82434a0a9,c7d5fbd843ca9dca14ef9037,final_prompt,final_prompt,26,cross_patch,480590b54c69de64ea6a76c0,-0.375,-0.5,0.375,0.5,0.125,-0.125,True,True,True,True,False,False,False,False,False,False,False,-0.125
006327f6c2f6a4e84654,grid,train,54bb3f5f57f26cb27ce6,054faa597240a9e82434a0a9,c7d5fbd843ca9dca14ef9037,1/4,C2,2,1,38,33,True,True,False,False,discovery_grid_train,noising,054faa597240a9e82434a0a9,c7d5fbd843ca9dca14ef9037,final_prompt,final_prompt,26,self_patch,2d40f38955e1b52ee6cd8e17,-0.375,-0.375,0.375,0.375,-0.0,0.0,True,True,True,True,False,False,False,False,False,False,False,0.0
006327f6c2f6a4e84654,grid,train,54bb3f5f57f26cb27ce6,054faa597240a9e82434a0a9,c7d5fbd843ca9dca14ef9037,1/4,C2,2,1,38,33,True,True,False,False,discovery_grid_train,noising,054faa597240a9e82434a0a9,c7d5fbd843ca9dca14ef9037,final_prompt,final_prompt,27,cross_patch,231f460ba99970047cb513b0,-0.375,-0.375,0.375,0.375,-0.0,0.0,True,True,True,True,False,False,False,False,False,False,False,0.0
006327f6c2f6a4e84654,grid,train,54bb3f5f57f26cb27ce6,054faa597240a9e82434a0a9,c7d5fbd843ca9dca14ef9037,1/4,C2,2,1,38,33,True,True,False,False,discovery_grid_train,noising,054faa597240a9e82434a0a9,c7d5fbd843ca9dca14ef9037,final_prompt,final_prompt,27,self_patch,0bc3231b1ee40f59dae89126,-0.375,-0.375,0.375,0.375,-0.0,0.0,True,True,True,True,False,False,False,False,False,False,False,0.0
006327f6c2f6a4e84654,grid,train,54bb3f5f57f26cb27ce6,054faa597240a9e82434a0a9,c7d5fbd843ca9dca14ef9037,1/4,C2,2,1,38,33,True,True,False,False,discovery_grid_train,noising,054faa597240a9e82434a0a9,c7d5fbd843ca9dca14ef9037,final_prompt,final_prompt,28,cross_patch,a50e195b36dc90e34d172404,-0.375,-0.375,0.375,0.375,-0.0,0.0,True,True,True,True,False,False,False,False,False,False,False,0.0
006327f6c2f6a4e84654,grid,train,54bb3f5f57f26cb27ce6,054faa597240a9e82434a0a9,c7d5fbd843ca9dca14ef9037,1/4,C2,2,1,38,33,True,True,False,False,discovery_grid_train,noising,054faa597240a9e82434a0a9,c7d5fbd843ca9dca14ef9037,final_prompt,final_prompt,28,self_patch,96feaca717dce05b14168806,-0.375,-0.375,0.375,0.375,-0.0,0.0,True,True,True,True,False,False,False,False,False,False,False,0.0
006327f6c2f6a4e84654,grid,train,54bb3f5f57f26cb27ce6,054faa597240a9e82434a0a9,c7d5fbd843ca9dca14ef9037,1/4,C2,2,1,38,33,True,True,False,False,discovery_grid_train,noising,054faa597240a9e82434a0a9,c7d5fbd843ca9dca14ef9037,final_prompt,final_prompt,29,cross_patch,961155f91189ecf527f39afe,-0.375,-0.375,0.375,0.375,-0.0,0.0,True,True,True,True,False,False,False,False,False,False,False,0.0
006327f6c2f6a4e84654,grid,train,54bb3f5f57f26cb27ce6,054faa597240a9e82434a0a9,c7d5fbd843ca9dca14ef9037,1/4,C2,2,1,38,33,True,True,False,False,discovery_grid_train,noising,054faa597240a9e82434a0a9,c7d5fbd843ca9dca14ef9037,final_prompt,final_prompt,29,self_patch,51c51fbff4bb06d56fdf5c3a,-0.375,-0.375,0.375,0.375,-0.0,0.0,True,True,True,True,False,False,False,False,False,False,False,0.0
006327f6c2f6a4e84654,grid,train,54bb3f5f57f26cb27ce6,054faa597240a9e82434a0a9,c7d5fbd843ca9dca14ef9037,1/4,C2,2,1,38,33,True,True,False,False,discovery_grid_train,noising,054faa597240a9e82434a0a9,c7d5fbd843ca9dca14ef9037,final_prompt,final_prompt,30,cross_patch,e24cd91477f1f64dbc0b15ed,-0.375,-0.375,0.375,0.375,-0.0,0.0,True,True,True,True,False,False,False,False,False,False,False,0.0
006327f6c2f6a4e84654,grid,train,54bb3f5f57f26cb27ce6,054faa597240a9e82434a0a9,c7d5fbd843ca9dca14ef9037,1/4,C2,2,1,38,33,True,True,False,False,discovery_grid_train,noising,054faa597240a9e82434a0a9,c7d5fbd843ca9dca14ef9037,final_prompt,final_prompt,30,self_patch,71b30a80579b8d63cdada033,-0.375,-0.375,0.375,0.375,-0.0,0.0,True,True,True,True,False,False,False,False,False,False,False,0.0
006327f6c2f6a4e84654,grid,train,54bb3f5f57f26cb27ce6,054faa597240a9e82434a0a9,c7d5fbd843ca9dca14ef9037,1/4,C2,2,1,38,33,True,True,False,False,discovery_grid_train,noising,054faa597240a9e82434a0a9,c7d5fbd843ca9dca14ef9037,final_prompt,final_prompt,31,cross_patch,89054ddb49d6abf96ea6c788,-0.375,-0.375,0.375,0.375,-0.0,0.0,True,True,True,True,False,False,False,False,False,False,False,0.0
006327f6c2f6a4e84654,grid,train,54bb3f5f57f26cb27ce6,054faa597240a9e82434a0a9,c7d5fbd843ca9dca14ef9037,1/4,C2,2,1,38,33,True,True,False,False,discovery_grid_train,noising,054faa597240a9e82434a0a9,c7d5fbd843ca9dca14ef9037,final_prompt,final_prompt,31,self_patch,45c4b2fa2d89eb9e66acb8f9,-0.375,-0.375,0.375,0.375,-0.0,0.0,True,True,True,True,False,False,False,False,False,False,False,0.0
006327f6c2f6a4e84654,grid,train,54bb3f5f57f26cb27ce6,054faa597240a9e82434a0a9,c7d5fbd843ca9dca14ef9037,1/4,C2,2,1,38,33,True,True,False,False,discovery_grid_train,noising,054faa597240a9e82434a0a9,c7d5fbd843ca9dca14ef9037,answer_prefix,answer_prefix,0,cross_patch,a7ccc732c278a2d8c551f8c1,-0.375,-0.375,0.375,0.375,-0.0,0.0,True,True,True,True,False,False,False,False,False,False,False,0.0
006327f6c2f6a4e84654,grid,train,54bb3f5f57f26cb27ce6,054faa597240a9e82434a0a9,c7d5fbd843ca9dca14ef9037,1/4,C2,2,1,38,33,True,True,False,False,discovery_grid_train,noising,054faa597240a9e82434a0a9,c7d5fbd843ca9dca14ef9037,answer_prefix,answer_prefix,0,self_patch,66b2fbed4c9b4688cd66f332,-0.375,-0.375,0.375,0.375,-0.0,0.0,True,True,True,True,False,False,False,False,False,False,False,0.0
006327f6c2f6a4e84654,grid,train,54bb3f5f57f26cb27ce6,054faa597240a9e82434a0a9,c7d5fbd843ca9dca14ef9037,1/4,C2,2,1,38,33,True,True,False,False,discovery_grid_train,noising,054faa597240a9e82434a0a9,c7d5fbd843ca9dca14ef9037,answer_prefix,answer_prefix,1,cross_patch,c8e29bff2f859fcee0aa587e,-0.375,-0.5,0.375,0.5,0.125,-0.125,True,True,True,True,False,False,False,False,False,False,False,-0.125
006327f6c2f6a4e84654,grid,train,54bb3f5f57f26cb27ce6,054faa597240a9e82434a0a9,c7d5fbd843ca9dca14ef9037,1/4,C2,2,1,38,33,True,True,False,False,discovery_grid_train,noising,054faa597240a9e82434a0a9,c7d5fbd843ca9dca14ef9037,answer_prefix,answer_prefix,1,self_patch,2faa2460bc25200afe706552,-0.375,-0.375,0.375,0.375,-0.0,0.0,True,True,True,True,False,False,False,False,False,False,False,0.0
006327f6c2f6a4e84654,grid,train,54bb3f5f57f26cb27ce6,054faa597240a9e82434a0a9,c7d5fbd843ca9dca14ef9037,1/4,C2,2,1,38,33,True,True,False,False,discovery_grid_train,noising,054faa597240a9e82434a0a9,c7d5fbd843ca9dca14ef9037,answer_prefix,answer_prefix,2,cross_patch,439e07774586d2c923dc1097,-0.375,-0.375,0.375,0.375,-0.0,0.0,True,True,True,True,False,False,False,False,False,False,False,0.0
006327f6c2f6a4e84654,grid,train,54bb3f5f57f26cb27ce6,054faa597240a9e82434a0a9,c7d5fbd843ca9dca14ef9037,1/4,C2,2,1,38,33,True,True,False,False,discovery_grid_train,noising,054faa597240a9e82434a0a9,c7d5fbd843ca9dca14ef9037,answer_prefix,answer_prefix,2,self_patch,258f4e1330c8c00e1eaa9510,-0.375,-0.375,0.375,0.375,-0.0,0.0,True,True,True,True,False,False,False,False,False,False,False,0.0
006327f6c2f6a4e84654,grid,train,54bb3f5f57f26cb27ce6,054faa597240a9e82434a0a9,c7d5fbd843ca9dca14ef9037,1/4,C2,2,1,38,33,True,True,False,False,discovery_grid_train,noising,054faa597240a9e82434a0a9,c7d5fbd843ca9dca14ef9037,answer_prefix,answer_prefix,3,cross_patch,43a0b02d491ac48e759cee75,-0.375,-0.375,0.375,0.375,-0.0,0.0,True,True,True,True,False,False,False,False,False,False,False,0.0
006327f6c2f6a4e84654,grid,train,54bb3f5f57f26cb27ce6,054faa597240a9e82434a0a9,c7d5fbd843ca9dca14ef9037,1/4,C2,2,1,38,33,True,True,False,False,discovery_grid_train,noising,054faa597240a9e82434a0a9,c7d5fbd843ca9dca14ef9037,answer_prefix,answer_prefix,3,self_patch,a9d7f89466f82059b767877a,-0.375,-0.375,0.375,0.375,-0.0,0.0,True,True,True,True,False,False,False,False,False,False,False,0.0
006327f6c2f6a4e84654,grid,train,54bb3f5f57f26cb27ce6,054faa597240a9e82434a0a9,c7d5fbd843ca9dca14ef9037,1/4,C2,2,1,38,33,True,True,False,False,discovery_grid_train,noising,054faa597240a9e82434a0a9,c7d5fbd843ca9dca14ef9037,answer_prefix,answer_prefix,4,cross_patch,5341a22c3fec260bd1b01125,-0.375,-0.375,0.375,0.375,-0.0,0.0,True,True,True,True,False,False,False,False,False,False,False,0.0
006327f6c2f6a4e84654,grid,train,54bb3f5f57f26cb27ce6,054faa597240a9e82434a0a9,c7d5fbd843ca9dca14ef9037,1/4,C2,2,1,38,33,True,True,False,False,discovery_grid_train,noising,054faa597240a9e82434a0a9,c7d5fbd843ca9dca14ef9037,answer_prefix,answer_prefix,4,self_patch,b3b1504955dc3f3ec1a016e7,-0.375,-0.375,0.375,0.375,-0.0,0.0,True,True,True,True,False,False,False,False,False,False,False,0.0
006327f6c2f6a4e84654,grid,train,54bb3f5f57f26cb27ce6,054faa597240a9e82434a0a9,c7d5fbd843ca9dca14ef9037,1/4,C2,2,1,38,33,True,True,False,False,discovery_grid_train,noising,054faa597240a9e82434a0a9,c7d5fbd843ca9dca14ef9037,answer_prefix,answer_prefix,5,cross_patch,6567d2d5fcbcfcdcd6bb651a,-0.375,-0.375,0.375,0.375,-0.0,0.0,True,True,True,True,False,False,False,False,False,False,False,0.0
006327f6c2f6a4e84654,grid,train,54bb3f5f57f26cb27ce6,054faa597240a9e82434a0a9,c7d5fbd843ca9dca14ef9037,1/4,C2,2,1,38,33,True,True,False,False,discovery_grid_train,noising,054faa597240a9e82434a0a9,c7d5fbd843ca9dca14ef9037,answer_prefix,answer_prefix,5,self_patch,073af664850477fd02ab6d47,-0.375,-0.375,0.375,0.375,-0.0,0.0,True,True,True,True,False,False,False,False,False,False,False,0.0
006327f6c2f6a4e84654,grid,train,54bb3f5f57f26cb27ce6,054faa597240a9e82434a0a9,c7d5fbd843ca9dca14ef9037,1/4,C2,2,1,38,33,True,True,False,False,discovery_grid_train,noising,054faa597240a9e82434a0a9,c7d5fbd843ca9dca14ef9037,answer_prefix,answer_prefix,6,cross_patch,2e126b50aa314593576f7528,-0.375,-0.5,0.375,0.5,0.125,-0.125,True,True,True,True,False,False,False,False,False,False,False,-0.125
006327f6c2f6a4e84654,grid,train,54bb3f5f57f26cb27ce6,054faa597240a9e82434a0a9,c7d5fbd843ca9dca14ef9037,1/4,C2,2,1,38,33,True,True,False,False,discovery_grid_train,noising,054faa597240a9e82434a0a9,c7d5fbd843ca9dca14ef9037,answer_prefix,answer_prefix,6,self_patch,508f2371b2c4755f52e0a6ea,-0.375,-0.375,0.375,0.375,-0.0,0.0,True,True,True,True,False,False,False,False,False,False,False,0.0
006327f6c2f6a4e84654,grid,train,54bb3f5f57f26cb27ce6,054faa597240a9e82434a0a9,c7d5fbd843ca9dca14ef9037,1/4,C2,2,1,38,33,True,True,False,False,discovery_grid_train,noising,054faa597240a9e82434a0a9,c7d5fbd843ca9dca14ef9037,answer_prefix,answer_prefix,7,cross_patch,b38088fb74fa2cb1611d2a55,-0.375,-0.375,0.375,0.375,-0.0,0.0,True,True,True,True,False,False,False,False,False,False,False,0.0
006327f6c2f6a4e84654,grid,train,54bb3f5f57f26cb27ce6,054faa597240a9e82434a0a9,c7d5fbd843ca9dca14ef9037,1/4,C2,2,1,38,33,True,True,False,False,discovery_grid_train,noising,054faa597240a9e82434a0a9,c7d5fbd843ca9dca14ef9037,answer_prefix,answer_prefix,7,self_patch,3b4df196b598dff75390d484,-0.375,-0.375,0.375,0.375,-0.0,0.0,True,True,True,True,False,False,False,False,False,False,False,0.0
006327f6c2f6a4e84654,grid,train,54bb3f5f57f26cb27ce6,054faa597240a9e82434a0a9,c7d5fbd843ca9dca14ef9037,1/4,C2,2,1,38,33,True,True,False,False,discovery_grid_train,noising,054faa597240a9e82434a0a9,c7d5fbd843ca9dca14ef9037,answer_prefix,answer_prefix,8,cross_patch,9cb3c32fa4d6348dcdb3add7,-0.375,-0.5,0.375,0.5,0.125,-0.125,True,True,True,True,False,False,False,False,False,False,False,-0.125
006327f6c2f6a4e84654,grid,train,54bb3f5f57f26cb27ce6,054faa597240a9e82434a0a9,c7d5fbd843ca9dca14ef9037,1/4,C2,2,1,38,33,True,True,False,False,discovery_grid_train,noising,054faa597240a9e82434a0a9,c7d5fbd843ca9dca14ef9037,answer_prefix,answer_prefix,8,self_patch,c8341544dabdfaff497d46e4,-0.375,-0.375,0.375,0.375,-0.0,0.0,True,True,True,True,False,False,False,False,False,False,False,0.0
006327f6c2f6a4e84654,grid,train,54bb3f5f57f26cb27ce6,054faa597240a9e82434a0a9,c7d5fbd843ca9dca14ef9037,1/4,C2,2,1,38,33,True,True,False,False,discovery_grid_train,noising,054faa597240a9e82434a0a9,c7d5fbd843ca9dca14ef9037,answer_prefix,answer_prefix,9,cross_patch,8da55710380170d9f73077f8,-0.375,-0.5,0.375,0.5,0.125,-0.125,True,True,True,True,False,False,False,False,False,False,False,-0.125
006327f6c2f6a4e84654,grid,train,54bb3f5f57f26cb27ce6,054faa597240a9e82434a0a9,c7d5fbd843ca9dca14ef9037,1/4,C2,2,1,38,33,True,True,False,False,discovery_grid_train,noising,054faa597240a9e82434a0a9,c7d5fbd843ca9dca14ef9037,answer_prefix,answer_prefix,9,self_patch,065440315bb2d18f45df574e,-0.375,-0.375,0.375,0.375,-0.0,0.0,True,True,True,True,False,False,False,False,False,False,False,0.0
006327f6c2f6a4e84654,grid,train,54bb3f5f57f26cb27ce6,054faa597240a9e82434a0a9,c7d5fbd843ca9dca14ef9037,1/4,C2,2,1,38,33,True,True,False,False,discovery_grid_train,noising,054faa597240a9e82434a0a9,c7d5fbd843ca9dca14ef9037,answer_prefix,answer_prefix,10,cross_patch,6857d4984667f9b4bde20b36,-0.375,-0.375,0.375,0.375,-0.0,0.0,True,True,True,True,False,False,False,False,False,False,False,0.0
006327f6c2f6a4e84654,grid,train,54bb3f5f57f26cb27ce6,054faa597240a9e82434a0a9,c7d5fbd843ca9dca14ef9037,1/4,C2,2,1,38,33,True,True,False,False,discovery_grid_train,noising,054faa597240a9e82434a0a9,c7d5fbd843ca9dca14ef9037,answer_prefix,answer_prefix,10,self_patch,44cbd28a972d7d0431615550,-0.375,-0.375,0.375,0.375,-0.0,0.0,True,True,True,True,False,False,False,False,False,False,False,0.0
006327f6c2f6a4e84654,grid,train,54bb3f5f57f26cb27ce6,054faa597240a9e82434a0a9,c7d5fbd843ca9dca14ef9037,1/4,C2,2,1,38,33,True,True,False,False,discovery_grid_train,noising,054faa597240a9e82434a0a9,c7d5fbd843ca9dca14ef9037,answer_prefix,answer_prefix,11,cross_patch,fc2699f64e39bb3a56e4fbb1,-0.375,-0.375,0.375,0.375,-0.0,0.0,True,True,True,True,False,False,False,False,False,False,False,0.0
006327f6c2f6a4e84654,grid,train,54bb3f5f57f26cb27ce6,054faa597240a9e82434a0a9,c7d5fbd843ca9dca14ef9037,1/4,C2,2,1,38,33,True,True,False,False,discovery_grid_train,noising,054faa597240a9e82434a0a9,c7d5fbd843ca9dca14ef9037,answer_prefix,answer_prefix,11,self_patch,e73cc6380664ccbf7a1d4110,-0.375,-0.375,0.375,0.375,-0.0,0.0,True,True,True,True,False,False,False,False,False,False,False,0.0
006327f6c2f6a4e84654,grid,train,54bb3f5f57f26cb27ce6,054faa597240a9e82434a0a9,c7d5fbd843ca9dca14ef9037,1/4,C2,2,1,38,33,True,True,False,False,discovery_grid_train,noising,054faa597240a9e82434a0a9,c7d5fbd843ca9dca14ef9037,answer_prefix,answer_prefix,12,cross_patch,5ba87208949a3c6cf8755fed,-0.375,-0.5,0.375,0.5,0.125,-0.125,True,True,True,True,False,False,False,False,False,False,False,-0.125
006327f6c2f6a4e84654,grid,train,54bb3f5f57f26cb27ce6,054faa597240a9e82434a0a9,c7d5fbd843ca9dca14ef9037,1/4,C2,2,1,38,33,True,True,False,False,discovery_grid_train,noising,054faa597240a9e82434a0a9,c7d5fbd843ca9dca14ef9037,answer_prefix,answer_prefix,12,self_patch,b1ebadc32b3968e87cea746b,-0.375,-0.375,0.375,0.375,-0.0,0.0,True,True,True,True,False,False,False,False,False,False,False,0.0
006327f6c2f6a4e84654,grid,train,54bb3f5f57f26cb27ce6,054faa597240a9e82434a0a9,c7d5fbd843ca9dca14ef9037,1/4,C2,2,1,38,33,True,True,False,False,discovery_grid_train,noising,054faa597240a9e82434a0a9,c7d5fbd843ca9dca14ef9037,answer_prefix,answer_prefix,13,cross_patch,af335213c01f19e18af3e235,-0.375,-0.5,0.375,0.5,0.125,-0.125,True,True,True,True,False,False,False,False,False,False,False,-0.125
006327f6c2f6a4e84654,grid,train,54bb3f5f57f26cb27ce6,054faa597240a9e82434a0a9,c7d5fbd843ca9dca14ef9037,1/4,C2,2,1,38,33,True,True,False,False,discovery_grid_train,noising,054faa597240a9e82434a0a9,c7d5fbd843ca9dca14ef9037,answer_prefix,answer_prefix,13,self_patch,4ef45b3384ee96fee41433a5,-0.375,-0.375,0.375,0.375,-0.0,0.0,True,True,True,True,False,False,False,False,False,False,False,0.0
006327f6c2f6a4e84654,grid,train,54bb3f5f57f26cb27ce6,054faa597240a9e82434a0a9,c7d5fbd843ca9dca14ef9037,1/4,C2,2,1,38,33,True,True,False,False,discovery_grid_train,noising,054faa597240a9e82434a0a9,c7d5fbd843ca9dca14ef9037,answer_prefix,answer_prefix,14,cross_patch,52465086605033242f0e6ab5,-0.375,-0.5,0.375,0.5,0.125,-0.125,True,True,True,True,False,False,False,False,False,False,False,-0.125
006327f6c2f6a4e84654,grid,train,54bb3f5f57f26cb27ce6,054faa597240a9e82434a0a9,c7d5fbd843ca9dca14ef9037,1/4,C2,2,1,38,33,True,True,False,False,discovery_grid_train,noising,054faa597240a9e82434a0a9,c7d5fbd843ca9dca14ef9037,answer_prefix,answer_prefix,14,self_patch,89688a855ad7790512b0feb1,-0.375,-0.375,0.375,0.375,-0.0,0.0,True,True,True,True,False,False,False,False,False,False,False,0.0
006327f6c2f6a4e84654,grid,train,54bb3f5f57f26cb27ce6,054faa597240a9e82434a0a9,c7d5fbd843ca9dca14ef9037,1/4,C2,2,1,38,33,True,True,False,False,discovery_grid_train,noising,054faa597240a9e82434a0a9,c7d5fbd843ca9dca14ef9037,answer_prefix,answer_prefix,15,cross_patch,b7a054651955c466412bb641,-0.375,-0.375,0.375,0.375,-0.0,0.0,True,True,True,True,False,False,False,False,False,False,False,0.0
006327f6c2f6a4e84654,grid,train,54bb3f5f57f26cb27ce6,054faa597240a9e82434a0a9,c7d5fbd843ca9dca14ef9037,1/4,C2,2,1,38,33,True,True,False,False,discovery_grid_train,noising,054faa597240a9e82434a0a9,c7d5fbd843ca9dca14ef9037,answer_prefix,answer_prefix,15,self_patch,494403cd361f95c1e9940f79,-0.375,-0.375,0.375,0.375,-0.0,0.0,True,True,True,True,False,False,False,False,False,False,False,0.0
006327f6c2f6a4e84654,grid,train,54bb3f5f57f26cb27ce6,054faa597240a9e82434a0a9,c7d5fbd843ca9dca14ef9037,1/4,C2,2,1,38,33,True,True,False,False,discovery_grid_train,noising,054faa597240a9e82434a0a9,c7d5fbd843ca9dca14ef9037,answer_prefix,answer_prefix,16,cross_patch,ed07c75061944256652cd15f,-0.375,-0.375,0.375,0.375,-0.0,0.0,True,True,True,True,False,False,False,False,False,False,False,0.0
006327f6c2f6a4e84654,grid,train,54bb3f5f57f26cb27ce6,054faa597240a9e82434a0a9,c7d5fbd843ca9dca14ef9037,1/4,C2,2,1,38,33,True,True,False,False,discovery_grid_train,noising,054faa597240a9e82434a0a9,c7d5fbd843ca9dca14ef9037,answer_prefix,answer_prefix,16,self_patch,54ec3050e2865e105022c434,-0.375,-0.375,0.375,0.375,-0.0,0.0,True,True,True,True,False,False,False,False,False,False,False,0.0
006327f6c2f6a4e84654,grid,train,54bb3f5f57f26cb27ce6,054faa597240a9e82434a0a9,c7d5fbd843ca9dca14ef9037,1/4,C2,2,1,38,33,True,True,False,False,discovery_grid_train,noising,054faa597240a9e82434a0a9,c7d5fbd843ca9dca14ef9037,answer_prefix,answer_prefix,17,cross_patch,be636b492d3f286795db069c,-0.375,-0.375,0.375,0.375,-0.0,0.0,True,True,True,True,False,False,False,False,False,False,False,0.0
006327f6c2f6a4e84654,grid,train,54bb3f5f57f26cb27ce6,054faa597240a9e82434a0a9,c7d5fbd843ca9dca14ef9037,1/4,C2,2,1,38,33,True,True,False,False,discovery_grid_train,noising,054faa597240a9e82434a0a9,c7d5fbd843ca9dca14ef9037,answer_prefix,answer_prefix,17,self_patch,5bf33eb0d5501dde16e02932,-0.375,-0.375,0.375,0.375,-0.0,0.0,True,True,True,True,False,False,False,False,False,False,False,0.0
006327f6c2f6a4e84654,grid,train,54bb3f5f57f26cb27ce6,054faa597240a9e82434a0a9,c7d5fbd843ca9dca14ef9037,1/4,C2,2,1,38,33,True,True,False,False,discovery_grid_train,noising,054faa597240a9e82434a0a9,c7d5fbd843ca9dca14ef9037,answer_prefix,answer_prefix,18,cross_patch,fa0f9d6e28d72119a7dbaa86,-0.375,-0.5,0.375,0.5,0.125,-0.125,True,True,True,True,False,False,False,False,False,False,False,-0.125
006327f6c2f6a4e84654,grid,train,54bb3f5f57f26cb27ce6,054faa597240a9e82434a0a9,c7d5fbd843ca9dca14ef9037,1/4,C2,2,1,38,33,True,True,False,False,discovery_grid_train,noising,054faa597240a9e82434a0a9,c7d5fbd843ca9dca14ef9037,answer_prefix,answer_prefix,18,self_patch,ca2535d226fe056fd08a4bae,-0.375,-0.375,0.375,0.375,-0.0,0.0,True,True,True,True,False,False,False,False,False,False,False,0.0
006327f6c2f6a4e84654,grid,train,54bb3f5f57f26cb27ce6,054faa597240a9e82434a0a9,c7d5fbd843ca9dca14ef9037,1/4,C2,2,1,38,33,True,True,False,False,discovery_grid_train,noising,054faa597240a9e82434a0a9,c7d5fbd843ca9dca14ef9037,answer_prefix,answer_prefix,19,cross_patch,56df55de7c079320b19ad593,-0.375,-0.375,0.375,0.375,-0.0,0.0,True,True,True,True,False,False,False,False,False,False,False,0.0
006327f6c2f6a4e84654,grid,train,54bb3f5f57f26cb27ce6,054faa597240a9e82434a0a9,c7d5fbd843ca9dca14ef9037,1/4,C2,2,1,38,33,True,True,False,False,discovery_grid_train,noising,054faa597240a9e82434a0a9,c7d5fbd843ca9dca14ef9037,answer_prefix,answer_prefix,19,self_patch,e903ef775affe816ebd1c820,-0.375,-0.375,0.375,0.375,-0.0,0.0,True,True,True,True,False,False,False,False,False,False,False,0.0
006327f6c2f6a4e84654,grid,train,54bb3f5f57f26cb27ce6,054faa597240a9e82434a0a9,c7d5fbd843ca9dca14ef9037,1/4,C2,2,1,38,33,True,True,False,False,discovery_grid_train,noising,054faa597240a9e82434a0a9,c7d5fbd843ca9dca14ef9037,answer_prefix,answer_prefix,20,cross_patch,e1e32a851505fab8e781a06d,-0.375,-0.375,0.375,0.375,-0.0,0.0,True,True,True,True,False,False,False,False,False,False,False,0.0
006327f6c2f6a4e84654,grid,train,54bb3f5f57f26cb27ce6,054faa597240a9e82434a0a9,c7d5fbd843ca9dca14ef9037,1/4,C2,2,1,38,33,True,True,False,False,discovery_grid_train,noising,054faa597240a9e82434a0a9,c7d5fbd843ca9dca14ef9037,answer_prefix,answer_prefix,20,self_patch,ba99308e3d91dfa9c92f1ad6,-0.375,-0.375,0.375,0.375,-0.0,0.0,True,True,True,True,False,False,False,False,False,False,False,0.0
006327f6c2f6a4e84654,grid,train,54bb3f5f57f26cb27ce6,054faa597240a9e82434a0a9,c7d5fbd843ca9dca14ef9037,1/4,C2,2,1,38,33,True,True,False,False,discovery_grid_train,noising,054faa597240a9e82434a0a9,c7d5fbd843ca9dca14ef9037,answer_prefix,answer_prefix,21,cross_patch,10a5098a9071116b6efe53c1,-0.375,-0.5,0.375,0.5,0.125,-0.125,True,True,True,True,False,False,False,False,False,False,False,-0.125
006327f6c2f6a4e84654,grid,train,54bb3f5f57f26cb27ce6,054faa597240a9e82434a0a9,c7d5fbd843ca9dca14ef9037,1/4,C2,2,1,38,33,True,True,False,False,discovery_grid_train,noising,054faa597240a9e82434a0a9,c7d5fbd843ca9dca14ef9037,answer_prefix,answer_prefix,21,self_patch,f69f840227fc5346f65a2b39,-0.375,-0.375,0.375,0.375,-0.0,0.0,True,True,True,True,False,False,False,False,False,False,False,0.0
006327f6c2f6a4e84654,grid,train,54bb3f5f57f26cb27ce6,054faa597240a9e82434a0a9,c7d5fbd843ca9dca14ef9037,1/4,C2,2,1,38,33,True,True,False,False,discovery_grid_train,noising,054faa597240a9e82434a0a9,c7d5fbd843ca9dca14ef9037,answer_prefix,answer_prefix,22,cross_patch,f891b2c5bf8f089585e56c52,-0.375,-0.375,0.375,0.375,-0.0,0.0,True,True,True,True,False,False,False,False,False,False,False,0.0
006327f6c2f6a4e84654,grid,train,54bb3f5f57f26cb27ce6,054faa597240a9e82434a0a9,c7d5fbd843ca9dca14ef9037,1/4,C2,2,1,38,33,True,True,False,False,discovery_grid_train,noising,054faa597240a9e82434a0a9,c7d5fbd843ca9dca14ef9037,answer_prefix,answer_prefix,22,self_patch,873b894f634c7774d717435a,-0.375,-0.375,0.375,0.375,-0.0,0.0,True,True,True,True,False,False,False,False,False,False,False,0.0
006327f6c2f6a4e84654,grid,train,54bb3f5f57f26cb27ce6,054faa597240a9e82434a0a9,c7d5fbd843ca9dca14ef9037,1/4,C2,2,1,38,33,True,True,False,False,discovery_grid_train,noising,054faa597240a9e82434a0a9,c7d5fbd843ca9dca14ef9037,answer_prefix,answer_prefix,23,cross_patch,e68eb4c61a8dec02506fb3ac,-0.375,-0.375,0.375,0.375,-0.0,0.0,True,True,True,True,False,False,False,False,False,False,False,0.0
006327f6c2f6a4e84654,grid,train,54bb3f5f57f26cb27ce6,054faa597240a9e82434a0a9,c7d5fbd843ca9dca14ef9037,1/4,C2,2,1,38,33,True,True,False,False,discovery_grid_train,noising,054faa597240a9e82434a0a9,c7d5fbd843ca9dca14ef9037,answer_prefix,answer_prefix,23,self_patch,ed08017a4b9c3c89113be4f3,-0.375,-0.375,0.375,0.375,-0.0,0.0,True,True,True,True,False,False,False,False,False,False,False,0.0
006327f6c2f6a4e84654,grid,train,54bb3f5f57f26cb27ce6,054faa597240a9e82434a0a9,c7d5fbd843ca9dca14ef9037,1/4,C2,2,1,38,33,True,True,False,False,discovery_grid_train,noising,054faa597240a9e82434a0a9,c7d5fbd843ca9dca14ef9037,answer_prefix,answer_prefix,24,cross_patch,28ceffefac4c44d00f6a62d0,-0.375,-0.25,0.375,0.25,-0.125,0.125,True,True,True,True,False,False,False,False,False,False,False,0.125
006327f6c2f6a4e84654,grid,train,54bb3f5f57f26cb27ce6,054faa597240a9e82434a0a9,c7d5fbd843ca9dca14ef9037,1/4,C2,2,1,38,33,True,True,False,False,discovery_grid_train,noising,054faa597240a9e82434a0a9,c7d5fbd843ca9dca14ef9037,answer_prefix,answer_prefix,24,self_patch,6c88bd549bcf173157c58673,-0.375,-0.375,0.375,0.375,-0.0,0.0,True,True,True,True,False,False,False,False,False,False,False,0.0
006327f6c2f6a4e84654,grid,train,54bb3f5f57f26cb27ce6,054faa597240a9e82434a0a9,c7d5fbd843ca9dca14ef9037,1/4,C2,2,1,38,33,True,True,False,False,discovery_grid_train,noising,054faa597240a9e82434a0a9,c7d5fbd843ca9dca14ef9037,answer_prefix,answer_prefix,25,cross_patch,51d6df20e74cba918243ad0e,-0.375,-0.25,0.375,0.25,-0.125,0.125,True,True,True,True,False,False,False,False,False,False,False,0.125
006327f6c2f6a4e84654,grid,train,54bb3f5f57f26cb27ce6,054faa597240a9e82434a0a9,c7d5fbd843ca9dca14ef9037,1/4,C2,2,1,38,33,True,True,False,False,discovery_grid_train,noising,054faa597240a9e82434a0a9,c7d5fbd843ca9dca14ef9037,answer_prefix,answer_prefix,25,self_patch,81c156b6667d43bdee260e5b,-0.375,-0.375,0.375,0.375,-0.0,0.0,True,True,True,True,False,False,False,False,False,False,False,0.0
006327f6c2f6a4e84654,grid,train,54bb3f5f57f26cb27ce6,054faa597240a9e82434a0a9,c7d5fbd843ca9dca14ef9037,1/4,C2,2,1,38,33,True,True,False,False,discovery_grid_train,noising,054faa597240a9e82434a0a9,c7d5fbd843ca9dca14ef9037,answer_prefix,answer_prefix,26,cross_patch,ab504d034bbfb8980772b7c1,-0.375,-0.25,0.375,0.25,-0.125,0.125,True,True,True,True,False,False,False,False,False,False,False,0.125
006327f6c2f6a4e84654,grid,train,54bb3f5f57f26cb27ce6,054faa597240a9e82434a0a9,c7d5fbd843ca9dca14ef9037,1/4,C2,2,1,38,33,True,True,False,False,discovery_grid_train,noising,054faa597240a9e82434a0a9,c7d5fbd843ca9dca14ef9037,answer_prefix,answer_prefix,26,self_patch,4223ff9757e40bc77c355c84,-0.375,-0.375,0.375,0.375,-0.0,0.0,True,True,True,True,False,False,False,False,False,False,False,0.0
006327f6c2f6a4e84654,grid,train,54bb3f5f57f26cb27ce6,054faa597240a9e82434a0a9,c7d5fbd843ca9dca14ef9037,1/4,C2,2,1,38,33,True,True,False,False,discovery_grid_train,noising,054faa597240a9e82434a0a9,c7d5fbd843ca9dca14ef9037,answer_prefix,answer_prefix,27,cross_patch,07895b88f4940cd29085b7fa,-0.375,-0.25,0.375,0.25,-0.125,0.125,True,True,True,True,False,False,False,False,False,False,False,0.125
006327f6c2f6a4e84654,grid,train,54bb3f5f57f26cb27ce6,054faa597240a9e82434a0a9,c7d5fbd843ca9dca14ef9037,1/4,C2,2,1,38,33,True,True,False,False,discovery_grid_train,noising,054faa597240a9e82434a0a9,c7d5fbd843ca9dca14ef9037,answer_prefix,answer_prefix,27,self_patch,455bb973467db36691673c44,-0.375,-0.375,0.375,0.375,-0.0,0.0,True,True,True,True,False,False,False,False,False,False,False,0.0
006327f6c2f6a4e84654,grid,train,54bb3f5f57f26cb27ce6,054faa597240a9e82434a0a9,c7d5fbd843ca9dca14ef9037,1/4,C2,2,1,38,33,True,True,False,False,discovery_grid_train,noising,054faa597240a9e82434a0a9,c7d5fbd843ca9dca14ef9037,answer_prefix,answer_prefix,28,cross_patch,c4fc1c83765c988c6dae191c,-0.375,-0.25,0.375,0.25,-0.125,0.125,True,True,True,True,False,False,False,False,False,False,False,0.125
006327f6c2f6a4e84654,grid,train,54bb3f5f57f26cb27ce6,054faa597240a9e82434a0a9,c7d5fbd843ca9dca14ef9037,1/4,C2,2,1,38,33,True,True,False,False,discovery_grid_train,noising,054faa597240a9e82434a0a9,c7d5fbd843ca9dca14ef9037,answer_prefix,answer_prefix,28,self_patch,5cf67ffa2ac125388d34b7a4,-0.375,-0.375,0.375,0.375,-0.0,0.0,True,True,True,True,False,False,False,False,False,False,False,0.0
006327f6c2f6a4e84654,grid,train,54bb3f5f57f26cb27ce6,054faa597240a9e82434a0a9,c7d5fbd843ca9dca14ef9037,1/4,C2,2,1,38,33,True,True,False,False,discovery_grid_train,noising,054faa597240a9e82434a0a9,c7d5fbd843ca9dca14ef9037,answer_prefix,answer_prefix,29,cross_patch,36464ef56926186d7bf887ce,-0.375,-0.125,0.375,0.125,-0.25,0.25,True,True,True,True,False,False,False,False,False,False,False,0.25
006327f6c2f6a4e84654,grid,train,54bb3f5f57f26cb27ce6,054faa597240a9e82434a0a9,c7d5fbd843ca9dca14ef9037,1/4,C2,2,1,38,33,True,True,False,False,discovery_grid_train,noising,054faa597240a9e82434a0a9,c7d5fbd843ca9dca14ef9037,answer_prefix,answer_prefix,29,self_patch,06e19a06f1c7489108a2b7f8,-0.375,-0.375,0.375,0.375,-0.0,0.0,True,True,True,True,False,False,False,False,False,False,False,0.0
006327f6c2f6a4e84654,grid,train,54bb3f5f57f26cb27ce6,054faa597240a9e82434a0a9,c7d5fbd843ca9dca14ef9037,1/4,C2,2,1,38,33,True,True,False,False,discovery_grid_train,noising,054faa597240a9e82434a0a9,c7d5fbd843ca9dca14ef9037,answer_prefix,answer_prefix,30,cross_patch,f63f6af5810be83d947eb2f3,-0.375,0.625,0.375,-0.625,-1.0,1.0,True,False,True,False,False,True,False,True,True,False,True,1.0
006327f6c2f6a4e84654,grid,train,54bb3f5f57f26cb27ce6,054faa597240a9e82434a0a9,c7d5fbd843ca9dca14ef9037,1/4,C2,2,1,38,33,True,True,False,False,discovery_grid_train,noising,054faa597240a9e82434a0a9,c7d5fbd843ca9dca14ef9037,answer_prefix,answer_prefix,30,self_patch,9283de03334b2c89eeb3a387,-0.375,-0.375,0.375,0.375,-0.0,0.0,True,True,True,True,False,False,False,False,False,False,False,0.0
006327f6c2f6a4e84654,grid,train,54bb3f5f57f26cb27ce6,054faa597240a9e82434a0a9,c7d5fbd843ca9dca14ef9037,1/4,C2,2,1,38,33,True,True,False,False,discovery_grid_train,noising,054faa597240a9e82434a0a9,c7d5fbd843ca9dca14ef9037,answer_prefix,answer_prefix,31,cross_patch,aa45986e4d0b6175da29ec0c,-0.375,0.75,0.375,-0.75,-1.125,1.125,True,False,True,False,False,True,False,True,True,False,True,1.125
006327f6c2f6a4e84654,grid,train,54bb3f5f57f26cb27ce6,054faa597240a9e82434a0a9,c7d5fbd843ca9dca14ef9037,1/4,C2,2,1,38,33,True,True,False,False,discovery_grid_train,noising,054faa597240a9e82434a0a9,c7d5fbd843ca9dca14ef9037,answer_prefix,answer_prefix,31,self_patch,b2c8b2e17039acd4425fddb1,-0.375,-0.375,0.375,0.375,-0.0,0.0,True,True,True,True,False,False,False,False,False,False,False,0.0
011110d26cf50fdb06ca,grid,train,053b12007f785b198ca8,f5f70a2508d0f04cfcf7033f,6c679d9bd8e0ee10b62c7658,3/20,C1,1,2,60,15,True,True,False,False,discovery_grid_train,denoising,6c679d9bd8e0ee10b62c7658,f5f70a2508d0f04cfcf7033f,final_prompt,final_prompt,0,cross_patch,217e436db475b374e4986703,-0.5,-0.5,-0.5,-0.5,0.0,0.0,False,False,False,False,False,False,False,False,False,False,False,0.0
011110d26cf50fdb06ca,grid,train,053b12007f785b198ca8,f5f70a2508d0f04cfcf7033f,6c679d9bd8e0ee10b62c7658,3/20,C1,1,2,60,15,True,True,False,False,discovery_grid_train,denoising,6c679d9bd8e0ee10b62c7658,f5f70a2508d0f04cfcf7033f,final_prompt,final_prompt,0,self_patch,9b2dc7159ea7253b30b84d72,-0.5,-0.5,-0.5,-0.5,0.0,0.0,False,False,False,False,False,False,False,False,False,False,False,0.0
011110d26cf50fdb06ca,grid,train,053b12007f785b198ca8,f5f70a2508d0f04cfcf7033f,6c679d9bd8e0ee10b62c7658,3/20,C1,1,2,60,15,True,True,False,False,discovery_grid_train,denoising,6c679d9bd8e0ee10b62c7658,f5f70a2508d0f04cfcf7033f,final_prompt,final_prompt,1,cross_patch,8dd194ffaf4a8480b4a6e060,-0.5,-0.5,-0.5,-0.5,0.0,0.0,False,False,False,False,False,False,False,False,False,False,False,0.0
011110d26cf50fdb06ca,grid,train,053b12007f785b198ca8,f5f70a2508d0f04cfcf7033f,6c679d9bd8e0ee10b62c7658,3/20,C1,1,2,60,15,True,True,False,False,discovery_grid_train,denoising,6c679d9bd8e0ee10b62c7658,f5f70a2508d0f04cfcf7033f,final_prompt,final_prompt,1,self_patch,7eb562883c75d4a9c96a2c50,-0.5,-0.5,-0.5,-0.5,0.0,0.0,False,False,False,False,False,False,False,False,False,False,False,0.0
011110d26cf50fdb06ca,grid,train,053b12007f785b198ca8,f5f70a2508d0f04cfcf7033f,6c679d9bd8e0ee10b62c7658,3/20,C1,1,2,60,15,True,True,False,False,discovery_grid_train,denoising,6c679d9bd8e0ee10b62c7658,f5f70a2508d0f04cfcf7033f,final_prompt,final_prompt,2,cross_patch,a5225faee9747b67a1ce2c52,-0.5,-0.5,-0.5,-0.5,0.0,0.0,False,False,False,False,False,False,False,False,False,False,False,0.0
011110d26cf50fdb06ca,grid,train,053b12007f785b198ca8,f5f70a2508d0f04cfcf7033f,6c679d9bd8e0ee10b62c7658,3/20,C1,1,2,60,15,True,True,False,False,discovery_grid_train,denoising,6c679d9bd8e0ee10b62c7658,f5f70a2508d0f04cfcf7033f,final_prompt,final_prompt,2,self_patch,71f464792cd9299d96060a92,-0.5,-0.5,-0.5,-0.5,0.0,0.0,False,False,False,False,False,False,False,False,False,False,False,0.0
011110d26cf50fdb06ca,grid,train,053b12007f785b198ca8,f5f70a2508d0f04cfcf7033f,6c679d9bd8e0ee10b62c7658,3/20,C1,1,2,60,15,True,True,False,False,discovery_grid_train,denoising,6c679d9bd8e0ee10b62c7658,f5f70a2508d0f04cfcf7033f,final_prompt,final_prompt,3,cross_patch,e5277600de05523cab30b892,-0.5,-0.5,-0.5,-0.5,0.0,0.0,False,False,False,False,False,False,False,False,False,False,False,0.0
011110d26cf50fdb06ca,grid,train,053b12007f785b198ca8,f5f70a2508d0f04cfcf7033f,6c679d9bd8e0ee10b62c7658,3/20,C1,1,2,60,15,True,True,False,False,discovery_grid_train,denoising,6c679d9bd8e0ee10b62c7658,f5f70a2508d0f04cfcf7033f,final_prompt,final_prompt,3,self_patch,eb94124c005a3017922d889f,-0.5,-0.5,-0.5,-0.5,0.0,0.0,False,False,False,False,False,False,False,False,False,False,False,0.0
011110d26cf50fdb06ca,grid,train,053b12007f785b198ca8,f5f70a2508d0f04cfcf7033f,6c679d9bd8e0ee10b62c7658,3/20,C1,1,2,60,15,True,True,False,False,discovery_grid_train,denoising,6c679d9bd8e0ee10b62c7658,f5f70a2508d0f04cfcf7033f,final_prompt,final_prompt,4,cross_patch,09281d4f9640f8b682d1461c,-0.5,-0.5,-0.5,-0.5,0.0,0.0,False,False,False,False,False,False,False,False,False,False,False,0.0
011110d26cf50fdb06ca,grid,train,053b12007f785b198ca8,f5f70a2508d0f04cfcf7033f,6c679d9bd8e0ee10b62c7658,3/20,C1,1,2,60,15,True,True,False,False,discovery_grid_train,denoising,6c679d9bd8e0ee10b62c7658,f5f70a2508d0f04cfcf7033f,final_prompt,final_prompt,4,self_patch,301e92fdf9dd0c56bcf5e261,-0.5,-0.5,-0.5,-0.5,0.0,0.0,False,False,False,False,False,False,False,False,False,False,False,0.0
011110d26cf50fdb06ca,grid,train,053b12007f785b198ca8,f5f70a2508d0f04cfcf7033f,6c679d9bd8e0ee10b62c7658,3/20,C1,1,2,60,15,True,True,False,False,discovery_grid_train,denoising,6c679d9bd8e0ee10b62c7658,f5f70a2508d0f04cfcf7033f,final_prompt,final_prompt,5,cross_patch,2620b925347723955f5fd2c9,-0.5,-0.5,-0.5,-0.5,0.0,0.0,False,False,False,False,False,False,False,False,False,False,False,0.0
011110d26cf50fdb06ca,grid,train,053b12007f785b198ca8,f5f70a2508d0f04cfcf7033f,6c679d9bd8e0ee10b62c7658,3/20,C1,1,2,60,15,True,True,False,False,discovery_grid_train,denoising,6c679d9bd8e0ee10b62c7658,f5f70a2508d0f04cfcf7033f,final_prompt,final_prompt,5,self_patch,41657975ce14346b7bc0c1d5,-0.5,-0.5,-0.5,-0.5,0.0,0.0,False,False,False,False,False,False,False,False,False,False,False,0.0
011110d26cf50fdb06ca,grid,train,053b12007f785b198ca8,f5f70a2508d0f04cfcf7033f,6c679d9bd8e0ee10b62c7658,3/20,C1,1,2,60,15,True,True,False,False,discovery_grid_train,denoising,6c679d9bd8e0ee10b62c7658,f5f70a2508d0f04cfcf7033f,final_prompt,final_prompt,6,cross_patch,42cac725b748c7174d12d3cb,-0.5,-0.5,-0.5,-0.5,0.0,0.0,False,False,False,False,False,False,False,False,False,False,False,0.0
011110d26cf50fdb06ca,grid,train,053b12007f785b198ca8,f5f70a2508d0f04cfcf7033f,6c679d9bd8e0ee10b62c7658,3/20,C1,1,2,60,15,True,True,False,False,discovery_grid_train,denoising,6c679d9bd8e0ee10b62c7658,f5f70a2508d0f04cfcf7033f,final_prompt,final_prompt,6,self_patch,89027664f006d43b895d5861,-0.5,-0.5,-0.5,-0.5,0.0,0.0,False,False,False,False,False,False,False,False,False,False,False,0.0
011110d26cf50fdb06ca,grid,train,053b12007f785b198ca8,f5f70a2508d0f04cfcf7033f,6c679d9bd8e0ee10b62c7658,3/20,C1,1,2,60,15,True,True,False,False,discovery_grid_train,denoising,6c679d9bd8e0ee10b62c7658,f5f70a2508d0f04cfcf7033f,final_prompt,final_prompt,7,cross_patch,dac5a5f1c1dece8354a98ee0,-0.5,-0.5,-0.5,-0.5,0.0,0.0,False,False,False,False,False,False,False,False,False,False,False,0.0
011110d26cf50fdb06ca,grid,train,053b12007f785b198ca8,f5f70a2508d0f04cfcf7033f,6c679d9bd8e0ee10b62c7658,3/20,C1,1,2,60,15,True,True,False,False,discovery_grid_train,denoising,6c679d9bd8e0ee10b62c7658,f5f70a2508d0f04cfcf7033f,final_prompt,final_prompt,7,self_patch,db8fd265c5d69c55383dc5ee,-0.5,-0.5,-0.5,-0.5,0.0,0.0,False,False,False,False,False,False,False,False,False,False,False,0.0
011110d26cf50fdb06ca,grid,train,053b12007f785b198ca8,f5f70a2508d0f04cfcf7033f,6c679d9bd8e0ee10b62c7658,3/20,C1,1,2,60,15,True,True,False,False,discovery_grid_train,denoising,6c679d9bd8e0ee10b62c7658,f5f70a2508d0f04cfcf7033f,final_prompt,final_prompt,8,cross_patch,5c4d8510f5fb8facd3cdff49,-0.5,-0.625,-0.5,-0.625,-0.125,-0.125,False,False,False,False,False,False,False,False,False,False,False,-0.125
011110d26cf50fdb06ca,grid,train,053b12007f785b198ca8,f5f70a2508d0f04cfcf7033f,6c679d9bd8e0ee10b62c7658,3/20,C1,1,2,60,15,True,True,False,False,discovery_grid_train,denoising,6c679d9bd8e0ee10b62c7658,f5f70a2508d0f04cfcf7033f,final_prompt,final_prompt,8,self_patch,1d6de1756b7890bf117f7e26,-0.5,-0.5,-0.5,-0.5,0.0,0.0,False,False,False,False,False,False,False,False,False,False,False,0.0
011110d26cf50fdb06ca,grid,train,053b12007f785b198ca8,f5f70a2508d0f04cfcf7033f,6c679d9bd8e0ee10b62c7658,3/20,C1,1,2,60,15,True,True,False,False,discovery_grid_train,denoising,6c679d9bd8e0ee10b62c7658,f5f70a2508d0f04cfcf7033f,final_prompt,final_prompt,9,cross_patch,aca7a221ef841a93292d6607,-0.5,-0.5,-0.5,-0.5,0.0,0.0,False,False,False,False,False,False,False,False,False,False,False,0.0
011110d26cf50fdb06ca,grid,train,053b12007f785b198ca8,f5f70a2508d0f04cfcf7033f,6c679d9bd8e0ee10b62c7658,3/20,C1,1,2,60,15,True,True,False,False,discovery_grid_train,denoising,6c679d9bd8e0ee10b62c7658,f5f70a2508d0f04cfcf7033f,final_prompt,final_prompt,9,self_patch,07f8118fe7d0374adb3d6638,-0.5,-0.5,-0.5,-0.5,0.0,0.0,False,False,False,False,False,False,False,False,False,False,False,0.0
011110d26cf50fdb06ca,grid,train,053b12007f785b198ca8,f5f70a2508d0f04cfcf7033f,6c679d9bd8e0ee10b62c7658,3/20,C1,1,2,60,15,True,True,False,False,discovery_grid_train,denoising,6c679d9bd8e0ee10b62c7658,f5f70a2508d0f04cfcf7033f,final_prompt,final_prompt,10,cross_patch,5f413d0b44266f7ebee1800b,-0.5,-0.625,-0.5,-0.625,-0.125,-0.125,False,False,False,False,False,False,False,False,False,False,False,-0.125
011110d26cf50fdb06ca,grid,train,053b12007f785b198ca8,f5f70a2508d0f04cfcf7033f,6c679d9bd8e0ee10b62c7658,3/20,C1,1,2,60,15,True,True,False,False,discovery_grid_train,denoising,6c679d9bd8e0ee10b62c7658,f5f70a2508d0f04cfcf7033f,final_prompt,final_prompt,10,self_patch,617f97a8d79ce8ad2d74c2a5,-0.5,-0.5,-0.5,-0.5,0.0,0.0,False,False,False,False,False,False,False,False,False,False,False,0.0
011110d26cf50fdb06ca,grid,train,053b12007f785b198ca8,f5f70a2508d0f04cfcf7033f,6c679d9bd8e0ee10b62c7658,3/20,C1,1,2,60,15,True,True,False,False,discovery_grid_train,denoising,6c679d9bd8e0ee10b62c7658,f5f70a2508d0f04cfcf7033f,final_prompt,final_prompt,11,cross_patch,a0b6d179b8d4d5fb84652ec0,-0.5,-0.5,-0.5,-0.5,0.0,0.0,False,False,False,False,False,False,False,False,False,False,False,0.0
011110d26cf50fdb06ca,grid,train,053b12007f785b198ca8,f5f70a2508d0f04cfcf7033f,6c679d9bd8e0ee10b62c7658,3/20,C1,1,2,60,15,True,True,False,False,discovery_grid_train,denoising,6c679d9bd8e0ee10b62c7658,f5f70a2508d0f04cfcf7033f,final_prompt,final_prompt,11,self_patch,02b985801e1100a757d54355,-0.5,-0.5,-0.5,-0.5,0.0,0.0,False,False,False,False,False,False,False,False,False,False,False,0.0
011110d26cf50fdb06ca,grid,train,053b12007f785b198ca8,f5f70a2508d0f04cfcf7033f,6c679d9bd8e0ee10b62c7658,3/20,C1,1,2,60,15,True,True,False,False,discovery_grid_train,denoising,6c679d9bd8e0ee10b62c7658,f5f70a2508d0f04cfcf7033f,final_prompt,final_prompt,12,cross_patch,87b9241c097edc213edc3a22,-0.5,-0.5,-0.5,-0.5,0.0,0.0,False,False,False,False,False,False,False,False,False,False,False,0.0
011110d26cf50fdb06ca,grid,train,053b12007f785b198ca8,f5f70a2508d0f04cfcf7033f,6c679d9bd8e0ee10b62c7658,3/20,C1,1,2,60,15,True,True,False,False,discovery_grid_train,denoising,6c679d9bd8e0ee10b62c7658,f5f70a2508d0f04cfcf7033f,final_prompt,final_prompt,12,self_patch,20e15ddf4792724483b73964,-0.5,-0.5,-0.5,-0.5,0.0,0.0,False,False,False,False,False,False,False,False,False,False,False,0.0
011110d26cf50fdb06ca,grid,train,053b12007f785b198ca8,f5f70a2508d0f04cfcf7033f,6c679d9bd8e0ee10b62c7658,3/20,C1,1,2,60,15,True,True,False,False,discovery_grid_train,denoising,6c679d9bd8e0ee10b62c7658,f5f70a2508d0f04cfcf7033f,final_prompt,final_prompt,13,cross_patch,5f16ca08d8e91cb4562ef80e,-0.5,-0.5,-0.5,-0.5,0.0,0.0,False,False,False,False,False,False,False,False,False,False,False,0.0
011110d26cf50fdb06ca,grid,train,053b12007f785b198ca8,f5f70a2508d0f04cfcf7033f,6c679d9bd8e0ee10b62c7658,3/20,C1,1,2,60,15,True,True,False,False,discovery_grid_train,denoising,6c679d9bd8e0ee10b62c7658,f5f70a2508d0f04cfcf7033f,final_prompt,final_prompt,13,self_patch,d08246c271a308b319de475c,-0.5,-0.5,-0.5,-0.5,0.0,0.0,False,False,False,False,False,False,False,False,False,False,False,0.0
011110d26cf50fdb06ca,grid,train,053b12007f785b198ca8,f5f70a2508d0f04cfcf7033f,6c679d9bd8e0ee10b62c7658,3/20,C1,1,2,60,15,True,True,False,False,discovery_grid_train,denoising,6c679d9bd8e0ee10b62c7658,f5f70a2508d0f04cfcf7033f,final_prompt,final_prompt,14,cross_patch,62440da1e140e5255508a9c8,-0.5,-0.625,-0.5,-0.625,-0.125,-0.125,False,False,False,False,False,False,False,False,False,False,False,-0.125
011110d26cf50fdb06ca,grid,train,053b12007f785b198ca8,f5f70a2508d0f04cfcf7033f,6c679d9bd8e0ee10b62c7658,3/20,C1,1,2,60,15,True,True,False,False,discovery_grid_train,denoising,6c679d9bd8e0ee10b62c7658,f5f70a2508d0f04cfcf7033f,final_prompt,final_prompt,14,self_patch,cab12465931cadf8000b06be,-0.5,-0.5,-0.5,-0.5,0.0,0.0,False,False,False,False,False,False,False,False,False,False,False,0.0
011110d26cf50fdb06ca,grid,train,053b12007f785b198ca8,f5f70a2508d0f04cfcf7033f,6c679d9bd8e0ee10b62c7658,3/20,C1,1,2,60,15,True,True,False,False,discovery_grid_train,denoising,6c679d9bd8e0ee10b62c7658,f5f70a2508d0f04cfcf7033f,final_prompt,final_prompt,15,cross_patch,db988aba2e99f2e11935f26a,-0.5,-0.625,-0.5,-0.625,-0.125,-0.125,False,False,False,False,False,False,False,False,False,False,False,-0.125
011110d26cf50fdb06ca,grid,train,053b12007f785b198ca8,f5f70a2508d0f04cfcf7033f,6c679d9bd8e0ee10b62c7658,3/20,C1,1,2,60,15,True,True,False,False,discovery_grid_train,denoising,6c679d9bd8e0ee10b62c7658,f5f70a2508d0f04cfcf7033f,final_prompt,final_prompt,15,self_patch,c75d69e6594e9736f58df8d4,-0.5,-0.5,-0.5,-0.5,0.0,0.0,False,False,False,False,False,False,False,False,False,False,False,0.0
011110d26cf50fdb06ca,grid,train,053b12007f785b198ca8,f5f70a2508d0f04cfcf7033f,6c679d9bd8e0ee10b62c7658,3/20,C1,1,2,60,15,True,True,False,False,discovery_grid_train,denoising,6c679d9bd8e0ee10b62c7658,f5f70a2508d0f04cfcf7033f,final_prompt,final_prompt,16,cross_patch,71472a09af0c169ea6495170,-0.5,-0.625,-0.5,-0.625,-0.125,-0.125,False,False,False,False,False,False,False,False,False,False,False,-0.125
011110d26cf50fdb06ca,grid,train,053b12007f785b198ca8,f5f70a2508d0f04cfcf7033f,6c679d9bd8e0ee10b62c7658,3/20,C1,1,2,60,15,True,True,False,False,discovery_grid_train,denoising,6c679d9bd8e0ee10b62c7658,f5f70a2508d0f04cfcf7033f,final_prompt,final_prompt,16,self_patch,09ff95eb8b7c65120209c0dd,-0.5,-0.5,-0.5,-0.5,0.0,0.0,False,False,False,False,False,False,False,False,False,False,False,0.0
011110d26cf50fdb06ca,grid,train,053b12007f785b198ca8,f5f70a2508d0f04cfcf7033f,6c679d9bd8e0ee10b62c7658,3/20,C1,1,2,60,15,True,True,False,False,discovery_grid_train,denoising,6c679d9bd8e0ee10b62c7658,f5f70a2508d0f04cfcf7033f,final_prompt,final_prompt,17,cross_patch,d79ace323c0b62d3dc97822d,-0.5,-0.625,-0.5,-0.625,-0.125,-0.125,False,False,False,False,False,False,False,False,False,False,False,-0.125
011110d26cf50fdb06ca,grid,train,053b12007f785b198ca8,f5f70a2508d0f04cfcf7033f,6c679d9bd8e0ee10b62c7658,3/20,C1,1,2,60,15,True,True,False,False,discovery_grid_train,denoising,6c679d9bd8e0ee10b62c7658,f5f70a2508d0f04cfcf7033f,final_prompt,final_prompt,17,self_patch,b102ad30b9b867c3ff33b1c8,-0.5,-0.5,-0.5,-0.5,0.0,0.0,False,False,False,False,False,False,False,False,False,False,False,0.0
011110d26cf50fdb06ca,grid,train,053b12007f785b198ca8,f5f70a2508d0f04cfcf7033f,6c679d9bd8e0ee10b62c7658,3/20,C1,1,2,60,15,True,True,False,False,discovery_grid_train,denoising,6c679d9bd8e0ee10b62c7658,f5f70a2508d0f04cfcf7033f,final_prompt,final_prompt,18,cross_patch,45d85d55bfafe49084c66f07,-0.5,-0.625,-0.5,-0.625,-0.125,-0.125,False,False,False,False,False,False,False,False,False,False,False,-0.125
011110d26cf50fdb06ca,grid,train,053b12007f785b198ca8,f5f70a2508d0f04cfcf7033f,6c679d9bd8e0ee10b62c7658,3/20,C1,1,2,60,15,True,True,False,False,discovery_grid_train,denoising,6c679d9bd8e0ee10b62c7658,f5f70a2508d0f04cfcf7033f,final_prompt,final_prompt,18,self_patch,d0ac0b3fb94bba3f339a3f9b,-0.5,-0.5,-0.5,-0.5,0.0,0.0,False,False,False,False,False,False,False,False,False,False,False,0.0
011110d26cf50fdb06ca,grid,train,053b12007f785b198ca8,f5f70a2508d0f04cfcf7033f,6c679d9bd8e0ee10b62c7658,3/20,C1,1,2,60,15,True,True,False,False,discovery_grid_train,denoising,6c679d9bd8e0ee10b62c7658,f5f70a2508d0f04cfcf7033f,final_prompt,final_prompt,19,cross_patch,b35e152525eb9bac38038ec8,-0.5,-0.5,-0.5,-0.5,0.0,0.0,False,False,False,False,False,False,False,False,False,False,False,0.0
011110d26cf50fdb06ca,grid,train,053b12007f785b198ca8,f5f70a2508d0f04cfcf7033f,6c679d9bd8e0ee10b62c7658,3/20,C1,1,2,60,15,True,True,False,False,discovery_grid_train,denoising,6c679d9bd8e0ee10b62c7658,f5f70a2508d0f04cfcf7033f,final_prompt,final_prompt,19,self_patch,e47dec5776b6e4bdc2ba54e6,-0.5,-0.5,-0.5,-0.5,0.0,0.0,False,False,False,False,False,False,False,False,False,False,False,0.0
011110d26cf50fdb06ca,grid,train,053b12007f785b198ca8,f5f70a2508d0f04cfcf7033f,6c679d9bd8e0ee10b62c7658,3/20,C1,1,2,60,15,True,True,False,False,discovery_grid_train,denoising,6c679d9bd8e0ee10b62c7658,f5f70a2508d0f04cfcf7033f,final_prompt,final_prompt,20,cross_patch,7e1f8a8c831bec4e6692261e,-0.5,-0.5,-0.5,-0.5,0.0,0.0,False,False,False,False,False,False,False,False,False,False,False,0.0
011110d26cf50fdb06ca,grid,train,053b12007f785b198ca8,f5f70a2508d0f04cfcf7033f,6c679d9bd8e0ee10b62c7658,3/20,C1,1,2,60,15,True,True,False,False,discovery_grid_train,denoising,6c679d9bd8e0ee10b62c7658,f5f70a2508d0f04cfcf7033f,final_prompt,final_prompt,20,self_patch,5e6d32ea0a621b5b0d7b6a40,-0.5,-0.5,-0.5,-0.5,0.0,0.0,False,False,False,False,False,False,False,False,False,False,False,0.0
011110d26cf50fdb06ca,grid,train,053b12007f785b198ca8,f5f70a2508d0f04cfcf7033f,6c679d9bd8e0ee10b62c7658,3/20,C1,1,2,60,15,True,True,False,False,discovery_grid_train,denoising,6c679d9bd8e0ee10b62c7658,f5f70a2508d0f04cfcf7033f,final_prompt,final_prompt,21,cross_patch,25bd2251004e6dc5058a1aaf,-0.5,-0.625,-0.5,-0.625,-0.125,-0.125,False,False,False,False,False,False,False,False,False,False,False,-0.125
011110d26cf50fdb06ca,grid,train,053b12007f785b198ca8,f5f70a2508d0f04cfcf7033f,6c679d9bd8e0ee10b62c7658,3/20,C1,1,2,60,15,True,True,False,False,discovery_grid_train,denoising,6c679d9bd8e0ee10b62c7658,f5f70a2508d0f04cfcf7033f,final_prompt,final_prompt,21,self_patch,ee4726b8ecd791d55093017e,-0.5,-0.5,-0.5,-0.5,0.0,0.0,False,False,False,False,False,False,False,False,False,False,False,0.0
011110d26cf50fdb06ca,grid,train,053b12007f785b198ca8,f5f70a2508d0f04cfcf7033f,6c679d9bd8e0ee10b62c7658,3/20,C1,1,2,60,15,True,True,False,False,discovery_grid_train,denoising,6c679d9bd8e0ee10b62c7658,f5f70a2508d0f04cfcf7033f,final_prompt,final_prompt,22,cross_patch,189fc9da46aec4b5768afd6c,-0.5,-0.5,-0.5,-0.5,0.0,0.0,False,False,False,False,False,False,False,False,False,False,False,0.0
011110d26cf50fdb06ca,grid,train,053b12007f785b198ca8,f5f70a2508d0f04cfcf7033f,6c679d9bd8e0ee10b62c7658,3/20,C1,1,2,60,15,True,True,False,False,discovery_grid_train,denoising,6c679d9bd8e0ee10b62c7658,f5f70a2508d0f04cfcf7033f,final_prompt,final_prompt,22,self_patch,fa65bb835b9bbccf22cfa952,-0.5,-0.5,-0.5,-0.5,0.0,0.0,False,False,False,False,False,False,False,False,False,False,False,0.0
011110d26cf50fdb06ca,grid,train,053b12007f785b198ca8,f5f70a2508d0f04cfcf7033f,6c679d9bd8e0ee10b62c7658,3/20,C1,1,2,60,15,True,True,False,False,discovery_grid_train,denoising,6c679d9bd8e0ee10b62c7658,f5f70a2508d0f04cfcf7033f,final_prompt,final_prompt,23,cross_patch,de2daba20e04ab941efe59bf,-0.5,-0.5,-0.5,-0.5,0.0,0.0,False,False,False,False,False,False,False,False,False,False,False,0.0
011110d26cf50fdb06ca,grid,train,053b12007f785b198ca8,f5f70a2508d0f04cfcf7033f,6c679d9bd8e0ee10b62c7658,3/20,C1,1,2,60,15,True,True,False,False,discovery_grid_train,denoising,6c679d9bd8e0ee10b62c7658,f5f70a2508d0f04cfcf7033f,final_prompt,final_prompt,23,self_patch,a7e6a940eff4e62fd0ca7178,-0.5,-0.5,-0.5,-0.5,0.0,0.0,False,False,False,False,False,False,False,False,False,False,False,0.0
011110d26cf50fdb06ca,grid,train,053b12007f785b198ca8,f5f70a2508d0f04cfcf7033f,6c679d9bd8e0ee10b62c7658,3/20,C1,1,2,60,15,True,True,False,False,discovery_grid_train,denoising,6c679d9bd8e0ee10b62c7658,f5f70a2508d0f04cfcf7033f,final_prompt,final_prompt,24,cross_patch,ddbf2515a4b8bcebc82495cd,-0.5,-0.5,-0.5,-0.5,0.0,0.0,False,False,False,False,False,False,False,False,False,False,False,0.0
011110d26cf50fdb06ca,grid,train,053b12007f785b198ca8,f5f70a2508d0f04cfcf7033f,6c679d9bd8e0ee10b62c7658,3/20,C1,1,2,60,15,True,True,False,False,discovery_grid_train,denoising,6c679d9bd8e0ee10b62c7658,f5f70a2508d0f04cfcf7033f,final_prompt,final_prompt,24,self_patch,28e420d143147e6867fe39e5,-0.5,-0.5,-0.5,-0.5,0.0,0.0,False,False,False,False,False,False,False,False,False,False,False,0.0
011110d26cf50fdb06ca,grid,train,053b12007f785b198ca8,f5f70a2508d0f04cfcf7033f,6c679d9bd8e0ee10b62c7658,3/20,C1,1,2,60,15,True,True,False,False,discovery_grid_train,denoising,6c679d9bd8e0ee10b62c7658,f5f70a2508d0f04cfcf7033f,final_prompt,final_prompt,25,cross_patch,5d908aba28c9c116f6fbc2ca,-0.5,-0.5,-0.5,-0.5,0.0,0.0,False,False,False,False,False,False,False,False,False,False,False,0.0
011110d26cf50fdb06ca,grid,train,053b12007f785b198ca8,f5f70a2508d0f04cfcf7033f,6c679d9bd8e0ee10b62c7658,3/20,C1,1,2,60,15,True,True,False,False,discovery_grid_train,denoising,6c679d9bd8e0ee10b62c7658,f5f70a2508d0f04cfcf7033f,final_prompt,final_prompt,25,self_patch,eb502f79d2be48973138943e,-0.5,-0.5,-0.5,-0.5,0.0,0.0,False,False,False,False,False,False,False,False,False,False,False,0.0
011110d26cf50fdb06ca,grid,train,053b12007f785b198ca8,f5f70a2508d0f04cfcf7033f,6c679d9bd8e0ee10b62c7658,3/20,C1,1,2,60,15,True,True,False,False,discovery_grid_train,denoising,6c679d9bd8e0ee10b62c7658,f5f70a2508d0f04cfcf7033f,final_prompt,final_prompt,26,cross_patch,c0957bbaa4ad91fd5044269d,-0.5,-0.5,-0.5,-0.5,0.0,0.0,False,False,False,False,False,False,False,False,False,False,False,0.0
011110d26cf50fdb06ca,grid,train,053b12007f785b198ca8,f5f70a2508d0f04cfcf7033f,6c679d9bd8e0ee10b62c7658,3/20,C1,1,2,60,15,True,True,False,False,discovery_grid_train,denoising,6c679d9bd8e0ee10b62c7658,f5f70a2508d0f04cfcf7033f,final_prompt,final_prompt,26,self_patch,2f0f16decc1804058a0acd52,-0.5,-0.5,-0.5,-0.5,0.0,0.0,False,False,False,False,False,False,False,False,False,False,False,0.0
011110d26cf50fdb06ca,grid,train,053b12007f785b198ca8,f5f70a2508d0f04cfcf7033f,6c679d9bd8e0ee10b62c7658,3/20,C1,1,2,60,15,True,True,False,False,discovery_grid_train,denoising,6c679d9bd8e0ee10b62c7658,f5f70a2508d0f04cfcf7033f,final_prompt,final_prompt,27,cross_patch,5c8ab0919722aa10e5f44ad9,-0.5,-0.5,-0.5,-0.5,0.0,0.0,False,False,False,False,False,False,False,False,False,False,False,0.0
011110d26cf50fdb06ca,grid,train,053b12007f785b198ca8,f5f70a2508d0f04cfcf7033f,6c679d9bd8e0ee10b62c7658,3/20,C1,1,2,60,15,True,True,False,False,discovery_grid_train,denoising,6c679d9bd8e0ee10b62c7658,f5f70a2508d0f04cfcf7033f,final_prompt,final_prompt,27,self_patch,d803cd325599c687168b3493,-0.5,-0.5,-0.5,-0.5,0.0,0.0,False,False,False,False,False,False,False,False,False,False,False,0.0
011110d26cf50fdb06ca,grid,train,053b12007f785b198ca8,f5f70a2508d0f04cfcf7033f,6c679d9bd8e0ee10b62c7658,3/20,C1,1,2,60,15,True,True,False,False,discovery_grid_train,denoising,6c679d9bd8e0ee10b62c7658,f5f70a2508d0f04cfcf7033f,final_prompt,final_prompt,28,cross_patch,a5404194fe33c154995ab720,-0.5,-0.5,-0.5,-0.5,0.0,0.0,False,False,False,False,False,False,False,False,False,False,False,0.0
011110d26cf50fdb06ca,grid,train,053b12007f785b198ca8,f5f70a2508d0f04cfcf7033f,6c679d9bd8e0ee10b62c7658,3/20,C1,1,2,60,15,True,True,False,False,discovery_grid_train,denoising,6c679d9bd8e0ee10b62c7658,f5f70a2508d0f04cfcf7033f,final_prompt,final_prompt,28,self_patch,0be461fa44a54327d67221c7,-0.5,-0.5,-0.5,-0.5,0.0,0.0,False,False,False,False,False,False,False,False,False,False,False,0.0
011110d26cf50fdb06ca,grid,train,053b12007f785b198ca8,f5f70a2508d0f04cfcf7033f,6c679d9bd8e0ee10b62c7658,3/20,C1,1,2,60,15,True,True,False,False,discovery_grid_train,denoising,6c679d9bd8e0ee10b62c7658,f5f70a2508d0f04cfcf7033f,final_prompt,final_prompt,29,cross_patch,212b48d178d8f225aaf08e93,-0.5,-0.5,-0.5,-0.5,0.0,0.0,False,False,False,False,False,False,False,False,False,False,False,0.0
011110d26cf50fdb06ca,grid,train,053b12007f785b198ca8,f5f70a2508d0f04cfcf7033f,6c679d9bd8e0ee10b62c7658,3/20,C1,1,2,60,15,True,True,False,False,discovery_grid_train,denoising,6c679d9bd8e0ee10b62c7658,f5f70a2508d0f04cfcf7033f,final_prompt,final_prompt,29,self_patch,26b97c90d931c7442b0efb82,-0.5,-0.5,-0.5,-0.5,0.0,0.0,False,False,False,False,False,False,False,False,False,False,False,0.0
011110d26cf50fdb06ca,grid,train,053b12007f785b198ca8,f5f70a2508d0f04cfcf7033f,6c679d9bd8e0ee10b62c7658,3/20,C1,1,2,60,15,True,True,False,False,discovery_grid_train,denoising,6c679d9bd8e0ee10b62c7658,f5f70a2508d0f04cfcf7033f,final_prompt,final_prompt,30,cross_patch,da9b2be7be1e4e780df74694,-0.5,-0.5,-0.5,-0.5,0.0,0.0,False,False,False,False,False,False,False,False,False,False,False,0.0
011110d26cf50fdb06ca,grid,train,053b12007f785b198ca8,f5f70a2508d0f04cfcf7033f,6c679d9bd8e0ee10b62c7658,3/20,C1,1,2,60,15,True,True,False,False,discovery_grid_train,denoising,6c679d9bd8e0ee10b62c7658,f5f70a2508d0f04cfcf7033f,final_prompt,final_prompt,30,self_patch,df3acdd57670c2c9aa6ad026,-0.5,-0.5,-0.5,-0.5,0.0,0.0,False,False,False,False,False,False,False,False,False,False,False,0.0
011110d26cf50fdb06ca,grid,train,053b12007f785b198ca8,f5f70a2508d0f04cfcf7033f,6c679d9bd8e0ee10b62c7658,3/20,C1,1,2,60,15,True,True,False,False,discovery_grid_train,denoising,6c679d9bd8e0ee10b62c7658,f5f70a2508d0f04cfcf7033f,final_prompt,final_prompt,31,cross_patch,d33844e8755c1ffe93e0cf50,-0.5,-0.5,-0.5,-0.5,0.0,0.0,False,False,False,False,False,False,False,False,False,False,False,0.0
011110d26cf50fdb06ca,grid,train,053b12007f785b198ca8,f5f70a2508d0f04cfcf7033f,6c679d9bd8e0ee10b62c7658,3/20,C1,1,2,60,15,True,True,False,False,discovery_grid_train,denoising,6c679d9bd8e0ee10b62c7658,f5f70a2508d0f04cfcf7033f,final_prompt,final_prompt,31,self_patch,c52685c9e82a1b9998b701f5,-0.5,-0.5,-0.5,-0.5,0.0,0.0,False,False,False,False,False,False,False,False,False,False,False,0.0
011110d26cf50fdb06ca,grid,train,053b12007f785b198ca8,f5f70a2508d0f04cfcf7033f,6c679d9bd8e0ee10b62c7658,3/20,C1,1,2,60,15,True,True,False,False,discovery_grid_train,denoising,6c679d9bd8e0ee10b62c7658,f5f70a2508d0f04cfcf7033f,answer_prefix,answer_prefix,0,cross_patch,d66dc99de756989485ae5a03,-0.5,-0.5,-0.5,-0.5,0.0,0.0,False,False,False,False,False,False,False,False,False,False,False,0.0
011110d26cf50fdb06ca,grid,train,053b12007f785b198ca8,f5f70a2508d0f04cfcf7033f,6c679d9bd8e0ee10b62c7658,3/20,C1,1,2,60,15,True,True,False,False,discovery_grid_train,denoising,6c679d9bd8e0ee10b62c7658,f5f70a2508d0f04cfcf7033f,answer_prefix,answer_prefix,0,self_patch,d9a323d69fe442e085c61ec7,-0.5,-0.5,-0.5,-0.5,0.0,0.0,False,False,False,False,False,False,False,False,False,False,False,0.0
011110d26cf50fdb06ca,grid,train,053b12007f785b198ca8,f5f70a2508d0f04cfcf7033f,6c679d9bd8e0ee10b62c7658,3/20,C1,1,2,60,15,True,True,False,False,discovery_grid_train,denoising,6c679d9bd8e0ee10b62c7658,f5f70a2508d0f04cfcf7033f,answer_prefix,answer_prefix,1,cross_patch,39762d3bad6eddc1a442720c,-0.5,-0.5,-0.5,-0.5,0.0,0.0,False,False,False,False,False,False,False,False,False,False,False,0.0
011110d26cf50fdb06ca,grid,train,053b12007f785b198ca8,f5f70a2508d0f04cfcf7033f,6c679d9bd8e0ee10b62c7658,3/20,C1,1,2,60,15,True,True,False,False,discovery_grid_train,denoising,6c679d9bd8e0ee10b62c7658,f5f70a2508d0f04cfcf7033f,answer_prefix,answer_prefix,1,self_patch,e3ac440156ae00e1a03614fa,-0.5,-0.5,-0.5,-0.5,0.0,0.0,False,False,False,False,False,False,False,False,False,False,False,0.0
011110d26cf50fdb06ca,grid,train,053b12007f785b198ca8,f5f70a2508d0f04cfcf7033f,6c679d9bd8e0ee10b62c7658,3/20,C1,1,2,60,15,True,True,False,False,discovery_grid_train,denoising,6c679d9bd8e0ee10b62c7658,f5f70a2508d0f04cfcf7033f,answer_prefix,answer_prefix,2,cross_patch,96064505750ff3733f747ffc,-0.5,-0.5,-0.5,-0.5,0.0,0.0,False,False,False,False,False,False,False,False,False,False,False,0.0
011110d26cf50fdb06ca,grid,train,053b12007f785b198ca8,f5f70a2508d0f04cfcf7033f,6c679d9bd8e0ee10b62c7658,3/20,C1,1,2,60,15,True,True,False,False,discovery_grid_train,denoising,6c679d9bd8e0ee10b62c7658,f5f70a2508d0f04cfcf7033f,answer_prefix,answer_prefix,2,self_patch,00fbbb4393215c8259719637,-0.5,-0.5,-0.5,-0.5,0.0,0.0,False,False,False,False,False,False,False,False,False,False,False,0.0
011110d26cf50fdb06ca,grid,train,053b12007f785b198ca8,f5f70a2508d0f04cfcf7033f,6c679d9bd8e0ee10b62c7658,3/20,C1,1,2,60,15,True,True,False,False,discovery_grid_train,denoising,6c679d9bd8e0ee10b62c7658,f5f70a2508d0f04cfcf7033f,answer_prefix,answer_prefix,3,cross_patch,6cdc2619da915c43be2e6a2b,-0.5,-0.5,-0.5,-0.5,0.0,0.0,False,False,False,False,False,False,False,False,False,False,False,0.0
011110d26cf50fdb06ca,grid,train,053b12007f785b198ca8,f5f70a2508d0f04cfcf7033f,6c679d9bd8e0ee10b62c7658,3/20,C1,1,2,60,15,True,True,False,False,discovery_grid_train,denoising,6c679d9bd8e0ee10b62c7658,f5f70a2508d0f04cfcf7033f,answer_prefix,answer_prefix,3,self_patch,dbd8b03e8d0106852f3a958a,-0.5,-0.5,-0.5,-0.5,0.0,0.0,False,False,False,False,False,False,False,False,False,False,False,0.0
011110d26cf50fdb06ca,grid,train,053b12007f785b198ca8,f5f70a2508d0f04cfcf7033f,6c679d9bd8e0ee10b62c7658,3/20,C1,1,2,60,15,True,True,False,False,discovery_grid_train,denoising,6c679d9bd8e0ee10b62c7658,f5f70a2508d0f04cfcf7033f,answer_prefix,answer_prefix,4,cross_patch,4fccbe36ffa010e82104d51d,-0.5,-0.5,-0.5,-0.5,0.0,0.0,False,False,False,False,False,False,False,False,False,False,False,0.0
011110d26cf50fdb06ca,grid,train,053b12007f785b198ca8,f5f70a2508d0f04cfcf7033f,6c679d9bd8e0ee10b62c7658,3/20,C1,1,2,60,15,True,True,False,False,discovery_grid_train,denoising,6c679d9bd8e0ee10b62c7658,f5f70a2508d0f04cfcf7033f,answer_prefix,answer_prefix,4,self_patch,8dad4fd99d142dd4f8455868,-0.5,-0.5,-0.5,-0.5,0.0,0.0,False,False,False,False,False,False,False,False,False,False,False,0.0
011110d26cf50fdb06ca,grid,train,053b12007f785b198ca8,f5f70a2508d0f04cfcf7033f,6c679d9bd8e0ee10b62c7658,3/20,C1,1,2,60,15,True,True,False,False,discovery_grid_train,denoising,6c679d9bd8e0ee10b62c7658,f5f70a2508d0f04cfcf7033f,answer_prefix,answer_prefix,5,cross_patch,6243aa09d50434292ce3f676,-0.5,-0.625,-0.5,-0.625,-0.125,-0.125,False,False,False,False,False,False,False,False,False,False,False,-0.125
011110d26cf50fdb06ca,grid,train,053b12007f785b198ca8,f5f70a2508d0f04cfcf7033f,6c679d9bd8e0ee10b62c7658,3/20,C1,1,2,60,15,True,True,False,False,discovery_grid_train,denoising,6c679d9bd8e0ee10b62c7658,f5f70a2508d0f04cfcf7033f,answer_prefix,answer_prefix,5,self_patch,f6fcaecab8da3e26bcdd7788,-0.5,-0.5,-0.5,-0.5,0.0,0.0,False,False,False,False,False,False,False,False,False,False,False,0.0
011110d26cf50fdb06ca,grid,train,053b12007f785b198ca8,f5f70a2508d0f04cfcf7033f,6c679d9bd8e0ee10b62c7658,3/20,C1,1,2,60,15,True,True,False,False,discovery_grid_train,denoising,6c679d9bd8e0ee10b62c7658,f5f70a2508d0f04cfcf7033f,answer_prefix,answer_prefix,6,cross_patch,83dd9b815fda2dc5414baaa0,-0.5,-0.5,-0.5,-0.5,0.0,0.0,False,False,False,False,False,False,False,False,False,False,False,0.0
011110d26cf50fdb06ca,grid,train,053b12007f785b198ca8,f5f70a2508d0f04cfcf7033f,6c679d9bd8e0ee10b62c7658,3/20,C1,1,2,60,15,True,True,False,False,discovery_grid_train,denoising,6c679d9bd8e0ee10b62c7658,f5f70a2508d0f04cfcf7033f,answer_prefix,answer_prefix,6,self_patch,6ed8f13636c205defe1b84ba,-0.5,-0.5,-0.5,-0.5,0.0,0.0,False,False,False,False,False,False,False,False,False,False,False,0.0
011110d26cf50fdb06ca,grid,train,053b12007f785b198ca8,f5f70a2508d0f04cfcf7033f,6c679d9bd8e0ee10b62c7658,3/20,C1,1,2,60,15,True,True,False,False,discovery_grid_train,denoising,6c679d9bd8e0ee10b62c7658,f5f70a2508d0f04cfcf7033f,answer_prefix,answer_prefix,7,cross_patch,1a49a687330e57c989945ac5,-0.5,-0.5,-0.5,-0.5,0.0,0.0,False,False,False,False,False,False,False,False,False,False,False,0.0
011110d26cf50fdb06ca,grid,train,053b12007f785b198ca8,f5f70a2508d0f04cfcf7033f,6c679d9bd8e0ee10b62c7658,3/20,C1,1,2,60,15,True,True,False,False,discovery_grid_train,denoising,6c679d9bd8e0ee10b62c7658,f5f70a2508d0f04cfcf7033f,answer_prefix,answer_prefix,7,self_patch,ebf0f11ebeb9ce0d6d60fbc5,-0.5,-0.5,-0.5,-0.5,0.0,0.0,False,False,False,False,False,False,False,False,False,False,False,0.0
011110d26cf50fdb06ca,grid,train,053b12007f785b198ca8,f5f70a2508d0f04cfcf7033f,6c679d9bd8e0ee10b62c7658,3/20,C1,1,2,60,15,True,True,False,False,discovery_grid_train,denoising,6c679d9bd8e0ee10b62c7658,f5f70a2508d0f04cfcf7033f,answer_prefix,answer_prefix,8,cross_patch,773d391a5dd9a725258cf386,-0.5,-0.5,-0.5,-0.5,0.0,0.0,False,False,False,False,False,False,False,False,False,False,False,0.0
011110d26cf50fdb06ca,grid,train,053b12007f785b198ca8,f5f70a2508d0f04cfcf7033f,6c679d9bd8e0ee10b62c7658,3/20,C1,1,2,60,15,True,True,False,False,discovery_grid_train,denoising,6c679d9bd8e0ee10b62c7658,f5f70a2508d0f04cfcf7033f,answer_prefix,answer_prefix,8,self_patch,86bb863c62f24968b170fc42,-0.5,-0.5,-0.5,-0.5,0.0,0.0,False,False,False,False,False,False,False,False,False,False,False,0.0
011110d26cf50fdb06ca,grid,train,053b12007f785b198ca8,f5f70a2508d0f04cfcf7033f,6c679d9bd8e0ee10b62c7658,3/20,C1,1,2,60,15,True,True,False,False,discovery_grid_train,denoising,6c679d9bd8e0ee10b62c7658,f5f70a2508d0f04cfcf7033f,answer_prefix,answer_prefix,9,cross_patch,d1b729c8fc38a360d732998a,-0.5,-0.5,-0.5,-0.5,0.0,0.0,False,False,False,False,False,False,False,False,False,False,False,0.0
011110d26cf50fdb06ca,grid,train,053b12007f785b198ca8,f5f70a2508d0f04cfcf7033f,6c679d9bd8e0ee10b62c7658,3/20,C1,1,2,60,15,True,True,False,False,discovery_grid_train,denoising,6c679d9bd8e0ee10b62c7658,f5f70a2508d0f04cfcf7033f,answer_prefix,answer_prefix,9,self_patch,d4611224b88eacd2eab8c8c5,-0.5,-0.5,-0.5,-0.5,0.0,0.0,False,False,False,False,False,False,False,False,False,False,False,0.0
011110d26cf50fdb06ca,grid,train,053b12007f785b198ca8,f5f70a2508d0f04cfcf7033f,6c679d9bd8e0ee10b62c7658,3/20,C1,1,2,60,15,True,True,False,False,discovery_grid_train,denoising,6c679d9bd8e0ee10b62c7658,f5f70a2508d0f04cfcf7033f,answer_prefix,answer_prefix,10,cross_patch,d0bea602dbf561edb96bd991,-0.5,-0.625,-0.5,-0.625,-0.125,-0.125,False,False,False,False,False,False,False,False,False,False,False,-0.125
011110d26cf50fdb06ca,grid,train,053b12007f785b198ca8,f5f70a2508d0f04cfcf7033f,6c679d9bd8e0ee10b62c7658,3/20,C1,1,2,60,15,True,True,False,False,discovery_grid_train,denoising,6c679d9bd8e0ee10b62c7658,f5f70a2508d0f04cfcf7033f,answer_prefix,answer_prefix,10,self_patch,e3d17f0bddbdb851369eaf7e,-0.5,-0.5,-0.5,-0.5,0.0,0.0,False,False,False,False,False,False,False,False,False,False,False,0.0
011110d26cf50fdb06ca,grid,train,053b12007f785b198ca8,f5f70a2508d0f04cfcf7033f,6c679d9bd8e0ee10b62c7658,3/20,C1,1,2,60,15,True,True,False,False,discovery_grid_train,denoising,6c679d9bd8e0ee10b62c7658,f5f70a2508d0f04cfcf7033f,answer_prefix,answer_prefix,11,cross_patch,ee35e5b6c17c07038ec74f36,-0.5,-0.5,-0.5,-0.5,0.0,0.0,False,False,False,False,False,False,False,False,False,False,False,0.0
011110d26cf50fdb06ca,grid,train,053b12007f785b198ca8,f5f70a2508d0f04cfcf7033f,6c679d9bd8e0ee10b62c7658,3/20,C1,1,2,60,15,True,True,False,False,discovery_grid_train,denoising,6c679d9bd8e0ee10b62c7658,f5f70a2508d0f04cfcf7033f,answer_prefix,answer_prefix,11,self_patch,cff5fadaec369c0e55347077,-0.5,-0.5,-0.5,-0.5,0.0,0.0,False,False,False,False,False,False,False,False,False,False,False,0.0
011110d26cf50fdb06ca,grid,train,053b12007f785b198ca8,f5f70a2508d0f04cfcf7033f,6c679d9bd8e0ee10b62c7658,3/20,C1,1,2,60,15,True,True,False,False,discovery_grid_train,denoising,6c679d9bd8e0ee10b62c7658,f5f70a2508d0f04cfcf7033f,answer_prefix,answer_prefix,12,cross_patch,74c4d35d1855385b65afdbec,-0.5,-0.5,-0.5,-0.5,0.0,0.0,False,False,False,False,False,False,False,False,False,False,False,0.0
011110d26cf50fdb06ca,grid,train,053b12007f785b198ca8,f5f70a2508d0f04cfcf7033f,6c679d9bd8e0ee10b62c7658,3/20,C1,1,2,60,15,True,True,False,False,discovery_grid_train,denoising,6c679d9bd8e0ee10b62c7658,f5f70a2508d0f04cfcf7033f,answer_prefix,answer_prefix,12,self_patch,253a82e2de1b08a5132d4c68,-0.5,-0.5,-0.5,-0.5,0.0,0.0,False,False,False,False,False,False,False,False,False,False,False,0.0
011110d26cf50fdb06ca,grid,train,053b12007f785b198ca8,f5f70a2508d0f04cfcf7033f,6c679d9bd8e0ee10b62c7658,3/20,C1,1,2,60,15,True,True,False,False,discovery_grid_train,denoising,6c679d9bd8e0ee10b62c7658,f5f70a2508d0f04cfcf7033f,answer_prefix,answer_prefix,13,cross_patch,49adf1e138c0fbae274b0b54,-0.5,-0.5,-0.5,-0.5,0.0,0.0,False,False,False,False,False,False,False,False,False,False,False,0.0
011110d26cf50fdb06ca,grid,train,053b12007f785b198ca8,f5f70a2508d0f04cfcf7033f,6c679d9bd8e0ee10b62c7658,3/20,C1,1,2,60,15,True,True,False,False,discovery_grid_train,denoising,6c679d9bd8e0ee10b62c7658,f5f70a2508d0f04cfcf7033f,answer_prefix,answer_prefix,13,self_patch,ee23b23ac39fd23d8b5f729c,-0.5,-0.5,-0.5,-0.5,0.0,0.0,False,False,False,False,False,False,False,False,False,False,False,0.0
011110d26cf50fdb06ca,grid,train,053b12007f785b198ca8,f5f70a2508d0f04cfcf7033f,6c679d9bd8e0ee10b62c7658,3/20,C1,1,2,60,15,True,True,False,False,discovery_grid_train,denoising,6c679d9bd8e0ee10b62c7658,f5f70a2508d0f04cfcf7033f,answer_prefix,answer_prefix,14,cross_patch,e0334b921e8e257e450c1223,-0.5,-0.5,-0.5,-0.5,0.0,0.0,False,False,False,False,False,False,False,False,False,False,False,0.0
011110d26cf50fdb06ca,grid,train,053b12007f785b198ca8,f5f70a2508d0f04cfcf7033f,6c679d9bd8e0ee10b62c7658,3/20,C1,1,2,60,15,True,True,False,False,discovery_grid_train,denoising,6c679d9bd8e0ee10b62c7658,f5f70a2508d0f04cfcf7033f,answer_prefix,answer_prefix,14,self_patch,4d03d0bebeea03b740caf862,-0.5,-0.5,-0.5,-0.5,0.0,0.0,False,False,False,False,False,False,False,False,False,False,False,0.0
011110d26cf50fdb06ca,grid,train,053b12007f785b198ca8,f5f70a2508d0f04cfcf7033f,6c679d9bd8e0ee10b62c7658,3/20,C1,1,2,60,15,True,True,False,False,discovery_grid_train,denoising,6c679d9bd8e0ee10b62c7658,f5f70a2508d0f04cfcf7033f,answer_prefix,answer_prefix,15,cross_patch,a745cf4b88f9c8a1933b1fd4,-0.5,-0.5,-0.5,-0.5,0.0,0.0,False,False,False,False,False,False,False,False,False,False,False,0.0
011110d26cf50fdb06ca,grid,train,053b12007f785b198ca8,f5f70a2508d0f04cfcf7033f,6c679d9bd8e0ee10b62c7658,3/20,C1,1,2,60,15,True,True,False,False,discovery_grid_train,denoising,6c679d9bd8e0ee10b62c7658,f5f70a2508d0f04cfcf7033f,answer_prefix,answer_prefix,15,self_patch,99bee77ed7c428338b5a2e3a,-0.5,-0.5,-0.5,-0.5,0.0,0.0,False,False,False,False,False,False,False,False,False,False,False,0.0
011110d26cf50fdb06ca,grid,train,053b12007f785b198ca8,f5f70a2508d0f04cfcf7033f,6c679d9bd8e0ee10b62c7658,3/20,C1,1,2,60,15,True,True,False,False,discovery_grid_train,denoising,6c679d9bd8e0ee10b62c7658,f5f70a2508d0f04cfcf7033f,answer_prefix,answer_prefix,16,cross_patch,90f3d921be73d6d9dbbfcd01,-0.5,-0.5,-0.5,-0.5,0.0,0.0,False,False,False,False,False,False,False,False,False,False,False,0.0
011110d26cf50fdb06ca,grid,train,053b12007f785b198ca8,f5f70a2508d0f04cfcf7033f,6c679d9bd8e0ee10b62c7658,3/20,C1,1,2,60,15,True,True,False,False,discovery_grid_train,denoising,6c679d9bd8e0ee10b62c7658,f5f70a2508d0f04cfcf7033f,answer_prefix,answer_prefix,16,self_patch,ffda2d5a5381ac40ebea0877,-0.5,-0.5,-0.5,-0.5,0.0,0.0,False,False,False,False,False,False,False,False,False,False,False,0.0
011110d26cf50fdb06ca,grid,train,053b12007f785b198ca8,f5f70a2508d0f04cfcf7033f,6c679d9bd8e0ee10b62c7658,3/20,C1,1,2,60,15,True,True,False,False,discovery_grid_train,denoising,6c679d9bd8e0ee10b62c7658,f5f70a2508d0f04cfcf7033f,answer_prefix,answer_prefix,17,cross_patch,f358f402fd32f332ae5772b3,-0.5,-0.5,-0.5,-0.5,0.0,0.0,False,False,False,False,False,False,False,False,False,False,False,0.0
011110d26cf50fdb06ca,grid,train,053b12007f785b198ca8,f5f70a2508d0f04cfcf7033f,6c679d9bd8e0ee10b62c7658,3/20,C1,1,2,60,15,True,True,False,False,discovery_grid_train,denoising,6c679d9bd8e0ee10b62c7658,f5f70a2508d0f04cfcf7033f,answer_prefix,answer_prefix,17,self_patch,f49c9e9b94357da1584f44b9,-0.5,-0.5,-0.5,-0.5,0.0,0.0,False,False,False,False,False,False,False,False,False,False,False,0.0
011110d26cf50fdb06ca,grid,train,053b12007f785b198ca8,f5f70a2508d0f04cfcf7033f,6c679d9bd8e0ee10b62c7658,3/20,C1,1,2,60,15,True,True,False,False,discovery_grid_train,denoising,6c679d9bd8e0ee10b62c7658,f5f70a2508d0f04cfcf7033f,answer_prefix,answer_prefix,18,cross_patch,87cfc111282d7ccca91eb1f6,-0.5,-0.5,-0.5,-0.5,0.0,0.0,False,False,False,False,False,False,False,False,False,False,False,0.0
011110d26cf50fdb06ca,grid,train,053b12007f785b198ca8,f5f70a2508d0f04cfcf7033f,6c679d9bd8e0ee10b62c7658,3/20,C1,1,2,60,15,True,True,False,False,discovery_grid_train,denoising,6c679d9bd8e0ee10b62c7658,f5f70a2508d0f04cfcf7033f,answer_prefix,answer_prefix,18,self_patch,19668fca2b96574f6001131e,-0.5,-0.5,-0.5,-0.5,0.0,0.0,False,False,False,False,False,False,False,False,False,False,False,0.0
011110d26cf50fdb06ca,grid,train,053b12007f785b198ca8,f5f70a2508d0f04cfcf7033f,6c679d9bd8e0ee10b62c7658,3/20,C1,1,2,60,15,True,True,False,False,discovery_grid_train,denoising,6c679d9bd8e0ee10b62c7658,f5f70a2508d0f04cfcf7033f,answer_prefix,answer_prefix,19,cross_patch,c3583a300654aaf4d7eb8393,-0.5,-0.5,-0.5,-0.5,0.0,0.0,False,False,False,False,False,False,False,False,False,False,False,0.0
011110d26cf50fdb06ca,grid,train,053b12007f785b198ca8,f5f70a2508d0f04cfcf7033f,6c679d9bd8e0ee10b62c7658,3/20,C1,1,2,60,15,True,True,False,False,discovery_grid_train,denoising,6c679d9bd8e0ee10b62c7658,f5f70a2508d0f04cfcf7033f,answer_prefix,answer_prefix,19,self_patch,dd6916d4aaf3f2205fb36848,-0.5,-0.5,-0.5,-0.5,0.0,0.0,False,False,False,False,False,False,False,False,False,False,False,0.0
011110d26cf50fdb06ca,grid,train,053b12007f785b198ca8,f5f70a2508d0f04cfcf7033f,6c679d9bd8e0ee10b62c7658,3/20,C1,1,2,60,15,True,True,False,False,discovery_grid_train,denoising,6c679d9bd8e0ee10b62c7658,f5f70a2508d0f04cfcf7033f,answer_prefix,answer_prefix,20,cross_patch,f44998a9460b1f37b3b70a58,-0.5,-0.5,-0.5,-0.5,0.0,0.0,False,False,False,False,False,False,False,False,False,False,False,0.0
011110d26cf50fdb06ca,grid,train,053b12007f785b198ca8,f5f70a2508d0f04cfcf7033f,6c679d9bd8e0ee10b62c7658,3/20,C1,1,2,60,15,True,True,False,False,discovery_grid_train,denoising,6c679d9bd8e0ee10b62c7658,f5f70a2508d0f04cfcf7033f,answer_prefix,answer_prefix,20,self_patch,7a69e65a72fce91885646b0a,-0.5,-0.5,-0.5,-0.5,0.0,0.0,False,False,False,False,False,False,False,False,False,False,False,0.0
011110d26cf50fdb06ca,grid,train,053b12007f785b198ca8,f5f70a2508d0f04cfcf7033f,6c679d9bd8e0ee10b62c7658,3/20,C1,1,2,60,15,True,True,False,False,discovery_grid_train,denoising,6c679d9bd8e0ee10b62c7658,f5f70a2508d0f04cfcf7033f,answer_prefix,answer_prefix,21,cross_patch,e55b5ea71d7f8e595b88d4b6,-0.5,-0.5,-0.5,-0.5,0.0,0.0,False,False,False,False,False,False,False,False,False,False,False,0.0
011110d26cf50fdb06ca,grid,train,053b12007f785b198ca8,f5f70a2508d0f04cfcf7033f,6c679d9bd8e0ee10b62c7658,3/20,C1,1,2,60,15,True,True,False,False,discovery_grid_train,denoising,6c679d9bd8e0ee10b62c7658,f5f70a2508d0f04cfcf7033f,answer_prefix,answer_prefix,21,self_patch,d4483e1374bd70943b188abe,-0.5,-0.5,-0.5,-0.5,0.0,0.0,False,False,False,False,False,False,False,False,False,False,False,0.0
011110d26cf50fdb06ca,grid,train,053b12007f785b198ca8,f5f70a2508d0f04cfcf7033f,6c679d9bd8e0ee10b62c7658,3/20,C1,1,2,60,15,True,True,False,False,discovery_grid_train,denoising,6c679d9bd8e0ee10b62c7658,f5f70a2508d0f04cfcf7033f,answer_prefix,answer_prefix,22,cross_patch,2a22399cf1fd1173d9219413,-0.5,-0.5,-0.5,-0.5,0.0,0.0,False,False,False,False,False,False,False,False,False,False,False,0.0
011110d26cf50fdb06ca,grid,train,053b12007f785b198ca8,f5f70a2508d0f04cfcf7033f,6c679d9bd8e0ee10b62c7658,3/20,C1,1,2,60,15,True,True,False,False,discovery_grid_train,denoising,6c679d9bd8e0ee10b62c7658,f5f70a2508d0f04cfcf7033f,answer_prefix,answer_prefix,22,self_patch,49ec88a9d218142d8e1b7de9,-0.5,-0.5,-0.5,-0.5,0.0,0.0,False,False,False,False,False,False,False,False,False,False,False,0.0
011110d26cf50fdb06ca,grid,train,053b12007f785b198ca8,f5f70a2508d0f04cfcf7033f,6c679d9bd8e0ee10b62c7658,3/20,C1,1,2,60,15,True,True,False,False,discovery_grid_train,denoising,6c679d9bd8e0ee10b62c7658,f5f70a2508d0f04cfcf7033f,answer_prefix,answer_prefix,23,cross_patch,7a8688f968992f7915c96abf,-0.5,-0.5,-0.5,-0.5,0.0,0.0,False,False,False,False,False,False,False,False,False,False,False,0.0
011110d26cf50fdb06ca,grid,train,053b12007f785b198ca8,f5f70a2508d0f04cfcf7033f,6c679d9bd8e0ee10b62c7658,3/20,C1,1,2,60,15,True,True,False,False,discovery_grid_train,denoising,6c679d9bd8e0ee10b62c7658,f5f70a2508d0f04cfcf7033f,answer_prefix,answer_prefix,23,self_patch,c6df17de9b5b62ba9eaf2207,-0.5,-0.5,-0.5,-0.5,0.0,0.0,False,False,False,False,False,False,False,False,False,False,False,0.0
011110d26cf50fdb06ca,grid,train,053b12007f785b198ca8,f5f70a2508d0f04cfcf7033f,6c679d9bd8e0ee10b62c7658,3/20,C1,1,2,60,15,True,True,False,False,discovery_grid_train,denoising,6c679d9bd8e0ee10b62c7658,f5f70a2508d0f04cfcf7033f,answer_prefix,answer_prefix,24,cross_patch,af72cb9732764eb43e525b1d,-0.5,-0.375,-0.5,-0.375,0.125,0.125,False,False,False,False,False,False,False,False,False,False,False,0.125
011110d26cf50fdb06ca,grid,train,053b12007f785b198ca8,f5f70a2508d0f04cfcf7033f,6c679d9bd8e0ee10b62c7658,3/20,C1,1,2,60,15,True,True,False,False,discovery_grid_train,denoising,6c679d9bd8e0ee10b62c7658,f5f70a2508d0f04cfcf7033f,answer_prefix,answer_prefix,24,self_patch,45fd9b6f363131e45d0a7286,-0.5,-0.5,-0.5,-0.5,0.0,0.0,False,False,False,False,False,False,False,False,False,False,False,0.0
011110d26cf50fdb06ca,grid,train,053b12007f785b198ca8,f5f70a2508d0f04cfcf7033f,6c679d9bd8e0ee10b62c7658,3/20,C1,1,2,60,15,True,True,False,False,discovery_grid_train,denoising,6c679d9bd8e0ee10b62c7658,f5f70a2508d0f04cfcf7033f,answer_prefix,answer_prefix,25,cross_patch,119d1788268bf0500e725a9b,-0.5,-0.375,-0.5,-0.375,0.125,0.125,False,False,False,False,False,False,False,False,False,False,False,0.125
011110d26cf50fdb06ca,grid,train,053b12007f785b198ca8,f5f70a2508d0f04cfcf7033f,6c679d9bd8e0ee10b62c7658,3/20,C1,1,2,60,15,True,True,False,False,discovery_grid_train,denoising,6c679d9bd8e0ee10b62c7658,f5f70a2508d0f04cfcf7033f,answer_prefix,answer_prefix,25,self_patch,4c309960df5583edfdee5087,-0.5,-0.5,-0.5,-0.5,0.0,0.0,False,False,False,False,False,False,False,False,False,False,False,0.0
011110d26cf50fdb06ca,grid,train,053b12007f785b198ca8,f5f70a2508d0f04cfcf7033f,6c679d9bd8e0ee10b62c7658,3/20,C1,1,2,60,15,True,True,False,False,discovery_grid_train,denoising,6c679d9bd8e0ee10b62c7658,f5f70a2508d0f04cfcf7033f,answer_prefix,answer_prefix,26,cross_patch,8dc372da249f441b0d27f1cf,-0.5,-0.375,-0.5,-0.375,0.125,0.125,False,False,False,False,False,False,False,False,False,False,False,0.125
011110d26cf50fdb06ca,grid,train,053b12007f785b198ca8,f5f70a2508d0f04cfcf7033f,6c679d9bd8e0ee10b62c7658,3/20,C1,1,2,60,15,True,True,False,False,discovery_grid_train,denoising,6c679d9bd8e0ee10b62c7658,f5f70a2508d0f04cfcf7033f,answer_prefix,answer_prefix,26,self_patch,b209ef3ff1e7452721ff0b1f,-0.5,-0.5,-0.5,-0.5,0.0,0.0,False,False,False,False,False,False,False,False,False,False,False,0.0
011110d26cf50fdb06ca,grid,train,053b12007f785b198ca8,f5f70a2508d0f04cfcf7033f,6c679d9bd8e0ee10b62c7658,3/20,C1,1,2,60,15,True,True,False,False,discovery_grid_train,denoising,6c679d9bd8e0ee10b62c7658,f5f70a2508d0f04cfcf7033f,answer_prefix,answer_prefix,27,cross_patch,af1f2c01b4f88934eaa153d7,-0.5,-0.375,-0.5,-0.375,0.125,0.125,False,False,False,False,False,False,False,False,False,False,False,0.125
011110d26cf50fdb06ca,grid,train,053b12007f785b198ca8,f5f70a2508d0f04cfcf7033f,6c679d9bd8e0ee10b62c7658,3/20,C1,1,2,60,15,True,True,False,False,discovery_grid_train,denoising,6c679d9bd8e0ee10b62c7658,f5f70a2508d0f04cfcf7033f,answer_prefix,answer_prefix,27,self_patch,722f69a8d51858f55a2136f8,-0.5,-0.5,-0.5,-0.5,0.0,0.0,False,False,False,False,False,False,False,False,False,False,False,0.0
011110d26cf50fdb06ca,grid,train,053b12007f785b198ca8,f5f70a2508d0f04cfcf7033f,6c679d9bd8e0ee10b62c7658,3/20,C1,1,2,60,15,True,True,False,False,discovery_grid_train,denoising,6c679d9bd8e0ee10b62c7658,f5f70a2508d0f04cfcf7033f,answer_prefix,answer_prefix,28,cross_patch,438f696da67a5bfaac79b4ae,-0.5,-0.375,-0.5,-0.375,0.125,0.125,False,False,False,False,False,False,False,False,False,False,False,0.125
011110d26cf50fdb06ca,grid,train,053b12007f785b198ca8,f5f70a2508d0f04cfcf7033f,6c679d9bd8e0ee10b62c7658,3/20,C1,1,2,60,15,True,True,False,False,discovery_grid_train,denoising,6c679d9bd8e0ee10b62c7658,f5f70a2508d0f04cfcf7033f,answer_prefix,answer_prefix,28,self_patch,1a92531c2e77694b5bdb97b8,-0.5,-0.5,-0.5,-0.5,0.0,0.0,False,False,False,False,False,False,False,False,False,False,False,0.0
011110d26cf50fdb06ca,grid,train,053b12007f785b198ca8,f5f70a2508d0f04cfcf7033f,6c679d9bd8e0ee10b62c7658,3/20,C1,1,2,60,15,True,True,False,False,discovery_grid_train,denoising,6c679d9bd8e0ee10b62c7658,f5f70a2508d0f04cfcf7033f,answer_prefix,answer_prefix,29,cross_patch,1d03f3031ddd87ba75a09a86,-0.5,-0.375,-0.5,-0.375,0.125,0.125,False,False,False,False,False,False,False,False,False,False,False,0.125
011110d26cf50fdb06ca,grid,train,053b12007f785b198ca8,f5f70a2508d0f04cfcf7033f,6c679d9bd8e0ee10b62c7658,3/20,C1,1,2,60,15,True,True,False,False,discovery_grid_train,denoising,6c679d9bd8e0ee10b62c7658,f5f70a2508d0f04cfcf7033f,answer_prefix,answer_prefix,29,self_patch,9e1b90e457ec48f1b379f28d,-0.5,-0.5,-0.5,-0.5,0.0,0.0,False,False,False,False,False,False,False,False,False,False,False,0.0
011110d26cf50fdb06ca,grid,train,053b12007f785b198ca8,f5f70a2508d0f04cfcf7033f,6c679d9bd8e0ee10b62c7658,3/20,C1,1,2,60,15,True,True,False,False,discovery_grid_train,denoising,6c679d9bd8e0ee10b62c7658,f5f70a2508d0f04cfcf7033f,answer_prefix,answer_prefix,30,cross_patch,2d12f177632a0d09d01fc333,-0.5,0.25,-0.5,0.25,0.75,0.75,False,True,False,True,True,False,True,False,True,True,False,0.75
011110d26cf50fdb06ca,grid,train,053b12007f785b198ca8,f5f70a2508d0f04cfcf7033f,6c679d9bd8e0ee10b62c7658,3/20,C1,1,2,60,15,True,True,False,False,discovery_grid_train,denoising,6c679d9bd8e0ee10b62c7658,f5f70a2508d0f04cfcf7033f,answer_prefix,answer_prefix,30,self_patch,8b4531ae24ef19935b12587c,-0.5,-0.5,-0.5,-0.5,0.0,0.0,False,False,False,False,False,False,False,False,False,False,False,0.0
011110d26cf50fdb06ca,grid,train,053b12007f785b198ca8,f5f70a2508d0f04cfcf7033f,6c679d9bd8e0ee10b62c7658,3/20,C1,1,2,60,15,True,True,False,False,discovery_grid_train,denoising,6c679d9bd8e0ee10b62c7658,f5f70a2508d0f04cfcf7033f,answer_prefix,answer_prefix,31,cross_patch,32c5a721b4650c0dd7e123a2,-0.5,0.375,-0.5,0.375,0.875,0.875,False,True,False,True,True,False,True,False,True,True,False,0.875
011110d26cf50fdb06ca,grid,train,053b12007f785b198ca8,f5f70a2508d0f04cfcf7033f,6c679d9bd8e0ee10b62c7658,3/20,C1,1,2,60,15,True,True,False,False,discovery_grid_train,denoising,6c679d9bd8e0ee10b62c7658,f5f70a2508d0f04cfcf7033f,answer_prefix,answer_prefix,31,self_patch,57641cc2bd9b223b84661d32,-0.5,-0.5,-0.5,-0.5,0.0,0.0,False,False,False,False,False,False,False,False,False,False,False,0.0
011110d26cf50fdb06ca,grid,train,053b12007f785b198ca8,f5f70a2508d0f04cfcf7033f,6c679d9bd8e0ee10b62c7658,3/20,C1,1,2,60,15,True,True,False,False,discovery_grid_train,noising,f5f70a2508d0f04cfcf7033f,6c679d9bd8e0ee10b62c7658,final_prompt,final_prompt,0,cross_patch,6e9c4c7ee6106b0a5fce1639,0.375,0.375,0.375,0.375,0.0,0.0,True,True,True,True,False,False,False,False,False,False,False,-0.0
011110d26cf50fdb06ca,grid,train,053b12007f785b198ca8,f5f70a2508d0f04cfcf7033f,6c679d9bd8e0ee10b62c7658,3/20,C1,1,2,60,15,True,True,False,False,discovery_grid_train,noising,f5f70a2508d0f04cfcf7033f,6c679d9bd8e0ee10b62c7658,final_prompt,final_prompt,0,self_patch,8406bfe91cae5c58435c78a7,0.375,0.375,0.375,0.375,0.0,0.0,True,True,True,True,False,False,False,False,False,False,False,-0.0
011110d26cf50fdb06ca,grid,train,053b12007f785b198ca8,f5f70a2508d0f04cfcf7033f,6c679d9bd8e0ee10b62c7658,3/20,C1,1,2,60,15,True,True,False,False,discovery_grid_train,noising,f5f70a2508d0f04cfcf7033f,6c679d9bd8e0ee10b62c7658,final_prompt,final_prompt,1,cross_patch,95507861f96d341b2ba05e0a,0.375,0.375,0.375,0.375,0.0,0.0,True,True,True,True,False,False,False,False,False,False,False,-0.0
011110d26cf50fdb06ca,grid,train,053b12007f785b198ca8,f5f70a2508d0f04cfcf7033f,6c679d9bd8e0ee10b62c7658,3/20,C1,1,2,60,15,True,True,False,False,discovery_grid_train,noising,f5f70a2508d0f04cfcf7033f,6c679d9bd8e0ee10b62c7658,final_prompt,final_prompt,1,self_patch,96130119c15225a28424b96f,0.375,0.375,0.375,0.375,0.0,0.0,True,True,True,True,False,False,False,False,False,False,False,-0.0
011110d26cf50fdb06ca,grid,train,053b12007f785b198ca8,f5f70a2508d0f04cfcf7033f,6c679d9bd8e0ee10b62c7658,3/20,C1,1,2,60,15,True,True,False,False,discovery_grid_train,noising,f5f70a2508d0f04cfcf7033f,6c679d9bd8e0ee10b62c7658,final_prompt,final_prompt,2,cross_patch,6afdc2d2e1d838e492a4495c,0.375,0.375,0.375,0.375,0.0,0.0,True,True,True,True,False,False,False,False,False,False,False,-0.0
011110d26cf50fdb06ca,grid,train,053b12007f785b198ca8,f5f70a2508d0f04cfcf7033f,6c679d9bd8e0ee10b62c7658,3/20,C1,1,2,60,15,True,True,False,False,discovery_grid_train,noising,f5f70a2508d0f04cfcf7033f,6c679d9bd8e0ee10b62c7658,final_prompt,final_prompt,2,self_patch,9413f8209eac8782a2b7f5e5,0.375,0.375,0.375,0.375,0.0,0.0,True,True,True,True,False,False,False,False,False,False,False,-0.0
011110d26cf50fdb06ca,grid,train,053b12007f785b198ca8,f5f70a2508d0f04cfcf7033f,6c679d9bd8e0ee10b62c7658,3/20,C1,1,2,60,15,True,True,False,False,discovery_grid_train,noising,f5f70a2508d0f04cfcf7033f,6c679d9bd8e0ee10b62c7658,final_prompt,final_prompt,3,cross_patch,18c36c2ccca6ec35b0618739,0.375,0.375,0.375,0.375,0.0,0.0,True,True,True,True,False,False,False,False,False,False,False,-0.0
011110d26cf50fdb06ca,grid,train,053b12007f785b198ca8,f5f70a2508d0f04cfcf7033f,6c679d9bd8e0ee10b62c7658,3/20,C1,1,2,60,15,True,True,False,False,discovery_grid_train,noising,f5f70a2508d0f04cfcf7033f,6c679d9bd8e0ee10b62c7658,final_prompt,final_prompt,3,self_patch,78fa0acd41cf287643444fd3,0.375,0.375,0.375,0.375,0.0,0.0,True,True,True,True,False,False,False,False,False,False,False,-0.0
011110d26cf50fdb06ca,grid,train,053b12007f785b198ca8,f5f70a2508d0f04cfcf7033f,6c679d9bd8e0ee10b62c7658,3/20,C1,1,2,60,15,True,True,False,False,discovery_grid_train,noising,f5f70a2508d0f04cfcf7033f,6c679d9bd8e0ee10b62c7658,final_prompt,final_prompt,4,cross_patch,b8548f962b086d901bfa3787,0.375,0.375,0.375,0.375,0.0,0.0,True,True,True,True,False,False,False,False,False,False,False,-0.0
011110d26cf50fdb06ca,grid,train,053b12007f785b198ca8,f5f70a2508d0f04cfcf7033f,6c679d9bd8e0ee10b62c7658,3/20,C1,1,2,60,15,True,True,False,False,discovery_grid_train,noising,f5f70a2508d0f04cfcf7033f,6c679d9bd8e0ee10b62c7658,final_prompt,final_prompt,4,self_patch,8d54345380a1830a6c27fddf,0.375,0.375,0.375,0.375,0.0,0.0,True,True,True,True,False,False,False,False,False,False,False,-0.0
011110d26cf50fdb06ca,grid,train,053b12007f785b198ca8,f5f70a2508d0f04cfcf7033f,6c679d9bd8e0ee10b62c7658,3/20,C1,1,2,60,15,True,True,False,False,discovery_grid_train,noising,f5f70a2508d0f04cfcf7033f,6c679d9bd8e0ee10b62c7658,final_prompt,final_prompt,5,cross_patch,e09a857faba735d2b7f53938,0.375,0.375,0.375,0.375,0.0,0.0,True,True,True,True,False,False,False,False,False,False,False,-0.0
011110d26cf50fdb06ca,grid,train,053b12007f785b198ca8,f5f70a2508d0f04cfcf7033f,6c679d9bd8e0ee10b62c7658,3/20,C1,1,2,60,15,True,True,False,False,discovery_grid_train,noising,f5f70a2508d0f04cfcf7033f,6c679d9bd8e0ee10b62c7658,final_prompt,final_prompt,5,self_patch,737b407e51d0a0b130b90a94,0.375,0.375,0.375,0.375,0.0,0.0,True,True,True,True,False,False,False,False,False,False,False,-0.0
011110d26cf50fdb06ca,grid,train,053b12007f785b198ca8,f5f70a2508d0f04cfcf7033f,6c679d9bd8e0ee10b62c7658,3/20,C1,1,2,60,15,True,True,False,False,discovery_grid_train,noising,f5f70a2508d0f04cfcf7033f,6c679d9bd8e0ee10b62c7658,final_prompt,final_prompt,6,cross_patch,e608d0f60ecbc529dece258c,0.375,0.375,0.375,0.375,0.0,0.0,True,True,True,True,False,False,False,False,False,False,False,-0.0
011110d26cf50fdb06ca,grid,train,053b12007f785b198ca8,f5f70a2508d0f04cfcf7033f,6c679d9bd8e0ee10b62c7658,3/20,C1,1,2,60,15,True,True,False,False,discovery_grid_train,noising,f5f70a2508d0f04cfcf7033f,6c679d9bd8e0ee10b62c7658,final_prompt,final_prompt,6,self_patch,be89b2b805395e8c9128ce67,0.375,0.375,0.375,0.375,0.0,0.0,True,True,True,True,False,False,False,False,False,False,False,-0.0
011110d26cf50fdb06ca,grid,train,053b12007f785b198ca8,f5f70a2508d0f04cfcf7033f,6c679d9bd8e0ee10b62c7658,3/20,C1,1,2,60,15,True,True,False,False,discovery_grid_train,noising,f5f70a2508d0f04cfcf7033f,6c679d9bd8e0ee10b62c7658,final_prompt,final_prompt,7,cross_patch,1d5fd4037626729baff7b543,0.375,0.375,0.375,0.375,0.0,0.0,True,True,True,True,False,False,False,False,False,False,False,-0.0
011110d26cf50fdb06ca,grid,train,053b12007f785b198ca8,f5f70a2508d0f04cfcf7033f,6c679d9bd8e0ee10b62c7658,3/20,C1,1,2,60,15,True,True,False,False,discovery_grid_train,noising,f5f70a2508d0f04cfcf7033f,6c679d9bd8e0ee10b62c7658,final_prompt,final_prompt,7,self_patch,b4abf5804eef415fc70d3ad8,0.375,0.375,0.375,0.375,0.0,0.0,True,True,True,True,False,False,False,False,False,False,False,-0.0
011110d26cf50fdb06ca,grid,train,053b12007f785b198ca8,f5f70a2508d0f04cfcf7033f,6c679d9bd8e0ee10b62c7658,3/20,C1,1,2,60,15,True,True,False,False,discovery_grid_train,noising,f5f70a2508d0f04cfcf7033f,6c679d9bd8e0ee10b62c7658,final_prompt,final_prompt,8,cross_patch,d8d92aaf4bd0a929dfbfdfa0,0.375,0.375,0.375,0.375,0.0,0.0,True,True,True,True,False,False,False,False,False,False,False,-0.0
011110d26cf50fdb06ca,grid,train,053b12007f785b198ca8,f5f70a2508d0f04cfcf7033f,6c679d9bd8e0ee10b62c7658,3/20,C1,1,2,60,15,True,True,False,False,discovery_grid_train,noising,f5f70a2508d0f04cfcf7033f,6c679d9bd8e0ee10b62c7658,final_prompt,final_prompt,8,self_patch,acf93c22c24691f5e3a2c9f7,0.375,0.375,0.375,0.375,0.0,0.0,True,True,True,True,False,False,False,False,False,False,False,-0.0
011110d26cf50fdb06ca,grid,train,053b12007f785b198ca8,f5f70a2508d0f04cfcf7033f,6c679d9bd8e0ee10b62c7658,3/20,C1,1,2,60,15,True,True,False,False,discovery_grid_train,noising,f5f70a2508d0f04cfcf7033f,6c679d9bd8e0ee10b62c7658,final_prompt,final_prompt,9,cross_patch,f99132cff0220555703d025c,0.375,0.25,0.375,0.25,-0.125,-0.125,True,True,True,True,False,False,False,False,False,False,False,0.125
011110d26cf50fdb06ca,grid,train,053b12007f785b198ca8,f5f70a2508d0f04cfcf7033f,6c679d9bd8e0ee10b62c7658,3/20,C1,1,2,60,15,True,True,False,False,discovery_grid_train,noising,f5f70a2508d0f04cfcf7033f,6c679d9bd8e0ee10b62c7658,final_prompt,final_prompt,9,self_patch,c5ec804ff5624b50493d203e,0.375,0.375,0.375,0.375,0.0,0.0,True,True,True,True,False,False,False,False,False,False,False,-0.0
011110d26cf50fdb06ca,grid,train,053b12007f785b198ca8,f5f70a2508d0f04cfcf7033f,6c679d9bd8e0ee10b62c7658,3/20,C1,1,2,60,15,True,True,False,False,discovery_grid_train,noising,f5f70a2508d0f04cfcf7033f,6c679d9bd8e0ee10b62c7658,final_prompt,final_prompt,10,cross_patch,3c1574314fc4aa92aa9100bd,0.375,0.375,0.375,0.375,0.0,0.0,True,True,True,True,False,False,False,False,False,False,False,-0.0
011110d26cf50fdb06ca,grid,train,053b12007f785b198ca8,f5f70a2508d0f04cfcf7033f,6c679d9bd8e0ee10b62c7658,3/20,C1,1,2,60,15,True,True,False,False,discovery_grid_train,noising,f5f70a2508d0f04cfcf7033f,6c679d9bd8e0ee10b62c7658,final_prompt,final_prompt,10,self_patch,a25536ff95ded9aca6f36aee,0.375,0.375,0.375,0.375,0.0,0.0,True,True,True,True,False,False,False,False,False,False,False,-0.0
011110d26cf50fdb06ca,grid,train,053b12007f785b198ca8,f5f70a2508d0f04cfcf7033f,6c679d9bd8e0ee10b62c7658,3/20,C1,1,2,60,15,True,True,False,False,discovery_grid_train,noising,f5f70a2508d0f04cfcf7033f,6c679d9bd8e0ee10b62c7658,final_prompt,final_prompt,11,cross_patch,ec139a5eccf6ab0690b4968d,0.375,0.375,0.375,0.375,0.0,0.0,True,True,True,True,False,False,False,False,False,False,False,-0.0
011110d26cf50fdb06ca,grid,train,053b12007f785b198ca8,f5f70a2508d0f04cfcf7033f,6c679d9bd8e0ee10b62c7658,3/20,C1,1,2,60,15,True,True,False,False,discovery_grid_train,noising,f5f70a2508d0f04cfcf7033f,6c679d9bd8e0ee10b62c7658,final_prompt,final_prompt,11,self_patch,8dfa6f57159bdefb44daf6b4,0.375,0.375,0.375,0.375,0.0,0.0,True,True,True,True,False,False,False,False,False,False,False,-0.0
011110d26cf50fdb06ca,grid,train,053b12007f785b198ca8,f5f70a2508d0f04cfcf7033f,6c679d9bd8e0ee10b62c7658,3/20,C1,1,2,60,15,True,True,False,False,discovery_grid_train,noising,f5f70a2508d0f04cfcf7033f,6c679d9bd8e0ee10b62c7658,final_prompt,final_prompt,12,cross_patch,f455590b6fe6d939bb88b4d4,0.375,0.25,0.375,0.25,-0.125,-0.125,True,True,True,True,False,False,False,False,False,False,False,0.125
011110d26cf50fdb06ca,grid,train,053b12007f785b198ca8,f5f70a2508d0f04cfcf7033f,6c679d9bd8e0ee10b62c7658,3/20,C1,1,2,60,15,True,True,False,False,discovery_grid_train,noising,f5f70a2508d0f04cfcf7033f,6c679d9bd8e0ee10b62c7658,final_prompt,final_prompt,12,self_patch,4a7142dba8b960839479a0c0,0.375,0.375,0.375,0.375,0.0,0.0,True,True,True,True,False,False,False,False,False,False,False,-0.0
011110d26cf50fdb06ca,grid,train,053b12007f785b198ca8,f5f70a2508d0f04cfcf7033f,6c679d9bd8e0ee10b62c7658,3/20,C1,1,2,60,15,True,True,False,False,discovery_grid_train,noising,f5f70a2508d0f04cfcf7033f,6c679d9bd8e0ee10b62c7658,final_prompt,final_prompt,13,cross_patch,27dc3ad229af19aca75de9cc,0.375,0.25,0.375,0.25,-0.125,-0.125,True,True,True,True,False,False,False,False,False,False,False,0.125
011110d26cf50fdb06ca,grid,train,053b12007f785b198ca8,f5f70a2508d0f04cfcf7033f,6c679d9bd8e0ee10b62c7658,3/20,C1,1,2,60,15,True,True,False,False,discovery_grid_train,noising,f5f70a2508d0f04cfcf7033f,6c679d9bd8e0ee10b62c7658,final_prompt,final_prompt,13,self_patch,52b64810b2c320ad56670774,0.375,0.375,0.375,0.375,0.0,0.0,True,True,True,True,False,False,False,False,False,False,False,-0.0
011110d26cf50fdb06ca,grid,train,053b12007f785b198ca8,f5f70a2508d0f04cfcf7033f,6c679d9bd8e0ee10b62c7658,3/20,C1,1,2,60,15,True,True,False,False,discovery_grid_train,noising,f5f70a2508d0f04cfcf7033f,6c679d9bd8e0ee10b62c7658,final_prompt,final_prompt,14,cross_patch,bf81c670951378a50b582bad,0.375,0.25,0.375,0.25,-0.125,-0.125,True,True,True,True,False,False,False,False,False,False,False,0.125
011110d26cf50fdb06ca,grid,train,053b12007f785b198ca8,f5f70a2508d0f04cfcf7033f,6c679d9bd8e0ee10b62c7658,3/20,C1,1,2,60,15,True,True,False,False,discovery_grid_train,noising,f5f70a2508d0f04cfcf7033f,6c679d9bd8e0ee10b62c7658,final_prompt,final_prompt,14,self_patch,6e26ae1d9bfd843a2a15676f,0.375,0.375,0.375,0.375,0.0,0.0,True,True,True,True,False,False,False,False,False,False,False,-0.0
011110d26cf50fdb06ca,grid,train,053b12007f785b198ca8,f5f70a2508d0f04cfcf7033f,6c679d9bd8e0ee10b62c7658,3/20,C1,1,2,60,15,True,True,False,False,discovery_grid_train,noising,f5f70a2508d0f04cfcf7033f,6c679d9bd8e0ee10b62c7658,final_prompt,final_prompt,15,cross_patch,26135d370d30560aefc00ae4,0.375,0.375,0.375,0.375,0.0,0.0,True,True,True,True,False,False,False,False,False,False,False,-0.0
011110d26cf50fdb06ca,grid,train,053b12007f785b198ca8,f5f70a2508d0f04cfcf7033f,6c679d9bd8e0ee10b62c7658,3/20,C1,1,2,60,15,True,True,False,False,discovery_grid_train,noising,f5f70a2508d0f04cfcf7033f,6c679d9bd8e0ee10b62c7658,final_prompt,final_prompt,15,self_patch,00a0b5f15aa470897ef82196,0.375,0.375,0.375,0.375,0.0,0.0,True,True,True,True,False,False,False,False,False,False,False,-0.0
011110d26cf50fdb06ca,grid,train,053b12007f785b198ca8,f5f70a2508d0f04cfcf7033f,6c679d9bd8e0ee10b62c7658,3/20,C1,1,2,60,15,True,True,False,False,discovery_grid_train,noising,f5f70a2508d0f04cfcf7033f,6c679d9bd8e0ee10b62c7658,final_prompt,final_prompt,16,cross_patch,82ed709adf4da60bf7a75ffe,0.375,0.375,0.375,0.375,0.0,0.0,True,True,True,True,False,False,False,False,False,False,False,-0.0
011110d26cf50fdb06ca,grid,train,053b12007f785b198ca8,f5f70a2508d0f04cfcf7033f,6c679d9bd8e0ee10b62c7658,3/20,C1,1,2,60,15,True,True,False,False,discovery_grid_train,noising,f5f70a2508d0f04cfcf7033f,6c679d9bd8e0ee10b62c7658,final_prompt,final_prompt,16,self_patch,faa0736c655201c2956a548d,0.375,0.375,0.375,0.375,0.0,0.0,True,True,True,True,False,False,False,False,False,False,False,-0.0
011110d26cf50fdb06ca,grid,train,053b12007f785b198ca8,f5f70a2508d0f04cfcf7033f,6c679d9bd8e0ee10b62c7658,3/20,C1,1,2,60,15,True,True,False,False,discovery_grid_train,noising,f5f70a2508d0f04cfcf7033f,6c679d9bd8e0ee10b62c7658,final_prompt,final_prompt,17,cross_patch,41e3e2083fbbac3c4ed2927d,0.375,0.375,0.375,0.375,0.0,0.0,True,True,True,True,False,False,False,False,False,False,False,-0.0
011110d26cf50fdb06ca,grid,train,053b12007f785b198ca8,f5f70a2508d0f04cfcf7033f,6c679d9bd8e0ee10b62c7658,3/20,C1,1,2,60,15,True,True,False,False,discovery_grid_train,noising,f5f70a2508d0f04cfcf7033f,6c679d9bd8e0ee10b62c7658,final_prompt,final_prompt,17,self_patch,3fb476a01d257b2931bd116d,0.375,0.375,0.375,0.375,0.0,0.0,True,True,True,True,False,False,False,False,False,False,False,-0.0
011110d26cf50fdb06ca,grid,train,053b12007f785b198ca8,f5f70a2508d0f04cfcf7033f,6c679d9bd8e0ee10b62c7658,3/20,C1,1,2,60,15,True,True,False,False,discovery_grid_train,noising,f5f70a2508d0f04cfcf7033f,6c679d9bd8e0ee10b62c7658,final_prompt,final_prompt,18,cross_patch,8b064d83c2a7f61dfdb8ba3b,0.375,0.375,0.375,0.375,0.0,0.0,True,True,True,True,False,False,False,False,False,False,False,-0.0
011110d26cf50fdb06ca,grid,train,053b12007f785b198ca8,f5f70a2508d0f04cfcf7033f,6c679d9bd8e0ee10b62c7658,3/20,C1,1,2,60,15,True,True,False,False,discovery_grid_train,noising,f5f70a2508d0f04cfcf7033f,6c679d9bd8e0ee10b62c7658,final_prompt,final_prompt,18,self_patch,d55c3fc9a93f83e79369c1d8,0.375,0.375,0.375,0.375,0.0,0.0,True,True,True,True,False,False,False,False,False,False,False,-0.0
011110d26cf50fdb06ca,grid,train,053b12007f785b198ca8,f5f70a2508d0f04cfcf7033f,6c679d9bd8e0ee10b62c7658,3/20,C1,1,2,60,15,True,True,False,False,discovery_grid_train,noising,f5f70a2508d0f04cfcf7033f,6c679d9bd8e0ee10b62c7658,final_prompt,final_prompt,19,cross_patch,a781b45dff1bedf987220a37,0.375,0.375,0.375,0.375,0.0,0.0,True,True,True,True,False,False,False,False,False,False,False,-0.0
011110d26cf50fdb06ca,grid,train,053b12007f785b198ca8,f5f70a2508d0f04cfcf7033f,6c679d9bd8e0ee10b62c7658,3/20,C1,1,2,60,15,True,True,False,False,discovery_grid_train,noising,f5f70a2508d0f04cfcf7033f,6c679d9bd8e0ee10b62c7658,final_prompt,final_prompt,19,self_patch,d375178b1d9093880f497e78,0.375,0.375,0.375,0.375,0.0,0.0,True,True,True,True,False,False,False,False,False,False,False,-0.0
011110d26cf50fdb06ca,grid,train,053b12007f785b198ca8,f5f70a2508d0f04cfcf7033f,6c679d9bd8e0ee10b62c7658,3/20,C1,1,2,60,15,True,True,False,False,discovery_grid_train,noising,f5f70a2508d0f04cfcf7033f,6c679d9bd8e0ee10b62c7658,final_prompt,final_prompt,20,cross_patch,4bcf440fb7b8d1aa6db3a720,0.375,0.375,0.375,0.375,0.0,0.0,True,True,True,True,False,False,False,False,False,False,False,-0.0
011110d26cf50fdb06ca,grid,train,053b12007f785b198ca8,f5f70a2508d0f04cfcf7033f,6c679d9bd8e0ee10b62c7658,3/20,C1,1,2,60,15,True,True,False,False,discovery_grid_train,noising,f5f70a2508d0f04cfcf7033f,6c679d9bd8e0ee10b62c7658,final_prompt,final_prompt,20,self_patch,f612913d62d1572f30d356b5,0.375,0.375,0.375,0.375,0.0,0.0,True,True,True,True,False,False,False,False,False,False,False,-0.0
011110d26cf50fdb06ca,grid,train,053b12007f785b198ca8,f5f70a2508d0f04cfcf7033f,6c679d9bd8e0ee10b62c7658,3/20,C1,1,2,60,15,True,True,False,False,discovery_grid_train,noising,f5f70a2508d0f04cfcf7033f,6c679d9bd8e0ee10b62c7658,final_prompt,final_prompt,21,cross_patch,205b33ce968ddf70759e6901,0.375,0.25,0.375,0.25,-0.125,-0.125,True,True,True,True,False,False,False,False,False,False,False,0.125
011110d26cf50fdb06ca,grid,train,053b12007f785b198ca8,f5f70a2508d0f04cfcf7033f,6c679d9bd8e0ee10b62c7658,3/20,C1,1,2,60,15,True,True,False,False,discovery_grid_train,noising,f5f70a2508d0f04cfcf7033f,6c679d9bd8e0ee10b62c7658,final_prompt,final_prompt,21,self_patch,79054f7292143ae08e115b60,0.375,0.375,0.375,0.375,0.0,0.0,True,True,True,True,False,False,False,False,False,False,False,-0.0
011110d26cf50fdb06ca,grid,train,053b12007f785b198ca8,f5f70a2508d0f04cfcf7033f,6c679d9bd8e0ee10b62c7658,3/20,C1,1,2,60,15,True,True,False,False,discovery_grid_train,noising,f5f70a2508d0f04cfcf7033f,6c679d9bd8e0ee10b62c7658,final_prompt,final_prompt,22,cross_patch,50c8260759f43188fbc6e2b7,0.375,0.375,0.375,0.375,0.0,0.0,True,True,True,True,False,False,False,False,False,False,False,-0.0
011110d26cf50fdb06ca,grid,train,053b12007f785b198ca8,f5f70a2508d0f04cfcf7033f,6c679d9bd8e0ee10b62c7658,3/20,C1,1,2,60,15,True,True,False,False,discovery_grid_train,noising,f5f70a2508d0f04cfcf7033f,6c679d9bd8e0ee10b62c7658,final_prompt,final_prompt,22,self_patch,ab4f352412cbb653a480a3fc,0.375,0.375,0.375,0.375,0.0,0.0,True,True,True,True,False,False,False,False,False,False,False,-0.0
011110d26cf50fdb06ca,grid,train,053b12007f785b198ca8,f5f70a2508d0f04cfcf7033f,6c679d9bd8e0ee10b62c7658,3/20,C1,1,2,60,15,True,True,False,False,discovery_grid_train,noising,f5f70a2508d0f04cfcf7033f,6c679d9bd8e0ee10b62c7658,final_prompt,final_prompt,23,cross_patch,58e1189d8107a81278c75b25,0.375,0.375,0.375,0.375,0.0,0.0,True,True,True,True,False,False,False,False,False,False,False,-0.0
011110d26cf50fdb06ca,grid,train,053b12007f785b198ca8,f5f70a2508d0f04cfcf7033f,6c679d9bd8e0ee10b62c7658,3/20,C1,1,2,60,15,True,True,False,False,discovery_grid_train,noising,f5f70a2508d0f04cfcf7033f,6c679d9bd8e0ee10b62c7658,final_prompt,final_prompt,23,self_patch,89eb04dc1a468608b6cab456,0.375,0.375,0.375,0.375,0.0,0.0,True,True,True,True,False,False,False,False,False,False,False,-0.0
011110d26cf50fdb06ca,grid,train,053b12007f785b198ca8,f5f70a2508d0f04cfcf7033f,6c679d9bd8e0ee10b62c7658,3/20,C1,1,2,60,15,True,True,False,False,discovery_grid_train,noising,f5f70a2508d0f04cfcf7033f,6c679d9bd8e0ee10b62c7658,final_prompt,final_prompt,24,cross_patch,595210b0de149af84e82f76b,0.375,0.25,0.375,0.25,-0.125,-0.125,True,True,True,True,False,False,False,False,False,False,False,0.125
011110d26cf50fdb06ca,grid,train,053b12007f785b198ca8,f5f70a2508d0f04cfcf7033f,6c679d9bd8e0ee10b62c7658,3/20,C1,1,2,60,15,True,True,False,False,discovery_grid_train,noising,f5f70a2508d0f04cfcf7033f,6c679d9bd8e0ee10b62c7658,final_prompt,final_prompt,24,self_patch,502f209c686d220250388285,0.375,0.375,0.375,0.375,0.0,0.0,True,True,True,True,False,False,False,False,False,False,False,-0.0
011110d26cf50fdb06ca,grid,train,053b12007f785b198ca8,f5f70a2508d0f04cfcf7033f,6c679d9bd8e0ee10b62c7658,3/20,C1,1,2,60,15,True,True,False,False,discovery_grid_train,noising,f5f70a2508d0f04cfcf7033f,6c679d9bd8e0ee10b62c7658,final_prompt,final_prompt,25,cross_patch,968be8a829ac573dbc726cb7,0.375,0.25,0.375,0.25,-0.125,-0.125,True,True,True,True,False,False,False,False,False,False,False,0.125
011110d26cf50fdb06ca,grid,train,053b12007f785b198ca8,f5f70a2508d0f04cfcf7033f,6c679d9bd8e0ee10b62c7658,3/20,C1,1,2,60,15,True,True,False,False,discovery_grid_train,noising,f5f70a2508d0f04cfcf7033f,6c679d9bd8e0ee10b62c7658,final_prompt,final_prompt,25,self_patch,aabd3d1ebab6759f63466496,0.375,0.375,0.375,0.375,0.0,0.0,True,True,True,True,False,False,False,False,False,False,False,-0.0
011110d26cf50fdb06ca,grid,train,053b12007f785b198ca8,f5f70a2508d0f04cfcf7033f,6c679d9bd8e0ee10b62c7658,3/20,C1,1,2,60,15,True,True,False,False,discovery_grid_train,noising,f5f70a2508d0f04cfcf7033f,6c679d9bd8e0ee10b62c7658,final_prompt,final_prompt,26,cross_patch,c44bba8e4d3c4149619f73d4,0.375,0.375,0.375,0.375,0.0,0.0,True,True,True,True,False,False,False,False,False,False,False,-0.0
011110d26cf50fdb06ca,grid,train,053b12007f785b198ca8,f5f70a2508d0f04cfcf7033f,6c679d9bd8e0ee10b62c7658,3/20,C1,1,2,60,15,True,True,False,False,discovery_grid_train,noising,f5f70a2508d0f04cfcf7033f,6c679d9bd8e0ee10b62c7658,final_prompt,final_prompt,26,self_patch,e5c1d30897c5dbe0840fbff7,0.375,0.375,0.375,0.375,0.0,0.0,True,True,True,True,False,False,False,False,False,False,False,-0.0
011110d26cf50fdb06ca,grid,train,053b12007f785b198ca8,f5f70a2508d0f04cfcf7033f,6c679d9bd8e0ee10b62c7658,3/20,C1,1,2,60,15,True,True,False,False,discovery_grid_train,noising,f5f70a2508d0f04cfcf7033f,6c679d9bd8e0ee10b62c7658,final_prompt,final_prompt,27,cross_patch,af5bdc0daf48d4250d92ee8b,0.375,0.375,0.375,0.375,0.0,0.0,True,True,True,True,False,False,False,False,False,False,False,-0.0
011110d26cf50fdb06ca,grid,train,053b12007f785b198ca8,f5f70a2508d0f04cfcf7033f,6c679d9bd8e0ee10b62c7658,3/20,C1,1,2,60,15,True,True,False,False,discovery_grid_train,noising,f5f70a2508d0f04cfcf7033f,6c679d9bd8e0ee10b62c7658,final_prompt,final_prompt,27,self_patch,904b7484f59e193ee8ba278a,0.375,0.375,0.375,0.375,0.0,0.0,True,True,True,True,False,False,False,False,False,False,False,-0.0
011110d26cf50fdb06ca,grid,train,053b12007f785b198ca8,f5f70a2508d0f04cfcf7033f,6c679d9bd8e0ee10b62c7658,3/20,C1,1,2,60,15,True,True,False,False,discovery_grid_train,noising,f5f70a2508d0f04cfcf7033f,6c679d9bd8e0ee10b62c7658,final_prompt,final_prompt,28,cross_patch,2a632aeb40cad8c73a1da1ca,0.375,0.375,0.375,0.375,0.0,0.0,True,True,True,True,False,False,False,False,False,False,False,-0.0
011110d26cf50fdb06ca,grid,train,053b12007f785b198ca8,f5f70a2508d0f04cfcf7033f,6c679d9bd8e0ee10b62c7658,3/20,C1,1,2,60,15,True,True,False,False,discovery_grid_train,noising,f5f70a2508d0f04cfcf7033f,6c679d9bd8e0ee10b62c7658,final_prompt,final_prompt,28,self_patch,85f754ee08e52075c70654fe,0.375,0.375,0.375,0.375,0.0,0.0,True,True,True,True,False,False,False,False,False,False,False,-0.0
011110d26cf50fdb06ca,grid,train,053b12007f785b198ca8,f5f70a2508d0f04cfcf7033f,6c679d9bd8e0ee10b62c7658,3/20,C1,1,2,60,15,True,True,False,False,discovery_grid_train,noising,f5f70a2508d0f04cfcf7033f,6c679d9bd8e0ee10b62c7658,final_prompt,final_prompt,29,cross_patch,1698b5d577305e425ecc6e0c,0.375,0.25,0.375,0.25,-0.125,-0.125,True,True,True,True,False,False,False,False,False,False,False,0.125
011110d26cf50fdb06ca,grid,train,053b12007f785b198ca8,f5f70a2508d0f04cfcf7033f,6c679d9bd8e0ee10b62c7658,3/20,C1,1,2,60,15,True,True,False,False,discovery_grid_train,noising,f5f70a2508d0f04cfcf7033f,6c679d9bd8e0ee10b62c7658,final_prompt,final_prompt,29,self_patch,56adcdd4c00ff52882c108c3,0.375,0.375,0.375,0.375,0.0,0.0,True,True,True,True,False,False,False,False,False,False,False,-0.0
011110d26cf50fdb06ca,grid,train,053b12007f785b198ca8,f5f70a2508d0f04cfcf7033f,6c679d9bd8e0ee10b62c7658,3/20,C1,1,2,60,15,True,True,False,False,discovery_grid_train,noising,f5f70a2508d0f04cfcf7033f,6c679d9bd8e0ee10b62c7658,final_prompt,final_prompt,30,cross_patch,c8464602f11e0f38362492c0,0.375,0.375,0.375,0.375,0.0,0.0,True,True,True,True,False,False,False,False,False,False,False,-0.0
011110d26cf50fdb06ca,grid,train,053b12007f785b198ca8,f5f70a2508d0f04cfcf7033f,6c679d9bd8e0ee10b62c7658,3/20,C1,1,2,60,15,True,True,False,False,discovery_grid_train,noising,f5f70a2508d0f04cfcf7033f,6c679d9bd8e0ee10b62c7658,final_prompt,final_prompt,30,self_patch,2fb88de2ee8f3e98d28fa810,0.375,0.375,0.375,0.375,0.0,0.0,True,True,True,True,False,False,False,False,False,False,False,-0.0
011110d26cf50fdb06ca,grid,train,053b12007f785b198ca8,f5f70a2508d0f04cfcf7033f,6c679d9bd8e0ee10b62c7658,3/20,C1,1,2,60,15,True,True,False,False,discovery_grid_train,noising,f5f70a2508d0f04cfcf7033f,6c679d9bd8e0ee10b62c7658,final_prompt,final_prompt,31,cross_patch,874d3fd633fd7b854f5c11f0,0.375,0.375,0.375,0.375,0.0,0.0,True,True,True,True,False,False,False,False,False,False,False,-0.0
011110d26cf50fdb06ca,grid,train,053b12007f785b198ca8,f5f70a2508d0f04cfcf7033f,6c679d9bd8e0ee10b62c7658,3/20,C1,1,2,60,15,True,True,False,False,discovery_grid_train,noising,f5f70a2508d0f04cfcf7033f,6c679d9bd8e0ee10b62c7658,final_prompt,final_prompt,31,self_patch,662ca7fa67295a6c21e9be8b,0.375,0.375,0.375,0.375,0.0,0.0,True,True,True,True,False,False,False,False,False,False,False,-0.0
011110d26cf50fdb06ca,grid,train,053b12007f785b198ca8,f5f70a2508d0f04cfcf7033f,6c679d9bd8e0ee10b62c7658,3/20,C1,1,2,60,15,True,True,False,False,discovery_grid_train,noising,f5f70a2508d0f04cfcf7033f,6c679d9bd8e0ee10b62c7658,answer_prefix,answer_prefix,0,cross_patch,4e15fcb13c2478d7c2000b76,0.375,0.25,0.375,0.25,-0.125,-0.125,True,True,True,True,False,False,False,False,False,False,False,0.125
011110d26cf50fdb06ca,grid,train,053b12007f785b198ca8,f5f70a2508d0f04cfcf7033f,6c679d9bd8e0ee10b62c7658,3/20,C1,1,2,60,15,True,True,False,False,discovery_grid_train,noising,f5f70a2508d0f04cfcf7033f,6c679d9bd8e0ee10b62c7658,answer_prefix,answer_prefix,0,self_patch,d47497617b307dc73519eaa5,0.375,0.375,0.375,0.375,0.0,0.0,True,True,True,True,False,False,False,False,False,False,False,-0.0
011110d26cf50fdb06ca,grid,train,053b12007f785b198ca8,f5f70a2508d0f04cfcf7033f,6c679d9bd8e0ee10b62c7658,3/20,C1,1,2,60,15,True,True,False,False,discovery_grid_train,noising,f5f70a2508d0f04cfcf7033f,6c679d9bd8e0ee10b62c7658,answer_prefix,answer_prefix,1,cross_patch,c5dce5df82a2f88840c2115d,0.375,0.375,0.375,0.375,0.0,0.0,True,True,True,True,False,False,False,False,False,False,False,-0.0
011110d26cf50fdb06ca,grid,train,053b12007f785b198ca8,f5f70a2508d0f04cfcf7033f,6c679d9bd8e0ee10b62c7658,3/20,C1,1,2,60,15,True,True,False,False,discovery_grid_train,noising,f5f70a2508d0f04cfcf7033f,6c679d9bd8e0ee10b62c7658,answer_prefix,answer_prefix,1,self_patch,85f09c8a3470b2b2716b70d6,0.375,0.375,0.375,0.375,0.0,0.0,True,True,True,True,False,False,False,False,False,False,False,-0.0
011110d26cf50fdb06ca,grid,train,053b12007f785b198ca8,f5f70a2508d0f04cfcf7033f,6c679d9bd8e0ee10b62c7658,3/20,C1,1,2,60,15,True,True,False,False,discovery_grid_train,noising,f5f70a2508d0f04cfcf7033f,6c679d9bd8e0ee10b62c7658,answer_prefix,answer_prefix,2,cross_patch,aa4021c1bc5a194693215b6a,0.375,0.375,0.375,0.375,0.0,0.0,True,True,True,True,False,False,False,False,False,False,False,-0.0
011110d26cf50fdb06ca,grid,train,053b12007f785b198ca8,f5f70a2508d0f04cfcf7033f,6c679d9bd8e0ee10b62c7658,3/20,C1,1,2,60,15,True,True,False,False,discovery_grid_train,noising,f5f70a2508d0f04cfcf7033f,6c679d9bd8e0ee10b62c7658,answer_prefix,answer_prefix,2,self_patch,9e9431fd4c82c875fa0a9834,0.375,0.375,0.375,0.375,0.0,0.0,True,True,True,True,False,False,False,False,False,False,False,-0.0
011110d26cf50fdb06ca,grid,train,053b12007f785b198ca8,f5f70a2508d0f04cfcf7033f,6c679d9bd8e0ee10b62c7658,3/20,C1,1,2,60,15,True,True,False,False,discovery_grid_train,noising,f5f70a2508d0f04cfcf7033f,6c679d9bd8e0ee10b62c7658,answer_prefix,answer_prefix,3,cross_patch,7c65e7b2f8da5a20d525465a,0.375,0.25,0.375,0.25,-0.125,-0.125,True,True,True,True,False,False,False,False,False,False,False,0.125
011110d26cf50fdb06ca,grid,train,053b12007f785b198ca8,f5f70a2508d0f04cfcf7033f,6c679d9bd8e0ee10b62c7658,3/20,C1,1,2,60,15,True,True,False,False,discovery_grid_train,noising,f5f70a2508d0f04cfcf7033f,6c679d9bd8e0ee10b62c7658,answer_prefix,answer_prefix,3,self_patch,1da18fe06a2e688aa8a9952e,0.375,0.375,0.375,0.375,0.0,0.0,True,True,True,True,False,False,False,False,False,False,False,-0.0
011110d26cf50fdb06ca,grid,train,053b12007f785b198ca8,f5f70a2508d0f04cfcf7033f,6c679d9bd8e0ee10b62c7658,3/20,C1,1,2,60,15,True,True,False,False,discovery_grid_train,noising,f5f70a2508d0f04cfcf7033f,6c679d9bd8e0ee10b62c7658,answer_prefix,answer_prefix,4,cross_patch,c536b5bbccd5d396f3e05611,0.375,0.375,0.375,0.375,0.0,0.0,True,True,True,True,False,False,False,False,False,False,False,-0.0
011110d26cf50fdb06ca,grid,train,053b12007f785b198ca8,f5f70a2508d0f04cfcf7033f,6c679d9bd8e0ee10b62c7658,3/20,C1,1,2,60,15,True,True,False,False,discovery_grid_train,noising,f5f70a2508d0f04cfcf7033f,6c679d9bd8e0ee10b62c7658,answer_prefix,answer_prefix,4,self_patch,305f1ab0b88902bc625a9c4c,0.375,0.375,0.375,0.375,0.0,0.0,True,True,True,True,False,False,False,False,False,False,False,-0.0
011110d26cf50fdb06ca,grid,train,053b12007f785b198ca8,f5f70a2508d0f04cfcf7033f,6c679d9bd8e0ee10b62c7658,3/20,C1,1,2,60,15,True,True,False,False,discovery_grid_train,noising,f5f70a2508d0f04cfcf7033f,6c679d9bd8e0ee10b62c7658,answer_prefix,answer_prefix,5,cross_patch,9fa4a29eb7f52042ae8e8386,0.375,0.375,0.375,0.375,0.0,0.0,True,True,True,True,False,False,False,False,False,False,False,-0.0
011110d26cf50fdb06ca,grid,train,053b12007f785b198ca8,f5f70a2508d0f04cfcf7033f,6c679d9bd8e0ee10b62c7658,3/20,C1,1,2,60,15,True,True,False,False,discovery_grid_train,noising,f5f70a2508d0f04cfcf7033f,6c679d9bd8e0ee10b62c7658,answer_prefix,answer_prefix,5,self_patch,9d68743ed1bf7dfedd4c4e49,0.375,0.375,0.375,0.375,0.0,0.0,True,True,True,True,False,False,False,False,False,False,False,-0.0
011110d26cf50fdb06ca,grid,train,053b12007f785b198ca8,f5f70a2508d0f04cfcf7033f,6c679d9bd8e0ee10b62c7658,3/20,C1,1,2,60,15,True,True,False,False,discovery_grid_train,noising,f5f70a2508d0f04cfcf7033f,6c679d9bd8e0ee10b62c7658,answer_prefix,answer_prefix,6,cross_patch,cbfcefa9aaf856e69ca31c3b,0.375,0.25,0.375,0.25,-0.125,-0.125,True,True,True,True,False,False,False,False,False,False,False,0.125
011110d26cf50fdb06ca,grid,train,053b12007f785b198ca8,f5f70a2508d0f04cfcf7033f,6c679d9bd8e0ee10b62c7658,3/20,C1,1,2,60,15,True,True,False,False,discovery_grid_train,noising,f5f70a2508d0f04cfcf7033f,6c679d9bd8e0ee10b62c7658,answer_prefix,answer_prefix,6,self_patch,a293f8492377cb9a64a2f6b4,0.375,0.375,0.375,0.375,0.0,0.0,True,True,True,True,False,False,False,False,False,False,False,-0.0
011110d26cf50fdb06ca,grid,train,053b12007f785b198ca8,f5f70a2508d0f04cfcf7033f,6c679d9bd8e0ee10b62c7658,3/20,C1,1,2,60,15,True,True,False,False,discovery_grid_train,noising,f5f70a2508d0f04cfcf7033f,6c679d9bd8e0ee10b62c7658,answer_prefix,answer_prefix,7,cross_patch,f8eee9ffa2ef20127d273550,0.375,0.25,0.375,0.25,-0.125,-0.125,True,True,True,True,False,False,False,False,False,False,False,0.125
011110d26cf50fdb06ca,grid,train,053b12007f785b198ca8,f5f70a2508d0f04cfcf7033f,6c679d9bd8e0ee10b62c7658,3/20,C1,1,2,60,15,True,True,False,False,discovery_grid_train,noising,f5f70a2508d0f04cfcf7033f,6c679d9bd8e0ee10b62c7658,answer_prefix,answer_prefix,7,self_patch,8f6d3004a4325682a1067b58,0.375,0.375,0.375,0.375,0.0,0.0,True,True,True,True,False,False,False,False,False,False,False,-0.0
011110d26cf50fdb06ca,grid,train,053b12007f785b198ca8,f5f70a2508d0f04cfcf7033f,6c679d9bd8e0ee10b62c7658,3/20,C1,1,2,60,15,True,True,False,False,discovery_grid_train,noising,f5f70a2508d0f04cfcf7033f,6c679d9bd8e0ee10b62c7658,answer_prefix,answer_prefix,8,cross_patch,299c0fc6772fa6f888d055a3,0.375,0.375,0.375,0.375,0.0,0.0,True,True,True,True,False,False,False,False,False,False,False,-0.0
011110d26cf50fdb06ca,grid,train,053b12007f785b198ca8,f5f70a2508d0f04cfcf7033f,6c679d9bd8e0ee10b62c7658,3/20,C1,1,2,60,15,True,True,False,False,discovery_grid_train,noising,f5f70a2508d0f04cfcf7033f,6c679d9bd8e0ee10b62c7658,answer_prefix,answer_prefix,8,self_patch,dfb7c92fb4c86967d6289a3e,0.375,0.375,0.375,0.375,0.0,0.0,True,True,True,True,False,False,False,False,False,False,False,-0.0
011110d26cf50fdb06ca,grid,train,053b12007f785b198ca8,f5f70a2508d0f04cfcf7033f,6c679d9bd8e0ee10b62c7658,3/20,C1,1,2,60,15,True,True,False,False,discovery_grid_train,noising,f5f70a2508d0f04cfcf7033f,6c679d9bd8e0ee10b62c7658,answer_prefix,answer_prefix,9,cross_patch,5f4339f612c29f5a88af504e,0.375,0.25,0.375,0.25,-0.125,-0.125,True,True,True,True,False,False,False,False,False,False,False,0.125
011110d26cf50fdb06ca,grid,train,053b12007f785b198ca8,f5f70a2508d0f04cfcf7033f,6c679d9bd8e0ee10b62c7658,3/20,C1,1,2,60,15,True,True,False,False,discovery_grid_train,noising,f5f70a2508d0f04cfcf7033f,6c679d9bd8e0ee10b62c7658,answer_prefix,answer_prefix,9,self_patch,f353a5a0a79c0befd9858d1a,0.375,0.375,0.375,0.375,0.0,0.0,True,True,True,True,False,False,False,False,False,False,False,-0.0
011110d26cf50fdb06ca,grid,train,053b12007f785b198ca8,f5f70a2508d0f04cfcf7033f,6c679d9bd8e0ee10b62c7658,3/20,C1,1,2,60,15,True,True,False,False,discovery_grid_train,noising,f5f70a2508d0f04cfcf7033f,6c679d9bd8e0ee10b62c7658,answer_prefix,answer_prefix,10,cross_patch,2c5a502fd03ed727240f178f,0.375,0.375,0.375,0.375,0.0,0.0,True,True,True,True,False,False,False,False,False,False,False,-0.0
011110d26cf50fdb06ca,grid,train,053b12007f785b198ca8,f5f70a2508d0f04cfcf7033f,6c679d9bd8e0ee10b62c7658,3/20,C1,1,2,60,15,True,True,False,False,discovery_grid_train,noising,f5f70a2508d0f04cfcf7033f,6c679d9bd8e0ee10b62c7658,answer_prefix,answer_prefix,10,self_patch,059418099136351da34b25c9,0.375,0.375,0.375,0.375,0.0,0.0,True,True,True,True,False,False,False,False,False,False,False,-0.0
011110d26cf50fdb06ca,grid,train,053b12007f785b198ca8,f5f70a2508d0f04cfcf7033f,6c679d9bd8e0ee10b62c7658,3/20,C1,1,2,60,15,True,True,False,False,discovery_grid_train,noising,f5f70a2508d0f04cfcf7033f,6c679d9bd8e0ee10b62c7658,answer_prefix,answer_prefix,11,cross_patch,dd88099020f16e6c2af002cf,0.375,0.375,0.375,0.375,0.0,0.0,True,True,True,True,False,False,False,False,False,False,False,-0.0
011110d26cf50fdb06ca,grid,train,053b12007f785b198ca8,f5f70a2508d0f04cfcf7033f,6c679d9bd8e0ee10b62c7658,3/20,C1,1,2,60,15,True,True,False,False,discovery_grid_train,noising,f5f70a2508d0f04cfcf7033f,6c679d9bd8e0ee10b62c7658,answer_prefix,answer_prefix,11,self_patch,99485634ec28df3b3a570901,0.375,0.375,0.375,0.375,0.0,0.0,True,True,True,True,False,False,False,False,False,False,False,-0.0
011110d26cf50fdb06ca,grid,train,053b12007f785b198ca8,f5f70a2508d0f04cfcf7033f,6c679d9bd8e0ee10b62c7658,3/20,C1,1,2,60,15,True,True,False,False,discovery_grid_train,noising,f5f70a2508d0f04cfcf7033f,6c679d9bd8e0ee10b62c7658,answer_prefix,answer_prefix,12,cross_patch,b88da6bfc21a4508134b0d69,0.375,0.375,0.375,0.375,0.0,0.0,True,True,True,True,False,False,False,False,False,False,False,-0.0
011110d26cf50fdb06ca,grid,train,053b12007f785b198ca8,f5f70a2508d0f04cfcf7033f,6c679d9bd8e0ee10b62c7658,3/20,C1,1,2,60,15,True,True,False,False,discovery_grid_train,noising,f5f70a2508d0f04cfcf7033f,6c679d9bd8e0ee10b62c7658,answer_prefix,answer_prefix,12,self_patch,340431c58d0ff402b79761da,0.375,0.375,0.375,0.375,0.0,0.0,True,True,True,True,False,False,False,False,False,False,False,-0.0
011110d26cf50fdb06ca,grid,train,053b12007f785b198ca8,f5f70a2508d0f04cfcf7033f,6c679d9bd8e0ee10b62c7658,3/20,C1,1,2,60,15,True,True,False,False,discovery_grid_train,noising,f5f70a2508d0f04cfcf7033f,6c679d9bd8e0ee10b62c7658,answer_prefix,answer_prefix,13,cross_patch,c9b335cafac0a863a0e24b26,0.375,0.375,0.375,0.375,0.0,0.0,True,True,True,True,False,False,False,False,False,False,False,-0.0
011110d26cf50fdb06ca,grid,train,053b12007f785b198ca8,f5f70a2508d0f04cfcf7033f,6c679d9bd8e0ee10b62c7658,3/20,C1,1,2,60,15,True,True,False,False,discovery_grid_train,noising,f5f70a2508d0f04cfcf7033f,6c679d9bd8e0ee10b62c7658,answer_prefix,answer_prefix,13,self_patch,0bd02b9948f313c469963e3f,0.375,0.375,0.375,0.375,0.0,0.0,True,True,True,True,False,False,False,False,False,False,False,-0.0
011110d26cf50fdb06ca,grid,train,053b12007f785b198ca8,f5f70a2508d0f04cfcf7033f,6c679d9bd8e0ee10b62c7658,3/20,C1,1,2,60,15,True,True,False,False,discovery_grid_train,noising,f5f70a2508d0f04cfcf7033f,6c679d9bd8e0ee10b62c7658,answer_prefix,answer_prefix,14,cross_patch,20e39d559c439e82cdd258e8,0.375,0.375,0.375,0.375,0.0,0.0,True,True,True,True,False,False,False,False,False,False,False,-0.0
011110d26cf50fdb06ca,grid,train,053b12007f785b198ca8,f5f70a2508d0f04cfcf7033f,6c679d9bd8e0ee10b62c7658,3/20,C1,1,2,60,15,True,True,False,False,discovery_grid_train,noising,f5f70a2508d0f04cfcf7033f,6c679d9bd8e0ee10b62c7658,answer_prefix,answer_prefix,14,self_patch,5dbae851636368ed52642ee7,0.375,0.375,0.375,0.375,0.0,0.0,True,True,True,True,False,False,False,False,False,False,False,-0.0
011110d26cf50fdb06ca,grid,train,053b12007f785b198ca8,f5f70a2508d0f04cfcf7033f,6c679d9bd8e0ee10b62c7658,3/20,C1,1,2,60,15,True,True,False,False,discovery_grid_train,noising,f5f70a2508d0f04cfcf7033f,6c679d9bd8e0ee10b62c7658,answer_prefix,answer_prefix,15,cross_patch,46a6f25e5e8b03f1068424b1,0.375,0.25,0.375,0.25,-0.125,-0.125,True,True,True,True,False,False,False,False,False,False,False,0.125
011110d26cf50fdb06ca,grid,train,053b12007f785b198ca8,f5f70a2508d0f04cfcf7033f,6c679d9bd8e0ee10b62c7658,3/20,C1,1,2,60,15,True,True,False,False,discovery_grid_train,noising,f5f70a2508d0f04cfcf7033f,6c679d9bd8e0ee10b62c7658,answer_prefix,answer_prefix,15,self_patch,34e6b11032e1df4e319fe299,0.375,0.375,0.375,0.375,0.0,0.0,True,True,True,True,False,False,False,False,False,False,False,-0.0
011110d26cf50fdb06ca,grid,train,053b12007f785b198ca8,f5f70a2508d0f04cfcf7033f,6c679d9bd8e0ee10b62c7658,3/20,C1,1,2,60,15,True,True,False,False,discovery_grid_train,noising,f5f70a2508d0f04cfcf7033f,6c679d9bd8e0ee10b62c7658,answer_prefix,answer_prefix,16,cross_patch,97bd439fa5ec3edfaf81e6ba,0.375,0.375,0.375,0.375,0.0,0.0,True,True,True,True,False,False,False,False,False,False,False,-0.0
011110d26cf50fdb06ca,grid,train,053b12007f785b198ca8,f5f70a2508d0f04cfcf7033f,6c679d9bd8e0ee10b62c7658,3/20,C1,1,2,60,15,True,True,False,False,discovery_grid_train,noising,f5f70a2508d0f04cfcf7033f,6c679d9bd8e0ee10b62c7658,answer_prefix,answer_prefix,16,self_patch,53fb814f1ca3403ed6645cc8,0.375,0.375,0.375,0.375,0.0,0.0,True,True,True,True,False,False,False,False,False,False,False,-0.0
011110d26cf50fdb06ca,grid,train,053b12007f785b198ca8,f5f70a2508d0f04cfcf7033f,6c679d9bd8e0ee10b62c7658,3/20,C1,1,2,60,15,True,True,False,False,discovery_grid_train,noising,f5f70a2508d0f04cfcf7033f,6c679d9bd8e0ee10b62c7658,answer_prefix,answer_prefix,17,cross_patch,ec123cf8fb2c38a82e7b885d,0.375,0.375,0.375,0.375,0.0,0.0,True,True,True,True,False,False,False,False,False,False,False,-0.0
011110d26cf50fdb06ca,grid,train,053b12007f785b198ca8,f5f70a2508d0f04cfcf7033f,6c679d9bd8e0ee10b62c7658,3/20,C1,1,2,60,15,True,True,False,False,discovery_grid_train,noising,f5f70a2508d0f04cfcf7033f,6c679d9bd8e0ee10b62c7658,answer_prefix,answer_prefix,17,self_patch,996af666dc828fad0790bddb,0.375,0.375,0.375,0.375,0.0,0.0,True,True,True,True,False,False,False,False,False,False,False,-0.0
011110d26cf50fdb06ca,grid,train,053b12007f785b198ca8,f5f70a2508d0f04cfcf7033f,6c679d9bd8e0ee10b62c7658,3/20,C1,1,2,60,15,True,True,False,False,discovery_grid_train,noising,f5f70a2508d0f04cfcf7033f,6c679d9bd8e0ee10b62c7658,answer_prefix,answer_prefix,18,cross_patch,d54e44957dd91f49cd4f357c,0.375,0.375,0.375,0.375,0.0,0.0,True,True,True,True,False,False,False,False,False,False,False,-0.0
011110d26cf50fdb06ca,grid,train,053b12007f785b198ca8,f5f70a2508d0f04cfcf7033f,6c679d9bd8e0ee10b62c7658,3/20,C1,1,2,60,15,True,True,False,False,discovery_grid_train,noising,f5f70a2508d0f04cfcf7033f,6c679d9bd8e0ee10b62c7658,answer_prefix,answer_prefix,18,self_patch,8e3a6797b13d77b31a2edfce,0.375,0.375,0.375,0.375,0.0,0.0,True,True,True,True,False,False,False,False,False,False,False,-0.0
011110d26cf50fdb06ca,grid,train,053b12007f785b198ca8,f5f70a2508d0f04cfcf7033f,6c679d9bd8e0ee10b62c7658,3/20,C1,1,2,60,15,True,True,False,False,discovery_grid_train,noising,f5f70a2508d0f04cfcf7033f,6c679d9bd8e0ee10b62c7658,answer_prefix,answer_prefix,19,cross_patch,9915e8a034ce5787de813329,0.375,0.25,0.375,0.25,-0.125,-0.125,True,True,True,True,False,False,False,False,False,False,False,0.125
011110d26cf50fdb06ca,grid,train,053b12007f785b198ca8,f5f70a2508d0f04cfcf7033f,6c679d9bd8e0ee10b62c7658,3/20,C1,1,2,60,15,True,True,False,False,discovery_grid_train,noising,f5f70a2508d0f04cfcf7033f,6c679d9bd8e0ee10b62c7658,answer_prefix,answer_prefix,19,self_patch,455ca688402dc22334904f1d,0.375,0.375,0.375,0.375,0.0,0.0,True,True,True,True,False,False,False,False,False,False,False,-0.0
011110d26cf50fdb06ca,grid,train,053b12007f785b198ca8,f5f70a2508d0f04cfcf7033f,6c679d9bd8e0ee10b62c7658,3/20,C1,1,2,60,15,True,True,False,False,discovery_grid_train,noising,f5f70a2508d0f04cfcf7033f,6c679d9bd8e0ee10b62c7658,answer_prefix,answer_prefix,20,cross_patch,e14110a622df7a1787e608b1,0.375,0.25,0.375,0.25,-0.125,-0.125,True,True,True,True,False,False,False,False,False,False,False,0.125
011110d26cf50fdb06ca,grid,train,053b12007f785b198ca8,f5f70a2508d0f04cfcf7033f,6c679d9bd8e0ee10b62c7658,3/20,C1,1,2,60,15,True,True,False,False,discovery_grid_train,noising,f5f70a2508d0f04cfcf7033f,6c679d9bd8e0ee10b62c7658,answer_prefix,answer_prefix,20,self_patch,8efeb6059fe9c867fc6c1741,0.375,0.375,0.375,0.375,0.0,0.0,True,True,True,True,False,False,False,False,False,False,False,-0.0
011110d26cf50fdb06ca,grid,train,053b12007f785b198ca8,f5f70a2508d0f04cfcf7033f,6c679d9bd8e0ee10b62c7658,3/20,C1,1,2,60,15,True,True,False,False,discovery_grid_train,noising,f5f70a2508d0f04cfcf7033f,6c679d9bd8e0ee10b62c7658,answer_prefix,answer_prefix,21,cross_patch,79c6c4de6b7d72b83245335c,0.375,0.25,0.375,0.25,-0.125,-0.125,True,True,True,True,False,False,False,False,False,False,False,0.125
011110d26cf50fdb06ca,grid,train,053b12007f785b198ca8,f5f70a2508d0f04cfcf7033f,6c679d9bd8e0ee10b62c7658,3/20,C1,1,2,60,15,True,True,False,False,discovery_grid_train,noising,f5f70a2508d0f04cfcf7033f,6c679d9bd8e0ee10b62c7658,answer_prefix,answer_prefix,21,self_patch,5e0f9d337717688f19e2983e,0.375,0.375,0.375,0.375,0.0,0.0,True,True,True,True,False,False,False,False,False,False,False,-0.0
011110d26cf50fdb06ca,grid,train,053b12007f785b198ca8,f5f70a2508d0f04cfcf7033f,6c679d9bd8e0ee10b62c7658,3/20,C1,1,2,60,15,True,True,False,False,discovery_grid_train,noising,f5f70a2508d0f04cfcf7033f,6c679d9bd8e0ee10b62c7658,answer_prefix,answer_prefix,22,cross_patch,02a3972388396838d69ba457,0.375,0.25,0.375,0.25,-0.125,-0.125,True,True,True,True,False,False,False,False,False,False,False,0.125
011110d26cf50fdb06ca,grid,train,053b12007f785b198ca8,f5f70a2508d0f04cfcf7033f,6c679d9bd8e0ee10b62c7658,3/20,C1,1,2,60,15,True,True,False,False,discovery_grid_train,noising,f5f70a2508d0f04cfcf7033f,6c679d9bd8e0ee10b62c7658,answer_prefix,answer_prefix,22,self_patch,682adefdfeaa5d5f967d75e6,0.375,0.375,0.375,0.375,0.0,0.0,True,True,True,True,False,False,False,False,False,False,False,-0.0
011110d26cf50fdb06ca,grid,train,053b12007f785b198ca8,f5f70a2508d0f04cfcf7033f,6c679d9bd8e0ee10b62c7658,3/20,C1,1,2,60,15,True,True,False,False,discovery_grid_train,noising,f5f70a2508d0f04cfcf7033f,6c679d9bd8e0ee10b62c7658,answer_prefix,answer_prefix,23,cross_patch,448578e22fd2bf0b18041f1b,0.375,0.25,0.375,0.25,-0.125,-0.125,True,True,True,True,False,False,False,False,False,False,False,0.125
011110d26cf50fdb06ca,grid,train,053b12007f785b198ca8,f5f70a2508d0f04cfcf7033f,6c679d9bd8e0ee10b62c7658,3/20,C1,1,2,60,15,True,True,False,False,discovery_grid_train,noising,f5f70a2508d0f04cfcf7033f,6c679d9bd8e0ee10b62c7658,answer_prefix,answer_prefix,23,self_patch,8ae5f0d19479d717e3ec0d7f,0.375,0.375,0.375,0.375,0.0,0.0,True,True,True,True,False,False,False,False,False,False,False,-0.0
011110d26cf50fdb06ca,grid,train,053b12007f785b198ca8,f5f70a2508d0f04cfcf7033f,6c679d9bd8e0ee10b62c7658,3/20,C1,1,2,60,15,True,True,False,False,discovery_grid_train,noising,f5f70a2508d0f04cfcf7033f,6c679d9bd8e0ee10b62c7658,answer_prefix,answer_prefix,24,cross_patch,570fe2d148b127f9d28125d7,0.375,0.25,0.375,0.25,-0.125,-0.125,True,True,True,True,False,False,False,False,False,False,False,0.125
011110d26cf50fdb06ca,grid,train,053b12007f785b198ca8,f5f70a2508d0f04cfcf7033f,6c679d9bd8e0ee10b62c7658,3/20,C1,1,2,60,15,True,True,False,False,discovery_grid_train,noising,f5f70a2508d0f04cfcf7033f,6c679d9bd8e0ee10b62c7658,answer_prefix,answer_prefix,24,self_patch,ccf05e3ffd5830a3846da78d,0.375,0.375,0.375,0.375,0.0,0.0,True,True,True,True,False,False,False,False,False,False,False,-0.0
011110d26cf50fdb06ca,grid,train,053b12007f785b198ca8,f5f70a2508d0f04cfcf7033f,6c679d9bd8e0ee10b62c7658,3/20,C1,1,2,60,15,True,True,False,False,discovery_grid_train,noising,f5f70a2508d0f04cfcf7033f,6c679d9bd8e0ee10b62c7658,answer_prefix,answer_prefix,25,cross_patch,606d88ba4f8519f3709854f9,0.375,0.125,0.375,0.125,-0.25,-0.25,True,True,True,True,False,False,False,False,False,False,False,0.25
011110d26cf50fdb06ca,grid,train,053b12007f785b198ca8,f5f70a2508d0f04cfcf7033f,6c679d9bd8e0ee10b62c7658,3/20,C1,1,2,60,15,True,True,False,False,discovery_grid_train,noising,f5f70a2508d0f04cfcf7033f,6c679d9bd8e0ee10b62c7658,answer_prefix,answer_prefix,25,self_patch,6f35709e82bcdc5792392b95,0.375,0.375,0.375,0.375,0.0,0.0,True,True,True,True,False,False,False,False,False,False,False,-0.0
011110d26cf50fdb06ca,grid,train,053b12007f785b198ca8,f5f70a2508d0f04cfcf7033f,6c679d9bd8e0ee10b62c7658,3/20,C1,1,2,60,15,True,True,False,False,discovery_grid_train,noising,f5f70a2508d0f04cfcf7033f,6c679d9bd8e0ee10b62c7658,answer_prefix,answer_prefix,26,cross_patch,0c9f1e7afcdfd172152c4d00,0.375,0.125,0.375,0.125,-0.25,-0.25,True,True,True,True,False,False,False,False,False,False,False,0.25
011110d26cf50fdb06ca,grid,train,053b12007f785b198ca8,f5f70a2508d0f04cfcf7033f,6c679d9bd8e0ee10b62c7658,3/20,C1,1,2,60,15,True,True,False,False,discovery_grid_train,noising,f5f70a2508d0f04cfcf7033f,6c679d9bd8e0ee10b62c7658,answer_prefix,answer_prefix,26,self_patch,44171072c5541a58ee2a24dd,0.375,0.375,0.375,0.375,0.0,0.0,True,True,True,True,False,False,False,False,False,False,False,-0.0
011110d26cf50fdb06ca,grid,train,053b12007f785b198ca8,f5f70a2508d0f04cfcf7033f,6c679d9bd8e0ee10b62c7658,3/20,C1,1,2,60,15,True,True,False,False,discovery_grid_train,noising,f5f70a2508d0f04cfcf7033f,6c679d9bd8e0ee10b62c7658,answer_prefix,answer_prefix,27,cross_patch,149e51e9966540d025f986e0,0.375,0.25,0.375,0.25,-0.125,-0.125,True,True,True,True,False,False,False,False,False,False,False,0.125
011110d26cf50fdb06ca,grid,train,053b12007f785b198ca8,f5f70a2508d0f04cfcf7033f,6c679d9bd8e0ee10b62c7658,3/20,C1,1,2,60,15,True,True,False,False,discovery_grid_train,noising,f5f70a2508d0f04cfcf7033f,6c679d9bd8e0ee10b62c7658,answer_prefix,answer_prefix,27,self_patch,7e773b2fb361bdece58e33ec,0.375,0.375,0.375,0.375,0.0,0.0,True,True,True,True,False,False,False,False,False,False,False,-0.0
011110d26cf50fdb06ca,grid,train,053b12007f785b198ca8,f5f70a2508d0f04cfcf7033f,6c679d9bd8e0ee10b62c7658,3/20,C1,1,2,60,15,True,True,False,False,discovery_grid_train,noising,f5f70a2508d0f04cfcf7033f,6c679d9bd8e0ee10b62c7658,answer_prefix,answer_prefix,28,cross_patch,c8d67eeb4f89fc78a085d93a,0.375,0.25,0.375,0.25,-0.125,-0.125,True,True,True,True,False,False,False,False,False,False,False,0.125
011110d26cf50fdb06ca,grid,train,053b12007f785b198ca8,f5f70a2508d0f04cfcf7033f,6c679d9bd8e0ee10b62c7658,3/20,C1,1,2,60,15,True,True,False,False,discovery_grid_train,noising,f5f70a2508d0f04cfcf7033f,6c679d9bd8e0ee10b62c7658,answer_prefix,answer_prefix,28,self_patch,4021593aa1c0e963e0755225,0.375,0.375,0.375,0.375,0.0,0.0,True,True,True,True,False,False,False,False,False,False,False,-0.0
011110d26cf50fdb06ca,grid,train,053b12007f785b198ca8,f5f70a2508d0f04cfcf7033f,6c679d9bd8e0ee10b62c7658,3/20,C1,1,2,60,15,True,True,False,False,discovery_grid_train,noising,f5f70a2508d0f04cfcf7033f,6c679d9bd8e0ee10b62c7658,answer_prefix,answer_prefix,29,cross_patch,3cd7b131ad03066951a527d3,0.375,0.25,0.375,0.25,-0.125,-0.125,True,True,True,True,False,False,False,False,False,False,False,0.125
011110d26cf50fdb06ca,grid,train,053b12007f785b198ca8,f5f70a2508d0f04cfcf7033f,6c679d9bd8e0ee10b62c7658,3/20,C1,1,2,60,15,True,True,False,False,discovery_grid_train,noising,f5f70a2508d0f04cfcf7033f,6c679d9bd8e0ee10b62c7658,answer_prefix,answer_prefix,29,self_patch,a96078d05dcb51c1d2ba43e8,0.375,0.375,0.375,0.375,0.0,0.0,True,True,True,True,False,False,False,False,False,False,False,-0.0
011110d26cf50fdb06ca,grid,train,053b12007f785b198ca8,f5f70a2508d0f04cfcf7033f,6c679d9bd8e0ee10b62c7658,3/20,C1,1,2,60,15,True,True,False,False,discovery_grid_train,noising,f5f70a2508d0f04cfcf7033f,6c679d9bd8e0ee10b62c7658,answer_prefix,answer_prefix,30,cross_patch,b778109e98ed2645cf79e554,0.375,-0.5,0.375,-0.5,-0.875,-0.875,True,False,True,False,False,True,False,True,True,False,True,0.875
011110d26cf50fdb06ca,grid,train,053b12007f785b198ca8,f5f70a2508d0f04cfcf7033f,6c679d9bd8e0ee10b62c7658,3/20,C1,1,2,60,15,True,True,False,False,discovery_grid_train,noising,f5f70a2508d0f04cfcf7033f,6c679d9bd8e0ee10b62c7658,answer_prefix,answer_prefix,30,self_patch,cfc50df1abcab5a4b12aa381,0.375,0.375,0.375,0.375,0.0,0.0,True,True,True,True,False,False,False,False,False,False,False,-0.0
011110d26cf50fdb06ca,grid,train,053b12007f785b198ca8,f5f70a2508d0f04cfcf7033f,6c679d9bd8e0ee10b62c7658,3/20,C1,1,2,60,15,True,True,False,False,discovery_grid_train,noising,f5f70a2508d0f04cfcf7033f,6c679d9bd8e0ee10b62c7658,answer_prefix,answer_prefix,31,cross_patch,7603e31e361990a8e6976d05,0.375,-0.5,0.375,-0.5,-0.875,-0.875,True,False,True,False,False,True,False,True,True,False,True,0.875
011110d26cf50fdb06ca,grid,train,053b12007f785b198ca8,f5f70a2508d0f04cfcf7033f,6c679d9bd8e0ee10b62c7658,3/20,C1,1,2,60,15,True,True,False,False,discovery_grid_train,noising,f5f70a2508d0f04cfcf7033f,6c679d9bd8e0ee10b62c7658,answer_prefix,answer_prefix,31,self_patch,ebf0a921172023b5e316013c,0.375,0.375,0.375,0.375,0.0,0.0,True,True,True,True,False,False,False,False,False,False,False,-0.0
00cf99d4bb0825f4345e,grid,train,2de1fb11e4a5c310cbf6,4b596f897d0d46403f39ac54,964b08f3a4c0501f564a4917,3/20,C2,2,1,36,60,True,True,False,False,discovery_grid_train,denoising,964b08f3a4c0501f564a4917,4b596f897d0d46403f39ac54,final_prompt,final_prompt,0,cross_patch,0786edf984e220d49017e3c3,1.125,1.125,-1.125,-1.125,-0.0,0.0,False,False,False,False,False,False,False,False,False,False,False,-0.0
00cf99d4bb0825f4345e,grid,train,2de1fb11e4a5c310cbf6,4b596f897d0d46403f39ac54,964b08f3a4c0501f564a4917,3/20,C2,2,1,36,60,True,True,False,False,discovery_grid_train,denoising,964b08f3a4c0501f564a4917,4b596f897d0d46403f39ac54,final_prompt,final_prompt,0,self_patch,46c3a3e5f1805958765520e8,1.125,1.125,-1.125,-1.125,-0.0,0.0,False,False,False,False,False,False,False,False,False,False,False,-0.0
00cf99d4bb0825f4345e,grid,train,2de1fb11e4a5c310cbf6,4b596f897d0d46403f39ac54,964b08f3a4c0501f564a4917,3/20,C2,2,1,36,60,True,True,False,False,discovery_grid_train,denoising,964b08f3a4c0501f564a4917,4b596f897d0d46403f39ac54,final_prompt,final_prompt,1,cross_patch,866c4f8f07c4d825623b912c,1.125,1.125,-1.125,-1.125,-0.0,0.0,False,False,False,False,False,False,False,False,False,False,False,-0.0
00cf99d4bb0825f4345e,grid,train,2de1fb11e4a5c310cbf6,4b596f897d0d46403f39ac54,964b08f3a4c0501f564a4917,3/20,C2,2,1,36,60,True,True,False,False,discovery_grid_train,denoising,964b08f3a4c0501f564a4917,4b596f897d0d46403f39ac54,final_prompt,final_prompt,1,self_patch,8aee1019082a6bdff6c38b29,1.125,1.125,-1.125,-1.125,-0.0,0.0,False,False,False,False,False,False,False,False,False,False,False,-0.0
00cf99d4bb0825f4345e,grid,train,2de1fb11e4a5c310cbf6,4b596f897d0d46403f39ac54,964b08f3a4c0501f564a4917,3/20,C2,2,1,36,60,True,True,False,False,discovery_grid_train,denoising,964b08f3a4c0501f564a4917,4b596f897d0d46403f39ac54,final_prompt,final_prompt,2,cross_patch,956b7239852f6b0facd010c9,1.125,1.125,-1.125,-1.125,-0.0,0.0,False,False,False,False,False,False,False,False,False,False,False,-0.0
00cf99d4bb0825f4345e,grid,train,2de1fb11e4a5c310cbf6,4b596f897d0d46403f39ac54,964b08f3a4c0501f564a4917,3/20,C2,2,1,36,60,True,True,False,False,discovery_grid_train,denoising,964b08f3a4c0501f564a4917,4b596f897d0d46403f39ac54,final_prompt,final_prompt,2,self_patch,9d11592d9c01fa082852c553,1.125,1.125,-1.125,-1.125,-0.0,0.0,False,False,False,False,False,False,False,False,False,False,False,-0.0
00cf99d4bb0825f4345e,grid,train,2de1fb11e4a5c310cbf6,4b596f897d0d46403f39ac54,964b08f3a4c0501f564a4917,3/20,C2,2,1,36,60,True,True,False,False,discovery_grid_train,denoising,964b08f3a4c0501f564a4917,4b596f897d0d46403f39ac54,final_prompt,final_prompt,3,cross_patch,0375fa08fe833ee4c50659f1,1.125,1.125,-1.125,-1.125,-0.0,0.0,False,False,False,False,False,False,False,False,False,False,False,-0.0
00cf99d4bb0825f4345e,grid,train,2de1fb11e4a5c310cbf6,4b596f897d0d46403f39ac54,964b08f3a4c0501f564a4917,3/20,C2,2,1,36,60,True,True,False,False,discovery_grid_train,denoising,964b08f3a4c0501f564a4917,4b596f897d0d46403f39ac54,final_prompt,final_prompt,3,self_patch,e459eb810955abcd46107940,1.125,1.125,-1.125,-1.125,-0.0,0.0,False,False,False,False,False,False,False,False,False,False,False,-0.0
00cf99d4bb0825f4345e,grid,train,2de1fb11e4a5c310cbf6,4b596f897d0d46403f39ac54,964b08f3a4c0501f564a4917,3/20,C2,2,1,36,60,True,True,False,False,discovery_grid_train,denoising,964b08f3a4c0501f564a4917,4b596f897d0d46403f39ac54,final_prompt,final_prompt,4,cross_patch,fd66aacc25255165a6eec0ec,1.125,1.0,-1.125,-1.0,0.125,-0.125,False,False,False,False,False,False,False,False,False,False,False,0.125
00cf99d4bb0825f4345e,grid,train,2de1fb11e4a5c310cbf6,4b596f897d0d46403f39ac54,964b08f3a4c0501f564a4917,3/20,C2,2,1,36,60,True,True,False,False,discovery_grid_train,denoising,964b08f3a4c0501f564a4917,4b596f897d0d46403f39ac54,final_prompt,final_prompt,4,self_patch,2db65b58abcb4b7b1124ffd8,1.125,1.125,-1.125,-1.125,-0.0,0.0,False,False,False,False,False,False,False,False,False,False,False,-0.0
00cf99d4bb0825f4345e,grid,train,2de1fb11e4a5c310cbf6,4b596f897d0d46403f39ac54,964b08f3a4c0501f564a4917,3/20,C2,2,1,36,60,True,True,False,False,discovery_grid_train,denoising,964b08f3a4c0501f564a4917,4b596f897d0d46403f39ac54,final_prompt,final_prompt,5,cross_patch,38d708ae6a62df8093302715,1.125,1.125,-1.125,-1.125,-0.0,0.0,False,False,False,False,False,False,False,False,False,False,False,-0.0
00cf99d4bb0825f4345e,grid,train,2de1fb11e4a5c310cbf6,4b596f897d0d46403f39ac54,964b08f3a4c0501f564a4917,3/20,C2,2,1,36,60,True,True,False,False,discovery_grid_train,denoising,964b08f3a4c0501f564a4917,4b596f897d0d46403f39ac54,final_prompt,final_prompt,5,self_patch,20524189bb7dd4fbe9093fda,1.125,1.125,-1.125,-1.125,-0.0,0.0,False,False,False,False,False,False,False,False,False,False,False,-0.0
00cf99d4bb0825f4345e,grid,train,2de1fb11e4a5c310cbf6,4b596f897d0d46403f39ac54,964b08f3a4c0501f564a4917,3/20,C2,2,1,36,60,True,True,False,False,discovery_grid_train,denoising,964b08f3a4c0501f564a4917,4b596f897d0d46403f39ac54,final_prompt,final_prompt,6,cross_patch,5e82be66f6386c0d4d55253f,1.125,1.125,-1.125,-1.125,-0.0,0.0,False,False,False,False,False,False,False,False,False,False,False,-0.0
00cf99d4bb0825f4345e,grid,train,2de1fb11e4a5c310cbf6,4b596f897d0d46403f39ac54,964b08f3a4c0501f564a4917,3/20,C2,2,1,36,60,True,True,False,False,discovery_grid_train,denoising,964b08f3a4c0501f564a4917,4b596f897d0d46403f39ac54,final_prompt,final_prompt,6,self_patch,acfcfd97c6d693ee5d145840,1.125,1.125,-1.125,-1.125,-0.0,0.0,False,False,False,False,False,False,False,False,False,False,False,-0.0
00cf99d4bb0825f4345e,grid,train,2de1fb11e4a5c310cbf6,4b596f897d0d46403f39ac54,964b08f3a4c0501f564a4917,3/20,C2,2,1,36,60,True,True,False,False,discovery_grid_train,denoising,964b08f3a4c0501f564a4917,4b596f897d0d46403f39ac54,final_prompt,final_prompt,7,cross_patch,f9ebb809a403d995af27b4f5,1.125,1.125,-1.125,-1.125,-0.0,0.0,False,False,False,False,False,False,False,False,False,False,False,-0.0
00cf99d4bb0825f4345e,grid,train,2de1fb11e4a5c310cbf6,4b596f897d0d46403f39ac54,964b08f3a4c0501f564a4917,3/20,C2,2,1,36,60,True,True,False,False,discovery_grid_train,denoising,964b08f3a4c0501f564a4917,4b596f897d0d46403f39ac54,final_prompt,final_prompt,7,self_patch,c4a1bbada3b242c6855c739d,1.125,1.125,-1.125,-1.125,-0.0,0.0,False,False,False,False,False,False,False,False,False,False,False,-0.0
00cf99d4bb0825f4345e,grid,train,2de1fb11e4a5c310cbf6,4b596f897d0d46403f39ac54,964b08f3a4c0501f564a4917,3/20,C2,2,1,36,60,True,True,False,False,discovery_grid_train,denoising,964b08f3a4c0501f564a4917,4b596f897d0d46403f39ac54,final_prompt,final_prompt,8,cross_patch,a6711b2bb35616d81c52bb3e,1.125,1.125,-1.125,-1.125,-0.0,0.0,False,False,False,False,False,False,False,False,False,False,False,-0.0
00cf99d4bb0825f4345e,grid,train,2de1fb11e4a5c310cbf6,4b596f897d0d46403f39ac54,964b08f3a4c0501f564a4917,3/20,C2,2,1,36,60,True,True,False,False,discovery_grid_train,denoising,964b08f3a4c0501f564a4917,4b596f897d0d46403f39ac54,final_prompt,final_prompt,8,self_patch,5fde7b5295e505d48f735c03,1.125,1.125,-1.125,-1.125,-0.0,0.0,False,False,False,False,False,False,False,False,False,False,False,-0.0
00cf99d4bb0825f4345e,grid,train,2de1fb11e4a5c310cbf6,4b596f897d0d46403f39ac54,964b08f3a4c0501f564a4917,3/20,C2,2,1,36,60,True,True,False,False,discovery_grid_train,denoising,964b08f3a4c0501f564a4917,4b596f897d0d46403f39ac54,final_prompt,final_prompt,9,cross_patch,a6c1ab4f012f9e1f94090c73,1.125,1.0,-1.125,-1.0,0.125,-0.125,False,False,False,False,False,False,False,False,False,False,False,0.125
00cf99d4bb0825f4345e,grid,train,2de1fb11e4a5c310cbf6,4b596f897d0d46403f39ac54,964b08f3a4c0501f564a4917,3/20,C2,2,1,36,60,True,True,False,False,discovery_grid_train,denoising,964b08f3a4c0501f564a4917,4b596f897d0d46403f39ac54,final_prompt,final_prompt,9,self_patch,2cf06b46911a9d046e996999,1.125,1.125,-1.125,-1.125,-0.0,0.0,False,False,False,False,False,False,False,False,False,False,False,-0.0
00cf99d4bb0825f4345e,grid,train,2de1fb11e4a5c310cbf6,4b596f897d0d46403f39ac54,964b08f3a4c0501f564a4917,3/20,C2,2,1,36,60,True,True,False,False,discovery_grid_train,denoising,964b08f3a4c0501f564a4917,4b596f897d0d46403f39ac54,final_prompt,final_prompt,10,cross_patch,fca45bcd658ee705be04f7bc,1.125,1.125,-1.125,-1.125,-0.0,0.0,False,False,False,False,False,False,False,False,False,False,False,-0.0
00cf99d4bb0825f4345e,grid,train,2de1fb11e4a5c310cbf6,4b596f897d0d46403f39ac54,964b08f3a4c0501f564a4917,3/20,C2,2,1,36,60,True,True,False,False,discovery_grid_train,denoising,964b08f3a4c0501f564a4917,4b596f897d0d46403f39ac54,final_prompt,final_prompt,10,self_patch,8bc12c094784560b9c4c74aa,1.125,1.125,-1.125,-1.125,-0.0,0.0,False,False,False,False,False,False,False,False,False,False,False,-0.0
00cf99d4bb0825f4345e,grid,train,2de1fb11e4a5c310cbf6,4b596f897d0d46403f39ac54,964b08f3a4c0501f564a4917,3/20,C2,2,1,36,60,True,True,False,False,discovery_grid_train,denoising,964b08f3a4c0501f564a4917,4b596f897d0d46403f39ac54,final_prompt,final_prompt,11,cross_patch,7db06254e1a1e19c0e46ec41,1.125,1.125,-1.125,-1.125,-0.0,0.0,False,False,False,False,False,False,False,False,False,False,False,-0.0
00cf99d4bb0825f4345e,grid,train,2de1fb11e4a5c310cbf6,4b596f897d0d46403f39ac54,964b08f3a4c0501f564a4917,3/20,C2,2,1,36,60,True,True,False,False,discovery_grid_train,denoising,964b08f3a4c0501f564a4917,4b596f897d0d46403f39ac54,final_prompt,final_prompt,11,self_patch,68cb7cb2e3162f8631da9a03,1.125,1.125,-1.125,-1.125,-0.0,0.0,False,False,False,False,False,False,False,False,False,False,False,-0.0
00cf99d4bb0825f4345e,grid,train,2de1fb11e4a5c310cbf6,4b596f897d0d46403f39ac54,964b08f3a4c0501f564a4917,3/20,C2,2,1,36,60,True,True,False,False,discovery_grid_train,denoising,964b08f3a4c0501f564a4917,4b596f897d0d46403f39ac54,final_prompt,final_prompt,12,cross_patch,a8818fca19ac936f2fadc137,1.125,1.125,-1.125,-1.125,-0.0,0.0,False,False,False,False,False,False,False,False,False,False,False,-0.0
00cf99d4bb0825f4345e,grid,train,2de1fb11e4a5c310cbf6,4b596f897d0d46403f39ac54,964b08f3a4c0501f564a4917,3/20,C2,2,1,36,60,True,True,False,False,discovery_grid_train,denoising,964b08f3a4c0501f564a4917,4b596f897d0d46403f39ac54,final_prompt,final_prompt,12,self_patch,440d5f6655073a2e33f95d0c,1.125,1.125,-1.125,-1.125,-0.0,0.0,False,False,False,False,False,False,False,False,False,False,False,-0.0
00cf99d4bb0825f4345e,grid,train,2de1fb11e4a5c310cbf6,4b596f897d0d46403f39ac54,964b08f3a4c0501f564a4917,3/20,C2,2,1,36,60,True,True,False,False,discovery_grid_train,denoising,964b08f3a4c0501f564a4917,4b596f897d0d46403f39ac54,final_prompt,final_prompt,13,cross_patch,1c36ac05c7ecec5a608ea126,1.125,1.0,-1.125,-1.0,0.125,-0.125,False,False,False,False,False,False,False,False,False,False,False,0.125
00cf99d4bb0825f4345e,grid,train,2de1fb11e4a5c310cbf6,4b596f897d0d46403f39ac54,964b08f3a4c0501f564a4917,3/20,C2,2,1,36,60,True,True,False,False,discovery_grid_train,denoising,964b08f3a4c0501f564a4917,4b596f897d0d46403f39ac54,final_prompt,final_prompt,13,self_patch,a8b39ee5553e2764293e3133,1.125,1.125,-1.125,-1.125,-0.0,0.0,False,False,False,False,False,False,False,False,False,False,False,-0.0
00cf99d4bb0825f4345e,grid,train,2de1fb11e4a5c310cbf6,4b596f897d0d46403f39ac54,964b08f3a4c0501f564a4917,3/20,C2,2,1,36,60,True,True,False,False,discovery_grid_train,denoising,964b08f3a4c0501f564a4917,4b596f897d0d46403f39ac54,final_prompt,final_prompt,14,cross_patch,498ed0130e8425dc70048e2c,1.125,1.0,-1.125,-1.0,0.125,-0.125,False,False,False,False,False,False,False,False,False,False,False,0.125
00cf99d4bb0825f4345e,grid,train,2de1fb11e4a5c310cbf6,4b596f897d0d46403f39ac54,964b08f3a4c0501f564a4917,3/20,C2,2,1,36,60,True,True,False,False,discovery_grid_train,denoising,964b08f3a4c0501f564a4917,4b596f897d0d46403f39ac54,final_prompt,final_prompt,14,self_patch,d2994322ccb90eba0a6d2828,1.125,1.125,-1.125,-1.125,-0.0,0.0,False,False,False,False,False,False,False,False,False,False,False,-0.0
00cf99d4bb0825f4345e,grid,train,2de1fb11e4a5c310cbf6,4b596f897d0d46403f39ac54,964b08f3a4c0501f564a4917,3/20,C2,2,1,36,60,True,True,False,False,discovery_grid_train,denoising,964b08f3a4c0501f564a4917,4b596f897d0d46403f39ac54,final_prompt,final_prompt,15,cross_patch,387ebef3702a10aeb0c6ad18,1.125,1.125,-1.125,-1.125,-0.0,0.0,False,False,False,False,False,False,False,False,False,False,False,-0.0
00cf99d4bb0825f4345e,grid,train,2de1fb11e4a5c310cbf6,4b596f897d0d46403f39ac54,964b08f3a4c0501f564a4917,3/20,C2,2,1,36,60,True,True,False,False,discovery_grid_train,denoising,964b08f3a4c0501f564a4917,4b596f897d0d46403f39ac54,final_prompt,final_prompt,15,self_patch,8656108811436ac7149b120f,1.125,1.125,-1.125,-1.125,-0.0,0.0,False,False,False,False,False,False,False,False,False,False,False,-0.0
00cf99d4bb0825f4345e,grid,train,2de1fb11e4a5c310cbf6,4b596f897d0d46403f39ac54,964b08f3a4c0501f564a4917,3/20,C2,2,1,36,60,True,True,False,False,discovery_grid_train,denoising,964b08f3a4c0501f564a4917,4b596f897d0d46403f39ac54,final_prompt,final_prompt,16,cross_patch,a5d2ed68798462f58b193eaa,1.125,1.125,-1.125,-1.125,-0.0,0.0,False,False,False,False,False,False,False,False,False,False,False,-0.0
00cf99d4bb0825f4345e,grid,train,2de1fb11e4a5c310cbf6,4b596f897d0d46403f39ac54,964b08f3a4c0501f564a4917,3/20,C2,2,1,36,60,True,True,False,False,discovery_grid_train,denoising,964b08f3a4c0501f564a4917,4b596f897d0d46403f39ac54,final_prompt,final_prompt,16,self_patch,84623068b553ce5cad0341f8,1.125,1.125,-1.125,-1.125,-0.0,0.0,False,False,False,False,False,False,False,False,False,False,False,-0.0
00cf99d4bb0825f4345e,grid,train,2de1fb11e4a5c310cbf6,4b596f897d0d46403f39ac54,964b08f3a4c0501f564a4917,3/20,C2,2,1,36,60,True,True,False,False,discovery_grid_train,denoising,964b08f3a4c0501f564a4917,4b596f897d0d46403f39ac54,final_prompt,final_prompt,17,cross_patch,14cf093564e8b312a6cdae2e,1.125,1.125,-1.125,-1.125,-0.0,0.0,False,False,False,False,False,False,False,False,False,False,False,-0.0
00cf99d4bb0825f4345e,grid,train,2de1fb11e4a5c310cbf6,4b596f897d0d46403f39ac54,964b08f3a4c0501f564a4917,3/20,C2,2,1,36,60,True,True,False,False,discovery_grid_train,denoising,964b08f3a4c0501f564a4917,4b596f897d0d46403f39ac54,final_prompt,final_prompt,17,self_patch,6ea2e6bbb1c09daa1574d8f9,1.125,1.125,-1.125,-1.125,-0.0,0.0,False,False,False,False,False,False,False,False,False,False,False,-0.0
00cf99d4bb0825f4345e,grid,train,2de1fb11e4a5c310cbf6,4b596f897d0d46403f39ac54,964b08f3a4c0501f564a4917,3/20,C2,2,1,36,60,True,True,False,False,discovery_grid_train,denoising,964b08f3a4c0501f564a4917,4b596f897d0d46403f39ac54,final_prompt,final_prompt,18,cross_patch,9ee49c4d80f6ff4dada44abd,1.125,1.0,-1.125,-1.0,0.125,-0.125,False,False,False,False,False,False,False,False,False,False,False,0.125
00cf99d4bb0825f4345e,grid,train,2de1fb11e4a5c310cbf6,4b596f897d0d46403f39ac54,964b08f3a4c0501f564a4917,3/20,C2,2,1,36,60,True,True,False,False,discovery_grid_train,denoising,964b08f3a4c0501f564a4917,4b596f897d0d46403f39ac54,final_prompt,final_prompt,18,self_patch,d6e26a9d2871148eb9d88c1e,1.125,1.125,-1.125,-1.125,-0.0,0.0,False,False,False,False,False,False,False,False,False,False,False,-0.0
00cf99d4bb0825f4345e,grid,train,2de1fb11e4a5c310cbf6,4b596f897d0d46403f39ac54,964b08f3a4c0501f564a4917,3/20,C2,2,1,36,60,True,True,False,False,discovery_grid_train,denoising,964b08f3a4c0501f564a4917,4b596f897d0d46403f39ac54,final_prompt,final_prompt,19,cross_patch,78b9f28931a9fddb9633c986,1.125,1.125,-1.125,-1.125,-0.0,0.0,False,False,False,False,False,False,False,False,False,False,False,-0.0
00cf99d4bb0825f4345e,grid,train,2de1fb11e4a5c310cbf6,4b596f897d0d46403f39ac54,964b08f3a4c0501f564a4917,3/20,C2,2,1,36,60,True,True,False,False,discovery_grid_train,denoising,964b08f3a4c0501f564a4917,4b596f897d0d46403f39ac54,final_prompt,final_prompt,19,self_patch,9fa43baf0b9c957ce0d14dac,1.125,1.125,-1.125,-1.125,-0.0,0.0,False,False,False,False,False,False,False,False,False,False,False,-0.0
00cf99d4bb0825f4345e,grid,train,2de1fb11e4a5c310cbf6,4b596f897d0d46403f39ac54,964b08f3a4c0501f564a4917,3/20,C2,2,1,36,60,True,True,False,False,discovery_grid_train,denoising,964b08f3a4c0501f564a4917,4b596f897d0d46403f39ac54,final_prompt,final_prompt,20,cross_patch,afc3599d66acd8f4a3804411,1.125,1.125,-1.125,-1.125,-0.0,0.0,False,False,False,False,False,False,False,False,False,False,False,-0.0
00cf99d4bb0825f4345e,grid,train,2de1fb11e4a5c310cbf6,4b596f897d0d46403f39ac54,964b08f3a4c0501f564a4917,3/20,C2,2,1,36,60,True,True,False,False,discovery_grid_train,denoising,964b08f3a4c0501f564a4917,4b596f897d0d46403f39ac54,final_prompt,final_prompt,20,self_patch,843e988ef892890e3b18c8b4,1.125,1.125,-1.125,-1.125,-0.0,0.0,False,False,False,False,False,False,False,False,False,False,False,-0.0
00cf99d4bb0825f4345e,grid,train,2de1fb11e4a5c310cbf6,4b596f897d0d46403f39ac54,964b08f3a4c0501f564a4917,3/20,C2,2,1,36,60,True,True,False,False,discovery_grid_train,denoising,964b08f3a4c0501f564a4917,4b596f897d0d46403f39ac54,final_prompt,final_prompt,21,cross_patch,23449c43557f9c472421f380,1.125,1.125,-1.125,-1.125,-0.0,0.0,False,False,False,False,False,False,False,False,False,False,False,-0.0
00cf99d4bb0825f4345e,grid,train,2de1fb11e4a5c310cbf6,4b596f897d0d46403f39ac54,964b08f3a4c0501f564a4917,3/20,C2,2,1,36,60,True,True,False,False,discovery_grid_train,denoising,964b08f3a4c0501f564a4917,4b596f897d0d46403f39ac54,final_prompt,final_prompt,21,self_patch,7b0c23d3a79841be862ddab2,1.125,1.125,-1.125,-1.125,-0.0,0.0,False,False,False,False,False,False,False,False,False,False,False,-0.0
00cf99d4bb0825f4345e,grid,train,2de1fb11e4a5c310cbf6,4b596f897d0d46403f39ac54,964b08f3a4c0501f564a4917,3/20,C2,2,1,36,60,True,True,False,False,discovery_grid_train,denoising,964b08f3a4c0501f564a4917,4b596f897d0d46403f39ac54,final_prompt,final_prompt,22,cross_patch,fcf517490708dbd8d0250516,1.125,1.125,-1.125,-1.125,-0.0,0.0,False,False,False,False,False,False,False,False,False,False,False,-0.0
00cf99d4bb0825f4345e,grid,train,2de1fb11e4a5c310cbf6,4b596f897d0d46403f39ac54,964b08f3a4c0501f564a4917,3/20,C2,2,1,36,60,True,True,False,False,discovery_grid_train,denoising,964b08f3a4c0501f564a4917,4b596f897d0d46403f39ac54,final_prompt,final_prompt,22,self_patch,241ea48d08137aca0826a8f0,1.125,1.125,-1.125,-1.125,-0.0,0.0,False,False,False,False,False,False,False,False,False,False,False,-0.0
00cf99d4bb0825f4345e,grid,train,2de1fb11e4a5c310cbf6,4b596f897d0d46403f39ac54,964b08f3a4c0501f564a4917,3/20,C2,2,1,36,60,True,True,False,False,discovery_grid_train,denoising,964b08f3a4c0501f564a4917,4b596f897d0d46403f39ac54,final_prompt,final_prompt,23,cross_patch,015b3c8b8a653fdf8ca712a8,1.125,1.125,-1.125,-1.125,-0.0,0.0,False,False,False,False,False,False,False,False,False,False,False,-0.0
00cf99d4bb0825f4345e,grid,train,2de1fb11e4a5c310cbf6,4b596f897d0d46403f39ac54,964b08f3a4c0501f564a4917,3/20,C2,2,1,36,60,True,True,False,False,discovery_grid_train,denoising,964b08f3a4c0501f564a4917,4b596f897d0d46403f39ac54,final_prompt,final_prompt,23,self_patch,090321f915b9338fda95e452,1.125,1.125,-1.125,-1.125,-0.0,0.0,False,False,False,False,False,False,False,False,False,False,False,-0.0
00cf99d4bb0825f4345e,grid,train,2de1fb11e4a5c310cbf6,4b596f897d0d46403f39ac54,964b08f3a4c0501f564a4917,3/20,C2,2,1,36,60,True,True,False,False,discovery_grid_train,denoising,964b08f3a4c0501f564a4917,4b596f897d0d46403f39ac54,final_prompt,final_prompt,24,cross_patch,65540bdd4dbf84e383f88cc6,1.125,1.125,-1.125,-1.125,-0.0,0.0,False,False,False,False,False,False,False,False,False,False,False,-0.0
00cf99d4bb0825f4345e,grid,train,2de1fb11e4a5c310cbf6,4b596f897d0d46403f39ac54,964b08f3a4c0501f564a4917,3/20,C2,2,1,36,60,True,True,False,False,discovery_grid_train,denoising,964b08f3a4c0501f564a4917,4b596f897d0d46403f39ac54,final_prompt,final_prompt,24,self_patch,d18d5f91aab52172792e79db,1.125,1.125,-1.125,-1.125,-0.0,0.0,False,False,False,False,False,False,False,False,False,False,False,-0.0
00cf99d4bb0825f4345e,grid,train,2de1fb11e4a5c310cbf6,4b596f897d0d46403f39ac54,964b08f3a4c0501f564a4917,3/20,C2,2,1,36,60,True,True,False,False,discovery_grid_train,denoising,964b08f3a4c0501f564a4917,4b596f897d0d46403f39ac54,final_prompt,final_prompt,25,cross_patch,063a81358b0acd3da43bc781,1.125,1.125,-1.125,-1.125,-0.0,0.0,False,False,False,False,False,False,False,False,False,False,False,-0.0
00cf99d4bb0825f4345e,grid,train,2de1fb11e4a5c310cbf6,4b596f897d0d46403f39ac54,964b08f3a4c0501f564a4917,3/20,C2,2,1,36,60,True,True,False,False,discovery_grid_train,denoising,964b08f3a4c0501f564a4917,4b596f897d0d46403f39ac54,final_prompt,final_prompt,25,self_patch,584b56f0bc23fa3c75c31b7e,1.125,1.125,-1.125,-1.125,-0.0,0.0,False,False,False,False,False,False,False,False,False,False,False,-0.0
00cf99d4bb0825f4345e,grid,train,2de1fb11e4a5c310cbf6,4b596f897d0d46403f39ac54,964b08f3a4c0501f564a4917,3/20,C2,2,1,36,60,True,True,False,False,discovery_grid_train,denoising,964b08f3a4c0501f564a4917,4b596f897d0d46403f39ac54,final_prompt,final_prompt,26,cross_patch,9a5e61698f09c2267a06fa22,1.125,1.125,-1.125,-1.125,-0.0,0.0,False,False,False,False,False,False,False,False,False,False,False,-0.0
00cf99d4bb0825f4345e,grid,train,2de1fb11e4a5c310cbf6,4b596f897d0d46403f39ac54,964b08f3a4c0501f564a4917,3/20,C2,2,1,36,60,True,True,False,False,discovery_grid_train,denoising,964b08f3a4c0501f564a4917,4b596f897d0d46403f39ac54,final_prompt,final_prompt,26,self_patch,f9918dab4f34b42c28290695,1.125,1.125,-1.125,-1.125,-0.0,0.0,False,False,False,False,False,False,False,False,False,False,False,-0.0
00cf99d4bb0825f4345e,grid,train,2de1fb11e4a5c310cbf6,4b596f897d0d46403f39ac54,964b08f3a4c0501f564a4917,3/20,C2,2,1,36,60,True,True,False,False,discovery_grid_train,denoising,964b08f3a4c0501f564a4917,4b596f897d0d46403f39ac54,final_prompt,final_prompt,27,cross_patch,81fb14e71916c62eff89545a,1.125,1.125,-1.125,-1.125,-0.0,0.0,False,False,False,False,False,False,False,False,False,False,False,-0.0
00cf99d4bb0825f4345e,grid,train,2de1fb11e4a5c310cbf6,4b596f897d0d46403f39ac54,964b08f3a4c0501f564a4917,3/20,C2,2,1,36,60,True,True,False,False,discovery_grid_train,denoising,964b08f3a4c0501f564a4917,4b596f897d0d46403f39ac54,final_prompt,final_prompt,27,self_patch,a1b5d8c021da2d351b9c1603,1.125,1.125,-1.125,-1.125,-0.0,0.0,False,False,False,False,False,False,False,False,False,False,False,-0.0
00cf99d4bb0825f4345e,grid,train,2de1fb11e4a5c310cbf6,4b596f897d0d46403f39ac54,964b08f3a4c0501f564a4917,3/20,C2,2,1,36,60,True,True,False,False,discovery_grid_train,denoising,964b08f3a4c0501f564a4917,4b596f897d0d46403f39ac54,final_prompt,final_prompt,28,cross_patch,51465252f6830fc3eb7a63b3,1.125,1.0,-1.125,-1.0,0.125,-0.125,False,False,False,False,False,False,False,False,False,False,False,0.125
00cf99d4bb0825f4345e,grid,train,2de1fb11e4a5c310cbf6,4b596f897d0d46403f39ac54,964b08f3a4c0501f564a4917,3/20,C2,2,1,36,60,True,True,False,False,discovery_grid_train,denoising,964b08f3a4c0501f564a4917,4b596f897d0d46403f39ac54,final_prompt,final_prompt,28,self_patch,6784ab9e3d44c638b6485d38,1.125,1.125,-1.125,-1.125,-0.0,0.0,False,False,False,False,False,False,False,False,False,False,False,-0.0
00cf99d4bb0825f4345e,grid,train,2de1fb11e4a5c310cbf6,4b596f897d0d46403f39ac54,964b08f3a4c0501f564a4917,3/20,C2,2,1,36,60,True,True,False,False,discovery_grid_train,denoising,964b08f3a4c0501f564a4917,4b596f897d0d46403f39ac54,final_prompt,final_prompt,29,cross_patch,72556966e18a79ceafde5a4a,1.125,1.125,-1.125,-1.125,-0.0,0.0,False,False,False,False,False,False,False,False,False,False,False,-0.0
00cf99d4bb0825f4345e,grid,train,2de1fb11e4a5c310cbf6,4b596f897d0d46403f39ac54,964b08f3a4c0501f564a4917,3/20,C2,2,1,36,60,True,True,False,False,discovery_grid_train,denoising,964b08f3a4c0501f564a4917,4b596f897d0d46403f39ac54,final_prompt,final_prompt,29,self_patch,8a0d33bbb4f27a3ad9c020c3,1.125,1.125,-1.125,-1.125,-0.0,0.0,False,False,False,False,False,False,False,False,False,False,False,-0.0
00cf99d4bb0825f4345e,grid,train,2de1fb11e4a5c310cbf6,4b596f897d0d46403f39ac54,964b08f3a4c0501f564a4917,3/20,C2,2,1,36,60,True,True,False,False,discovery_grid_train,denoising,964b08f3a4c0501f564a4917,4b596f897d0d46403f39ac54,final_prompt,final_prompt,30,cross_patch,8fd2207786bf4a566d970ff7,1.125,1.125,-1.125,-1.125,-0.0,0.0,False,False,False,False,False,False,False,False,False,False,False,-0.0
00cf99d4bb0825f4345e,grid,train,2de1fb11e4a5c310cbf6,4b596f897d0d46403f39ac54,964b08f3a4c0501f564a4917,3/20,C2,2,1,36,60,True,True,False,False,discovery_grid_train,denoising,964b08f3a4c0501f564a4917,4b596f897d0d46403f39ac54,final_prompt,final_prompt,30,self_patch,0d1aae995128d8a965218f3a,1.125,1.125,-1.125,-1.125,-0.0,0.0,False,False,False,False,False,False,False,False,False,False,False,-0.0
00cf99d4bb0825f4345e,grid,train,2de1fb11e4a5c310cbf6,4b596f897d0d46403f39ac54,964b08f3a4c0501f564a4917,3/20,C2,2,1,36,60,True,True,False,False,discovery_grid_train,denoising,964b08f3a4c0501f564a4917,4b596f897d0d46403f39ac54,final_prompt,final_prompt,31,cross_patch,7f51db0735a0b83f13263ec3,1.125,1.125,-1.125,-1.125,-0.0,0.0,False,False,False,False,False,False,False,False,False,False,False,-0.0
00cf99d4bb0825f4345e,grid,train,2de1fb11e4a5c310cbf6,4b596f897d0d46403f39ac54,964b08f3a4c0501f564a4917,3/20,C2,2,1,36,60,True,True,False,False,discovery_grid_train,denoising,964b08f3a4c0501f564a4917,4b596f897d0d46403f39ac54,final_prompt,final_prompt,31,self_patch,b0fd3ccd81119dc5b34f2aa9,1.125,1.125,-1.125,-1.125,-0.0,0.0,False,False,False,False,False,False,False,False,False,False,False,-0.0
00cf99d4bb0825f4345e,grid,train,2de1fb11e4a5c310cbf6,4b596f897d0d46403f39ac54,964b08f3a4c0501f564a4917,3/20,C2,2,1,36,60,True,True,False,False,discovery_grid_train,denoising,964b08f3a4c0501f564a4917,4b596f897d0d46403f39ac54,answer_prefix,answer_prefix,0,cross_patch,dbc50ffd04c532b5a4952c5a,1.125,1.125,-1.125,-1.125,-0.0,0.0,False,False,False,False,False,False,False,False,False,False,False,-0.0
00cf99d4bb0825f4345e,grid,train,2de1fb11e4a5c310cbf6,4b596f897d0d46403f39ac54,964b08f3a4c0501f564a4917,3/20,C2,2,1,36,60,True,True,False,False,discovery_grid_train,denoising,964b08f3a4c0501f564a4917,4b596f897d0d46403f39ac54,answer_prefix,answer_prefix,0,self_patch,cc2455319ad5f29f53a1a908,1.125,1.125,-1.125,-1.125,-0.0,0.0,False,False,False,False,False,False,False,False,False,False,False,-0.0
00cf99d4bb0825f4345e,grid,train,2de1fb11e4a5c310cbf6,4b596f897d0d46403f39ac54,964b08f3a4c0501f564a4917,3/20,C2,2,1,36,60,True,True,False,False,discovery_grid_train,denoising,964b08f3a4c0501f564a4917,4b596f897d0d46403f39ac54,answer_prefix,answer_prefix,1,cross_patch,272b2d9fa04dd530aa37071c,1.125,1.0,-1.125,-1.0,0.125,-0.125,False,False,False,False,False,False,False,False,False,False,False,0.125
00cf99d4bb0825f4345e,grid,train,2de1fb11e4a5c310cbf6,4b596f897d0d46403f39ac54,964b08f3a4c0501f564a4917,3/20,C2,2,1,36,60,True,True,False,False,discovery_grid_train,denoising,964b08f3a4c0501f564a4917,4b596f897d0d46403f39ac54,answer_prefix,answer_prefix,1,self_patch,2bd4445ea59b61770c0f4ab0,1.125,1.125,-1.125,-1.125,-0.0,0.0,False,False,False,False,False,False,False,False,False,False,False,-0.0
00cf99d4bb0825f4345e,grid,train,2de1fb11e4a5c310cbf6,4b596f897d0d46403f39ac54,964b08f3a4c0501f564a4917,3/20,C2,2,1,36,60,True,True,False,False,discovery_grid_train,denoising,964b08f3a4c0501f564a4917,4b596f897d0d46403f39ac54,answer_prefix,answer_prefix,2,cross_patch,cf75b9d7f69211bfc7b7ade4,1.125,1.0,-1.125,-1.0,0.125,-0.125,False,False,False,False,False,False,False,False,False,False,False,0.125
00cf99d4bb0825f4345e,grid,train,2de1fb11e4a5c310cbf6,4b596f897d0d46403f39ac54,964b08f3a4c0501f564a4917,3/20,C2,2,1,36,60,True,True,False,False,discovery_grid_train,denoising,964b08f3a4c0501f564a4917,4b596f897d0d46403f39ac54,answer_prefix,answer_prefix,2,self_patch,639a9a1784c4e3e391adf922,1.125,1.125,-1.125,-1.125,-0.0,0.0,False,False,False,False,False,False,False,False,False,False,False,-0.0
00cf99d4bb0825f4345e,grid,train,2de1fb11e4a5c310cbf6,4b596f897d0d46403f39ac54,964b08f3a4c0501f564a4917,3/20,C2,2,1,36,60,True,True,False,False,discovery_grid_train,denoising,964b08f3a4c0501f564a4917,4b596f897d0d46403f39ac54,answer_prefix,answer_prefix,3,cross_patch,a820e842d22c0118a66bbe75,1.125,1.125,-1.125,-1.125,-0.0,0.0,False,False,False,False,False,False,False,False,False,False,False,-0.0
00cf99d4bb0825f4345e,grid,train,2de1fb11e4a5c310cbf6,4b596f897d0d46403f39ac54,964b08f3a4c0501f564a4917,3/20,C2,2,1,36,60,True,True,False,False,discovery_grid_train,denoising,964b08f3a4c0501f564a4917,4b596f897d0d46403f39ac54,answer_prefix,answer_prefix,3,self_patch,7b91e4ccc585cc4b0832fca0,1.125,1.125,-1.125,-1.125,-0.0,0.0,False,False,False,False,False,False,False,False,False,False,False,-0.0
00cf99d4bb0825f4345e,grid,train,2de1fb11e4a5c310cbf6,4b596f897d0d46403f39ac54,964b08f3a4c0501f564a4917,3/20,C2,2,1,36,60,True,True,False,False,discovery_grid_train,denoising,964b08f3a4c0501f564a4917,4b596f897d0d46403f39ac54,answer_prefix,answer_prefix,4,cross_patch,279bbd9d40ccf6bafe92a75c,1.125,1.0,-1.125,-1.0,0.125,-0.125,False,False,False,False,False,False,False,False,False,False,False,0.125
00cf99d4bb0825f4345e,grid,train,2de1fb11e4a5c310cbf6,4b596f897d0d46403f39ac54,964b08f3a4c0501f564a4917,3/20,C2,2,1,36,60,True,True,False,False,discovery_grid_train,denoising,964b08f3a4c0501f564a4917,4b596f897d0d46403f39ac54,answer_prefix,answer_prefix,4,self_patch,bf8b5f02535308d8a552d3dd,1.125,1.125,-1.125,-1.125,-0.0,0.0,False,False,False,False,False,False,False,False,False,False,False,-0.0
00cf99d4bb0825f4345e,grid,train,2de1fb11e4a5c310cbf6,4b596f897d0d46403f39ac54,964b08f3a4c0501f564a4917,3/20,C2,2,1,36,60,True,True,False,False,discovery_grid_train,denoising,964b08f3a4c0501f564a4917,4b596f897d0d46403f39ac54,answer_prefix,answer_prefix,5,cross_patch,ec2e54b43b5f7cf9922c2fa1,1.125,1.0,-1.125,-1.0,0.125,-0.125,False,False,False,False,False,False,False,False,False,False,False,0.125
00cf99d4bb0825f4345e,grid,train,2de1fb11e4a5c310cbf6,4b596f897d0d46403f39ac54,964b08f3a4c0501f564a4917,3/20,C2,2,1,36,60,True,True,False,False,discovery_grid_train,denoising,964b08f3a4c0501f564a4917,4b596f897d0d46403f39ac54,answer_prefix,answer_prefix,5,self_patch,5cb5ee7cae454f0beaebdef1,1.125,1.125,-1.125,-1.125,-0.0,0.0,False,False,False,False,False,False,False,False,False,False,False,-0.0
00cf99d4bb0825f4345e,grid,train,2de1fb11e4a5c310cbf6,4b596f897d0d46403f39ac54,964b08f3a4c0501f564a4917,3/20,C2,2,1,36,60,True,True,False,False,discovery_grid_train,denoising,964b08f3a4c0501f564a4917,4b596f897d0d46403f39ac54,answer_prefix,answer_prefix,6,cross_patch,d367015782812fbe52b4200d,1.125,1.125,-1.125,-1.125,-0.0,0.0,False,False,False,False,False,False,False,False,False,False,False,-0.0
00cf99d4bb0825f4345e,grid,train,2de1fb11e4a5c310cbf6,4b596f897d0d46403f39ac54,964b08f3a4c0501f564a4917,3/20,C2,2,1,36,60,True,True,False,False,discovery_grid_train,denoising,964b08f3a4c0501f564a4917,4b596f897d0d46403f39ac54,answer_prefix,answer_prefix,6,self_patch,d0c4d386eceebdf6b8dee18b,1.125,1.125,-1.125,-1.125,-0.0,0.0,False,False,False,False,False,False,False,False,False,False,False,-0.0
00cf99d4bb0825f4345e,grid,train,2de1fb11e4a5c310cbf6,4b596f897d0d46403f39ac54,964b08f3a4c0501f564a4917,3/20,C2,2,1,36,60,True,True,False,False,discovery_grid_train,denoising,964b08f3a4c0501f564a4917,4b596f897d0d46403f39ac54,answer_prefix,answer_prefix,7,cross_patch,afbdb2a601749d1ba7df1371,1.125,1.125,-1.125,-1.125,-0.0,0.0,False,False,False,False,False,False,False,False,False,False,False,-0.0
00cf99d4bb0825f4345e,grid,train,2de1fb11e4a5c310cbf6,4b596f897d0d46403f39ac54,964b08f3a4c0501f564a4917,3/20,C2,2,1,36,60,True,True,False,False,discovery_grid_train,denoising,964b08f3a4c0501f564a4917,4b596f897d0d46403f39ac54,answer_prefix,answer_prefix,7,self_patch,43426b8f7bf3b6236df290d8,1.125,1.125,-1.125,-1.125,-0.0,0.0,False,False,False,False,False,False,False,False,False,False,False,-0.0
00cf99d4bb0825f4345e,grid,train,2de1fb11e4a5c310cbf6,4b596f897d0d46403f39ac54,964b08f3a4c0501f564a4917,3/20,C2,2,1,36,60,True,True,False,False,discovery_grid_train,denoising,964b08f3a4c0501f564a4917,4b596f897d0d46403f39ac54,answer_prefix,answer_prefix,8,cross_patch,b7b065a5fd0962949f6e4e95,1.125,1.125,-1.125,-1.125,-0.0,0.0,False,False,False,False,False,False,False,False,False,False,False,-0.0
00cf99d4bb0825f4345e,grid,train,2de1fb11e4a5c310cbf6,4b596f897d0d46403f39ac54,964b08f3a4c0501f564a4917,3/20,C2,2,1,36,60,True,True,False,False,discovery_grid_train,denoising,964b08f3a4c0501f564a4917,4b596f897d0d46403f39ac54,answer_prefix,answer_prefix,8,self_patch,faa736716f81770b2fcdc69b,1.125,1.125,-1.125,-1.125,-0.0,0.0,False,False,False,False,False,False,False,False,False,False,False,-0.0
00cf99d4bb0825f4345e,grid,train,2de1fb11e4a5c310cbf6,4b596f897d0d46403f39ac54,964b08f3a4c0501f564a4917,3/20,C2,2,1,36,60,True,True,False,False,discovery_grid_train,denoising,964b08f3a4c0501f564a4917,4b596f897d0d46403f39ac54,answer_prefix,answer_prefix,9,cross_patch,c0c714b411cce80180ef21d4,1.125,1.125,-1.125,-1.125,-0.0,0.0,False,False,False,False,False,False,False,False,False,False,False,-0.0
00cf99d4bb0825f4345e,grid,train,2de1fb11e4a5c310cbf6,4b596f897d0d46403f39ac54,964b08f3a4c0501f564a4917,3/20,C2,2,1,36,60,True,True,False,False,discovery_grid_train,denoising,964b08f3a4c0501f564a4917,4b596f897d0d46403f39ac54,answer_prefix,answer_prefix,9,self_patch,9eaa32f9ae8f5d0b5d133962,1.125,1.125,-1.125,-1.125,-0.0,0.0,False,False,False,False,False,False,False,False,False,False,False,-0.0
00cf99d4bb0825f4345e,grid,train,2de1fb11e4a5c310cbf6,4b596f897d0d46403f39ac54,964b08f3a4c0501f564a4917,3/20,C2,2,1,36,60,True,True,False,False,discovery_grid_train,denoising,964b08f3a4c0501f564a4917,4b596f897d0d46403f39ac54,answer_prefix,answer_prefix,10,cross_patch,ab9a6d027ee95b6b37f8417f,1.125,1.0,-1.125,-1.0,0.125,-0.125,False,False,False,False,False,False,False,False,False,False,False,0.125
00cf99d4bb0825f4345e,grid,train,2de1fb11e4a5c310cbf6,4b596f897d0d46403f39ac54,964b08f3a4c0501f564a4917,3/20,C2,2,1,36,60,True,True,False,False,discovery_grid_train,denoising,964b08f3a4c0501f564a4917,4b596f897d0d46403f39ac54,answer_prefix,answer_prefix,10,self_patch,e36ae46d9db97553f6b7c486,1.125,1.125,-1.125,-1.125,-0.0,0.0,False,False,False,False,False,False,False,False,False,False,False,-0.0
00cf99d4bb0825f4345e,grid,train,2de1fb11e4a5c310cbf6,4b596f897d0d46403f39ac54,964b08f3a4c0501f564a4917,3/20,C2,2,1,36,60,True,True,False,False,discovery_grid_train,denoising,964b08f3a4c0501f564a4917,4b596f897d0d46403f39ac54,answer_prefix,answer_prefix,11,cross_patch,f0b085be79eff31e4919088f,1.125,1.125,-1.125,-1.125,-0.0,0.0,False,False,False,False,False,False,False,False,False,False,False,-0.0
00cf99d4bb0825f4345e,grid,train,2de1fb11e4a5c310cbf6,4b596f897d0d46403f39ac54,964b08f3a4c0501f564a4917,3/20,C2,2,1,36,60,True,True,False,False,discovery_grid_train,denoising,964b08f3a4c0501f564a4917,4b596f897d0d46403f39ac54,answer_prefix,answer_prefix,11,self_patch,b2bc8dff1ecb912a8417515b,1.125,1.125,-1.125,-1.125,-0.0,0.0,False,False,False,False,False,False,False,False,False,False,False,-0.0
00cf99d4bb0825f4345e,grid,train,2de1fb11e4a5c310cbf6,4b596f897d0d46403f39ac54,964b08f3a4c0501f564a4917,3/20,C2,2,1,36,60,True,True,False,False,discovery_grid_train,denoising,964b08f3a4c0501f564a4917,4b596f897d0d46403f39ac54,answer_prefix,answer_prefix,12,cross_patch,60f89415ea76fa7517213693,1.125,1.125,-1.125,-1.125,-0.0,0.0,False,False,False,False,False,False,False,False,False,False,False,-0.0
00cf99d4bb0825f4345e,grid,train,2de1fb11e4a5c310cbf6,4b596f897d0d46403f39ac54,964b08f3a4c0501f564a4917,3/20,C2,2,1,36,60,True,True,False,False,discovery_grid_train,denoising,964b08f3a4c0501f564a4917,4b596f897d0d46403f39ac54,answer_prefix,answer_prefix,12,self_patch,5cfdb2ab41aba1a50107e9b3,1.125,1.125,-1.125,-1.125,-0.0,0.0,False,False,False,False,False,False,False,False,False,False,False,-0.0
00cf99d4bb0825f4345e,grid,train,2de1fb11e4a5c310cbf6,4b596f897d0d46403f39ac54,964b08f3a4c0501f564a4917,3/20,C2,2,1,36,60,True,True,False,False,discovery_grid_train,denoising,964b08f3a4c0501f564a4917,4b596f897d0d46403f39ac54,answer_prefix,answer_prefix,13,cross_patch,0a28ade26814bdbc7211324a,1.125,1.125,-1.125,-1.125,-0.0,0.0,False,False,False,False,False,False,False,False,False,False,False,-0.0
00cf99d4bb0825f4345e,grid,train,2de1fb11e4a5c310cbf6,4b596f897d0d46403f39ac54,964b08f3a4c0501f564a4917,3/20,C2,2,1,36,60,True,True,False,False,discovery_grid_train,denoising,964b08f3a4c0501f564a4917,4b596f897d0d46403f39ac54,answer_prefix,answer_prefix,13,self_patch,f1d7047e70d2e04133aa8289,1.125,1.125,-1.125,-1.125,-0.0,0.0,False,False,False,False,False,False,False,False,False,False,False,-0.0
00cf99d4bb0825f4345e,grid,train,2de1fb11e4a5c310cbf6,4b596f897d0d46403f39ac54,964b08f3a4c0501f564a4917,3/20,C2,2,1,36,60,True,True,False,False,discovery_grid_train,denoising,964b08f3a4c0501f564a4917,4b596f897d0d46403f39ac54,answer_prefix,answer_prefix,14,cross_patch,4ad00f0d3be2d7acb1f0943f,1.125,1.125,-1.125,-1.125,-0.0,0.0,False,False,False,False,False,False,False,False,False,False,False,-0.0
00cf99d4bb0825f4345e,grid,train,2de1fb11e4a5c310cbf6,4b596f897d0d46403f39ac54,964b08f3a4c0501f564a4917,3/20,C2,2,1,36,60,True,True,False,False,discovery_grid_train,denoising,964b08f3a4c0501f564a4917,4b596f897d0d46403f39ac54,answer_prefix,answer_prefix,14,self_patch,aac495a8096b414b9fc5f4c2,1.125,1.125,-1.125,-1.125,-0.0,0.0,False,False,False,False,False,False,False,False,False,False,False,-0.0
00cf99d4bb0825f4345e,grid,train,2de1fb11e4a5c310cbf6,4b596f897d0d46403f39ac54,964b08f3a4c0501f564a4917,3/20,C2,2,1,36,60,True,True,False,False,discovery_grid_train,denoising,964b08f3a4c0501f564a4917,4b596f897d0d46403f39ac54,answer_prefix,answer_prefix,15,cross_patch,38bc9db7fa88c8aa0019fd53,1.125,1.125,-1.125,-1.125,-0.0,0.0,False,False,False,False,False,False,False,False,False,False,False,-0.0
00cf99d4bb0825f4345e,grid,train,2de1fb11e4a5c310cbf6,4b596f897d0d46403f39ac54,964b08f3a4c0501f564a4917,3/20,C2,2,1,36,60,True,True,False,False,discovery_grid_train,denoising,964b08f3a4c0501f564a4917,4b596f897d0d46403f39ac54,answer_prefix,answer_prefix,15,self_patch,1dcca1a81695152948d3caf7,1.125,1.125,-1.125,-1.125,-0.0,0.0,False,False,False,False,False,False,False,False,False,False,False,-0.0
00cf99d4bb0825f4345e,grid,train,2de1fb11e4a5c310cbf6,4b596f897d0d46403f39ac54,964b08f3a4c0501f564a4917,3/20,C2,2,1,36,60,True,True,False,False,discovery_grid_train,denoising,964b08f3a4c0501f564a4917,4b596f897d0d46403f39ac54,answer_prefix,answer_prefix,16,cross_patch,76d973da9b5ac84fb57551ba,1.125,1.125,-1.125,-1.125,-0.0,0.0,False,False,False,False,False,False,False,False,False,False,False,-0.0
00cf99d4bb0825f4345e,grid,train,2de1fb11e4a5c310cbf6,4b596f897d0d46403f39ac54,964b08f3a4c0501f564a4917,3/20,C2,2,1,36,60,True,True,False,False,discovery_grid_train,denoising,964b08f3a4c0501f564a4917,4b596f897d0d46403f39ac54,answer_prefix,answer_prefix,16,self_patch,e4f35920e2eb950bf3116a5f,1.125,1.125,-1.125,-1.125,-0.0,0.0,False,False,False,False,False,False,False,False,False,False,False,-0.0
00cf99d4bb0825f4345e,grid,train,2de1fb11e4a5c310cbf6,4b596f897d0d46403f39ac54,964b08f3a4c0501f564a4917,3/20,C2,2,1,36,60,True,True,False,False,discovery_grid_train,denoising,964b08f3a4c0501f564a4917,4b596f897d0d46403f39ac54,answer_prefix,answer_prefix,17,cross_patch,b3a2badd3056dae34c16488f,1.125,1.125,-1.125,-1.125,-0.0,0.0,False,False,False,False,False,False,False,False,False,False,False,-0.0
00cf99d4bb0825f4345e,grid,train,2de1fb11e4a5c310cbf6,4b596f897d0d46403f39ac54,964b08f3a4c0501f564a4917,3/20,C2,2,1,36,60,True,True,False,False,discovery_grid_train,denoising,964b08f3a4c0501f564a4917,4b596f897d0d46403f39ac54,answer_prefix,answer_prefix,17,self_patch,c4b93cd31d034c226bd1c42c,1.125,1.125,-1.125,-1.125,-0.0,0.0,False,False,False,False,False,False,False,False,False,False,False,-0.0
00cf99d4bb0825f4345e,grid,train,2de1fb11e4a5c310cbf6,4b596f897d0d46403f39ac54,964b08f3a4c0501f564a4917,3/20,C2,2,1,36,60,True,True,False,False,discovery_grid_train,denoising,964b08f3a4c0501f564a4917,4b596f897d0d46403f39ac54,answer_prefix,answer_prefix,18,cross_patch,817f8e1f621198b4dac8c080,1.125,1.125,-1.125,-1.125,-0.0,0.0,False,False,False,False,False,False,False,False,False,False,False,-0.0
00cf99d4bb0825f4345e,grid,train,2de1fb11e4a5c310cbf6,4b596f897d0d46403f39ac54,964b08f3a4c0501f564a4917,3/20,C2,2,1,36,60,True,True,False,False,discovery_grid_train,denoising,964b08f3a4c0501f564a4917,4b596f897d0d46403f39ac54,answer_prefix,answer_prefix,18,self_patch,b266c32688d17011f9e2a3df,1.125,1.125,-1.125,-1.125,-0.0,0.0,False,False,False,False,False,False,False,False,False,False,False,-0.0
00cf99d4bb0825f4345e,grid,train,2de1fb11e4a5c310cbf6,4b596f897d0d46403f39ac54,964b08f3a4c0501f564a4917,3/20,C2,2,1,36,60,True,True,False,False,discovery_grid_train,denoising,964b08f3a4c0501f564a4917,4b596f897d0d46403f39ac54,answer_prefix,answer_prefix,19,cross_patch,b33628ce8dd4a1d893604be0,1.125,1.0,-1.125,-1.0,0.125,-0.125,False,False,False,False,False,False,False,False,False,False,False,0.125
00cf99d4bb0825f4345e,grid,train,2de1fb11e4a5c310cbf6,4b596f897d0d46403f39ac54,964b08f3a4c0501f564a4917,3/20,C2,2,1,36,60,True,True,False,False,discovery_grid_train,denoising,964b08f3a4c0501f564a4917,4b596f897d0d46403f39ac54,answer_prefix,answer_prefix,19,self_patch,ce30f0d3932ecf4770cf2ed6,1.125,1.125,-1.125,-1.125,-0.0,0.0,False,False,False,False,False,False,False,False,False,False,False,-0.0
00cf99d4bb0825f4345e,grid,train,2de1fb11e4a5c310cbf6,4b596f897d0d46403f39ac54,964b08f3a4c0501f564a4917,3/20,C2,2,1,36,60,True,True,False,False,discovery_grid_train,denoising,964b08f3a4c0501f564a4917,4b596f897d0d46403f39ac54,answer_prefix,answer_prefix,20,cross_patch,bb11f11848bf2710cbb95cc9,1.125,1.125,-1.125,-1.125,-0.0,0.0,False,False,False,False,False,False,False,False,False,False,False,-0.0
00cf99d4bb0825f4345e,grid,train,2de1fb11e4a5c310cbf6,4b596f897d0d46403f39ac54,964b08f3a4c0501f564a4917,3/20,C2,2,1,36,60,True,True,False,False,discovery_grid_train,denoising,964b08f3a4c0501f564a4917,4b596f897d0d46403f39ac54,answer_prefix,answer_prefix,20,self_patch,89a0a487e99b5cb2da452337,1.125,1.125,-1.125,-1.125,-0.0,0.0,False,False,False,False,False,False,False,False,False,False,False,-0.0
00cf99d4bb0825f4345e,grid,train,2de1fb11e4a5c310cbf6,4b596f897d0d46403f39ac54,964b08f3a4c0501f564a4917,3/20,C2,2,1,36,60,True,True,False,False,discovery_grid_train,denoising,964b08f3a4c0501f564a4917,4b596f897d0d46403f39ac54,answer_prefix,answer_prefix,21,cross_patch,5c41c6d3b68ee2743036dd6e,1.125,1.125,-1.125,-1.125,-0.0,0.0,False,False,False,False,False,False,False,False,False,False,False,-0.0
00cf99d4bb0825f4345e,grid,train,2de1fb11e4a5c310cbf6,4b596f897d0d46403f39ac54,964b08f3a4c0501f564a4917,3/20,C2,2,1,36,60,True,True,False,False,discovery_grid_train,denoising,964b08f3a4c0501f564a4917,4b596f897d0d46403f39ac54,answer_prefix,answer_prefix,21,self_patch,0a1dc70a238d84361eabb8a9,1.125,1.125,-1.125,-1.125,-0.0,0.0,False,False,False,False,False,False,False,False,False,False,False,-0.0
00cf99d4bb0825f4345e,grid,train,2de1fb11e4a5c310cbf6,4b596f897d0d46403f39ac54,964b08f3a4c0501f564a4917,3/20,C2,2,1,36,60,True,True,False,False,discovery_grid_train,denoising,964b08f3a4c0501f564a4917,4b596f897d0d46403f39ac54,answer_prefix,answer_prefix,22,cross_patch,b0ec0ca3f3850f48df35f2ba,1.125,1.0,-1.125,-1.0,0.125,-0.125,False,False,False,False,False,False,False,False,False,False,False,0.125
00cf99d4bb0825f4345e,grid,train,2de1fb11e4a5c310cbf6,4b596f897d0d46403f39ac54,964b08f3a4c0501f564a4917,3/20,C2,2,1,36,60,True,True,False,False,discovery_grid_train,denoising,964b08f3a4c0501f564a4917,4b596f897d0d46403f39ac54,answer_prefix,answer_prefix,22,self_patch,464e665eb50ff066343bb565,1.125,1.125,-1.125,-1.125,-0.0,0.0,False,False,False,False,False,False,False,False,False,False,False,-0.0
00cf99d4bb0825f4345e,grid,train,2de1fb11e4a5c310cbf6,4b596f897d0d46403f39ac54,964b08f3a4c0501f564a4917,3/20,C2,2,1,36,60,True,True,False,False,discovery_grid_train,denoising,964b08f3a4c0501f564a4917,4b596f897d0d46403f39ac54,answer_prefix,answer_prefix,23,cross_patch,8766ee90a681473421690220,1.125,1.0,-1.125,-1.0,0.125,-0.125,False,False,False,False,False,False,False,False,False,False,False,0.125
00cf99d4bb0825f4345e,grid,train,2de1fb11e4a5c310cbf6,4b596f897d0d46403f39ac54,964b08f3a4c0501f564a4917,3/20,C2,2,1,36,60,True,True,False,False,discovery_grid_train,denoising,964b08f3a4c0501f564a4917,4b596f897d0d46403f39ac54,answer_prefix,answer_prefix,23,self_patch,22ff1efbc84d3c9a5cfd53f4,1.125,1.125,-1.125,-1.125,-0.0,0.0,False,False,False,False,False,False,False,False,False,False,False,-0.0
00cf99d4bb0825f4345e,grid,train,2de1fb11e4a5c310cbf6,4b596f897d0d46403f39ac54,964b08f3a4c0501f564a4917,3/20,C2,2,1,36,60,True,True,False,False,discovery_grid_train,denoising,964b08f3a4c0501f564a4917,4b596f897d0d46403f39ac54,answer_prefix,answer_prefix,24,cross_patch,ce8f88205bdc36d8d3f8e161,1.125,0.875,-1.125,-0.875,0.25,-0.25,False,False,False,False,False,False,False,False,False,False,False,0.25
00cf99d4bb0825f4345e,grid,train,2de1fb11e4a5c310cbf6,4b596f897d0d46403f39ac54,964b08f3a4c0501f564a4917,3/20,C2,2,1,36,60,True,True,False,False,discovery_grid_train,denoising,964b08f3a4c0501f564a4917,4b596f897d0d46403f39ac54,answer_prefix,answer_prefix,24,self_patch,9a6f6ac8ca15c0b2be9966c5,1.125,1.125,-1.125,-1.125,-0.0,0.0,False,False,False,False,False,False,False,False,False,False,False,-0.0
00cf99d4bb0825f4345e,grid,train,2de1fb11e4a5c310cbf6,4b596f897d0d46403f39ac54,964b08f3a4c0501f564a4917,3/20,C2,2,1,36,60,True,True,False,False,discovery_grid_train,denoising,964b08f3a4c0501f564a4917,4b596f897d0d46403f39ac54,answer_prefix,answer_prefix,25,cross_patch,3b3631131c9d27385e206b7f,1.125,0.75,-1.125,-0.75,0.375,-0.375,False,False,False,False,False,False,False,False,False,False,False,0.375
00cf99d4bb0825f4345e,grid,train,2de1fb11e4a5c310cbf6,4b596f897d0d46403f39ac54,964b08f3a4c0501f564a4917,3/20,C2,2,1,36,60,True,True,False,False,discovery_grid_train,denoising,964b08f3a4c0501f564a4917,4b596f897d0d46403f39ac54,answer_prefix,answer_prefix,25,self_patch,89305a5e8f7e2c621d736b7e,1.125,1.125,-1.125,-1.125,-0.0,0.0,False,False,False,False,False,False,False,False,False,False,False,-0.0
00cf99d4bb0825f4345e,grid,train,2de1fb11e4a5c310cbf6,4b596f897d0d46403f39ac54,964b08f3a4c0501f564a4917,3/20,C2,2,1,36,60,True,True,False,False,discovery_grid_train,denoising,964b08f3a4c0501f564a4917,4b596f897d0d46403f39ac54,answer_prefix,answer_prefix,26,cross_patch,95bd7912959764adc86946dd,1.125,0.75,-1.125,-0.75,0.375,-0.375,False,False,False,False,False,False,False,False,False,False,False,0.375
00cf99d4bb0825f4345e,grid,train,2de1fb11e4a5c310cbf6,4b596f897d0d46403f39ac54,964b08f3a4c0501f564a4917,3/20,C2,2,1,36,60,True,True,False,False,discovery_grid_train,denoising,964b08f3a4c0501f564a4917,4b596f897d0d46403f39ac54,answer_prefix,answer_prefix,26,self_patch,275f53ff74e7bb3d6bd856cc,1.125,1.125,-1.125,-1.125,-0.0,0.0,False,False,False,False,False,False,False,False,False,False,False,-0.0
00cf99d4bb0825f4345e,grid,train,2de1fb11e4a5c310cbf6,4b596f897d0d46403f39ac54,964b08f3a4c0501f564a4917,3/20,C2,2,1,36,60,True,True,False,False,discovery_grid_train,denoising,964b08f3a4c0501f564a4917,4b596f897d0d46403f39ac54,answer_prefix,answer_prefix,27,cross_patch,bf12db79cb9883e013b8fa2a,1.125,0.75,-1.125,-0.75,0.375,-0.375,False,False,False,False,False,False,False,False,False,False,False,0.375
00cf99d4bb0825f4345e,grid,train,2de1fb11e4a5c310cbf6,4b596f897d0d46403f39ac54,964b08f3a4c0501f564a4917,3/20,C2,2,1,36,60,True,True,False,False,discovery_grid_train,denoising,964b08f3a4c0501f564a4917,4b596f897d0d46403f39ac54,answer_prefix,answer_prefix,27,self_patch,44f52a54cad4acc9b0cabaa0,1.125,1.125,-1.125,-1.125,-0.0,0.0,False,False,False,False,False,False,False,False,False,False,False,-0.0
00cf99d4bb0825f4345e,grid,train,2de1fb11e4a5c310cbf6,4b596f897d0d46403f39ac54,964b08f3a4c0501f564a4917,3/20,C2,2,1,36,60,True,True,False,False,discovery_grid_train,denoising,964b08f3a4c0501f564a4917,4b596f897d0d46403f39ac54,answer_prefix,answer_prefix,28,cross_patch,aada2dc850f03aa73a29ffb8,1.125,0.75,-1.125,-0.75,0.375,-0.375,False,False,False,False,False,False,False,False,False,False,False,0.375
00cf99d4bb0825f4345e,grid,train,2de1fb11e4a5c310cbf6,4b596f897d0d46403f39ac54,964b08f3a4c0501f564a4917,3/20,C2,2,1,36,60,True,True,False,False,discovery_grid_train,denoising,964b08f3a4c0501f564a4917,4b596f897d0d46403f39ac54,answer_prefix,answer_prefix,28,self_patch,dfe580fc17e1ef226b61ea80,1.125,1.125,-1.125,-1.125,-0.0,0.0,False,False,False,False,False,False,False,False,False,False,False,-0.0
00cf99d4bb0825f4345e,grid,train,2de1fb11e4a5c310cbf6,4b596f897d0d46403f39ac54,964b08f3a4c0501f564a4917,3/20,C2,2,1,36,60,True,True,False,False,discovery_grid_train,denoising,964b08f3a4c0501f564a4917,4b596f897d0d46403f39ac54,answer_prefix,answer_prefix,29,cross_patch,7eff72eef294d2ecd3927d62,1.125,0.625,-1.125,-0.625,0.5,-0.5,False,False,False,False,False,False,False,False,False,False,False,0.5
00cf99d4bb0825f4345e,grid,train,2de1fb11e4a5c310cbf6,4b596f897d0d46403f39ac54,964b08f3a4c0501f564a4917,3/20,C2,2,1,36,60,True,True,False,False,discovery_grid_train,denoising,964b08f3a4c0501f564a4917,4b596f897d0d46403f39ac54,answer_prefix,answer_prefix,29,self_patch,7c3f583ed85e400de4fef397,1.125,1.125,-1.125,-1.125,-0.0,0.0,False,False,False,False,False,False,False,False,False,False,False,-0.0
00cf99d4bb0825f4345e,grid,train,2de1fb11e4a5c310cbf6,4b596f897d0d46403f39ac54,964b08f3a4c0501f564a4917,3/20,C2,2,1,36,60,True,True,False,False,discovery_grid_train,denoising,964b08f3a4c0501f564a4917,4b596f897d0d46403f39ac54,answer_prefix,answer_prefix,30,cross_patch,849b3535087bb77785da9b97,1.125,-0.625,-1.125,0.625,1.75,-1.75,False,True,False,True,True,False,True,False,True,True,False,1.75
00cf99d4bb0825f4345e,grid,train,2de1fb11e4a5c310cbf6,4b596f897d0d46403f39ac54,964b08f3a4c0501f564a4917,3/20,C2,2,1,36,60,True,True,False,False,discovery_grid_train,denoising,964b08f3a4c0501f564a4917,4b596f897d0d46403f39ac54,answer_prefix,answer_prefix,30,self_patch,e48b5ca4b3cbfcd49abb3fd4,1.125,1.125,-1.125,-1.125,-0.0,0.0,False,False,False,False,False,False,False,False,False,False,False,-0.0
00cf99d4bb0825f4345e,grid,train,2de1fb11e4a5c310cbf6,4b596f897d0d46403f39ac54,964b08f3a4c0501f564a4917,3/20,C2,2,1,36,60,True,True,False,False,discovery_grid_train,denoising,964b08f3a4c0501f564a4917,4b596f897d0d46403f39ac54,answer_prefix,answer_prefix,31,cross_patch,6212978be30017c5f62d0fda,1.125,-0.75,-1.125,0.75,1.875,-1.875,False,True,False,True,True,False,True,False,True,True,False,1.875
00cf99d4bb0825f4345e,grid,train,2de1fb11e4a5c310cbf6,4b596f897d0d46403f39ac54,964b08f3a4c0501f564a4917,3/20,C2,2,1,36,60,True,True,False,False,discovery_grid_train,denoising,964b08f3a4c0501f564a4917,4b596f897d0d46403f39ac54,answer_prefix,answer_prefix,31,self_patch,5f46975f41b024ab465f4287,1.125,1.125,-1.125,-1.125,-0.0,0.0,False,False,False,False,False,False,False,False,False,False,False,-0.0
00cf99d4bb0825f4345e,grid,train,2de1fb11e4a5c310cbf6,4b596f897d0d46403f39ac54,964b08f3a4c0501f564a4917,3/20,C2,2,1,36,60,True,True,False,False,discovery_grid_train,noising,4b596f897d0d46403f39ac54,964b08f3a4c0501f564a4917,final_prompt,final_prompt,0,cross_patch,09326a2613a9b7432c6d9792,-0.75,-0.75,0.75,0.75,-0.0,0.0,True,True,True,True,False,False,False,False,False,False,False,0.0
00cf99d4bb0825f4345e,grid,train,2de1fb11e4a5c310cbf6,4b596f897d0d46403f39ac54,964b08f3a4c0501f564a4917,3/20,C2,2,1,36,60,True,True,False,False,discovery_grid_train,noising,4b596f897d0d46403f39ac54,964b08f3a4c0501f564a4917,final_prompt,final_prompt,0,self_patch,7a4233a041fc4e7f4149169d,-0.75,-0.75,0.75,0.75,-0.0,0.0,True,True,True,True,False,False,False,False,False,False,False,0.0
00cf99d4bb0825f4345e,grid,train,2de1fb11e4a5c310cbf6,4b596f897d0d46403f39ac54,964b08f3a4c0501f564a4917,3/20,C2,2,1,36,60,True,True,False,False,discovery_grid_train,noising,4b596f897d0d46403f39ac54,964b08f3a4c0501f564a4917,final_prompt,final_prompt,1,cross_patch,3a0bf9d9e17e80bc8227b0f0,-0.75,-0.875,0.75,0.875,0.125,-0.125,True,True,True,True,False,False,False,False,False,False,False,-0.125
00cf99d4bb0825f4345e,grid,train,2de1fb11e4a5c310cbf6,4b596f897d0d46403f39ac54,964b08f3a4c0501f564a4917,3/20,C2,2,1,36,60,True,True,False,False,discovery_grid_train,noising,4b596f897d0d46403f39ac54,964b08f3a4c0501f564a4917,final_prompt,final_prompt,1,self_patch,7983047bbbc38c89bb94d871,-0.75,-0.75,0.75,0.75,-0.0,0.0,True,True,True,True,False,False,False,False,False,False,False,0.0
00cf99d4bb0825f4345e,grid,train,2de1fb11e4a5c310cbf6,4b596f897d0d46403f39ac54,964b08f3a4c0501f564a4917,3/20,C2,2,1,36,60,True,True,False,False,discovery_grid_train,noising,4b596f897d0d46403f39ac54,964b08f3a4c0501f564a4917,final_prompt,final_prompt,2,cross_patch,fbd1999497c285d213894a0e,-0.75,-0.875,0.75,0.875,0.125,-0.125,True,True,True,True,False,False,False,False,False,False,False,-0.125
00cf99d4bb0825f4345e,grid,train,2de1fb11e4a5c310cbf6,4b596f897d0d46403f39ac54,964b08f3a4c0501f564a4917,3/20,C2,2,1,36,60,True,True,False,False,discovery_grid_train,noising,4b596f897d0d46403f39ac54,964b08f3a4c0501f564a4917,final_prompt,final_prompt,2,self_patch,9bacd7556fc3812e92e6beac,-0.75,-0.75,0.75,0.75,-0.0,0.0,True,True,True,True,False,False,False,False,False,False,False,0.0
00cf99d4bb0825f4345e,grid,train,2de1fb11e4a5c310cbf6,4b596f897d0d46403f39ac54,964b08f3a4c0501f564a4917,3/20,C2,2,1,36,60,True,True,False,False,discovery_grid_train,noising,4b596f897d0d46403f39ac54,964b08f3a4c0501f564a4917,final_prompt,final_prompt,3,cross_patch,01a9fcc93b0ebc5b6d19bdb8,-0.75,-0.875,0.75,0.875,0.125,-0.125,True,True,True,True,False,False,False,False,False,False,False,-0.125
00cf99d4bb0825f4345e,grid,train,2de1fb11e4a5c310cbf6,4b596f897d0d46403f39ac54,964b08f3a4c0501f564a4917,3/20,C2,2,1,36,60,True,True,False,False,discovery_grid_train,noising,4b596f897d0d46403f39ac54,964b08f3a4c0501f564a4917,final_prompt,final_prompt,3,self_patch,7901a887f54061456bb97642,-0.75,-0.75,0.75,0.75,-0.0,0.0,True,True,True,True,False,False,False,False,False,False,False,0.0
00cf99d4bb0825f4345e,grid,train,2de1fb11e4a5c310cbf6,4b596f897d0d46403f39ac54,964b08f3a4c0501f564a4917,3/20,C2,2,1,36,60,True,True,False,False,discovery_grid_train,noising,4b596f897d0d46403f39ac54,964b08f3a4c0501f564a4917,final_prompt,final_prompt,4,cross_patch,2a566c47094b18e7851ff6a2,-0.75,-0.875,0.75,0.875,0.125,-0.125,True,True,True,True,False,False,False,False,False,False,False,-0.125
00cf99d4bb0825f4345e,grid,train,2de1fb11e4a5c310cbf6,4b596f897d0d46403f39ac54,964b08f3a4c0501f564a4917,3/20,C2,2,1,36,60,True,True,False,False,discovery_grid_train,noising,4b596f897d0d46403f39ac54,964b08f3a4c0501f564a4917,final_prompt,final_prompt,4,self_patch,952e35406f50a88cd13fa5fb,-0.75,-0.75,0.75,0.75,-0.0,0.0,True,True,True,True,False,False,False,False,False,False,False,0.0
00cf99d4bb0825f4345e,grid,train,2de1fb11e4a5c310cbf6,4b596f897d0d46403f39ac54,964b08f3a4c0501f564a4917,3/20,C2,2,1,36,60,True,True,False,False,discovery_grid_train,noising,4b596f897d0d46403f39ac54,964b08f3a4c0501f564a4917,final_prompt,final_prompt,5,cross_patch,dd519631c5f9ab962a37678d,-0.75,-0.75,0.75,0.75,-0.0,0.0,True,True,True,True,False,False,False,False,False,False,False,0.0
00cf99d4bb0825f4345e,grid,train,2de1fb11e4a5c310cbf6,4b596f897d0d46403f39ac54,964b08f3a4c0501f564a4917,3/20,C2,2,1,36,60,True,True,False,False,discovery_grid_train,noising,4b596f897d0d46403f39ac54,964b08f3a4c0501f564a4917,final_prompt,final_prompt,5,self_patch,1f71da7d1c1a82fe48f14243,-0.75,-0.75,0.75,0.75,-0.0,0.0,True,True,True,True,False,False,False,False,False,False,False,0.0
00cf99d4bb0825f4345e,grid,train,2de1fb11e4a5c310cbf6,4b596f897d0d46403f39ac54,964b08f3a4c0501f564a4917,3/20,C2,2,1,36,60,True,True,False,False,discovery_grid_train,noising,4b596f897d0d46403f39ac54,964b08f3a4c0501f564a4917,final_prompt,final_prompt,6,cross_patch,4475666cc1d11e9728882083,-0.75,-0.75,0.75,0.75,-0.0,0.0,True,True,True,True,False,False,False,False,False,False,False,0.0
00cf99d4bb0825f4345e,grid,train,2de1fb11e4a5c310cbf6,4b596f897d0d46403f39ac54,964b08f3a4c0501f564a4917,3/20,C2,2,1,36,60,True,True,False,False,discovery_grid_train,noising,4b596f897d0d46403f39ac54,964b08f3a4c0501f564a4917,final_prompt,final_prompt,6,self_patch,0c70e65d28a87ae908df4238,-0.75,-0.75,0.75,0.75,-0.0,0.0,True,True,True,True,False,False,False,False,False,False,False,0.0
00cf99d4bb0825f4345e,grid,train,2de1fb11e4a5c310cbf6,4b596f897d0d46403f39ac54,964b08f3a4c0501f564a4917,3/20,C2,2,1,36,60,True,True,False,False,discovery_grid_train,noising,4b596f897d0d46403f39ac54,964b08f3a4c0501f564a4917,final_prompt,final_prompt,7,cross_patch,2830c64dc36e4e7b1baa78f5,-0.75,-0.75,0.75,0.75,-0.0,0.0,True,True,True,True,False,False,False,False,False,False,False,0.0
00cf99d4bb0825f4345e,grid,train,2de1fb11e4a5c310cbf6,4b596f897d0d46403f39ac54,964b08f3a4c0501f564a4917,3/20,C2,2,1,36,60,True,True,False,False,discovery_grid_train,noising,4b596f897d0d46403f39ac54,964b08f3a4c0501f564a4917,final_prompt,final_prompt,7,self_patch,0b33376ff6e1b6eba0d05ce1,-0.75,-0.75,0.75,0.75,-0.0,0.0,True,True,True,True,False,False,False,False,False,False,False,0.0
00cf99d4bb0825f4345e,grid,train,2de1fb11e4a5c310cbf6,4b596f897d0d46403f39ac54,964b08f3a4c0501f564a4917,3/20,C2,2,1,36,60,True,True,False,False,discovery_grid_train,noising,4b596f897d0d46403f39ac54,964b08f3a4c0501f564a4917,final_prompt,final_prompt,8,cross_patch,6a23f34617affb10c31a2050,-0.75,-0.75,0.75,0.75,-0.0,0.0,True,True,True,True,False,False,False,False,False,False,False,0.0
00cf99d4bb0825f4345e,grid,train,2de1fb11e4a5c310cbf6,4b596f897d0d46403f39ac54,964b08f3a4c0501f564a4917,3/20,C2,2,1,36,60,True,True,False,False,discovery_grid_train,noising,4b596f897d0d46403f39ac54,964b08f3a4c0501f564a4917,final_prompt,final_prompt,8,self_patch,f83e522a775c2014c7416fc2,-0.75,-0.75,0.75,0.75,-0.0,0.0,True,True,True,True,False,False,False,False,False,False,False,0.0
00cf99d4bb0825f4345e,grid,train,2de1fb11e4a5c310cbf6,4b596f897d0d46403f39ac54,964b08f3a4c0501f564a4917,3/20,C2,2,1,36,60,True,True,False,False,discovery_grid_train,noising,4b596f897d0d46403f39ac54,964b08f3a4c0501f564a4917,final_prompt,final_prompt,9,cross_patch,5a0a2165bb12d1f7a426c15b,-0.75,-0.75,0.75,0.75,-0.0,0.0,True,True,True,True,False,False,False,False,False,False,False,0.0
00cf99d4bb0825f4345e,grid,train,2de1fb11e4a5c310cbf6,4b596f897d0d46403f39ac54,964b08f3a4c0501f564a4917,3/20,C2,2,1,36,60,True,True,False,False,discovery_grid_train,noising,4b596f897d0d46403f39ac54,964b08f3a4c0501f564a4917,final_prompt,final_prompt,9,self_patch,05c7cb654ab5f7cab8270596,-0.75,-0.75,0.75,0.75,-0.0,0.0,True,True,True,True,False,False,False,False,False,False,False,0.0
00cf99d4bb0825f4345e,grid,train,2de1fb11e4a5c310cbf6,4b596f897d0d46403f39ac54,964b08f3a4c0501f564a4917,3/20,C2,2,1,36,60,True,True,False,False,discovery_grid_train,noising,4b596f897d0d46403f39ac54,964b08f3a4c0501f564a4917,final_prompt,final_prompt,10,cross_patch,a80a247d6f1eb22aaa4a13c2,-0.75,-0.75,0.75,0.75,-0.0,0.0,True,True,True,True,False,False,False,False,False,False,False,0.0
00cf99d4bb0825f4345e,grid,train,2de1fb11e4a5c310cbf6,4b596f897d0d46403f39ac54,964b08f3a4c0501f564a4917,3/20,C2,2,1,36,60,True,True,False,False,discovery_grid_train,noising,4b596f897d0d46403f39ac54,964b08f3a4c0501f564a4917,final_prompt,final_prompt,10,self_patch,56cf00a6bf58040a4c32397b,-0.75,-0.75,0.75,0.75,-0.0,0.0,True,True,True,True,False,False,False,False,False,False,False,0.0
00cf99d4bb0825f4345e,grid,train,2de1fb11e4a5c310cbf6,4b596f897d0d46403f39ac54,964b08f3a4c0501f564a4917,3/20,C2,2,1,36,60,True,True,False,False,discovery_grid_train,noising,4b596f897d0d46403f39ac54,964b08f3a4c0501f564a4917,final_prompt,final_prompt,11,cross_patch,0c3fe26c2691f267dd1ca8d8,-0.75,-0.75,0.75,0.75,-0.0,0.0,True,True,True,True,False,False,False,False,False,False,False,0.0
00cf99d4bb0825f4345e,grid,train,2de1fb11e4a5c310cbf6,4b596f897d0d46403f39ac54,964b08f3a4c0501f564a4917,3/20,C2,2,1,36,60,True,True,False,False,discovery_grid_train,noising,4b596f897d0d46403f39ac54,964b08f3a4c0501f564a4917,final_prompt,final_prompt,11,self_patch,22037daacd01729777f51e8a,-0.75,-0.75,0.75,0.75,-0.0,0.0,True,True,True,True,False,False,False,False,False,False,False,0.0
00cf99d4bb0825f4345e,grid,train,2de1fb11e4a5c310cbf6,4b596f897d0d46403f39ac54,964b08f3a4c0501f564a4917,3/20,C2,2,1,36,60,True,True,False,False,discovery_grid_train,noising,4b596f897d0d46403f39ac54,964b08f3a4c0501f564a4917,final_prompt,final_prompt,12,cross_patch,1dc0b6fbc862502c5c78edc6,-0.75,-0.75,0.75,0.75,-0.0,0.0,True,True,True,True,False,False,False,False,False,False,False,0.0
00cf99d4bb0825f4345e,grid,train,2de1fb11e4a5c310cbf6,4b596f897d0d46403f39ac54,964b08f3a4c0501f564a4917,3/20,C2,2,1,36,60,True,True,False,False,discovery_grid_train,noising,4b596f897d0d46403f39ac54,964b08f3a4c0501f564a4917,final_prompt,final_prompt,12,self_patch,d67ec10743128344201d952a,-0.75,-0.75,0.75,0.75,-0.0,0.0,True,True,True,True,False,False,False,False,False,False,False,0.0
00cf99d4bb0825f4345e,grid,train,2de1fb11e4a5c310cbf6,4b596f897d0d46403f39ac54,964b08f3a4c0501f564a4917,3/20,C2,2,1,36,60,True,True,False,False,discovery_grid_train,noising,4b596f897d0d46403f39ac54,964b08f3a4c0501f564a4917,final_prompt,final_prompt,13,cross_patch,98759051e13be6458c35e06c,-0.75,-0.75,0.75,0.75,-0.0,0.0,True,True,True,True,False,False,False,False,False,False,False,0.0
00cf99d4bb0825f4345e,grid,train,2de1fb11e4a5c310cbf6,4b596f897d0d46403f39ac54,964b08f3a4c0501f564a4917,3/20,C2,2,1,36,60,True,True,False,False,discovery_grid_train,noising,4b596f897d0d46403f39ac54,964b08f3a4c0501f564a4917,final_prompt,final_prompt,13,self_patch,68f3c46d08e4297ca050e584,-0.75,-0.75,0.75,0.75,-0.0,0.0,True,True,True,True,False,False,False,False,False,False,False,0.0
00cf99d4bb0825f4345e,grid,train,2de1fb11e4a5c310cbf6,4b596f897d0d46403f39ac54,964b08f3a4c0501f564a4917,3/20,C2,2,1,36,60,True,True,False,False,discovery_grid_train,noising,4b596f897d0d46403f39ac54,964b08f3a4c0501f564a4917,final_prompt,final_prompt,14,cross_patch,9d669c89f6598fb0f8f1770c,-0.75,-0.75,0.75,0.75,-0.0,0.0,True,True,True,True,False,False,False,False,False,False,False,0.0
00cf99d4bb0825f4345e,grid,train,2de1fb11e4a5c310cbf6,4b596f897d0d46403f39ac54,964b08f3a4c0501f564a4917,3/20,C2,2,1,36,60,True,True,False,False,discovery_grid_train,noising,4b596f897d0d46403f39ac54,964b08f3a4c0501f564a4917,final_prompt,final_prompt,14,self_patch,ed61803972f4f8a6c8318a77,-0.75,-0.75,0.75,0.75,-0.0,0.0,True,True,True,True,False,False,False,False,False,False,False,0.0
00cf99d4bb0825f4345e,grid,train,2de1fb11e4a5c310cbf6,4b596f897d0d46403f39ac54,964b08f3a4c0501f564a4917,3/20,C2,2,1,36,60,True,True,False,False,discovery_grid_train,noising,4b596f897d0d46403f39ac54,964b08f3a4c0501f564a4917,final_prompt,final_prompt,15,cross_patch,44b99762bf6f5d14410e2fec,-0.75,-0.75,0.75,0.75,-0.0,0.0,True,True,True,True,False,False,False,False,False,False,False,0.0
00cf99d4bb0825f4345e,grid,train,2de1fb11e4a5c310cbf6,4b596f897d0d46403f39ac54,964b08f3a4c0501f564a4917,3/20,C2,2,1,36,60,True,True,False,False,discovery_grid_train,noising,4b596f897d0d46403f39ac54,964b08f3a4c0501f564a4917,final_prompt,final_prompt,15,self_patch,d86e24990e8bc472150294d2,-0.75,-0.75,0.75,0.75,-0.0,0.0,True,True,True,True,False,False,False,False,False,False,False,0.0
00cf99d4bb0825f4345e,grid,train,2de1fb11e4a5c310cbf6,4b596f897d0d46403f39ac54,964b08f3a4c0501f564a4917,3/20,C2,2,1,36,60,True,True,False,False,discovery_grid_train,noising,4b596f897d0d46403f39ac54,964b08f3a4c0501f564a4917,final_prompt,final_prompt,16,cross_patch,4fb51ced86836171b03d6ec7,-0.75,-0.875,0.75,0.875,0.125,-0.125,True,True,True,True,False,False,False,False,False,False,False,-0.125
00cf99d4bb0825f4345e,grid,train,2de1fb11e4a5c310cbf6,4b596f897d0d46403f39ac54,964b08f3a4c0501f564a4917,3/20,C2,2,1,36,60,True,True,False,False,discovery_grid_train,noising,4b596f897d0d46403f39ac54,964b08f3a4c0501f564a4917,final_prompt,final_prompt,16,self_patch,fde567d14621dbc3056822a7,-0.75,-0.75,0.75,0.75,-0.0,0.0,True,True,True,True,False,False,False,False,False,False,False,0.0
00cf99d4bb0825f4345e,grid,train,2de1fb11e4a5c310cbf6,4b596f897d0d46403f39ac54,964b08f3a4c0501f564a4917,3/20,C2,2,1,36,60,True,True,False,False,discovery_grid_train,noising,4b596f897d0d46403f39ac54,964b08f3a4c0501f564a4917,final_prompt,final_prompt,17,cross_patch,f013b9888fe09ad85b2f0412,-0.75,-0.75,0.75,0.75,-0.0,0.0,True,True,True,True,False,False,False,False,False,False,False,0.0
00cf99d4bb0825f4345e,grid,train,2de1fb11e4a5c310cbf6,4b596f897d0d46403f39ac54,964b08f3a4c0501f564a4917,3/20,C2,2,1,36,60,True,True,False,False,discovery_grid_train,noising,4b596f897d0d46403f39ac54,964b08f3a4c0501f564a4917,final_prompt,final_prompt,17,self_patch,6d5f33381707e3e7ebcf33b3,-0.75,-0.75,0.75,0.75,-0.0,0.0,True,True,True,True,False,False,False,False,False,False,False,0.0
00cf99d4bb0825f4345e,grid,train,2de1fb11e4a5c310cbf6,4b596f897d0d46403f39ac54,964b08f3a4c0501f564a4917,3/20,C2,2,1,36,60,True,True,False,False,discovery_grid_train,noising,4b596f897d0d46403f39ac54,964b08f3a4c0501f564a4917,final_prompt,final_prompt,18,cross_patch,b6d43e29626a3b2ce2d9320e,-0.75,-0.75,0.75,0.75,-0.0,0.0,True,True,True,True,False,False,False,False,False,False,False,0.0
00cf99d4bb0825f4345e,grid,train,2de1fb11e4a5c310cbf6,4b596f897d0d46403f39ac54,964b08f3a4c0501f564a4917,3/20,C2,2,1,36,60,True,True,False,False,discovery_grid_train,noising,4b596f897d0d46403f39ac54,964b08f3a4c0501f564a4917,final_prompt,final_prompt,18,self_patch,bb70bb4a3de753b56ea80c25,-0.75,-0.75,0.75,0.75,-0.0,0.0,True,True,True,True,False,False,False,False,False,False,False,0.0
00cf99d4bb0825f4345e,grid,train,2de1fb11e4a5c310cbf6,4b596f897d0d46403f39ac54,964b08f3a4c0501f564a4917,3/20,C2,2,1,36,60,True,True,False,False,discovery_grid_train,noising,4b596f897d0d46403f39ac54,964b08f3a4c0501f564a4917,final_prompt,final_prompt,19,cross_patch,88f382e535e81d600b4c3fba,-0.75,-0.75,0.75,0.75,-0.0,0.0,True,True,True,True,False,False,False,False,False,False,False,0.0
00cf99d4bb0825f4345e,grid,train,2de1fb11e4a5c310cbf6,4b596f897d0d46403f39ac54,964b08f3a4c0501f564a4917,3/20,C2,2,1,36,60,True,True,False,False,discovery_grid_train,noising,4b596f897d0d46403f39ac54,964b08f3a4c0501f564a4917,final_prompt,final_prompt,19,self_patch,98b60e157c0726c8e412d0b1,-0.75,-0.75,0.75,0.75,-0.0,0.0,True,True,True,True,False,False,False,False,False,False,False,0.0
00cf99d4bb0825f4345e,grid,train,2de1fb11e4a5c310cbf6,4b596f897d0d46403f39ac54,964b08f3a4c0501f564a4917,3/20,C2,2,1,36,60,True,True,False,False,discovery_grid_train,noising,4b596f897d0d46403f39ac54,964b08f3a4c0501f564a4917,final_prompt,final_prompt,20,cross_patch,8879b69197e251bf105e80e0,-0.75,-0.75,0.75,0.75,-0.0,0.0,True,True,True,True,False,False,False,False,False,False,False,0.0
00cf99d4bb0825f4345e,grid,train,2de1fb11e4a5c310cbf6,4b596f897d0d46403f39ac54,964b08f3a4c0501f564a4917,3/20,C2,2,1,36,60,True,True,False,False,discovery_grid_train,noising,4b596f897d0d46403f39ac54,964b08f3a4c0501f564a4917,final_prompt,final_prompt,20,self_patch,d87d0029788288eee27e16d5,-0.75,-0.75,0.75,0.75,-0.0,0.0,True,True,True,True,False,False,False,False,False,False,False,0.0
00cf99d4bb0825f4345e,grid,train,2de1fb11e4a5c310cbf6,4b596f897d0d46403f39ac54,964b08f3a4c0501f564a4917,3/20,C2,2,1,36,60,True,True,False,False,discovery_grid_train,noising,4b596f897d0d46403f39ac54,964b08f3a4c0501f564a4917,final_prompt,final_prompt,21,cross_patch,990863f459efffc764671a4f,-0.75,-0.75,0.75,0.75,-0.0,0.0,True,True,True,True,False,False,False,False,False,False,False,0.0
00cf99d4bb0825f4345e,grid,train,2de1fb11e4a5c310cbf6,4b596f897d0d46403f39ac54,964b08f3a4c0501f564a4917,3/20,C2,2,1,36,60,True,True,False,False,discovery_grid_train,noising,4b596f897d0d46403f39ac54,964b08f3a4c0501f564a4917,final_prompt,final_prompt,21,self_patch,b4bcf688981bad8f9d22fc9d,-0.75,-0.75,0.75,0.75,-0.0,0.0,True,True,True,True,False,False,False,False,False,False,False,0.0
00cf99d4bb0825f4345e,grid,train,2de1fb11e4a5c310cbf6,4b596f897d0d46403f39ac54,964b08f3a4c0501f564a4917,3/20,C2,2,1,36,60,True,True,False,False,discovery_grid_train,noising,4b596f897d0d46403f39ac54,964b08f3a4c0501f564a4917,final_prompt,final_prompt,22,cross_patch,5aac6f42e0b5d424dc685d20,-0.75,-0.875,0.75,0.875,0.125,-0.125,True,True,True,True,False,False,False,False,False,False,False,-0.125
00cf99d4bb0825f4345e,grid,train,2de1fb11e4a5c310cbf6,4b596f897d0d46403f39ac54,964b08f3a4c0501f564a4917,3/20,C2,2,1,36,60,True,True,False,False,discovery_grid_train,noising,4b596f897d0d46403f39ac54,964b08f3a4c0501f564a4917,final_prompt,final_prompt,22,self_patch,9de400827b8bf727e3052076,-0.75,-0.75,0.75,0.75,-0.0,0.0,True,True,True,True,False,False,False,False,False,False,False,0.0
00cf99d4bb0825f4345e,grid,train,2de1fb11e4a5c310cbf6,4b596f897d0d46403f39ac54,964b08f3a4c0501f564a4917,3/20,C2,2,1,36,60,True,True,False,False,discovery_grid_train,noising,4b596f897d0d46403f39ac54,964b08f3a4c0501f564a4917,final_prompt,final_prompt,23,cross_patch,a9e68d3290854fb83deca73b,-0.75,-0.875,0.75,0.875,0.125,-0.125,True,True,True,True,False,False,False,False,False,False,False,-0.125
00cf99d4bb0825f4345e,grid,train,2de1fb11e4a5c310cbf6,4b596f897d0d46403f39ac54,964b08f3a4c0501f564a4917,3/20,C2,2,1,36,60,True,True,False,False,discovery_grid_train,noising,4b596f897d0d46403f39ac54,964b08f3a4c0501f564a4917,final_prompt,final_prompt,23,self_patch,b32f455a9e4ef803e99d4a8c,-0.75,-0.75,0.75,0.75,-0.0,0.0,True,True,True,True,False,False,False,False,False,False,False,0.0
00cf99d4bb0825f4345e,grid,train,2de1fb11e4a5c310cbf6,4b596f897d0d46403f39ac54,964b08f3a4c0501f564a4917,3/20,C2,2,1,36,60,True,True,False,False,discovery_grid_train,noising,4b596f897d0d46403f39ac54,964b08f3a4c0501f564a4917,final_prompt,final_prompt,24,cross_patch,64a6f0bad53e5e4fd4c893f3,-0.75,-0.875,0.75,0.875,0.125,-0.125,True,True,True,True,False,False,False,False,False,False,False,-0.125
00cf99d4bb0825f4345e,grid,train,2de1fb11e4a5c310cbf6,4b596f897d0d46403f39ac54,964b08f3a4c0501f564a4917,3/20,C2,2,1,36,60,True,True,False,False,discovery_grid_train,noising,4b596f897d0d46403f39ac54,964b08f3a4c0501f564a4917,final_prompt,final_prompt,24,self_patch,af54bb1698d9149931e26a98,-0.75,-0.75,0.75,0.75,-0.0,0.0,True,True,True,True,False,False,False,False,False,False,False,0.0
00cf99d4bb0825f4345e,grid,train,2de1fb11e4a5c310cbf6,4b596f897d0d46403f39ac54,964b08f3a4c0501f564a4917,3/20,C2,2,1,36,60,True,True,False,False,discovery_grid_train,noising,4b596f897d0d46403f39ac54,964b08f3a4c0501f564a4917,final_prompt,final_prompt,25,cross_patch,b21fcd53738c79874969555e,-0.75,-0.75,0.75,0.75,-0.0,0.0,True,True,True,True,False,False,False,False,False,False,False,0.0
00cf99d4bb0825f4345e,grid,train,2de1fb11e4a5c310cbf6,4b596f897d0d46403f39ac54,964b08f3a4c0501f564a4917,3/20,C2,2,1,36,60,True,True,False,False,discovery_grid_train,noising,4b596f897d0d46403f39ac54,964b08f3a4c0501f564a4917,final_prompt,final_prompt,25,self_patch,2f985523e6d5c1b55b2f877f,-0.75,-0.75,0.75,0.75,-0.0,0.0,True,True,True,True,False,False,False,False,False,False,False,0.0
00cf99d4bb0825f4345e,grid,train,2de1fb11e4a5c310cbf6,4b596f897d0d46403f39ac54,964b08f3a4c0501f564a4917,3/20,C2,2,1,36,60,True,True,False,False,discovery_grid_train,noising,4b596f897d0d46403f39ac54,964b08f3a4c0501f564a4917,final_prompt,final_prompt,26,cross_patch,c2ce280aa4b2fb29fd19e5e8,-0.75,-0.875,0.75,0.875,0.125,-0.125,True,True,True,True,False,False,False,False,False,False,False,-0.125
00cf99d4bb0825f4345e,grid,train,2de1fb11e4a5c310cbf6,4b596f897d0d46403f39ac54,964b08f3a4c0501f564a4917,3/20,C2,2,1,36,60,True,True,False,False,discovery_grid_train,noising,4b596f897d0d46403f39ac54,964b08f3a4c0501f564a4917,final_prompt,final_prompt,26,self_patch,f10b39e7620c1adb2eff8cbc,-0.75,-0.75,0.75,0.75,-0.0,0.0,True,True,True,True,False,False,False,False,False,False,False,0.0
00cf99d4bb0825f4345e,grid,train,2de1fb11e4a5c310cbf6,4b596f897d0d46403f39ac54,964b08f3a4c0501f564a4917,3/20,C2,2,1,36,60,True,True,False,False,discovery_grid_train,noising,4b596f897d0d46403f39ac54,964b08f3a4c0501f564a4917,final_prompt,final_prompt,27,cross_patch,9a615e06052152f6469a4084,-0.75,-0.75,0.75,0.75,-0.0,0.0,True,True,True,True,False,False,False,False,False,False,False,0.0
00cf99d4bb0825f4345e,grid,train,2de1fb11e4a5c310cbf6,4b596f897d0d46403f39ac54,964b08f3a4c0501f564a4917,3/20,C2,2,1,36,60,True,True,False,False,discovery_grid_train,noising,4b596f897d0d46403f39ac54,964b08f3a4c0501f564a4917,final_prompt,final_prompt,27,self_patch,c68423b843aea2fdbd30daa6,-0.75,-0.75,0.75,0.75,-0.0,0.0,True,True,True,True,False,False,False,False,False,False,False,0.0
00cf99d4bb0825f4345e,grid,train,2de1fb11e4a5c310cbf6,4b596f897d0d46403f39ac54,964b08f3a4c0501f564a4917,3/20,C2,2,1,36,60,True,True,False,False,discovery_grid_train,noising,4b596f897d0d46403f39ac54,964b08f3a4c0501f564a4917,final_prompt,final_prompt,28,cross_patch,5fc296356bc0b768d714342d,-0.75,-0.75,0.75,0.75,-0.0,0.0,True,True,True,True,False,False,False,False,False,False,False,0.0
00cf99d4bb0825f4345e,grid,train,2de1fb11e4a5c310cbf6,4b596f897d0d46403f39ac54,964b08f3a4c0501f564a4917,3/20,C2,2,1,36,60,True,True,False,False,discovery_grid_train,noising,4b596f897d0d46403f39ac54,964b08f3a4c0501f564a4917,final_prompt,final_prompt,28,self_patch,61ffc749e95a5c521c056310,-0.75,-0.75,0.75,0.75,-0.0,0.0,True,True,True,True,False,False,False,False,False,False,False,0.0
00cf99d4bb0825f4345e,grid,train,2de1fb11e4a5c310cbf6,4b596f897d0d46403f39ac54,964b08f3a4c0501f564a4917,3/20,C2,2,1,36,60,True,True,False,False,discovery_grid_train,noising,4b596f897d0d46403f39ac54,964b08f3a4c0501f564a4917,final_prompt,final_prompt,29,cross_patch,8034490bdbf7d578224ebed4,-0.75,-0.75,0.75,0.75,-0.0,0.0,True,True,True,True,False,False,False,False,False,False,False,0.0
00cf99d4bb0825f4345e,grid,train,2de1fb11e4a5c310cbf6,4b596f897d0d46403f39ac54,964b08f3a4c0501f564a4917,3/20,C2,2,1,36,60,True,True,False,False,discovery_grid_train,noising,4b596f897d0d46403f39ac54,964b08f3a4c0501f564a4917,final_prompt,final_prompt,29,self_patch,f69b1f88a721de61fb845e2f,-0.75,-0.75,0.75,0.75,-0.0,0.0,True,True,True,True,False,False,False,False,False,False,False,0.0
00cf99d4bb0825f4345e,grid,train,2de1fb11e4a5c310cbf6,4b596f897d0d46403f39ac54,964b08f3a4c0501f564a4917,3/20,C2,2,1,36,60,True,True,False,False,discovery_grid_train,noising,4b596f897d0d46403f39ac54,964b08f3a4c0501f564a4917,final_prompt,final_prompt,30,cross_patch,84b6d52aed62dbfbe3d1c780,-0.75,-0.75,0.75,0.75,-0.0,0.0,True,True,True,True,False,False,False,False,False,False,False,0.0
00cf99d4bb0825f4345e,grid,train,2de1fb11e4a5c310cbf6,4b596f897d0d46403f39ac54,964b08f3a4c0501f564a4917,3/20,C2,2,1,36,60,True,True,False,False,discovery_grid_train,noising,4b596f897d0d46403f39ac54,964b08f3a4c0501f564a4917,final_prompt,final_prompt,30,self_patch,ddceae20668146082f255ff3,-0.75,-0.75,0.75,0.75,-0.0,0.0,True,True,True,True,False,False,False,False,False,False,False,0.0
00cf99d4bb0825f4345e,grid,train,2de1fb11e4a5c310cbf6,4b596f897d0d46403f39ac54,964b08f3a4c0501f564a4917,3/20,C2,2,1,36,60,True,True,False,False,discovery_grid_train,noising,4b596f897d0d46403f39ac54,964b08f3a4c0501f564a4917,final_prompt,final_prompt,31,cross_patch,8bbae314f5e9a1d1d7275adf,-0.75,-0.75,0.75,0.75,-0.0,0.0,True,True,True,True,False,False,False,False,False,False,False,0.0
00cf99d4bb0825f4345e,grid,train,2de1fb11e4a5c310cbf6,4b596f897d0d46403f39ac54,964b08f3a4c0501f564a4917,3/20,C2,2,1,36,60,True,True,False,False,discovery_grid_train,noising,4b596f897d0d46403f39ac54,964b08f3a4c0501f564a4917,final_prompt,final_prompt,31,self_patch,69b912ded77057522501173d,-0.75,-0.75,0.75,0.75,-0.0,0.0,True,True,True,True,False,False,False,False,False,False,False,0.0
00cf99d4bb0825f4345e,grid,train,2de1fb11e4a5c310cbf6,4b596f897d0d46403f39ac54,964b08f3a4c0501f564a4917,3/20,C2,2,1,36,60,True,True,False,False,discovery_grid_train,noising,4b596f897d0d46403f39ac54,964b08f3a4c0501f564a4917,answer_prefix,answer_prefix,0,cross_patch,274121ac47c065c6b544c4ea,-0.75,-0.75,0.75,0.75,-0.0,0.0,True,True,True,True,False,False,False,False,False,False,False,0.0
00cf99d4bb0825f4345e,grid,train,2de1fb11e4a5c310cbf6,4b596f897d0d46403f39ac54,964b08f3a4c0501f564a4917,3/20,C2,2,1,36,60,True,True,False,False,discovery_grid_train,noising,4b596f897d0d46403f39ac54,964b08f3a4c0501f564a4917,answer_prefix,answer_prefix,0,self_patch,ff57d90d59b8e75e21fe436a,-0.75,-0.75,0.75,0.75,-0.0,0.0,True,True,True,True,False,False,False,False,False,False,False,0.0
00cf99d4bb0825f4345e,grid,train,2de1fb11e4a5c310cbf6,4b596f897d0d46403f39ac54,964b08f3a4c0501f564a4917,3/20,C2,2,1,36,60,True,True,False,False,discovery_grid_train,noising,4b596f897d0d46403f39ac54,964b08f3a4c0501f564a4917,answer_prefix,answer_prefix,1,cross_patch,a78c60e38f953741c7023a41,-0.75,-0.875,0.75,0.875,0.125,-0.125,True,True,True,True,False,False,False,False,False,False,False,-0.125
00cf99d4bb0825f4345e,grid,train,2de1fb11e4a5c310cbf6,4b596f897d0d46403f39ac54,964b08f3a4c0501f564a4917,3/20,C2,2,1,36,60,True,True,False,False,discovery_grid_train,noising,4b596f897d0d46403f39ac54,964b08f3a4c0501f564a4917,answer_prefix,answer_prefix,1,self_patch,9234315ff8b0e7c53bcbbdb2,-0.75,-0.75,0.75,0.75,-0.0,0.0,True,True,True,True,False,False,False,False,False,False,False,0.0
00cf99d4bb0825f4345e,grid,train,2de1fb11e4a5c310cbf6,4b596f897d0d46403f39ac54,964b08f3a4c0501f564a4917,3/20,C2,2,1,36,60,True,True,False,False,discovery_grid_train,noising,4b596f897d0d46403f39ac54,964b08f3a4c0501f564a4917,answer_prefix,answer_prefix,2,cross_patch,5f6679499acb847002c516cb,-0.75,-0.875,0.75,0.875,0.125,-0.125,True,True,True,True,False,False,False,False,False,False,False,-0.125
00cf99d4bb0825f4345e,grid,train,2de1fb11e4a5c310cbf6,4b596f897d0d46403f39ac54,964b08f3a4c0501f564a4917,3/20,C2,2,1,36,60,True,True,False,False,discovery_grid_train,noising,4b596f897d0d46403f39ac54,964b08f3a4c0501f564a4917,answer_prefix,answer_prefix,2,self_patch,67f2c7df9b8f530de660f3ec,-0.75,-0.75,0.75,0.75,-0.0,0.0,True,True,True,True,False,False,False,False,False,False,False,0.0
00cf99d4bb0825f4345e,grid,train,2de1fb11e4a5c310cbf6,4b596f897d0d46403f39ac54,964b08f3a4c0501f564a4917,3/20,C2,2,1,36,60,True,True,False,False,discovery_grid_train,noising,4b596f897d0d46403f39ac54,964b08f3a4c0501f564a4917,answer_prefix,answer_prefix,3,cross_patch,1d235a02441350022d8f6a0a,-0.75,-0.875,0.75,0.875,0.125,-0.125,True,True,True,True,False,False,False,False,False,False,False,-0.125
00cf99d4bb0825f4345e,grid,train,2de1fb11e4a5c310cbf6,4b596f897d0d46403f39ac54,964b08f3a4c0501f564a4917,3/20,C2,2,1,36,60,True,True,False,False,discovery_grid_train,noising,4b596f897d0d46403f39ac54,964b08f3a4c0501f564a4917,answer_prefix,answer_prefix,3,self_patch,e3c008e5770153cbbfcb0f6b,-0.75,-0.75,0.75,0.75,-0.0,0.0,True,True,True,True,False,False,False,False,False,False,False,0.0
00cf99d4bb0825f4345e,grid,train,2de1fb11e4a5c310cbf6,4b596f897d0d46403f39ac54,964b08f3a4c0501f564a4917,3/20,C2,2,1,36,60,True,True,False,False,discovery_grid_train,noising,4b596f897d0d46403f39ac54,964b08f3a4c0501f564a4917,answer_prefix,answer_prefix,4,cross_patch,a292082a4f2a0808eaef957b,-0.75,-0.75,0.75,0.75,-0.0,0.0,True,True,True,True,False,False,False,False,False,False,False,0.0
00cf99d4bb0825f4345e,grid,train,2de1fb11e4a5c310cbf6,4b596f897d0d46403f39ac54,964b08f3a4c0501f564a4917,3/20,C2,2,1,36,60,True,True,False,False,discovery_grid_train,noising,4b596f897d0d46403f39ac54,964b08f3a4c0501f564a4917,answer_prefix,answer_prefix,4,self_patch,f2af634f6afa8a44e52774b4,-0.75,-0.75,0.75,0.75,-0.0,0.0,True,True,True,True,False,False,False,False,False,False,False,0.0
00cf99d4bb0825f4345e,grid,train,2de1fb11e4a5c310cbf6,4b596f897d0d46403f39ac54,964b08f3a4c0501f564a4917,3/20,C2,2,1,36,60,True,True,False,False,discovery_grid_train,noising,4b596f897d0d46403f39ac54,964b08f3a4c0501f564a4917,answer_prefix,answer_prefix,5,cross_patch,4110926a321dd27498840611,-0.75,-0.875,0.75,0.875,0.125,-0.125,True,True,True,True,False,False,False,False,False,False,False,-0.125
00cf99d4bb0825f4345e,grid,train,2de1fb11e4a5c310cbf6,4b596f897d0d46403f39ac54,964b08f3a4c0501f564a4917,3/20,C2,2,1,36,60,True,True,False,False,discovery_grid_train,noising,4b596f897d0d46403f39ac54,964b08f3a4c0501f564a4917,answer_prefix,answer_prefix,5,self_patch,af3aba34021640abee633150,-0.75,-0.75,0.75,0.75,-0.0,0.0,True,True,True,True,False,False,False,False,False,False,False,0.0
00cf99d4bb0825f4345e,grid,train,2de1fb11e4a5c310cbf6,4b596f897d0d46403f39ac54,964b08f3a4c0501f564a4917,3/20,C2,2,1,36,60,True,True,False,False,discovery_grid_train,noising,4b596f897d0d46403f39ac54,964b08f3a4c0501f564a4917,answer_prefix,answer_prefix,6,cross_patch,8314dd9bde93376c132ce4ca,-0.75,-0.75,0.75,0.75,-0.0,0.0,True,True,True,True,False,False,False,False,False,False,False,0.0
00cf99d4bb0825f4345e,grid,train,2de1fb11e4a5c310cbf6,4b596f897d0d46403f39ac54,964b08f3a4c0501f564a4917,3/20,C2,2,1,36,60,True,True,False,False,discovery_grid_train,noising,4b596f897d0d46403f39ac54,964b08f3a4c0501f564a4917,answer_prefix,answer_prefix,6,self_patch,7d47580ddb70c6732d1ba67b,-0.75,-0.75,0.75,0.75,-0.0,0.0,True,True,True,True,False,False,False,False,False,False,False,0.0
00cf99d4bb0825f4345e,grid,train,2de1fb11e4a5c310cbf6,4b596f897d0d46403f39ac54,964b08f3a4c0501f564a4917,3/20,C2,2,1,36,60,True,True,False,False,discovery_grid_train,noising,4b596f897d0d46403f39ac54,964b08f3a4c0501f564a4917,answer_prefix,answer_prefix,7,cross_patch,36d483deb64df5e8c4aca236,-0.75,-0.75,0.75,0.75,-0.0,0.0,True,True,True,True,False,False,False,False,False,False,False,0.0
00cf99d4bb0825f4345e,grid,train,2de1fb11e4a5c310cbf6,4b596f897d0d46403f39ac54,964b08f3a4c0501f564a4917,3/20,C2,2,1,36,60,True,True,False,False,discovery_grid_train,noising,4b596f897d0d46403f39ac54,964b08f3a4c0501f564a4917,answer_prefix,answer_prefix,7,self_patch,d19b572f70f9bfe06ee0db77,-0.75,-0.75,0.75,0.75,-0.0,0.0,True,True,True,True,False,False,False,False,False,False,False,0.0
00cf99d4bb0825f4345e,grid,train,2de1fb11e4a5c310cbf6,4b596f897d0d46403f39ac54,964b08f3a4c0501f564a4917,3/20,C2,2,1,36,60,True,True,False,False,discovery_grid_train,noising,4b596f897d0d46403f39ac54,964b08f3a4c0501f564a4917,answer_prefix,answer_prefix,8,cross_patch,6e7aad76b990b71fb4db8afa,-0.75,-0.875,0.75,0.875,0.125,-0.125,True,True,True,True,False,False,False,False,False,False,False,-0.125
00cf99d4bb0825f4345e,grid,train,2de1fb11e4a5c310cbf6,4b596f897d0d46403f39ac54,964b08f3a4c0501f564a4917,3/20,C2,2,1,36,60,True,True,False,False,discovery_grid_train,noising,4b596f897d0d46403f39ac54,964b08f3a4c0501f564a4917,answer_prefix,answer_prefix,8,self_patch,9e540f7507ff33e9eca9de51,-0.75,-0.75,0.75,0.75,-0.0,0.0,True,True,True,True,False,False,False,False,False,False,False,0.0
00cf99d4bb0825f4345e,grid,train,2de1fb11e4a5c310cbf6,4b596f897d0d46403f39ac54,964b08f3a4c0501f564a4917,3/20,C2,2,1,36,60,True,True,False,False,discovery_grid_train,noising,4b596f897d0d46403f39ac54,964b08f3a4c0501f564a4917,answer_prefix,answer_prefix,9,cross_patch,88e08f3e8d99014610ee5997,-0.75,-0.75,0.75,0.75,-0.0,0.0,True,True,True,True,False,False,False,False,False,False,False,0.0
00cf99d4bb0825f4345e,grid,train,2de1fb11e4a5c310cbf6,4b596f897d0d46403f39ac54,964b08f3a4c0501f564a4917,3/20,C2,2,1,36,60,True,True,False,False,discovery_grid_train,noising,4b596f897d0d46403f39ac54,964b08f3a4c0501f564a4917,answer_prefix,answer_prefix,9,self_patch,044a073682f8888e70c1e98d,-0.75,-0.75,0.75,0.75,-0.0,0.0,True,True,True,True,False,False,False,False,False,False,False,0.0
00cf99d4bb0825f4345e,grid,train,2de1fb11e4a5c310cbf6,4b596f897d0d46403f39ac54,964b08f3a4c0501f564a4917,3/20,C2,2,1,36,60,True,True,False,False,discovery_grid_train,noising,4b596f897d0d46403f39ac54,964b08f3a4c0501f564a4917,answer_prefix,answer_prefix,10,cross_patch,10cec37948779a910067790b,-0.75,-0.75,0.75,0.75,-0.0,0.0,True,True,True,True,False,False,False,False,False,False,False,0.0
00cf99d4bb0825f4345e,grid,train,2de1fb11e4a5c310cbf6,4b596f897d0d46403f39ac54,964b08f3a4c0501f564a4917,3/20,C2,2,1,36,60,True,True,False,False,discovery_grid_train,noising,4b596f897d0d46403f39ac54,964b08f3a4c0501f564a4917,answer_prefix,answer_prefix,10,self_patch,de4297e65a972c64c320e3b8,-0.75,-0.75,0.75,0.75,-0.0,0.0,True,True,True,True,False,False,False,False,False,False,False,0.0
00cf99d4bb0825f4345e,grid,train,2de1fb11e4a5c310cbf6,4b596f897d0d46403f39ac54,964b08f3a4c0501f564a4917,3/20,C2,2,1,36,60,True,True,False,False,discovery_grid_train,noising,4b596f897d0d46403f39ac54,964b08f3a4c0501f564a4917,answer_prefix,answer_prefix,11,cross_patch,4557ef19cbc632e636c1fe52,-0.75,-0.75,0.75,0.75,-0.0,0.0,True,True,True,True,False,False,False,False,False,False,False,0.0
00cf99d4bb0825f4345e,grid,train,2de1fb11e4a5c310cbf6,4b596f897d0d46403f39ac54,964b08f3a4c0501f564a4917,3/20,C2,2,1,36,60,True,True,False,False,discovery_grid_train,noising,4b596f897d0d46403f39ac54,964b08f3a4c0501f564a4917,answer_prefix,answer_prefix,11,self_patch,c0bad5ad171f20b1e8745920,-0.75,-0.75,0.75,0.75,-0.0,0.0,True,True,True,True,False,False,False,False,False,False,False,0.0
00cf99d4bb0825f4345e,grid,train,2de1fb11e4a5c310cbf6,4b596f897d0d46403f39ac54,964b08f3a4c0501f564a4917,3/20,C2,2,1,36,60,True,True,False,False,discovery_grid_train,noising,4b596f897d0d46403f39ac54,964b08f3a4c0501f564a4917,answer_prefix,answer_prefix,12,cross_patch,10b6cb20bb66acaa652884a1,-0.75,-0.75,0.75,0.75,-0.0,0.0,True,True,True,True,False,False,False,False,False,False,False,0.0
00cf99d4bb0825f4345e,grid,train,2de1fb11e4a5c310cbf6,4b596f897d0d46403f39ac54,964b08f3a4c0501f564a4917,3/20,C2,2,1,36,60,True,True,False,False,discovery_grid_train,noising,4b596f897d0d46403f39ac54,964b08f3a4c0501f564a4917,answer_prefix,answer_prefix,12,self_patch,3b941d3f1859d478a45feb8a,-0.75,-0.75,0.75,0.75,-0.0,0.0,True,True,True,True,False,False,False,False,False,False,False,0.0
00cf99d4bb0825f4345e,grid,train,2de1fb11e4a5c310cbf6,4b596f897d0d46403f39ac54,964b08f3a4c0501f564a4917,3/20,C2,2,1,36,60,True,True,False,False,discovery_grid_train,noising,4b596f897d0d46403f39ac54,964b08f3a4c0501f564a4917,answer_prefix,answer_prefix,13,cross_patch,862fa254b6bf4b21342b9d0a,-0.75,-0.75,0.75,0.75,-0.0,0.0,True,True,True,True,False,False,False,False,False,False,False,0.0
00cf99d4bb0825f4345e,grid,train,2de1fb11e4a5c310cbf6,4b596f897d0d46403f39ac54,964b08f3a4c0501f564a4917,3/20,C2,2,1,36,60,True,True,False,False,discovery_grid_train,noising,4b596f897d0d46403f39ac54,964b08f3a4c0501f564a4917,answer_prefix,answer_prefix,13,self_patch,b9282d1f325fd42362362e3e,-0.75,-0.75,0.75,0.75,-0.0,0.0,True,True,True,True,False,False,False,False,False,False,False,0.0
00cf99d4bb0825f4345e,grid,train,2de1fb11e4a5c310cbf6,4b596f897d0d46403f39ac54,964b08f3a4c0501f564a4917,3/20,C2,2,1,36,60,True,True,False,False,discovery_grid_train,noising,4b596f897d0d46403f39ac54,964b08f3a4c0501f564a4917,answer_prefix,answer_prefix,14,cross_patch,2a6d3f5ab75d274c520c1949,-0.75,-0.75,0.75,0.75,-0.0,0.0,True,True,True,True,False,False,False,False,False,False,False,0.0
00cf99d4bb0825f4345e,grid,train,2de1fb11e4a5c310cbf6,4b596f897d0d46403f39ac54,964b08f3a4c0501f564a4917,3/20,C2,2,1,36,60,True,True,False,False,discovery_grid_train,noising,4b596f897d0d46403f39ac54,964b08f3a4c0501f564a4917,answer_prefix,answer_prefix,14,self_patch,427a7b651aee30cc2aafd29c,-0.75,-0.75,0.75,0.75,-0.0,0.0,True,True,True,True,False,False,False,False,False,False,False,0.0
00cf99d4bb0825f4345e,grid,train,2de1fb11e4a5c310cbf6,4b596f897d0d46403f39ac54,964b08f3a4c0501f564a4917,3/20,C2,2,1,36,60,True,True,False,False,discovery_grid_train,noising,4b596f897d0d46403f39ac54,964b08f3a4c0501f564a4917,answer_prefix,answer_prefix,15,cross_patch,1076b71a900ad7a579b13435,-0.75,-0.75,0.75,0.75,-0.0,0.0,True,True,True,True,False,False,False,False,False,False,False,0.0
00cf99d4bb0825f4345e,grid,train,2de1fb11e4a5c310cbf6,4b596f897d0d46403f39ac54,964b08f3a4c0501f564a4917,3/20,C2,2,1,36,60,True,True,False,False,discovery_grid_train,noising,4b596f897d0d46403f39ac54,964b08f3a4c0501f564a4917,answer_prefix,answer_prefix,15,self_patch,1c30f96403f1664067668c9d,-0.75,-0.75,0.75,0.75,-0.0,0.0,True,True,True,True,False,False,False,False,False,False,False,0.0
00cf99d4bb0825f4345e,grid,train,2de1fb11e4a5c310cbf6,4b596f897d0d46403f39ac54,964b08f3a4c0501f564a4917,3/20,C2,2,1,36,60,True,True,False,False,discovery_grid_train,noising,4b596f897d0d46403f39ac54,964b08f3a4c0501f564a4917,answer_prefix,answer_prefix,16,cross_patch,669903a2571f9abd8c53d079,-0.75,-0.875,0.75,0.875,0.125,-0.125,True,True,True,True,False,False,False,False,False,False,False,-0.125
00cf99d4bb0825f4345e,grid,train,2de1fb11e4a5c310cbf6,4b596f897d0d46403f39ac54,964b08f3a4c0501f564a4917,3/20,C2,2,1,36,60,True,True,False,False,discovery_grid_train,noising,4b596f897d0d46403f39ac54,964b08f3a4c0501f564a4917,answer_prefix,answer_prefix,16,self_patch,a47f53e04dab7ef959885f9b,-0.75,-0.75,0.75,0.75,-0.0,0.0,True,True,True,True,False,False,False,False,False,False,False,0.0
00cf99d4bb0825f4345e,grid,train,2de1fb11e4a5c310cbf6,4b596f897d0d46403f39ac54,964b08f3a4c0501f564a4917,3/20,C2,2,1,36,60,True,True,False,False,discovery_grid_train,noising,4b596f897d0d46403f39ac54,964b08f3a4c0501f564a4917,answer_prefix,answer_prefix,17,cross_patch,09d593b3b93ca43734cea88c,-0.75,-0.75,0.75,0.75,-0.0,0.0,True,True,True,True,False,False,False,False,False,False,False,0.0
00cf99d4bb0825f4345e,grid,train,2de1fb11e4a5c310cbf6,4b596f897d0d46403f39ac54,964b08f3a4c0501f564a4917,3/20,C2,2,1,36,60,True,True,False,False,discovery_grid_train,noising,4b596f897d0d46403f39ac54,964b08f3a4c0501f564a4917,answer_prefix,answer_prefix,17,self_patch,66d13539d2c2b33449a5dc87,-0.75,-0.75,0.75,0.75,-0.0,0.0,True,True,True,True,False,False,False,False,False,False,False,0.0
00cf99d4bb0825f4345e,grid,train,2de1fb11e4a5c310cbf6,4b596f897d0d46403f39ac54,964b08f3a4c0501f564a4917,3/20,C2,2,1,36,60,True,True,False,False,discovery_grid_train,noising,4b596f897d0d46403f39ac54,964b08f3a4c0501f564a4917,answer_prefix,answer_prefix,18,cross_patch,c99c67fb447d822f0e850e8c,-0.75,-0.75,0.75,0.75,-0.0,0.0,True,True,True,True,False,False,False,False,False,False,False,0.0
00cf99d4bb0825f4345e,grid,train,2de1fb11e4a5c310cbf6,4b596f897d0d46403f39ac54,964b08f3a4c0501f564a4917,3/20,C2,2,1,36,60,True,True,False,False,discovery_grid_train,noising,4b596f897d0d46403f39ac54,964b08f3a4c0501f564a4917,answer_prefix,answer_prefix,18,self_patch,ef2292cacda80f76f101fe36,-0.75,-0.75,0.75,0.75,-0.0,0.0,True,True,True,True,False,False,False,False,False,False,False,0.0
00cf99d4bb0825f4345e,grid,train,2de1fb11e4a5c310cbf6,4b596f897d0d46403f39ac54,964b08f3a4c0501f564a4917,3/20,C2,2,1,36,60,True,True,False,False,discovery_grid_train,noising,4b596f897d0d46403f39ac54,964b08f3a4c0501f564a4917,answer_prefix,answer_prefix,19,cross_patch,7ce78c56bb07be7484c50bdc,-0.75,-0.75,0.75,0.75,-0.0,0.0,True,True,True,True,False,False,False,False,False,False,False,0.0
00cf99d4bb0825f4345e,grid,train,2de1fb11e4a5c310cbf6,4b596f897d0d46403f39ac54,964b08f3a4c0501f564a4917,3/20,C2,2,1,36,60,True,True,False,False,discovery_grid_train,noising,4b596f897d0d46403f39ac54,964b08f3a4c0501f564a4917,answer_prefix,answer_prefix,19,self_patch,db49b53143bc723cd72690e0,-0.75,-0.75,0.75,0.75,-0.0,0.0,True,True,True,True,False,False,False,False,False,False,False,0.0
00cf99d4bb0825f4345e,grid,train,2de1fb11e4a5c310cbf6,4b596f897d0d46403f39ac54,964b08f3a4c0501f564a4917,3/20,C2,2,1,36,60,True,True,False,False,discovery_grid_train,noising,4b596f897d0d46403f39ac54,964b08f3a4c0501f564a4917,answer_prefix,answer_prefix,20,cross_patch,54ab4e59349099e93fb4d99a,-0.75,-0.625,0.75,0.625,-0.125,0.125,True,True,True,True,False,False,False,False,False,False,False,0.125
00cf99d4bb0825f4345e,grid,train,2de1fb11e4a5c310cbf6,4b596f897d0d46403f39ac54,964b08f3a4c0501f564a4917,3/20,C2,2,1,36,60,True,True,False,False,discovery_grid_train,noising,4b596f897d0d46403f39ac54,964b08f3a4c0501f564a4917,answer_prefix,answer_prefix,20,self_patch,e34b3db4ba4faafc1808a7c4,-0.75,-0.75,0.75,0.75,-0.0,0.0,True,True,True,True,False,False,False,False,False,False,False,0.0
00cf99d4bb0825f4345e,grid,train,2de1fb11e4a5c310cbf6,4b596f897d0d46403f39ac54,964b08f3a4c0501f564a4917,3/20,C2,2,1,36,60,True,True,False,False,discovery_grid_train,noising,4b596f897d0d46403f39ac54,964b08f3a4c0501f564a4917,answer_prefix,answer_prefix,21,cross_patch,bf9f549fbba8bdf550dbd93f,-0.75,-0.75,0.75,0.75,-0.0,0.0,True,True,True,True,False,False,False,False,False,False,False,0.0
00cf99d4bb0825f4345e,grid,train,2de1fb11e4a5c310cbf6,4b596f897d0d46403f39ac54,964b08f3a4c0501f564a4917,3/20,C2,2,1,36,60,True,True,False,False,discovery_grid_train,noising,4b596f897d0d46403f39ac54,964b08f3a4c0501f564a4917,answer_prefix,answer_prefix,21,self_patch,0cca1e3add46e133a847e411,-0.75,-0.75,0.75,0.75,-0.0,0.0,True,True,True,True,False,False,False,False,False,False,False,0.0
00cf99d4bb0825f4345e,grid,train,2de1fb11e4a5c310cbf6,4b596f897d0d46403f39ac54,964b08f3a4c0501f564a4917,3/20,C2,2,1,36,60,True,True,False,False,discovery_grid_train,noising,4b596f897d0d46403f39ac54,964b08f3a4c0501f564a4917,answer_prefix,answer_prefix,22,cross_patch,155de70b8088645945babdc6,-0.75,-0.75,0.75,0.75,-0.0,0.0,True,True,True,True,False,False,False,False,False,False,False,0.0
00cf99d4bb0825f4345e,grid,train,2de1fb11e4a5c310cbf6,4b596f897d0d46403f39ac54,964b08f3a4c0501f564a4917,3/20,C2,2,1,36,60,True,True,False,False,discovery_grid_train,noising,4b596f897d0d46403f39ac54,964b08f3a4c0501f564a4917,answer_prefix,answer_prefix,22,self_patch,61776f6df26a4cdda3eca3b8,-0.75,-0.75,0.75,0.75,-0.0,0.0,True,True,True,True,False,False,False,False,False,False,False,0.0
00cf99d4bb0825f4345e,grid,train,2de1fb11e4a5c310cbf6,4b596f897d0d46403f39ac54,964b08f3a4c0501f564a4917,3/20,C2,2,1,36,60,True,True,False,False,discovery_grid_train,noising,4b596f897d0d46403f39ac54,964b08f3a4c0501f564a4917,answer_prefix,answer_prefix,23,cross_patch,d08272070366b521b0ccbe19,-0.75,-0.625,0.75,0.625,-0.125,0.125,True,True,True,True,False,False,False,False,False,False,False,0.125
00cf99d4bb0825f4345e,grid,train,2de1fb11e4a5c310cbf6,4b596f897d0d46403f39ac54,964b08f3a4c0501f564a4917,3/20,C2,2,1,36,60,True,True,False,False,discovery_grid_train,noising,4b596f897d0d46403f39ac54,964b08f3a4c0501f564a4917,answer_prefix,answer_prefix,23,self_patch,0104da045337be1c7c7b5c4c,-0.75,-0.75,0.75,0.75,-0.0,0.0,True,True,True,True,False,False,False,False,False,False,False,0.0
00cf99d4bb0825f4345e,grid,train,2de1fb11e4a5c310cbf6,4b596f897d0d46403f39ac54,964b08f3a4c0501f564a4917,3/20,C2,2,1,36,60,True,True,False,False,discovery_grid_train,noising,4b596f897d0d46403f39ac54,964b08f3a4c0501f564a4917,answer_prefix,answer_prefix,24,cross_patch,66885beaf7c9c887305434cc,-0.75,-0.625,0.75,0.625,-0.125,0.125,True,True,True,True,False,False,False,False,False,False,False,0.125
00cf99d4bb0825f4345e,grid,train,2de1fb11e4a5c310cbf6,4b596f897d0d46403f39ac54,964b08f3a4c0501f564a4917,3/20,C2,2,1,36,60,True,True,False,False,discovery_grid_train,noising,4b596f897d0d46403f39ac54,964b08f3a4c0501f564a4917,answer_prefix,answer_prefix,24,self_patch,ce320178fa81f3cd0704097d,-0.75,-0.75,0.75,0.75,-0.0,0.0,True,True,True,True,False,False,False,False,False,False,False,0.0
00cf99d4bb0825f4345e,grid,train,2de1fb11e4a5c310cbf6,4b596f897d0d46403f39ac54,964b08f3a4c0501f564a4917,3/20,C2,2,1,36,60,True,True,False,False,discovery_grid_train,noising,4b596f897d0d46403f39ac54,964b08f3a4c0501f564a4917,answer_prefix,answer_prefix,25,cross_patch,6790ab717e56d018148dfdb2,-0.75,-0.5,0.75,0.5,-0.25,0.25,True,True,True,True,False,False,False,False,False,False,False,0.25
00cf99d4bb0825f4345e,grid,train,2de1fb11e4a5c310cbf6,4b596f897d0d46403f39ac54,964b08f3a4c0501f564a4917,3/20,C2,2,1,36,60,True,True,False,False,discovery_grid_train,noising,4b596f897d0d46403f39ac54,964b08f3a4c0501f564a4917,answer_prefix,answer_prefix,25,self_patch,c9b9d14aa9aaa483ce8f67b2,-0.75,-0.75,0.75,0.75,-0.0,0.0,True,True,True,True,False,False,False,False,False,False,False,0.0
00cf99d4bb0825f4345e,grid,train,2de1fb11e4a5c310cbf6,4b596f897d0d46403f39ac54,964b08f3a4c0501f564a4917,3/20,C2,2,1,36,60,True,True,False,False,discovery_grid_train,noising,4b596f897d0d46403f39ac54,964b08f3a4c0501f564a4917,answer_prefix,answer_prefix,26,cross_patch,66bd737257300fa2f7f7064f,-0.75,-0.625,0.75,0.625,-0.125,0.125,True,True,True,True,False,False,False,False,False,False,False,0.125
00cf99d4bb0825f4345e,grid,train,2de1fb11e4a5c310cbf6,4b596f897d0d46403f39ac54,964b08f3a4c0501f564a4917,3/20,C2,2,1,36,60,True,True,False,False,discovery_grid_train,noising,4b596f897d0d46403f39ac54,964b08f3a4c0501f564a4917,answer_prefix,answer_prefix,26,self_patch,2e009d9da385fd9ac64fc86d,-0.75,-0.75,0.75,0.75,-0.0,0.0,True,True,True,True,False,False,False,False,False,False,False,0.0
00cf99d4bb0825f4345e,grid,train,2de1fb11e4a5c310cbf6,4b596f897d0d46403f39ac54,964b08f3a4c0501f564a4917,3/20,C2,2,1,36,60,True,True,False,False,discovery_grid_train,noising,4b596f897d0d46403f39ac54,964b08f3a4c0501f564a4917,answer_prefix,answer_prefix,27,cross_patch,f60a7b7679f9b447349ac170,-0.75,-0.5,0.75,0.5,-0.25,0.25,True,True,True,True,False,False,False,False,False,False,False,0.25
00cf99d4bb0825f4345e,grid,train,2de1fb11e4a5c310cbf6,4b596f897d0d46403f39ac54,964b08f3a4c0501f564a4917,3/20,C2,2,1,36,60,True,True,False,False,discovery_grid_train,noising,4b596f897d0d46403f39ac54,964b08f3a4c0501f564a4917,answer_prefix,answer_prefix,27,self_patch,aae90d9883411c21e8be7bb2,-0.75,-0.75,0.75,0.75,-0.0,0.0,True,True,True,True,False,False,False,False,False,False,False,0.0
00cf99d4bb0825f4345e,grid,train,2de1fb11e4a5c310cbf6,4b596f897d0d46403f39ac54,964b08f3a4c0501f564a4917,3/20,C2,2,1,36,60,True,True,False,False,discovery_grid_train,noising,4b596f897d0d46403f39ac54,964b08f3a4c0501f564a4917,answer_prefix,answer_prefix,28,cross_patch,15e87b3fa426564175ce4cc2,-0.75,-0.5,0.75,0.5,-0.25,0.25,True,True,True,True,False,False,False,False,False,False,False,0.25
00cf99d4bb0825f4345e,grid,train,2de1fb11e4a5c310cbf6,4b596f897d0d46403f39ac54,964b08f3a4c0501f564a4917,3/20,C2,2,1,36,60,True,True,False,False,discovery_grid_train,noising,4b596f897d0d46403f39ac54,964b08f3a4c0501f564a4917,answer_prefix,answer_prefix,28,self_patch,50fabec3fe95449c6823cc98,-0.75,-0.75,0.75,0.75,-0.0,0.0,True,True,True,True,False,False,False,False,False,False,False,0.0
00cf99d4bb0825f4345e,grid,train,2de1fb11e4a5c310cbf6,4b596f897d0d46403f39ac54,964b08f3a4c0501f564a4917,3/20,C2,2,1,36,60,True,True,False,False,discovery_grid_train,noising,4b596f897d0d46403f39ac54,964b08f3a4c0501f564a4917,answer_prefix,answer_prefix,29,cross_patch,ec581de75ef3445851d57ea0,-0.75,-0.375,0.75,0.375,-0.375,0.375,True,True,True,True,False,False,False,False,False,False,False,0.375
00cf99d4bb0825f4345e,grid,train,2de1fb11e4a5c310cbf6,4b596f897d0d46403f39ac54,964b08f3a4c0501f564a4917,3/20,C2,2,1,36,60,True,True,False,False,discovery_grid_train,noising,4b596f897d0d46403f39ac54,964b08f3a4c0501f564a4917,answer_prefix,answer_prefix,29,self_patch,e7308d4db2d37d37efec543e,-0.75,-0.75,0.75,0.75,-0.0,0.0,True,True,True,True,False,False,False,False,False,False,False,0.0
00cf99d4bb0825f4345e,grid,train,2de1fb11e4a5c310cbf6,4b596f897d0d46403f39ac54,964b08f3a4c0501f564a4917,3/20,C2,2,1,36,60,True,True,False,False,discovery_grid_train,noising,4b596f897d0d46403f39ac54,964b08f3a4c0501f564a4917,answer_prefix,answer_prefix,30,cross_patch,3092c7770bbfce4f6c9652c6,-0.75,0.875,0.75,-0.875,-1.625,1.625,True,False,True,False,False,True,False,True,True,False,True,1.625
00cf99d4bb0825f4345e,grid,train,2de1fb11e4a5c310cbf6,4b596f897d0d46403f39ac54,964b08f3a4c0501f564a4917,3/20,C2,2,1,36,60,True,True,False,False,discovery_grid_train,noising,4b596f897d0d46403f39ac54,964b08f3a4c0501f564a4917,answer_prefix,answer_prefix,30,self_patch,59fdad510a835dbf611db8f3,-0.75,-0.75,0.75,0.75,-0.0,0.0,True,True,True,True,False,False,False,False,False,False,False,0.0
00cf99d4bb0825f4345e,grid,train,2de1fb11e4a5c310cbf6,4b596f897d0d46403f39ac54,964b08f3a4c0501f564a4917,3/20,C2,2,1,36,60,True,True,False,False,discovery_grid_train,noising,4b596f897d0d46403f39ac54,964b08f3a4c0501f564a4917,answer_prefix,answer_prefix,31,cross_patch,c50811e604df77aa8644ee74,-0.75,1.125,0.75,-1.125,-1.875,1.875,True,False,True,False,False,True,False,True,True,False,True,1.875
00cf99d4bb0825f4345e,grid,train,2de1fb11e4a5c310cbf6,4b596f897d0d46403f39ac54,964b08f3a4c0501f564a4917,3/20,C2,2,1,36,60,True,True,False,False,discovery_grid_train,noising,4b596f897d0d46403f39ac54,964b08f3a4c0501f564a4917,answer_prefix,answer_prefix,31,self_patch,cef53a77d10b4d25ff2517f6,-0.75,-0.75,0.75,0.75,-0.0,0.0,True,True,True,True,False,False,False,False,False,False,False,0.0
013341a18000cae15a4e,grid,train,fa7d51c76147fd75ac2e,9561f027eac5fe27843c73c4,db178cba11b27405a2d53f25,7/20,C1,1,2,16,13,True,True,False,False,discovery_grid_train,denoising,db178cba11b27405a2d53f25,9561f027eac5fe27843c73c4,final_prompt,final_prompt,0,cross_patch,9b7c422f12f2752ace47c7e5,-1.125,-1.125,-1.125,-1.125,0.0,0.0,False,False,False,False,False,False,False,False,False,False,False,0.0
013341a18000cae15a4e,grid,train,fa7d51c76147fd75ac2e,9561f027eac5fe27843c73c4,db178cba11b27405a2d53f25,7/20,C1,1,2,16,13,True,True,False,False,discovery_grid_train,denoising,db178cba11b27405a2d53f25,9561f027eac5fe27843c73c4,final_prompt,final_prompt,0,self_patch,6d91260630c1c8867c7d43ac,-1.125,-1.125,-1.125,-1.125,0.0,0.0,False,False,False,False,False,False,False,False,False,False,False,0.0
013341a18000cae15a4e,grid,train,fa7d51c76147fd75ac2e,9561f027eac5fe27843c73c4,db178cba11b27405a2d53f25,7/20,C1,1,2,16,13,True,True,False,False,discovery_grid_train,denoising,db178cba11b27405a2d53f25,9561f027eac5fe27843c73c4,final_prompt,final_prompt,1,cross_patch,19abb1167ae00fcdfb161371,-1.125,-1.125,-1.125,-1.125,0.0,0.0,False,False,False,False,False,False,False,False,False,False,False,0.0
013341a18000cae15a4e,grid,train,fa7d51c76147fd75ac2e,9561f027eac5fe27843c73c4,db178cba11b27405a2d53f25,7/20,C1,1,2,16,13,True,True,False,False,discovery_grid_train,denoising,db178cba11b27405a2d53f25,9561f027eac5fe27843c73c4,final_prompt,final_prompt,1,self_patch,f7a95d95e8def52f047ca274,-1.125,-1.125,-1.125,-1.125,0.0,0.0,False,False,False,False,False,False,False,False,False,False,False,0.0
013341a18000cae15a4e,grid,train,fa7d51c76147fd75ac2e,9561f027eac5fe27843c73c4,db178cba11b27405a2d53f25,7/20,C1,1,2,16,13,True,True,False,False,discovery_grid_train,denoising,db178cba11b27405a2d53f25,9561f027eac5fe27843c73c4,final_prompt,final_prompt,2,cross_patch,76bdfecf15902aa39804a968,-1.125,-1.125,-1.125,-1.125,0.0,0.0,False,False,False,False,False,False,False,False,False,False,False,0.0
013341a18000cae15a4e,grid,train,fa7d51c76147fd75ac2e,9561f027eac5fe27843c73c4,db178cba11b27405a2d53f25,7/20,C1,1,2,16,13,True,True,False,False,discovery_grid_train,denoising,db178cba11b27405a2d53f25,9561f027eac5fe27843c73c4,final_prompt,final_prompt,2,self_patch,8825ec92b015e170d44f5698,-1.125,-1.125,-1.125,-1.125,0.0,0.0,False,False,False,False,False,False,False,False,False,False,False,0.0
013341a18000cae15a4e,grid,train,fa7d51c76147fd75ac2e,9561f027eac5fe27843c73c4,db178cba11b27405a2d53f25,7/20,C1,1,2,16,13,True,True,False,False,discovery_grid_train,denoising,db178cba11b27405a2d53f25,9561f027eac5fe27843c73c4,final_prompt,final_prompt,3,cross_patch,b5cd3f35fca2246fe40fe449,-1.125,-1.125,-1.125,-1.125,0.0,0.0,False,False,False,False,False,False,False,False,False,False,False,0.0
013341a18000cae15a4e,grid,train,fa7d51c76147fd75ac2e,9561f027eac5fe27843c73c4,db178cba11b27405a2d53f25,7/20,C1,1,2,16,13,True,True,False,False,discovery_grid_train,denoising,db178cba11b27405a2d53f25,9561f027eac5fe27843c73c4,final_prompt,final_prompt,3,self_patch,2a072d666de1ac78df094f47,-1.125,-1.125,-1.125,-1.125,0.0,0.0,False,False,False,False,False,False,False,False,False,False,False,0.0
013341a18000cae15a4e,grid,train,fa7d51c76147fd75ac2e,9561f027eac5fe27843c73c4,db178cba11b27405a2d53f25,7/20,C1,1,2,16,13,True,True,False,False,discovery_grid_train,denoising,db178cba11b27405a2d53f25,9561f027eac5fe27843c73c4,final_prompt,final_prompt,4,cross_patch,6c79545d1fc5b2a612422886,-1.125,-1.125,-1.125,-1.125,0.0,0.0,False,False,False,False,False,False,False,False,False,False,False,0.0
013341a18000cae15a4e,grid,train,fa7d51c76147fd75ac2e,9561f027eac5fe27843c73c4,db178cba11b27405a2d53f25,7/20,C1,1,2,16,13,True,True,False,False,discovery_grid_train,denoising,db178cba11b27405a2d53f25,9561f027eac5fe27843c73c4,final_prompt,final_prompt,4,self_patch,1149f521304fdc6b8b1cd632,-1.125,-1.125,-1.125,-1.125,0.0,0.0,False,False,False,False,False,False,False,False,False,False,False,0.0
013341a18000cae15a4e,grid,train,fa7d51c76147fd75ac2e,9561f027eac5fe27843c73c4,db178cba11b27405a2d53f25,7/20,C1,1,2,16,13,True,True,False,False,discovery_grid_train,denoising,db178cba11b27405a2d53f25,9561f027eac5fe27843c73c4,final_prompt,final_prompt,5,cross_patch,4d6798521e99d851667c74ad,-1.125,-1.125,-1.125,-1.125,0.0,0.0,False,False,False,False,False,False,False,False,False,False,False,0.0
013341a18000cae15a4e,grid,train,fa7d51c76147fd75ac2e,9561f027eac5fe27843c73c4,db178cba11b27405a2d53f25,7/20,C1,1,2,16,13,True,True,False,False,discovery_grid_train,denoising,db178cba11b27405a2d53f25,9561f027eac5fe27843c73c4,final_prompt,final_prompt,5,self_patch,656b2c66389718966571c0c1,-1.125,-1.125,-1.125,-1.125,0.0,0.0,False,False,False,False,False,False,False,False,False,False,False,0.0
013341a18000cae15a4e,grid,train,fa7d51c76147fd75ac2e,9561f027eac5fe27843c73c4,db178cba11b27405a2d53f25,7/20,C1,1,2,16,13,True,True,False,False,discovery_grid_train,denoising,db178cba11b27405a2d53f25,9561f027eac5fe27843c73c4,final_prompt,final_prompt,6,cross_patch,8ba0ee5b93c9f027bc3a2adb,-1.125,-1.125,-1.125,-1.125,0.0,0.0,False,False,False,False,False,False,False,False,False,False,False,0.0
013341a18000cae15a4e,grid,train,fa7d51c76147fd75ac2e,9561f027eac5fe27843c73c4,db178cba11b27405a2d53f25,7/20,C1,1,2,16,13,True,True,False,False,discovery_grid_train,denoising,db178cba11b27405a2d53f25,9561f027eac5fe27843c73c4,final_prompt,final_prompt,6,self_patch,8e5499f21ba3a794c70342a1,-1.125,-1.125,-1.125,-1.125,0.0,0.0,False,False,False,False,False,False,False,False,False,False,False,0.0
013341a18000cae15a4e,grid,train,fa7d51c76147fd75ac2e,9561f027eac5fe27843c73c4,db178cba11b27405a2d53f25,7/20,C1,1,2,16,13,True,True,False,False,discovery_grid_train,denoising,db178cba11b27405a2d53f25,9561f027eac5fe27843c73c4,final_prompt,final_prompt,7,cross_patch,050ca5b934fc5deb8ace83c7,-1.125,-1.125,-1.125,-1.125,0.0,0.0,False,False,False,False,False,False,False,False,False,False,False,0.0
013341a18000cae15a4e,grid,train,fa7d51c76147fd75ac2e,9561f027eac5fe27843c73c4,db178cba11b27405a2d53f25,7/20,C1,1,2,16,13,True,True,False,False,discovery_grid_train,denoising,db178cba11b27405a2d53f25,9561f027eac5fe27843c73c4,final_prompt,final_prompt,7,self_patch,6b6235fb1fadc80fabd72f0b,-1.125,-1.125,-1.125,-1.125,0.0,0.0,False,False,False,False,False,False,False,False,False,False,False,0.0
013341a18000cae15a4e,grid,train,fa7d51c76147fd75ac2e,9561f027eac5fe27843c73c4,db178cba11b27405a2d53f25,7/20,C1,1,2,16,13,True,True,False,False,discovery_grid_train,denoising,db178cba11b27405a2d53f25,9561f027eac5fe27843c73c4,final_prompt,final_prompt,8,cross_patch,9846a885f2abd1efe2546717,-1.125,-1.125,-1.125,-1.125,0.0,0.0,False,False,False,False,False,False,False,False,False,False,False,0.0
013341a18000cae15a4e,grid,train,fa7d51c76147fd75ac2e,9561f027eac5fe27843c73c4,db178cba11b27405a2d53f25,7/20,C1,1,2,16,13,True,True,False,False,discovery_grid_train,denoising,db178cba11b27405a2d53f25,9561f027eac5fe27843c73c4,final_prompt,final_prompt,8,self_patch,1164ffa63a74e5087cc29d74,-1.125,-1.125,-1.125,-1.125,0.0,0.0,False,False,False,False,False,False,False,False,False,False,False,0.0
013341a18000cae15a4e,grid,train,fa7d51c76147fd75ac2e,9561f027eac5fe27843c73c4,db178cba11b27405a2d53f25,7/20,C1,1,2,16,13,True,True,False,False,discovery_grid_train,denoising,db178cba11b27405a2d53f25,9561f027eac5fe27843c73c4,final_prompt,final_prompt,9,cross_patch,9e6d04367f758a32f50e30b9,-1.125,-1.125,-1.125,-1.125,0.0,0.0,False,False,False,False,False,False,False,False,False,False,False,0.0
013341a18000cae15a4e,grid,train,fa7d51c76147fd75ac2e,9561f027eac5fe27843c73c4,db178cba11b27405a2d53f25,7/20,C1,1,2,16,13,True,True,False,False,discovery_grid_train,denoising,db178cba11b27405a2d53f25,9561f027eac5fe27843c73c4,final_prompt,final_prompt,9,self_patch,717f269f9f65cbb0c8cef6c8,-1.125,-1.125,-1.125,-1.125,0.0,0.0,False,False,False,False,False,False,False,False,False,False,False,0.0
013341a18000cae15a4e,grid,train,fa7d51c76147fd75ac2e,9561f027eac5fe27843c73c4,db178cba11b27405a2d53f25,7/20,C1,1,2,16,13,True,True,False,False,discovery_grid_train,denoising,db178cba11b27405a2d53f25,9561f027eac5fe27843c73c4,final_prompt,final_prompt,10,cross_patch,bfccb66a3ff45603b7e80762,-1.125,-1.0,-1.125,-1.0,0.125,0.125,False,False,False,False,False,False,False,False,False,False,False,0.125
013341a18000cae15a4e,grid,train,fa7d51c76147fd75ac2e,9561f027eac5fe27843c73c4,db178cba11b27405a2d53f25,7/20,C1,1,2,16,13,True,True,False,False,discovery_grid_train,denoising,db178cba11b27405a2d53f25,9561f027eac5fe27843c73c4,final_prompt,final_prompt,10,self_patch,d05d5c84cf90af5a3285eff4,-1.125,-1.125,-1.125,-1.125,0.0,0.0,False,False,False,False,False,False,False,False,False,False,False,0.0
013341a18000cae15a4e,grid,train,fa7d51c76147fd75ac2e,9561f027eac5fe27843c73c4,db178cba11b27405a2d53f25,7/20,C1,1,2,16,13,True,True,False,False,discovery_grid_train,denoising,db178cba11b27405a2d53f25,9561f027eac5fe27843c73c4,final_prompt,final_prompt,11,cross_patch,28c8d81929b4ec20e518d884,-1.125,-1.125,-1.125,-1.125,0.0,0.0,False,False,False,False,False,False,False,False,False,False,False,0.0
013341a18000cae15a4e,grid,train,fa7d51c76147fd75ac2e,9561f027eac5fe27843c73c4,db178cba11b27405a2d53f25,7/20,C1,1,2,16,13,True,True,False,False,discovery_grid_train,denoising,db178cba11b27405a2d53f25,9561f027eac5fe27843c73c4,final_prompt,final_prompt,11,self_patch,8d2f4aef0a91a94232b67198,-1.125,-1.125,-1.125,-1.125,0.0,0.0,False,False,False,False,False,False,False,False,False,False,False,0.0
013341a18000cae15a4e,grid,train,fa7d51c76147fd75ac2e,9561f027eac5fe27843c73c4,db178cba11b27405a2d53f25,7/20,C1,1,2,16,13,True,True,False,False,discovery_grid_train,denoising,db178cba11b27405a2d53f25,9561f027eac5fe27843c73c4,final_prompt,final_prompt,12,cross_patch,6df4151a0f55ae8af07febd9,-1.125,-1.125,-1.125,-1.125,0.0,0.0,False,False,False,False,False,False,False,False,False,False,False,0.0
013341a18000cae15a4e,grid,train,fa7d51c76147fd75ac2e,9561f027eac5fe27843c73c4,db178cba11b27405a2d53f25,7/20,C1,1,2,16,13,True,True,False,False,discovery_grid_train,denoising,db178cba11b27405a2d53f25,9561f027eac5fe27843c73c4,final_prompt,final_prompt,12,self_patch,e86bed13245e5724c08a72e3,-1.125,-1.125,-1.125,-1.125,0.0,0.0,False,False,False,False,False,False,False,False,False,False,False,0.0
013341a18000cae15a4e,grid,train,fa7d51c76147fd75ac2e,9561f027eac5fe27843c73c4,db178cba11b27405a2d53f25,7/20,C1,1,2,16,13,True,True,False,False,discovery_grid_train,denoising,db178cba11b27405a2d53f25,9561f027eac5fe27843c73c4,final_prompt,final_prompt,13,cross_patch,67ce55196c81f47cf4bfc86e,-1.125,-1.125,-1.125,-1.125,0.0,0.0,False,False,False,False,False,False,False,False,False,False,False,0.0
013341a18000cae15a4e,grid,train,fa7d51c76147fd75ac2e,9561f027eac5fe27843c73c4,db178cba11b27405a2d53f25,7/20,C1,1,2,16,13,True,True,False,False,discovery_grid_train,denoising,db178cba11b27405a2d53f25,9561f027eac5fe27843c73c4,final_prompt,final_prompt,13,self_patch,f3c71942b88a7128dbedc0b1,-1.125,-1.125,-1.125,-1.125,0.0,0.0,False,False,False,False,False,False,False,False,False,False,False,0.0
013341a18000cae15a4e,grid,train,fa7d51c76147fd75ac2e,9561f027eac5fe27843c73c4,db178cba11b27405a2d53f25,7/20,C1,1,2,16,13,True,True,False,False,discovery_grid_train,denoising,db178cba11b27405a2d53f25,9561f027eac5fe27843c73c4,final_prompt,final_prompt,14,cross_patch,501c05cd31c6a78b54c12208,-1.125,-1.125,-1.125,-1.125,0.0,0.0,False,False,False,False,False,False,False,False,False,False,False,0.0
013341a18000cae15a4e,grid,train,fa7d51c76147fd75ac2e,9561f027eac5fe27843c73c4,db178cba11b27405a2d53f25,7/20,C1,1,2,16,13,True,True,False,False,discovery_grid_train,denoising,db178cba11b27405a2d53f25,9561f027eac5fe27843c73c4,final_prompt,final_prompt,14,self_patch,4542789c4e23f632bcbcdaa6,-1.125,-1.125,-1.125,-1.125,0.0,0.0,False,False,False,False,False,False,False,False,False,False,False,0.0
013341a18000cae15a4e,grid,train,fa7d51c76147fd75ac2e,9561f027eac5fe27843c73c4,db178cba11b27405a2d53f25,7/20,C1,1,2,16,13,True,True,False,False,discovery_grid_train,denoising,db178cba11b27405a2d53f25,9561f027eac5fe27843c73c4,final_prompt,final_prompt,15,cross_patch,ff146a6ab2695b2565c49585,-1.125,-1.125,-1.125,-1.125,0.0,0.0,False,False,False,False,False,False,False,False,False,False,False,0.0
013341a18000cae15a4e,grid,train,fa7d51c76147fd75ac2e,9561f027eac5fe27843c73c4,db178cba11b27405a2d53f25,7/20,C1,1,2,16,13,True,True,False,False,discovery_grid_train,denoising,db178cba11b27405a2d53f25,9561f027eac5fe27843c73c4,final_prompt,final_prompt,15,self_patch,06c799a1b0f2c6738016dd24,-1.125,-1.125,-1.125,-1.125,0.0,0.0,False,False,False,False,False,False,False,False,False,False,False,0.0
013341a18000cae15a4e,grid,train,fa7d51c76147fd75ac2e,9561f027eac5fe27843c73c4,db178cba11b27405a2d53f25,7/20,C1,1,2,16,13,True,True,False,False,discovery_grid_train,denoising,db178cba11b27405a2d53f25,9561f027eac5fe27843c73c4,final_prompt,final_prompt,16,cross_patch,407b000fe36710daa222978d,-1.125,-1.125,-1.125,-1.125,0.0,0.0,False,False,False,False,False,False,False,False,False,False,False,0.0
013341a18000cae15a4e,grid,train,fa7d51c76147fd75ac2e,9561f027eac5fe27843c73c4,db178cba11b27405a2d53f25,7/20,C1,1,2,16,13,True,True,False,False,discovery_grid_train,denoising,db178cba11b27405a2d53f25,9561f027eac5fe27843c73c4,final_prompt,final_prompt,16,self_patch,8a8fb8164ba404e45f840f7e,-1.125,-1.125,-1.125,-1.125,0.0,0.0,False,False,False,False,False,False,False,False,False,False,False,0.0
013341a18000cae15a4e,grid,train,fa7d51c76147fd75ac2e,9561f027eac5fe27843c73c4,db178cba11b27405a2d53f25,7/20,C1,1,2,16,13,True,True,False,False,discovery_grid_train,denoising,db178cba11b27405a2d53f25,9561f027eac5fe27843c73c4,final_prompt,final_prompt,17,cross_patch,16544b8116b3b1f3afb84956,-1.125,-1.125,-1.125,-1.125,0.0,0.0,False,False,False,False,False,False,False,False,False,False,False,0.0
013341a18000cae15a4e,grid,train,fa7d51c76147fd75ac2e,9561f027eac5fe27843c73c4,db178cba11b27405a2d53f25,7/20,C1,1,2,16,13,True,True,False,False,discovery_grid_train,denoising,db178cba11b27405a2d53f25,9561f027eac5fe27843c73c4,final_prompt,final_prompt,17,self_patch,b2caeb97ae5c98cbf81576a8,-1.125,-1.125,-1.125,-1.125,0.0,0.0,False,False,False,False,False,False,False,False,False,False,False,0.0
013341a18000cae15a4e,grid,train,fa7d51c76147fd75ac2e,9561f027eac5fe27843c73c4,db178cba11b27405a2d53f25,7/20,C1,1,2,16,13,True,True,False,False,discovery_grid_train,denoising,db178cba11b27405a2d53f25,9561f027eac5fe27843c73c4,final_prompt,final_prompt,18,cross_patch,8ff0e25b0419660c8dd1cded,-1.125,-1.0,-1.125,-1.0,0.125,0.125,False,False,False,False,False,False,False,False,False,False,False,0.125
013341a18000cae15a4e,grid,train,fa7d51c76147fd75ac2e,9561f027eac5fe27843c73c4,db178cba11b27405a2d53f25,7/20,C1,1,2,16,13,True,True,False,False,discovery_grid_train,denoising,db178cba11b27405a2d53f25,9561f027eac5fe27843c73c4,final_prompt,final_prompt,18,self_patch,d30a5b67b71a7a710c7c9044,-1.125,-1.125,-1.125,-1.125,0.0,0.0,False,False,False,False,False,False,False,False,False,False,False,0.0
013341a18000cae15a4e,grid,train,fa7d51c76147fd75ac2e,9561f027eac5fe27843c73c4,db178cba11b27405a2d53f25,7/20,C1,1,2,16,13,True,True,False,False,discovery_grid_train,denoising,db178cba11b27405a2d53f25,9561f027eac5fe27843c73c4,final_prompt,final_prompt,19,cross_patch,aba936e5b343f968f15846b4,-1.125,-1.125,-1.125,-1.125,0.0,0.0,False,False,False,False,False,False,False,False,False,False,False,0.0
013341a18000cae15a4e,grid,train,fa7d51c76147fd75ac2e,9561f027eac5fe27843c73c4,db178cba11b27405a2d53f25,7/20,C1,1,2,16,13,True,True,False,False,discovery_grid_train,denoising,db178cba11b27405a2d53f25,9561f027eac5fe27843c73c4,final_prompt,final_prompt,19,self_patch,d35abe9024da7162bfc90e78,-1.125,-1.125,-1.125,-1.125,0.0,0.0,False,False,False,False,False,False,False,False,False,False,False,0.0
013341a18000cae15a4e,grid,train,fa7d51c76147fd75ac2e,9561f027eac5fe27843c73c4,db178cba11b27405a2d53f25,7/20,C1,1,2,16,13,True,True,False,False,discovery_grid_train,denoising,db178cba11b27405a2d53f25,9561f027eac5fe27843c73c4,final_prompt,final_prompt,20,cross_patch,edbe2a6f24e962fd1dc8c82b,-1.125,-1.125,-1.125,-1.125,0.0,0.0,False,False,False,False,False,False,False,False,False,False,False,0.0
013341a18000cae15a4e,grid,train,fa7d51c76147fd75ac2e,9561f027eac5fe27843c73c4,db178cba11b27405a2d53f25,7/20,C1,1,2,16,13,True,True,False,False,discovery_grid_train,denoising,db178cba11b27405a2d53f25,9561f027eac5fe27843c73c4,final_prompt,final_prompt,20,self_patch,d7bb2ff875b521761a6a1ab5,-1.125,-1.125,-1.125,-1.125,0.0,0.0,False,False,False,False,False,False,False,False,False,False,False,0.0
013341a18000cae15a4e,grid,train,fa7d51c76147fd75ac2e,9561f027eac5fe27843c73c4,db178cba11b27405a2d53f25,7/20,C1,1,2,16,13,True,True,False,False,discovery_grid_train,denoising,db178cba11b27405a2d53f25,9561f027eac5fe27843c73c4,final_prompt,final_prompt,21,cross_patch,b397e80e90373f06be9098d0,-1.125,-1.125,-1.125,-1.125,0.0,0.0,False,False,False,False,False,False,False,False,False,False,False,0.0
013341a18000cae15a4e,grid,train,fa7d51c76147fd75ac2e,9561f027eac5fe27843c73c4,db178cba11b27405a2d53f25,7/20,C1,1,2,16,13,True,True,False,False,discovery_grid_train,denoising,db178cba11b27405a2d53f25,9561f027eac5fe27843c73c4,final_prompt,final_prompt,21,self_patch,c405fa855602890e57e64784,-1.125,-1.125,-1.125,-1.125,0.0,0.0,False,False,False,False,False,False,False,False,False,False,False,0.0
013341a18000cae15a4e,grid,train,fa7d51c76147fd75ac2e,9561f027eac5fe27843c73c4,db178cba11b27405a2d53f25,7/20,C1,1,2,16,13,True,True,False,False,discovery_grid_train,denoising,db178cba11b27405a2d53f25,9561f027eac5fe27843c73c4,final_prompt,final_prompt,22,cross_patch,8268020bb9c9f0e02838e8f2,-1.125,-1.125,-1.125,-1.125,0.0,0.0,False,False,False,False,False,False,False,False,False,False,False,0.0
013341a18000cae15a4e,grid,train,fa7d51c76147fd75ac2e,9561f027eac5fe27843c73c4,db178cba11b27405a2d53f25,7/20,C1,1,2,16,13,True,True,False,False,discovery_grid_train,denoising,db178cba11b27405a2d53f25,9561f027eac5fe27843c73c4,final_prompt,final_prompt,22,self_patch,b5b8e5f2e2ffe7c4eba451d0,-1.125,-1.125,-1.125,-1.125,0.0,0.0,False,False,False,False,False,False,False,False,False,False,False,0.0
013341a18000cae15a4e,grid,train,fa7d51c76147fd75ac2e,9561f027eac5fe27843c73c4,db178cba11b27405a2d53f25,7/20,C1,1,2,16,13,True,True,False,False,discovery_grid_train,denoising,db178cba11b27405a2d53f25,9561f027eac5fe27843c73c4,final_prompt,final_prompt,23,cross_patch,b06865e1d59bce1519959f18,-1.125,-1.125,-1.125,-1.125,0.0,0.0,False,False,False,False,False,False,False,False,False,False,False,0.0
013341a18000cae15a4e,grid,train,fa7d51c76147fd75ac2e,9561f027eac5fe27843c73c4,db178cba11b27405a2d53f25,7/20,C1,1,2,16,13,True,True,False,False,discovery_grid_train,denoising,db178cba11b27405a2d53f25,9561f027eac5fe27843c73c4,final_prompt,final_prompt,23,self_patch,85e6158b487157dee8d6854d,-1.125,-1.125,-1.125,-1.125,0.0,0.0,False,False,False,False,False,False,False,False,False,False,False,0.0
013341a18000cae15a4e,grid,train,fa7d51c76147fd75ac2e,9561f027eac5fe27843c73c4,db178cba11b27405a2d53f25,7/20,C1,1,2,16,13,True,True,False,False,discovery_grid_train,denoising,db178cba11b27405a2d53f25,9561f027eac5fe27843c73c4,final_prompt,final_prompt,24,cross_patch,318756a593efc253295d069f,-1.125,-1.125,-1.125,-1.125,0.0,0.0,False,False,False,False,False,False,False,False,False,False,False,0.0
013341a18000cae15a4e,grid,train,fa7d51c76147fd75ac2e,9561f027eac5fe27843c73c4,db178cba11b27405a2d53f25,7/20,C1,1,2,16,13,True,True,False,False,discovery_grid_train,denoising,db178cba11b27405a2d53f25,9561f027eac5fe27843c73c4,final_prompt,final_prompt,24,self_patch,0fa2b53d751080407a831142,-1.125,-1.125,-1.125,-1.125,0.0,0.0,False,False,False,False,False,False,False,False,False,False,False,0.0
013341a18000cae15a4e,grid,train,fa7d51c76147fd75ac2e,9561f027eac5fe27843c73c4,db178cba11b27405a2d53f25,7/20,C1,1,2,16,13,True,True,False,False,discovery_grid_train,denoising,db178cba11b27405a2d53f25,9561f027eac5fe27843c73c4,final_prompt,final_prompt,25,cross_patch,b9b9dcb4c65b4f37067ce46f,-1.125,-1.125,-1.125,-1.125,0.0,0.0,False,False,False,False,False,False,False,False,False,False,False,0.0
013341a18000cae15a4e,grid,train,fa7d51c76147fd75ac2e,9561f027eac5fe27843c73c4,db178cba11b27405a2d53f25,7/20,C1,1,2,16,13,True,True,False,False,discovery_grid_train,denoising,db178cba11b27405a2d53f25,9561f027eac5fe27843c73c4,final_prompt,final_prompt,25,self_patch,a4e3c14fd92246b19ce8f2df,-1.125,-1.125,-1.125,-1.125,0.0,0.0,False,False,False,False,False,False,False,False,False,False,False,0.0
013341a18000cae15a4e,grid,train,fa7d51c76147fd75ac2e,9561f027eac5fe27843c73c4,db178cba11b27405a2d53f25,7/20,C1,1,2,16,13,True,True,False,False,discovery_grid_train,denoising,db178cba11b27405a2d53f25,9561f027eac5fe27843c73c4,final_prompt,final_prompt,26,cross_patch,904aef543faacfbae31fed0f,-1.125,-1.125,-1.125,-1.125,0.0,0.0,False,False,False,False,False,False,False,False,False,False,False,0.0
013341a18000cae15a4e,grid,train,fa7d51c76147fd75ac2e,9561f027eac5fe27843c73c4,db178cba11b27405a2d53f25,7/20,C1,1,2,16,13,True,True,False,False,discovery_grid_train,denoising,db178cba11b27405a2d53f25,9561f027eac5fe27843c73c4,final_prompt,final_prompt,26,self_patch,91091f193a648a9954d5b51c,-1.125,-1.125,-1.125,-1.125,0.0,0.0,False,False,False,False,False,False,False,False,False,False,False,0.0
013341a18000cae15a4e,grid,train,fa7d51c76147fd75ac2e,9561f027eac5fe27843c73c4,db178cba11b27405a2d53f25,7/20,C1,1,2,16,13,True,True,False,False,discovery_grid_train,denoising,db178cba11b27405a2d53f25,9561f027eac5fe27843c73c4,final_prompt,final_prompt,27,cross_patch,c7e4f8f0d871f408f95e82de,-1.125,-1.0,-1.125,-1.0,0.125,0.125,False,False,False,False,False,False,False,False,False,False,False,0.125
013341a18000cae15a4e,grid,train,fa7d51c76147fd75ac2e,9561f027eac5fe27843c73c4,db178cba11b27405a2d53f25,7/20,C1,1,2,16,13,True,True,False,False,discovery_grid_train,denoising,db178cba11b27405a2d53f25,9561f027eac5fe27843c73c4,final_prompt,final_prompt,27,self_patch,4bb5ca88a1a9a2762b28c2cb,-1.125,-1.125,-1.125,-1.125,0.0,0.0,False,False,False,False,False,False,False,False,False,False,False,0.0
013341a18000cae15a4e,grid,train,fa7d51c76147fd75ac2e,9561f027eac5fe27843c73c4,db178cba11b27405a2d53f25,7/20,C1,1,2,16,13,True,True,False,False,discovery_grid_train,denoising,db178cba11b27405a2d53f25,9561f027eac5fe27843c73c4,final_prompt,final_prompt,28,cross_patch,d8d684be4346b1c36331e478,-1.125,-1.125,-1.125,-1.125,0.0,0.0,False,False,False,False,False,False,False,False,False,False,False,0.0
013341a18000cae15a4e,grid,train,fa7d51c76147fd75ac2e,9561f027eac5fe27843c73c4,db178cba11b27405a2d53f25,7/20,C1,1,2,16,13,True,True,False,False,discovery_grid_train,denoising,db178cba11b27405a2d53f25,9561f027eac5fe27843c73c4,final_prompt,final_prompt,28,self_patch,8c5ed24da733cc28a04b7172,-1.125,-1.125,-1.125,-1.125,0.0,0.0,False,False,False,False,False,False,False,False,False,False,False,0.0
013341a18000cae15a4e,grid,train,fa7d51c76147fd75ac2e,9561f027eac5fe27843c73c4,db178cba11b27405a2d53f25,7/20,C1,1,2,16,13,True,True,False,False,discovery_grid_train,denoising,db178cba11b27405a2d53f25,9561f027eac5fe27843c73c4,final_prompt,final_prompt,29,cross_patch,b6f5f7ea33240479301db2d8,-1.125,-1.125,-1.125,-1.125,0.0,0.0,False,False,False,False,False,False,False,False,False,False,False,0.0
013341a18000cae15a4e,grid,train,fa7d51c76147fd75ac2e,9561f027eac5fe27843c73c4,db178cba11b27405a2d53f25,7/20,C1,1,2,16,13,True,True,False,False,discovery_grid_train,denoising,db178cba11b27405a2d53f25,9561f027eac5fe27843c73c4,final_prompt,final_prompt,29,self_patch,95249daa80eca9dfa1a50f2e,-1.125,-1.125,-1.125,-1.125,0.0,0.0,False,False,False,False,False,False,False,False,False,False,False,0.0
013341a18000cae15a4e,grid,train,fa7d51c76147fd75ac2e,9561f027eac5fe27843c73c4,db178cba11b27405a2d53f25,7/20,C1,1,2,16,13,True,True,False,False,discovery_grid_train,denoising,db178cba11b27405a2d53f25,9561f027eac5fe27843c73c4,final_prompt,final_prompt,30,cross_patch,2b0f459b5c411419e37630c0,-1.125,-1.125,-1.125,-1.125,0.0,0.0,False,False,False,False,False,False,False,False,False,False,False,0.0
013341a18000cae15a4e,grid,train,fa7d51c76147fd75ac2e,9561f027eac5fe27843c73c4,db178cba11b27405a2d53f25,7/20,C1,1,2,16,13,True,True,False,False,discovery_grid_train,denoising,db178cba11b27405a2d53f25,9561f027eac5fe27843c73c4,final_prompt,final_prompt,30,self_patch,35ea12777f1f84f99fef26bf,-1.125,-1.125,-1.125,-1.125,0.0,0.0,False,False,False,False,False,False,False,False,False,False,False,0.0
013341a18000cae15a4e,grid,train,fa7d51c76147fd75ac2e,9561f027eac5fe27843c73c4,db178cba11b27405a2d53f25,7/20,C1,1,2,16,13,True,True,False,False,discovery_grid_train,denoising,db178cba11b27405a2d53f25,9561f027eac5fe27843c73c4,final_prompt,final_prompt,31,cross_patch,e67a5621803a842c65ee51b3,-1.125,-1.125,-1.125,-1.125,0.0,0.0,False,False,False,False,False,False,False,False,False,False,False,0.0
013341a18000cae15a4e,grid,train,fa7d51c76147fd75ac2e,9561f027eac5fe27843c73c4,db178cba11b27405a2d53f25,7/20,C1,1,2,16,13,True,True,False,False,discovery_grid_train,denoising,db178cba11b27405a2d53f25,9561f027eac5fe27843c73c4,final_prompt,final_prompt,31,self_patch,6280439bf618f5374d51ada3,-1.125,-1.125,-1.125,-1.125,0.0,0.0,False,False,False,False,False,False,False,False,False,False,False,0.0
013341a18000cae15a4e,grid,train,fa7d51c76147fd75ac2e,9561f027eac5fe27843c73c4,db178cba11b27405a2d53f25,7/20,C1,1,2,16,13,True,True,False,False,discovery_grid_train,denoising,db178cba11b27405a2d53f25,9561f027eac5fe27843c73c4,answer_prefix,answer_prefix,0,cross_patch,4fe474d4e6d404e3421ee144,-1.125,-1.125,-1.125,-1.125,0.0,0.0,False,False,False,False,False,False,False,False,False,False,False,0.0
013341a18000cae15a4e,grid,train,fa7d51c76147fd75ac2e,9561f027eac5fe27843c73c4,db178cba11b27405a2d53f25,7/20,C1,1,2,16,13,True,True,False,False,discovery_grid_train,denoising,db178cba11b27405a2d53f25,9561f027eac5fe27843c73c4,answer_prefix,answer_prefix,0,self_patch,aadb52f147e93ca23d0277f6,-1.125,-1.125,-1.125,-1.125,0.0,0.0,False,False,False,False,False,False,False,False,False,False,False,0.0
013341a18000cae15a4e,grid,train,fa7d51c76147fd75ac2e,9561f027eac5fe27843c73c4,db178cba11b27405a2d53f25,7/20,C1,1,2,16,13,True,True,False,False,discovery_grid_train,denoising,db178cba11b27405a2d53f25,9561f027eac5fe27843c73c4,answer_prefix,answer_prefix,1,cross_patch,18d28a4b7be71ae4cb18e0be,-1.125,-1.125,-1.125,-1.125,0.0,0.0,False,False,False,False,False,False,False,False,False,False,False,0.0
013341a18000cae15a4e,grid,train,fa7d51c76147fd75ac2e,9561f027eac5fe27843c73c4,db178cba11b27405a2d53f25,7/20,C1,1,2,16,13,True,True,False,False,discovery_grid_train,denoising,db178cba11b27405a2d53f25,9561f027eac5fe27843c73c4,answer_prefix,answer_prefix,1,self_patch,62b56c571ef86d5c2bc901f3,-1.125,-1.125,-1.125,-1.125,0.0,0.0,False,False,False,False,False,False,False,False,False,False,False,0.0
013341a18000cae15a4e,grid,train,fa7d51c76147fd75ac2e,9561f027eac5fe27843c73c4,db178cba11b27405a2d53f25,7/20,C1,1,2,16,13,True,True,False,False,discovery_grid_train,denoising,db178cba11b27405a2d53f25,9561f027eac5fe27843c73c4,answer_prefix,answer_prefix,2,cross_patch,2693e60b0fde5b5f0e755cbc,-1.125,-1.125,-1.125,-1.125,0.0,0.0,False,False,False,False,False,False,False,False,False,False,False,0.0
013341a18000cae15a4e,grid,train,fa7d51c76147fd75ac2e,9561f027eac5fe27843c73c4,db178cba11b27405a2d53f25,7/20,C1,1,2,16,13,True,True,False,False,discovery_grid_train,denoising,db178cba11b27405a2d53f25,9561f027eac5fe27843c73c4,answer_prefix,answer_prefix,2,self_patch,3788eae9edd28393b4ac3fc1,-1.125,-1.125,-1.125,-1.125,0.0,0.0,False,False,False,False,False,False,False,False,False,False,False,0.0
013341a18000cae15a4e,grid,train,fa7d51c76147fd75ac2e,9561f027eac5fe27843c73c4,db178cba11b27405a2d53f25,7/20,C1,1,2,16,13,True,True,False,False,discovery_grid_train,denoising,db178cba11b27405a2d53f25,9561f027eac5fe27843c73c4,answer_prefix,answer_prefix,3,cross_patch,1982650cf9ff486a8b484c96,-1.125,-1.125,-1.125,-1.125,0.0,0.0,False,False,False,False,False,False,False,False,False,False,False,0.0
013341a18000cae15a4e,grid,train,fa7d51c76147fd75ac2e,9561f027eac5fe27843c73c4,db178cba11b27405a2d53f25,7/20,C1,1,2,16,13,True,True,False,False,discovery_grid_train,denoising,db178cba11b27405a2d53f25,9561f027eac5fe27843c73c4,answer_prefix,answer_prefix,3,self_patch,1d8b1b097bb09186bcba1757,-1.125,-1.125,-1.125,-1.125,0.0,0.0,False,False,False,False,False,False,False,False,False,False,False,0.0
013341a18000cae15a4e,grid,train,fa7d51c76147fd75ac2e,9561f027eac5fe27843c73c4,db178cba11b27405a2d53f25,7/20,C1,1,2,16,13,True,True,False,False,discovery_grid_train,denoising,db178cba11b27405a2d53f25,9561f027eac5fe27843c73c4,answer_prefix,answer_prefix,4,cross_patch,08e4100f5a667d29e73795bb,-1.125,-1.125,-1.125,-1.125,0.0,0.0,False,False,False,False,False,False,False,False,False,False,False,0.0
013341a18000cae15a4e,grid,train,fa7d51c76147fd75ac2e,9561f027eac5fe27843c73c4,db178cba11b27405a2d53f25,7/20,C1,1,2,16,13,True,True,False,False,discovery_grid_train,denoising,db178cba11b27405a2d53f25,9561f027eac5fe27843c73c4,answer_prefix,answer_prefix,4,self_patch,cbec6cf22453e8579ec0acfa,-1.125,-1.125,-1.125,-1.125,0.0,0.0,False,False,False,False,False,False,False,False,False,False,False,0.0
013341a18000cae15a4e,grid,train,fa7d51c76147fd75ac2e,9561f027eac5fe27843c73c4,db178cba11b27405a2d53f25,7/20,C1,1,2,16,13,True,True,False,False,discovery_grid_train,denoising,db178cba11b27405a2d53f25,9561f027eac5fe27843c73c4,answer_prefix,answer_prefix,5,cross_patch,29ed29a19c52e3d2d3fccd1d,-1.125,-1.125,-1.125,-1.125,0.0,0.0,False,False,False,False,False,False,False,False,False,False,False,0.0
013341a18000cae15a4e,grid,train,fa7d51c76147fd75ac2e,9561f027eac5fe27843c73c4,db178cba11b27405a2d53f25,7/20,C1,1,2,16,13,True,True,False,False,discovery_grid_train,denoising,db178cba11b27405a2d53f25,9561f027eac5fe27843c73c4,answer_prefix,answer_prefix,5,self_patch,99c92ecb862ee52121072a57,-1.125,-1.125,-1.125,-1.125,0.0,0.0,False,False,False,False,False,False,False,False,False,False,False,0.0
013341a18000cae15a4e,grid,train,fa7d51c76147fd75ac2e,9561f027eac5fe27843c73c4,db178cba11b27405a2d53f25,7/20,C1,1,2,16,13,True,True,False,False,discovery_grid_train,denoising,db178cba11b27405a2d53f25,9561f027eac5fe27843c73c4,answer_prefix,answer_prefix,6,cross_patch,297e6007ea0bf8f66806c220,-1.125,-1.125,-1.125,-1.125,0.0,0.0,False,False,False,False,False,False,False,False,False,False,False,0.0
013341a18000cae15a4e,grid,train,fa7d51c76147fd75ac2e,9561f027eac5fe27843c73c4,db178cba11b27405a2d53f25,7/20,C1,1,2,16,13,True,True,False,False,discovery_grid_train,denoising,db178cba11b27405a2d53f25,9561f027eac5fe27843c73c4,answer_prefix,answer_prefix,6,self_patch,1f6f2de5e92b4354200a5f0c,-1.125,-1.125,-1.125,-1.125,0.0,0.0,False,False,False,False,False,False,False,False,False,False,False,0.0
013341a18000cae15a4e,grid,train,fa7d51c76147fd75ac2e,9561f027eac5fe27843c73c4,db178cba11b27405a2d53f25,7/20,C1,1,2,16,13,True,True,False,False,discovery_grid_train,denoising,db178cba11b27405a2d53f25,9561f027eac5fe27843c73c4,answer_prefix,answer_prefix,7,cross_patch,c36902a6aa7347fabd808eca,-1.125,-1.125,-1.125,-1.125,0.0,0.0,False,False,False,False,False,False,False,False,False,False,False,0.0
013341a18000cae15a4e,grid,train,fa7d51c76147fd75ac2e,9561f027eac5fe27843c73c4,db178cba11b27405a2d53f25,7/20,C1,1,2,16,13,True,True,False,False,discovery_grid_train,denoising,db178cba11b27405a2d53f25,9561f027eac5fe27843c73c4,answer_prefix,answer_prefix,7,self_patch,7962163bb27395e0a0b5158a,-1.125,-1.125,-1.125,-1.125,0.0,0.0,False,False,False,False,False,False,False,False,False,False,False,0.0
013341a18000cae15a4e,grid,train,fa7d51c76147fd75ac2e,9561f027eac5fe27843c73c4,db178cba11b27405a2d53f25,7/20,C1,1,2,16,13,True,True,False,False,discovery_grid_train,denoising,db178cba11b27405a2d53f25,9561f027eac5fe27843c73c4,answer_prefix,answer_prefix,8,cross_patch,8065e6b1bd03bad00d75dd9d,-1.125,-1.125,-1.125,-1.125,0.0,0.0,False,False,False,False,False,False,False,False,False,False,False,0.0
013341a18000cae15a4e,grid,train,fa7d51c76147fd75ac2e,9561f027eac5fe27843c73c4,db178cba11b27405a2d53f25,7/20,C1,1,2,16,13,True,True,False,False,discovery_grid_train,denoising,db178cba11b27405a2d53f25,9561f027eac5fe27843c73c4,answer_prefix,answer_prefix,8,self_patch,b474b8903e74406e943f5078,-1.125,-1.125,-1.125,-1.125,0.0,0.0,False,False,False,False,False,False,False,False,False,False,False,0.0
013341a18000cae15a4e,grid,train,fa7d51c76147fd75ac2e,9561f027eac5fe27843c73c4,db178cba11b27405a2d53f25,7/20,C1,1,2,16,13,True,True,False,False,discovery_grid_train,denoising,db178cba11b27405a2d53f25,9561f027eac5fe27843c73c4,answer_prefix,answer_prefix,9,cross_patch,31d8705811ca5e5bfad6ba17,-1.125,-1.125,-1.125,-1.125,0.0,0.0,False,False,False,False,False,False,False,False,False,False,False,0.0
013341a18000cae15a4e,grid,train,fa7d51c76147fd75ac2e,9561f027eac5fe27843c73c4,db178cba11b27405a2d53f25,7/20,C1,1,2,16,13,True,True,False,False,discovery_grid_train,denoising,db178cba11b27405a2d53f25,9561f027eac5fe27843c73c4,answer_prefix,answer_prefix,9,self_patch,95bfbba15ab9212994b56e06,-1.125,-1.125,-1.125,-1.125,0.0,0.0,False,False,False,False,False,False,False,False,False,False,False,0.0
013341a18000cae15a4e,grid,train,fa7d51c76147fd75ac2e,9561f027eac5fe27843c73c4,db178cba11b27405a2d53f25,7/20,C1,1,2,16,13,True,True,False,False,discovery_grid_train,denoising,db178cba11b27405a2d53f25,9561f027eac5fe27843c73c4,answer_prefix,answer_prefix,10,cross_patch,6f6820adb0742b824a48f48f,-1.125,-1.125,-1.125,-1.125,0.0,0.0,False,False,False,False,False,False,False,False,False,False,False,0.0
013341a18000cae15a4e,grid,train,fa7d51c76147fd75ac2e,9561f027eac5fe27843c73c4,db178cba11b27405a2d53f25,7/20,C1,1,2,16,13,True,True,False,False,discovery_grid_train,denoising,db178cba11b27405a2d53f25,9561f027eac5fe27843c73c4,answer_prefix,answer_prefix,10,self_patch,14ab55579fd0408a9ef44f6f,-1.125,-1.125,-1.125,-1.125,0.0,0.0,False,False,False,False,False,False,False,False,False,False,False,0.0
013341a18000cae15a4e,grid,train,fa7d51c76147fd75ac2e,9561f027eac5fe27843c73c4,db178cba11b27405a2d53f25,7/20,C1,1,2,16,13,True,True,False,False,discovery_grid_train,denoising,db178cba11b27405a2d53f25,9561f027eac5fe27843c73c4,answer_prefix,answer_prefix,11,cross_patch,a22f6eb17b517761e6d9db65,-1.125,-1.0,-1.125,-1.0,0.125,0.125,False,False,False,False,False,False,False,False,False,False,False,0.125
013341a18000cae15a4e,grid,train,fa7d51c76147fd75ac2e,9561f027eac5fe27843c73c4,db178cba11b27405a2d53f25,7/20,C1,1,2,16,13,True,True,False,False,discovery_grid_train,denoising,db178cba11b27405a2d53f25,9561f027eac5fe27843c73c4,answer_prefix,answer_prefix,11,self_patch,feccd04739ed0bfc6bb9c7a0,-1.125,-1.125,-1.125,-1.125,0.0,0.0,False,False,False,False,False,False,False,False,False,False,False,0.0
013341a18000cae15a4e,grid,train,fa7d51c76147fd75ac2e,9561f027eac5fe27843c73c4,db178cba11b27405a2d53f25,7/20,C1,1,2,16,13,True,True,False,False,discovery_grid_train,denoising,db178cba11b27405a2d53f25,9561f027eac5fe27843c73c4,answer_prefix,answer_prefix,12,cross_patch,19eaa5460ed11074c6ca2229,-1.125,-1.125,-1.125,-1.125,0.0,0.0,False,False,False,False,False,False,False,False,False,False,False,0.0
013341a18000cae15a4e,grid,train,fa7d51c76147fd75ac2e,9561f027eac5fe27843c73c4,db178cba11b27405a2d53f25,7/20,C1,1,2,16,13,True,True,False,False,discovery_grid_train,denoising,db178cba11b27405a2d53f25,9561f027eac5fe27843c73c4,answer_prefix,answer_prefix,12,self_patch,885997c5e9e4f3e71397c9a6,-1.125,-1.125,-1.125,-1.125,0.0,0.0,False,False,False,False,False,False,False,False,False,False,False,0.0
013341a18000cae15a4e,grid,train,fa7d51c76147fd75ac2e,9561f027eac5fe27843c73c4,db178cba11b27405a2d53f25,7/20,C1,1,2,16,13,True,True,False,False,discovery_grid_train,denoising,db178cba11b27405a2d53f25,9561f027eac5fe27843c73c4,answer_prefix,answer_prefix,13,cross_patch,1e66a7fefeb37cd5aa168141,-1.125,-1.125,-1.125,-1.125,0.0,0.0,False,False,False,False,False,False,False,False,False,False,False,0.0
013341a18000cae15a4e,grid,train,fa7d51c76147fd75ac2e,9561f027eac5fe27843c73c4,db178cba11b27405a2d53f25,7/20,C1,1,2,16,13,True,True,False,False,discovery_grid_train,denoising,db178cba11b27405a2d53f25,9561f027eac5fe27843c73c4,answer_prefix,answer_prefix,13,self_patch,984523f8dd1a8a48e40ee8bb,-1.125,-1.125,-1.125,-1.125,0.0,0.0,False,False,False,False,False,False,False,False,False,False,False,0.0
013341a18000cae15a4e,grid,train,fa7d51c76147fd75ac2e,9561f027eac5fe27843c73c4,db178cba11b27405a2d53f25,7/20,C1,1,2,16,13,True,True,False,False,discovery_grid_train,denoising,db178cba11b27405a2d53f25,9561f027eac5fe27843c73c4,answer_prefix,answer_prefix,14,cross_patch,03a67f1c307b0c16903da863,-1.125,-1.125,-1.125,-1.125,0.0,0.0,False,False,False,False,False,False,False,False,False,False,False,0.0
013341a18000cae15a4e,grid,train,fa7d51c76147fd75ac2e,9561f027eac5fe27843c73c4,db178cba11b27405a2d53f25,7/20,C1,1,2,16,13,True,True,False,False,discovery_grid_train,denoising,db178cba11b27405a2d53f25,9561f027eac5fe27843c73c4,answer_prefix,answer_prefix,14,self_patch,da4143c409d0cdb65d4b9a0b,-1.125,-1.125,-1.125,-1.125,0.0,0.0,False,False,False,False,False,False,False,False,False,False,False,0.0
013341a18000cae15a4e,grid,train,fa7d51c76147fd75ac2e,9561f027eac5fe27843c73c4,db178cba11b27405a2d53f25,7/20,C1,1,2,16,13,True,True,False,False,discovery_grid_train,denoising,db178cba11b27405a2d53f25,9561f027eac5fe27843c73c4,answer_prefix,answer_prefix,15,cross_patch,c8659ef37672993a35477fc2,-1.125,-1.0,-1.125,-1.0,0.125,0.125,False,False,False,False,False,False,False,False,False,False,False,0.125
013341a18000cae15a4e,grid,train,fa7d51c76147fd75ac2e,9561f027eac5fe27843c73c4,db178cba11b27405a2d53f25,7/20,C1,1,2,16,13,True,True,False,False,discovery_grid_train,denoising,db178cba11b27405a2d53f25,9561f027eac5fe27843c73c4,answer_prefix,answer_prefix,15,self_patch,798ab5253181455251a3cd4d,-1.125,-1.125,-1.125,-1.125,0.0,0.0,False,False,False,False,False,False,False,False,False,False,False,0.0
013341a18000cae15a4e,grid,train,fa7d51c76147fd75ac2e,9561f027eac5fe27843c73c4,db178cba11b27405a2d53f25,7/20,C1,1,2,16,13,True,True,False,False,discovery_grid_train,denoising,db178cba11b27405a2d53f25,9561f027eac5fe27843c73c4,answer_prefix,answer_prefix,16,cross_patch,8e432c22b9f56a37f9289df6,-1.125,-1.125,-1.125,-1.125,0.0,0.0,False,False,False,False,False,False,False,False,False,False,False,0.0
013341a18000cae15a4e,grid,train,fa7d51c76147fd75ac2e,9561f027eac5fe27843c73c4,db178cba11b27405a2d53f25,7/20,C1,1,2,16,13,True,True,False,False,discovery_grid_train,denoising,db178cba11b27405a2d53f25,9561f027eac5fe27843c73c4,answer_prefix,answer_prefix,16,self_patch,7c4168c8c5067c923a986414,-1.125,-1.125,-1.125,-1.125,0.0,0.0,False,False,False,False,False,False,False,False,False,False,False,0.0
013341a18000cae15a4e,grid,train,fa7d51c76147fd75ac2e,9561f027eac5fe27843c73c4,db178cba11b27405a2d53f25,7/20,C1,1,2,16,13,True,True,False,False,discovery_grid_train,denoising,db178cba11b27405a2d53f25,9561f027eac5fe27843c73c4,answer_prefix,answer_prefix,17,cross_patch,372cc7c08162172683d25718,-1.125,-1.0,-1.125,-1.0,0.125,0.125,False,False,False,False,False,False,False,False,False,False,False,0.125
013341a18000cae15a4e,grid,train,fa7d51c76147fd75ac2e,9561f027eac5fe27843c73c4,db178cba11b27405a2d53f25,7/20,C1,1,2,16,13,True,True,False,False,discovery_grid_train,denoising,db178cba11b27405a2d53f25,9561f027eac5fe27843c73c4,answer_prefix,answer_prefix,17,self_patch,a5e7d9124d3b89eaada75004,-1.125,-1.125,-1.125,-1.125,0.0,0.0,False,False,False,False,False,False,False,False,False,False,False,0.0
013341a18000cae15a4e,grid,train,fa7d51c76147fd75ac2e,9561f027eac5fe27843c73c4,db178cba11b27405a2d53f25,7/20,C1,1,2,16,13,True,True,False,False,discovery_grid_train,denoising,db178cba11b27405a2d53f25,9561f027eac5fe27843c73c4,answer_prefix,answer_prefix,18,cross_patch,7f8f115586860f877caa40d9,-1.125,-1.125,-1.125,-1.125,0.0,0.0,False,False,False,False,False,False,False,False,False,False,False,0.0
013341a18000cae15a4e,grid,train,fa7d51c76147fd75ac2e,9561f027eac5fe27843c73c4,db178cba11b27405a2d53f25,7/20,C1,1,2,16,13,True,True,False,False,discovery_grid_train,denoising,db178cba11b27405a2d53f25,9561f027eac5fe27843c73c4,answer_prefix,answer_prefix,18,self_patch,637a3424927b4f99eab4745e,-1.125,-1.125,-1.125,-1.125,0.0,0.0,False,False,False,False,False,False,False,False,False,False,False,0.0
013341a18000cae15a4e,grid,train,fa7d51c76147fd75ac2e,9561f027eac5fe27843c73c4,db178cba11b27405a2d53f25,7/20,C1,1,2,16,13,True,True,False,False,discovery_grid_train,denoising,db178cba11b27405a2d53f25,9561f027eac5fe27843c73c4,answer_prefix,answer_prefix,19,cross_patch,9167a06c675e67cc4721966f,-1.125,-1.125,-1.125,-1.125,0.0,0.0,False,False,False,False,False,False,False,False,False,False,False,0.0
013341a18000cae15a4e,grid,train,fa7d51c76147fd75ac2e,9561f027eac5fe27843c73c4,db178cba11b27405a2d53f25,7/20,C1,1,2,16,13,True,True,False,False,discovery_grid_train,denoising,db178cba11b27405a2d53f25,9561f027eac5fe27843c73c4,answer_prefix,answer_prefix,19,self_patch,01791093c8cafa9d55c514bb,-1.125,-1.125,-1.125,-1.125,0.0,0.0,False,False,False,False,False,False,False,False,False,False,False,0.0
013341a18000cae15a4e,grid,train,fa7d51c76147fd75ac2e,9561f027eac5fe27843c73c4,db178cba11b27405a2d53f25,7/20,C1,1,2,16,13,True,True,False,False,discovery_grid_train,denoising,db178cba11b27405a2d53f25,9561f027eac5fe27843c73c4,answer_prefix,answer_prefix,20,cross_patch,e458d479f712671371eeb782,-1.125,-1.0,-1.125,-1.0,0.125,0.125,False,False,False,False,False,False,False,False,False,False,False,0.125
013341a18000cae15a4e,grid,train,fa7d51c76147fd75ac2e,9561f027eac5fe27843c73c4,db178cba11b27405a2d53f25,7/20,C1,1,2,16,13,True,True,False,False,discovery_grid_train,denoising,db178cba11b27405a2d53f25,9561f027eac5fe27843c73c4,answer_prefix,answer_prefix,20,self_patch,56f17c3207173a5510577ada,-1.125,-1.125,-1.125,-1.125,0.0,0.0,False,False,False,False,False,False,False,False,False,False,False,0.0
013341a18000cae15a4e,grid,train,fa7d51c76147fd75ac2e,9561f027eac5fe27843c73c4,db178cba11b27405a2d53f25,7/20,C1,1,2,16,13,True,True,False,False,discovery_grid_train,denoising,db178cba11b27405a2d53f25,9561f027eac5fe27843c73c4,answer_prefix,answer_prefix,21,cross_patch,766226e56c32ca467993f7be,-1.125,-1.125,-1.125,-1.125,0.0,0.0,False,False,False,False,False,False,False,False,False,False,False,0.0
013341a18000cae15a4e,grid,train,fa7d51c76147fd75ac2e,9561f027eac5fe27843c73c4,db178cba11b27405a2d53f25,7/20,C1,1,2,16,13,True,True,False,False,discovery_grid_train,denoising,db178cba11b27405a2d53f25,9561f027eac5fe27843c73c4,answer_prefix,answer_prefix,21,self_patch,96ed1d6a784b9708f0dd0efb,-1.125,-1.125,-1.125,-1.125,0.0,0.0,False,False,False,False,False,False,False,False,False,False,False,0.0
013341a18000cae15a4e,grid,train,fa7d51c76147fd75ac2e,9561f027eac5fe27843c73c4,db178cba11b27405a2d53f25,7/20,C1,1,2,16,13,True,True,False,False,discovery_grid_train,denoising,db178cba11b27405a2d53f25,9561f027eac5fe27843c73c4,answer_prefix,answer_prefix,22,cross_patch,05212ebd7528a3e0a5c4e846,-1.125,-1.0,-1.125,-1.0,0.125,0.125,False,False,False,False,False,False,False,False,False,False,False,0.125
013341a18000cae15a4e,grid,train,fa7d51c76147fd75ac2e,9561f027eac5fe27843c73c4,db178cba11b27405a2d53f25,7/20,C1,1,2,16,13,True,True,False,False,discovery_grid_train,denoising,db178cba11b27405a2d53f25,9561f027eac5fe27843c73c4,answer_prefix,answer_prefix,22,self_patch,f164cacb5ce1794740d03834,-1.125,-1.125,-1.125,-1.125,0.0,0.0,False,False,False,False,False,False,False,False,False,False,False,0.0
013341a18000cae15a4e,grid,train,fa7d51c76147fd75ac2e,9561f027eac5fe27843c73c4,db178cba11b27405a2d53f25,7/20,C1,1,2,16,13,True,True,False,False,discovery_grid_train,denoising,db178cba11b27405a2d53f25,9561f027eac5fe27843c73c4,answer_prefix,answer_prefix,23,cross_patch,91d2a3cd493d73c55a861081,-1.125,-1.125,-1.125,-1.125,0.0,0.0,False,False,False,False,False,False,False,False,False,False,False,0.0
013341a18000cae15a4e,grid,train,fa7d51c76147fd75ac2e,9561f027eac5fe27843c73c4,db178cba11b27405a2d53f25,7/20,C1,1,2,16,13,True,True,False,False,discovery_grid_train,denoising,db178cba11b27405a2d53f25,9561f027eac5fe27843c73c4,answer_prefix,answer_prefix,23,self_patch,a2b6b364586ea42a44362787,-1.125,-1.125,-1.125,-1.125,0.0,0.0,False,False,False,False,False,False,False,False,False,False,False,0.0
013341a18000cae15a4e,grid,train,fa7d51c76147fd75ac2e,9561f027eac5fe27843c73c4,db178cba11b27405a2d53f25,7/20,C1,1,2,16,13,True,True,False,False,discovery_grid_train,denoising,db178cba11b27405a2d53f25,9561f027eac5fe27843c73c4,answer_prefix,answer_prefix,24,cross_patch,d97923f53912ca2fa4fef5cd,-1.125,-0.875,-1.125,-0.875,0.25,0.25,False,False,False,False,False,False,False,False,False,False,False,0.25
013341a18000cae15a4e,grid,train,fa7d51c76147fd75ac2e,9561f027eac5fe27843c73c4,db178cba11b27405a2d53f25,7/20,C1,1,2,16,13,True,True,False,False,discovery_grid_train,denoising,db178cba11b27405a2d53f25,9561f027eac5fe27843c73c4,answer_prefix,answer_prefix,24,self_patch,54ec676b66304f5d55d8d3b2,-1.125,-1.125,-1.125,-1.125,0.0,0.0,False,False,False,False,False,False,False,False,False,False,False,0.0
013341a18000cae15a4e,grid,train,fa7d51c76147fd75ac2e,9561f027eac5fe27843c73c4,db178cba11b27405a2d53f25,7/20,C1,1,2,16,13,True,True,False,False,discovery_grid_train,denoising,db178cba11b27405a2d53f25,9561f027eac5fe27843c73c4,answer_prefix,answer_prefix,25,cross_patch,63eec753267a508193a7dfb4,-1.125,-1.0,-1.125,-1.0,0.125,0.125,False,False,False,False,False,False,False,False,False,False,False,0.125
013341a18000cae15a4e,grid,train,fa7d51c76147fd75ac2e,9561f027eac5fe27843c73c4,db178cba11b27405a2d53f25,7/20,C1,1,2,16,13,True,True,False,False,discovery_grid_train,denoising,db178cba11b27405a2d53f25,9561f027eac5fe27843c73c4,answer_prefix,answer_prefix,25,self_patch,d450f0da2b28e8a5edb3d770,-1.125,-1.125,-1.125,-1.125,0.0,0.0,False,False,False,False,False,False,False,False,False,False,False,0.0
013341a18000cae15a4e,grid,train,fa7d51c76147fd75ac2e,9561f027eac5fe27843c73c4,db178cba11b27405a2d53f25,7/20,C1,1,2,16,13,True,True,False,False,discovery_grid_train,denoising,db178cba11b27405a2d53f25,9561f027eac5fe27843c73c4,answer_prefix,answer_prefix,26,cross_patch,a7eb45c1a8c8b33d5e977eb7,-1.125,-1.0,-1.125,-1.0,0.125,0.125,False,False,False,False,False,False,False,False,False,False,False,0.125
013341a18000cae15a4e,grid,train,fa7d51c76147fd75ac2e,9561f027eac5fe27843c73c4,db178cba11b27405a2d53f25,7/20,C1,1,2,16,13,True,True,False,False,discovery_grid_train,denoising,db178cba11b27405a2d53f25,9561f027eac5fe27843c73c4,answer_prefix,answer_prefix,26,self_patch,58e0cdf26d70d934c0f38098,-1.125,-1.125,-1.125,-1.125,0.0,0.0,False,False,False,False,False,False,False,False,False,False,False,0.0
013341a18000cae15a4e,grid,train,fa7d51c76147fd75ac2e,9561f027eac5fe27843c73c4,db178cba11b27405a2d53f25,7/20,C1,1,2,16,13,True,True,False,False,discovery_grid_train,denoising,db178cba11b27405a2d53f25,9561f027eac5fe27843c73c4,answer_prefix,answer_prefix,27,cross_patch,5e36713391608631351721dc,-1.125,-1.0,-1.125,-1.0,0.125,0.125,False,False,False,False,False,False,False,False,False,False,False,0.125
013341a18000cae15a4e,grid,train,fa7d51c76147fd75ac2e,9561f027eac5fe27843c73c4,db178cba11b27405a2d53f25,7/20,C1,1,2,16,13,True,True,False,False,discovery_grid_train,denoising,db178cba11b27405a2d53f25,9561f027eac5fe27843c73c4,answer_prefix,answer_prefix,27,self_patch,b54ea4e72b989c3231331080,-1.125,-1.125,-1.125,-1.125,0.0,0.0,False,False,False,False,False,False,False,False,False,False,False,0.0
013341a18000cae15a4e,grid,train,fa7d51c76147fd75ac2e,9561f027eac5fe27843c73c4,db178cba11b27405a2d53f25,7/20,C1,1,2,16,13,True,True,False,False,discovery_grid_train,denoising,db178cba11b27405a2d53f25,9561f027eac5fe27843c73c4,answer_prefix,answer_prefix,28,cross_patch,aa4de1aeb409d430a526b0cf,-1.125,-1.0,-1.125,-1.0,0.125,0.125,False,False,False,False,False,False,False,False,False,False,False,0.125
013341a18000cae15a4e,grid,train,fa7d51c76147fd75ac2e,9561f027eac5fe27843c73c4,db178cba11b27405a2d53f25,7/20,C1,1,2,16,13,True,True,False,False,discovery_grid_train,denoising,db178cba11b27405a2d53f25,9561f027eac5fe27843c73c4,answer_prefix,answer_prefix,28,self_patch,c6d46f97bd2f9dded27579cc,-1.125,-1.125,-1.125,-1.125,0.0,0.0,False,False,False,False,False,False,False,False,False,False,False,0.0
013341a18000cae15a4e,grid,train,fa7d51c76147fd75ac2e,9561f027eac5fe27843c73c4,db178cba11b27405a2d53f25,7/20,C1,1,2,16,13,True,True,False,False,discovery_grid_train,denoising,db178cba11b27405a2d53f25,9561f027eac5fe27843c73c4,answer_prefix,answer_prefix,29,cross_patch,a14c1c28356192cdd3deae3c,-1.125,-0.875,-1.125,-0.875,0.25,0.25,False,False,False,False,False,False,False,False,False,False,False,0.25
013341a18000cae15a4e,grid,train,fa7d51c76147fd75ac2e,9561f027eac5fe27843c73c4,db178cba11b27405a2d53f25,7/20,C1,1,2,16,13,True,True,False,False,discovery_grid_train,denoising,db178cba11b27405a2d53f25,9561f027eac5fe27843c73c4,answer_prefix,answer_prefix,29,self_patch,bf5203ece13c079a3932243c,-1.125,-1.125,-1.125,-1.125,0.0,0.0,False,False,False,False,False,False,False,False,False,False,False,0.0
013341a18000cae15a4e,grid,train,fa7d51c76147fd75ac2e,9561f027eac5fe27843c73c4,db178cba11b27405a2d53f25,7/20,C1,1,2,16,13,True,True,False,False,discovery_grid_train,denoising,db178cba11b27405a2d53f25,9561f027eac5fe27843c73c4,answer_prefix,answer_prefix,30,cross_patch,7a828d38acd8fb359313b54e,-1.125,-0.125,-1.125,-0.125,1.0,1.0,False,False,False,False,False,False,False,False,False,False,False,1.0
013341a18000cae15a4e,grid,train,fa7d51c76147fd75ac2e,9561f027eac5fe27843c73c4,db178cba11b27405a2d53f25,7/20,C1,1,2,16,13,True,True,False,False,discovery_grid_train,denoising,db178cba11b27405a2d53f25,9561f027eac5fe27843c73c4,answer_prefix,answer_prefix,30,self_patch,5de2b5cfbe8bb593652b7ebf,-1.125,-1.125,-1.125,-1.125,0.0,0.0,False,False,False,False,False,False,False,False,False,False,False,0.0
013341a18000cae15a4e,grid,train,fa7d51c76147fd75ac2e,9561f027eac5fe27843c73c4,db178cba11b27405a2d53f25,7/20,C1,1,2,16,13,True,True,False,False,discovery_grid_train,denoising,db178cba11b27405a2d53f25,9561f027eac5fe27843c73c4,answer_prefix,answer_prefix,31,cross_patch,cf31b844646826bfa7ef41fd,-1.125,0.125,-1.125,0.125,1.25,1.25,False,True,False,True,True,False,True,False,True,False,False,1.25
013341a18000cae15a4e,grid,train,fa7d51c76147fd75ac2e,9561f027eac5fe27843c73c4,db178cba11b27405a2d53f25,7/20,C1,1,2,16,13,True,True,False,False,discovery_grid_train,denoising,db178cba11b27405a2d53f25,9561f027eac5fe27843c73c4,answer_prefix,answer_prefix,31,self_patch,e8e43f88cbeff837e227ebf7,-1.125,-1.125,-1.125,-1.125,0.0,0.0,False,False,False,False,False,False,False,False,False,False,False,0.0
013341a18000cae15a4e,grid,train,fa7d51c76147fd75ac2e,9561f027eac5fe27843c73c4,db178cba11b27405a2d53f25,7/20,C1,1,2,16,13,True,True,False,False,discovery_grid_train,noising,9561f027eac5fe27843c73c4,db178cba11b27405a2d53f25,final_prompt,final_prompt,0,cross_patch,acf136faece7d44ee059b93e,0.125,0.0,0.125,0.0,-0.125,-0.125,True,False,True,True,False,True,False,False,True,False,False,0.125
013341a18000cae15a4e,grid,train,fa7d51c76147fd75ac2e,9561f027eac5fe27843c73c4,db178cba11b27405a2d53f25,7/20,C1,1,2,16,13,True,True,False,False,discovery_grid_train,noising,9561f027eac5fe27843c73c4,db178cba11b27405a2d53f25,final_prompt,final_prompt,0,self_patch,13999b9a48c10db1cd3021da,0.125,0.125,0.125,0.125,0.0,0.0,True,True,True,True,False,False,False,False,False,False,False,-0.0
013341a18000cae15a4e,grid,train,fa7d51c76147fd75ac2e,9561f027eac5fe27843c73c4,db178cba11b27405a2d53f25,7/20,C1,1,2,16,13,True,True,False,False,discovery_grid_train,noising,9561f027eac5fe27843c73c4,db178cba11b27405a2d53f25,final_prompt,final_prompt,1,cross_patch,37dd0720b0a4a0f57e29aa71,0.125,0.125,0.125,0.125,0.0,0.0,True,True,True,True,False,False,False,False,False,False,False,-0.0
013341a18000cae15a4e,grid,train,fa7d51c76147fd75ac2e,9561f027eac5fe27843c73c4,db178cba11b27405a2d53f25,7/20,C1,1,2,16,13,True,True,False,False,discovery_grid_train,noising,9561f027eac5fe27843c73c4,db178cba11b27405a2d53f25,final_prompt,final_prompt,1,self_patch,31c36afe7a76fa51f24355a9,0.125,0.125,0.125,0.125,0.0,0.0,True,True,True,True,False,False,False,False,False,False,False,-0.0
013341a18000cae15a4e,grid,train,fa7d51c76147fd75ac2e,9561f027eac5fe27843c73c4,db178cba11b27405a2d53f25,7/20,C1,1,2,16,13,True,True,False,False,discovery_grid_train,noising,9561f027eac5fe27843c73c4,db178cba11b27405a2d53f25,final_prompt,final_prompt,2,cross_patch,907b16a755faed689e73e863,0.125,0.125,0.125,0.125,0.0,0.0,True,True,True,True,False,False,False,False,False,False,False,-0.0
013341a18000cae15a4e,grid,train,fa7d51c76147fd75ac2e,9561f027eac5fe27843c73c4,db178cba11b27405a2d53f25,7/20,C1,1,2,16,13,True,True,False,False,discovery_grid_train,noising,9561f027eac5fe27843c73c4,db178cba11b27405a2d53f25,final_prompt,final_prompt,2,self_patch,8903e9e5b641dc3b43055301,0.125,0.125,0.125,0.125,0.0,0.0,True,True,True,True,False,False,False,False,False,False,False,-0.0
013341a18000cae15a4e,grid,train,fa7d51c76147fd75ac2e,9561f027eac5fe27843c73c4,db178cba11b27405a2d53f25,7/20,C1,1,2,16,13,True,True,False,False,discovery_grid_train,noising,9561f027eac5fe27843c73c4,db178cba11b27405a2d53f25,final_prompt,final_prompt,3,cross_patch,9a98efa7b344e9ed473d3d27,0.125,0.125,0.125,0.125,0.0,0.0,True,True,True,True,False,False,False,False,False,False,False,-0.0
013341a18000cae15a4e,grid,train,fa7d51c76147fd75ac2e,9561f027eac5fe27843c73c4,db178cba11b27405a2d53f25,7/20,C1,1,2,16,13,True,True,False,False,discovery_grid_train,noising,9561f027eac5fe27843c73c4,db178cba11b27405a2d53f25,final_prompt,final_prompt,3,self_patch,d59df1e17c631e831b0c05ab,0.125,0.125,0.125,0.125,0.0,0.0,True,True,True,True,False,False,False,False,False,False,False,-0.0
013341a18000cae15a4e,grid,train,fa7d51c76147fd75ac2e,9561f027eac5fe27843c73c4,db178cba11b27405a2d53f25,7/20,C1,1,2,16,13,True,True,False,False,discovery_grid_train,noising,9561f027eac5fe27843c73c4,db178cba11b27405a2d53f25,final_prompt,final_prompt,4,cross_patch,2843dba9021006b5ee4c9ef7,0.125,0.0,0.125,0.0,-0.125,-0.125,True,False,True,True,False,True,False,False,True,False,False,0.125
013341a18000cae15a4e,grid,train,fa7d51c76147fd75ac2e,9561f027eac5fe27843c73c4,db178cba11b27405a2d53f25,7/20,C1,1,2,16,13,True,True,False,False,discovery_grid_train,noising,9561f027eac5fe27843c73c4,db178cba11b27405a2d53f25,final_prompt,final_prompt,4,self_patch,c3ea94cab1b7d460121dc347,0.125,0.125,0.125,0.125,0.0,0.0,True,True,True,True,False,False,False,False,False,False,False,-0.0
013341a18000cae15a4e,grid,train,fa7d51c76147fd75ac2e,9561f027eac5fe27843c73c4,db178cba11b27405a2d53f25,7/20,C1,1,2,16,13,True,True,False,False,discovery_grid_train,noising,9561f027eac5fe27843c73c4,db178cba11b27405a2d53f25,final_prompt,final_prompt,5,cross_patch,4150b6f9b7023ee0faa0c00b,0.125,0.0,0.125,0.0,-0.125,-0.125,True,False,True,True,False,True,False,False,True,False,False,0.125
013341a18000cae15a4e,grid,train,fa7d51c76147fd75ac2e,9561f027eac5fe27843c73c4,db178cba11b27405a2d53f25,7/20,C1,1,2,16,13,True,True,False,False,discovery_grid_train,noising,9561f027eac5fe27843c73c4,db178cba11b27405a2d53f25,final_prompt,final_prompt,5,self_patch,c628ab09478024f224787a44,0.125,0.125,0.125,0.125,0.0,0.0,True,True,True,True,False,False,False,False,False,False,False,-0.0
013341a18000cae15a4e,grid,train,fa7d51c76147fd75ac2e,9561f027eac5fe27843c73c4,db178cba11b27405a2d53f25,7/20,C1,1,2,16,13,True,True,False,False,discovery_grid_train,noising,9561f027eac5fe27843c73c4,db178cba11b27405a2d53f25,final_prompt,final_prompt,6,cross_patch,e36231c37c887adc241c8cc1,0.125,0.125,0.125,0.125,0.0,0.0,True,True,True,True,False,False,False,False,False,False,False,-0.0
013341a18000cae15a4e,grid,train,fa7d51c76147fd75ac2e,9561f027eac5fe27843c73c4,db178cba11b27405a2d53f25,7/20,C1,1,2,16,13,True,True,False,False,discovery_grid_train,noising,9561f027eac5fe27843c73c4,db178cba11b27405a2d53f25,final_prompt,final_prompt,6,self_patch,56c2c4e21462566cc5259895,0.125,0.125,0.125,0.125,0.0,0.0,True,True,True,True,False,False,False,False,False,False,False,-0.0
013341a18000cae15a4e,grid,train,fa7d51c76147fd75ac2e,9561f027eac5fe27843c73c4,db178cba11b27405a2d53f25,7/20,C1,1,2,16,13,True,True,False,False,discovery_grid_train,noising,9561f027eac5fe27843c73c4,db178cba11b27405a2d53f25,final_prompt,final_prompt,7,cross_patch,d61d9403236d0bd758ac2040,0.125,0.125,0.125,0.125,0.0,0.0,True,True,True,True,False,False,False,False,False,False,False,-0.0
013341a18000cae15a4e,grid,train,fa7d51c76147fd75ac2e,9561f027eac5fe27843c73c4,db178cba11b27405a2d53f25,7/20,C1,1,2,16,13,True,True,False,False,discovery_grid_train,noising,9561f027eac5fe27843c73c4,db178cba11b27405a2d53f25,final_prompt,final_prompt,7,self_patch,685360caea19debdd7a47ef3,0.125,0.125,0.125,0.125,0.0,0.0,True,True,True,True,False,False,False,False,False,False,False,-0.0
013341a18000cae15a4e,grid,train,fa7d51c76147fd75ac2e,9561f027eac5fe27843c73c4,db178cba11b27405a2d53f25,7/20,C1,1,2,16,13,True,True,False,False,discovery_grid_train,noising,9561f027eac5fe27843c73c4,db178cba11b27405a2d53f25,final_prompt,final_prompt,8,cross_patch,5b21b1027aaa82c13d18cf43,0.125,0.125,0.125,0.125,0.0,0.0,True,True,True,True,False,False,False,False,False,False,False,-0.0
013341a18000cae15a4e,grid,train,fa7d51c76147fd75ac2e,9561f027eac5fe27843c73c4,db178cba11b27405a2d53f25,7/20,C1,1,2,16,13,True,True,False,False,discovery_grid_train,noising,9561f027eac5fe27843c73c4,db178cba11b27405a2d53f25,final_prompt,final_prompt,8,self_patch,6136120c5bd6eb6c8bc529c3,0.125,0.125,0.125,0.125,0.0,0.0,True,True,True,True,False,False,False,False,False,False,False,-0.0
013341a18000cae15a4e,grid,train,fa7d51c76147fd75ac2e,9561f027eac5fe27843c73c4,db178cba11b27405a2d53f25,7/20,C1,1,2,16,13,True,True,False,False,discovery_grid_train,noising,9561f027eac5fe27843c73c4,db178cba11b27405a2d53f25,final_prompt,final_prompt,9,cross_patch,05d770482add2af6de89ca1b,0.125,0.125,0.125,0.125,0.0,0.0,True,True,True,True,False,False,False,False,False,False,False,-0.0
013341a18000cae15a4e,grid,train,fa7d51c76147fd75ac2e,9561f027eac5fe27843c73c4,db178cba11b27405a2d53f25,7/20,C1,1,2,16,13,True,True,False,False,discovery_grid_train,noising,9561f027eac5fe27843c73c4,db178cba11b27405a2d53f25,final_prompt,final_prompt,9,self_patch,c0e7aae4b254eeeb27671abb,0.125,0.125,0.125,0.125,0.0,0.0,True,True,True,True,False,False,False,False,False,False,False,-0.0
013341a18000cae15a4e,grid,train,fa7d51c76147fd75ac2e,9561f027eac5fe27843c73c4,db178cba11b27405a2d53f25,7/20,C1,1,2,16,13,True,True,False,False,discovery_grid_train,noising,9561f027eac5fe27843c73c4,db178cba11b27405a2d53f25,final_prompt,final_prompt,10,cross_patch,885cab75c82d6df608abbabd,0.125,0.125,0.125,0.125,0.0,0.0,True,True,True,True,False,False,False,False,False,False,False,-0.0
013341a18000cae15a4e,grid,train,fa7d51c76147fd75ac2e,9561f027eac5fe27843c73c4,db178cba11b27405a2d53f25,7/20,C1,1,2,16,13,True,True,False,False,discovery_grid_train,noising,9561f027eac5fe27843c73c4,db178cba11b27405a2d53f25,final_prompt,final_prompt,10,self_patch,0bea18e5e5dd3ac469ee7bb7,0.125,0.125,0.125,0.125,0.0,0.0,True,True,True,True,False,False,False,False,False,False,False,-0.0
013341a18000cae15a4e,grid,train,fa7d51c76147fd75ac2e,9561f027eac5fe27843c73c4,db178cba11b27405a2d53f25,7/20,C1,1,2,16,13,True,True,False,False,discovery_grid_train,noising,9561f027eac5fe27843c73c4,db178cba11b27405a2d53f25,final_prompt,final_prompt,11,cross_patch,cbb5b400c1251ea7035c3401,0.125,0.125,0.125,0.125,0.0,0.0,True,True,True,True,False,False,False,False,False,False,False,-0.0
013341a18000cae15a4e,grid,train,fa7d51c76147fd75ac2e,9561f027eac5fe27843c73c4,db178cba11b27405a2d53f25,7/20,C1,1,2,16,13,True,True,False,False,discovery_grid_train,noising,9561f027eac5fe27843c73c4,db178cba11b27405a2d53f25,final_prompt,final_prompt,11,self_patch,dc995d3e9c0bb00addf55bba,0.125,0.125,0.125,0.125,0.0,0.0,True,True,True,True,False,False,False,False,False,False,False,-0.0
013341a18000cae15a4e,grid,train,fa7d51c76147fd75ac2e,9561f027eac5fe27843c73c4,db178cba11b27405a2d53f25,7/20,C1,1,2,16,13,True,True,False,False,discovery_grid_train,noising,9561f027eac5fe27843c73c4,db178cba11b27405a2d53f25,final_prompt,final_prompt,12,cross_patch,c2c048bc08369015fd1a8223,0.125,0.125,0.125,0.125,0.0,0.0,True,True,True,True,False,False,False,False,False,False,False,-0.0
013341a18000cae15a4e,grid,train,fa7d51c76147fd75ac2e,9561f027eac5fe27843c73c4,db178cba11b27405a2d53f25,7/20,C1,1,2,16,13,True,True,False,False,discovery_grid_train,noising,9561f027eac5fe27843c73c4,db178cba11b27405a2d53f25,final_prompt,final_prompt,12,self_patch,f65c7a2cc301bac581c0fa73,0.125,0.125,0.125,0.125,0.0,0.0,True,True,True,True,False,False,False,False,False,False,False,-0.0
013341a18000cae15a4e,grid,train,fa7d51c76147fd75ac2e,9561f027eac5fe27843c73c4,db178cba11b27405a2d53f25,7/20,C1,1,2,16,13,True,True,False,False,discovery_grid_train,noising,9561f027eac5fe27843c73c4,db178cba11b27405a2d53f25,final_prompt,final_prompt,13,cross_patch,7f1f9734b45780969919ef4f,0.125,0.125,0.125,0.125,0.0,0.0,True,True,True,True,False,False,False,False,False,False,False,-0.0
013341a18000cae15a4e,grid,train,fa7d51c76147fd75ac2e,9561f027eac5fe27843c73c4,db178cba11b27405a2d53f25,7/20,C1,1,2,16,13,True,True,False,False,discovery_grid_train,noising,9561f027eac5fe27843c73c4,db178cba11b27405a2d53f25,final_prompt,final_prompt,13,self_patch,2a3e91f3aea678863bd23586,0.125,0.125,0.125,0.125,0.0,0.0,True,True,True,True,False,False,False,False,False,False,False,-0.0
013341a18000cae15a4e,grid,train,fa7d51c76147fd75ac2e,9561f027eac5fe27843c73c4,db178cba11b27405a2d53f25,7/20,C1,1,2,16,13,True,True,False,False,discovery_grid_train,noising,9561f027eac5fe27843c73c4,db178cba11b27405a2d53f25,final_prompt,final_prompt,14,cross_patch,66da88df7e7402450c057412,0.125,0.125,0.125,0.125,0.0,0.0,True,True,True,True,False,False,False,False,False,False,False,-0.0
013341a18000cae15a4e,grid,train,fa7d51c76147fd75ac2e,9561f027eac5fe27843c73c4,db178cba11b27405a2d53f25,7/20,C1,1,2,16,13,True,True,False,False,discovery_grid_train,noising,9561f027eac5fe27843c73c4,db178cba11b27405a2d53f25,final_prompt,final_prompt,14,self_patch,fa09c76c9eefeea93b94190a,0.125,0.125,0.125,0.125,0.0,0.0,True,True,True,True,False,False,False,False,False,False,False,-0.0
013341a18000cae15a4e,grid,train,fa7d51c76147fd75ac2e,9561f027eac5fe27843c73c4,db178cba11b27405a2d53f25,7/20,C1,1,2,16,13,True,True,False,False,discovery_grid_train,noising,9561f027eac5fe27843c73c4,db178cba11b27405a2d53f25,final_prompt,final_prompt,15,cross_patch,73200110f3eced66a48e7eba,0.125,0.125,0.125,0.125,0.0,0.0,True,True,True,True,False,False,False,False,False,False,False,-0.0
013341a18000cae15a4e,grid,train,fa7d51c76147fd75ac2e,9561f027eac5fe27843c73c4,db178cba11b27405a2d53f25,7/20,C1,1,2,16,13,True,True,False,False,discovery_grid_train,noising,9561f027eac5fe27843c73c4,db178cba11b27405a2d53f25,final_prompt,final_prompt,15,self_patch,8d67b25db02bd42e9394da60,0.125,0.125,0.125,0.125,0.0,0.0,True,True,True,True,False,False,False,False,False,False,False,-0.0
013341a18000cae15a4e,grid,train,fa7d51c76147fd75ac2e,9561f027eac5fe27843c73c4,db178cba11b27405a2d53f25,7/20,C1,1,2,16,13,True,True,False,False,discovery_grid_train,noising,9561f027eac5fe27843c73c4,db178cba11b27405a2d53f25,final_prompt,final_prompt,16,cross_patch,9deb5f058be844842bbf55e0,0.125,0.0,0.125,0.0,-0.125,-0.125,True,False,True,True,False,True,False,False,True,False,False,0.125
013341a18000cae15a4e,grid,train,fa7d51c76147fd75ac2e,9561f027eac5fe27843c73c4,db178cba11b27405a2d53f25,7/20,C1,1,2,16,13,True,True,False,False,discovery_grid_train,noising,9561f027eac5fe27843c73c4,db178cba11b27405a2d53f25,final_prompt,final_prompt,16,self_patch,5a50764868ecbe4280abfb19,0.125,0.125,0.125,0.125,0.0,0.0,True,True,True,True,False,False,False,False,False,False,False,-0.0
013341a18000cae15a4e,grid,train,fa7d51c76147fd75ac2e,9561f027eac5fe27843c73c4,db178cba11b27405a2d53f25,7/20,C1,1,2,16,13,True,True,False,False,discovery_grid_train,noising,9561f027eac5fe27843c73c4,db178cba11b27405a2d53f25,final_prompt,final_prompt,17,cross_patch,f5e2eab863316b571994d467,0.125,0.125,0.125,0.125,0.0,0.0,True,True,True,True,False,False,False,False,False,False,False,-0.0
013341a18000cae15a4e,grid,train,fa7d51c76147fd75ac2e,9561f027eac5fe27843c73c4,db178cba11b27405a2d53f25,7/20,C1,1,2,16,13,True,True,False,False,discovery_grid_train,noising,9561f027eac5fe27843c73c4,db178cba11b27405a2d53f25,final_prompt,final_prompt,17,self_patch,a3d1d77aee6be23a8761d358,0.125,0.125,0.125,0.125,0.0,0.0,True,True,True,True,False,False,False,False,False,False,False,-0.0
013341a18000cae15a4e,grid,train,fa7d51c76147fd75ac2e,9561f027eac5fe27843c73c4,db178cba11b27405a2d53f25,7/20,C1,1,2,16,13,True,True,False,False,discovery_grid_train,noising,9561f027eac5fe27843c73c4,db178cba11b27405a2d53f25,final_prompt,final_prompt,18,cross_patch,d559f341c5ff72b015e22413,0.125,0.125,0.125,0.125,0.0,0.0,True,True,True,True,False,False,False,False,False,False,False,-0.0
013341a18000cae15a4e,grid,train,fa7d51c76147fd75ac2e,9561f027eac5fe27843c73c4,db178cba11b27405a2d53f25,7/20,C1,1,2,16,13,True,True,False,False,discovery_grid_train,noising,9561f027eac5fe27843c73c4,db178cba11b27405a2d53f25,final_prompt,final_prompt,18,self_patch,9af36fd5b98692ecb87f13b2,0.125,0.125,0.125,0.125,0.0,0.0,True,True,True,True,False,False,False,False,False,False,False,-0.0
013341a18000cae15a4e,grid,train,fa7d51c76147fd75ac2e,9561f027eac5fe27843c73c4,db178cba11b27405a2d53f25,7/20,C1,1,2,16,13,True,True,False,False,discovery_grid_train,noising,9561f027eac5fe27843c73c4,db178cba11b27405a2d53f25,final_prompt,final_prompt,19,cross_patch,78e508efb558eb221515171b,0.125,0.125,0.125,0.125,0.0,0.0,True,True,True,True,False,False,False,False,False,False,False,-0.0
013341a18000cae15a4e,grid,train,fa7d51c76147fd75ac2e,9561f027eac5fe27843c73c4,db178cba11b27405a2d53f25,7/20,C1,1,2,16,13,True,True,False,False,discovery_grid_train,noising,9561f027eac5fe27843c73c4,db178cba11b27405a2d53f25,final_prompt,final_prompt,19,self_patch,e19ccf8f058dff80ae6da978,0.125,0.125,0.125,0.125,0.0,0.0,True,True,True,True,False,False,False,False,False,False,False,-0.0
013341a18000cae15a4e,grid,train,fa7d51c76147fd75ac2e,9561f027eac5fe27843c73c4,db178cba11b27405a2d53f25,7/20,C1,1,2,16,13,True,True,False,False,discovery_grid_train,noising,9561f027eac5fe27843c73c4,db178cba11b27405a2d53f25,final_prompt,final_prompt,20,cross_patch,3f363391216565a53b8315d2,0.125,0.125,0.125,0.125,0.0,0.0,True,True,True,True,False,False,False,False,False,False,False,-0.0
013341a18000cae15a4e,grid,train,fa7d51c76147fd75ac2e,9561f027eac5fe27843c73c4,db178cba11b27405a2d53f25,7/20,C1,1,2,16,13,True,True,False,False,discovery_grid_train,noising,9561f027eac5fe27843c73c4,db178cba11b27405a2d53f25,final_prompt,final_prompt,20,self_patch,c40735043a3cbc4f049a1b38,0.125,0.125,0.125,0.125,0.0,0.0,True,True,True,True,False,False,False,False,False,False,False,-0.0
013341a18000cae15a4e,grid,train,fa7d51c76147fd75ac2e,9561f027eac5fe27843c73c4,db178cba11b27405a2d53f25,7/20,C1,1,2,16,13,True,True,False,False,discovery_grid_train,noising,9561f027eac5fe27843c73c4,db178cba11b27405a2d53f25,final_prompt,final_prompt,21,cross_patch,365846ba73ddc4e785d50efd,0.125,0.125,0.125,0.125,0.0,0.0,True,True,True,True,False,False,False,False,False,False,False,-0.0
013341a18000cae15a4e,grid,train,fa7d51c76147fd75ac2e,9561f027eac5fe27843c73c4,db178cba11b27405a2d53f25,7/20,C1,1,2,16,13,True,True,False,False,discovery_grid_train,noising,9561f027eac5fe27843c73c4,db178cba11b27405a2d53f25,final_prompt,final_prompt,21,self_patch,ce3ef7af161317e3f0c76e6b,0.125,0.125,0.125,0.125,0.0,0.0,True,True,True,True,False,False,False,False,False,False,False,-0.0
013341a18000cae15a4e,grid,train,fa7d51c76147fd75ac2e,9561f027eac5fe27843c73c4,db178cba11b27405a2d53f25,7/20,C1,1,2,16,13,True,True,False,False,discovery_grid_train,noising,9561f027eac5fe27843c73c4,db178cba11b27405a2d53f25,final_prompt,final_prompt,22,cross_patch,b6f6fc3b89f6e469dbb1c4da,0.125,0.125,0.125,0.125,0.0,0.0,True,True,True,True,False,False,False,False,False,False,False,-0.0
013341a18000cae15a4e,grid,train,fa7d51c76147fd75ac2e,9561f027eac5fe27843c73c4,db178cba11b27405a2d53f25,7/20,C1,1,2,16,13,True,True,False,False,discovery_grid_train,noising,9561f027eac5fe27843c73c4,db178cba11b27405a2d53f25,final_prompt,final_prompt,22,self_patch,90b7ec0fe6ce16f2061eb902,0.125,0.125,0.125,0.125,0.0,0.0,True,True,True,True,False,False,False,False,False,False,False,-0.0
013341a18000cae15a4e,grid,train,fa7d51c76147fd75ac2e,9561f027eac5fe27843c73c4,db178cba11b27405a2d53f25,7/20,C1,1,2,16,13,True,True,False,False,discovery_grid_train,noising,9561f027eac5fe27843c73c4,db178cba11b27405a2d53f25,final_prompt,final_prompt,23,cross_patch,73b8a16081ef9d8b4a95fae4,0.125,0.125,0.125,0.125,0.0,0.0,True,True,True,True,False,False,False,False,False,False,False,-0.0
013341a18000cae15a4e,grid,train,fa7d51c76147fd75ac2e,9561f027eac5fe27843c73c4,db178cba11b27405a2d53f25,7/20,C1,1,2,16,13,True,True,False,False,discovery_grid_train,noising,9561f027eac5fe27843c73c4,db178cba11b27405a2d53f25,final_prompt,final_prompt,23,self_patch,3005c0ff9e4ae9d09484fa6c,0.125,0.125,0.125,0.125,0.0,0.0,True,True,True,True,False,False,False,False,False,False,False,-0.0
013341a18000cae15a4e,grid,train,fa7d51c76147fd75ac2e,9561f027eac5fe27843c73c4,db178cba11b27405a2d53f25,7/20,C1,1,2,16,13,True,True,False,False,discovery_grid_train,noising,9561f027eac5fe27843c73c4,db178cba11b27405a2d53f25,final_prompt,final_prompt,24,cross_patch,4045e8d00f8bd8ad66e6af11,0.125,0.0,0.125,0.0,-0.125,-0.125,True,False,True,True,False,True,False,False,True,False,False,0.125
013341a18000cae15a4e,grid,train,fa7d51c76147fd75ac2e,9561f027eac5fe27843c73c4,db178cba11b27405a2d53f25,7/20,C1,1,2,16,13,True,True,False,False,discovery_grid_train,noising,9561f027eac5fe27843c73c4,db178cba11b27405a2d53f25,final_prompt,final_prompt,24,self_patch,a82f1bceef44056818a74fac,0.125,0.125,0.125,0.125,0.0,0.0,True,True,True,True,False,False,False,False,False,False,False,-0.0
013341a18000cae15a4e,grid,train,fa7d51c76147fd75ac2e,9561f027eac5fe27843c73c4,db178cba11b27405a2d53f25,7/20,C1,1,2,16,13,True,True,False,False,discovery_grid_train,noising,9561f027eac5fe27843c73c4,db178cba11b27405a2d53f25,final_prompt,final_prompt,25,cross_patch,e8ec08c1ec8ae793410d7e9f,0.125,0.125,0.125,0.125,0.0,0.0,True,True,True,True,False,False,False,False,False,False,False,-0.0
013341a18000cae15a4e,grid,train,fa7d51c76147fd75ac2e,9561f027eac5fe27843c73c4,db178cba11b27405a2d53f25,7/20,C1,1,2,16,13,True,True,False,False,discovery_grid_train,noising,9561f027eac5fe27843c73c4,db178cba11b27405a2d53f25,final_prompt,final_prompt,25,self_patch,649c0fb9c745817c3fe0bfd4,0.125,0.125,0.125,0.125,0.0,0.0,True,True,True,True,False,False,False,False,False,False,False,-0.0
013341a18000cae15a4e,grid,train,fa7d51c76147fd75ac2e,9561f027eac5fe27843c73c4,db178cba11b27405a2d53f25,7/20,C1,1,2,16,13,True,True,False,False,discovery_grid_train,noising,9561f027eac5fe27843c73c4,db178cba11b27405a2d53f25,final_prompt,final_prompt,26,cross_patch,5618648ec27943f51d68806b,0.125,0.125,0.125,0.125,0.0,0.0,True,True,True,True,False,False,False,False,False,False,False,-0.0
013341a18000cae15a4e,grid,train,fa7d51c76147fd75ac2e,9561f027eac5fe27843c73c4,db178cba11b27405a2d53f25,7/20,C1,1,2,16,13,True,True,False,False,discovery_grid_train,noising,9561f027eac5fe27843c73c4,db178cba11b27405a2d53f25,final_prompt,final_prompt,26,self_patch,4aad5ca5044b27e86fdbf3cb,0.125,0.125,0.125,0.125,0.0,0.0,True,True,True,True,False,False,False,False,False,False,False,-0.0
013341a18000cae15a4e,grid,train,fa7d51c76147fd75ac2e,9561f027eac5fe27843c73c4,db178cba11b27405a2d53f25,7/20,C1,1,2,16,13,True,True,False,False,discovery_grid_train,noising,9561f027eac5fe27843c73c4,db178cba11b27405a2d53f25,final_prompt,final_prompt,27,cross_patch,81b23e68ebec950619fe17c4,0.125,0.125,0.125,0.125,0.0,0.0,True,True,True,True,False,False,False,False,False,False,False,-0.0
013341a18000cae15a4e,grid,train,fa7d51c76147fd75ac2e,9561f027eac5fe27843c73c4,db178cba11b27405a2d53f25,7/20,C1,1,2,16,13,True,True,False,False,discovery_grid_train,noising,9561f027eac5fe27843c73c4,db178cba11b27405a2d53f25,final_prompt,final_prompt,27,self_patch,b92830efffb6ad4c7300a431,0.125,0.125,0.125,0.125,0.0,0.0,True,True,True,True,False,False,False,False,False,False,False,-0.0
013341a18000cae15a4e,grid,train,fa7d51c76147fd75ac2e,9561f027eac5fe27843c73c4,db178cba11b27405a2d53f25,7/20,C1,1,2,16,13,True,True,False,False,discovery_grid_train,noising,9561f027eac5fe27843c73c4,db178cba11b27405a2d53f25,final_prompt,final_prompt,28,cross_patch,907c06713ea2413f74838cd7,0.125,0.125,0.125,0.125,0.0,0.0,True,True,True,True,False,False,False,False,False,False,False,-0.0
013341a18000cae15a4e,grid,train,fa7d51c76147fd75ac2e,9561f027eac5fe27843c73c4,db178cba11b27405a2d53f25,7/20,C1,1,2,16,13,True,True,False,False,discovery_grid_train,noising,9561f027eac5fe27843c73c4,db178cba11b27405a2d53f25,final_prompt,final_prompt,28,self_patch,c3cf0c018ea8f0e5d5e61fd0,0.125,0.125,0.125,0.125,0.0,0.0,True,True,True,True,False,False,False,False,False,False,False,-0.0
013341a18000cae15a4e,grid,train,fa7d51c76147fd75ac2e,9561f027eac5fe27843c73c4,db178cba11b27405a2d53f25,7/20,C1,1,2,16,13,True,True,False,False,discovery_grid_train,noising,9561f027eac5fe27843c73c4,db178cba11b27405a2d53f25,final_prompt,final_prompt,29,cross_patch,d540a49ada92cd073b73109b,0.125,0.125,0.125,0.125,0.0,0.0,True,True,True,True,False,False,False,False,False,False,False,-0.0
013341a18000cae15a4e,grid,train,fa7d51c76147fd75ac2e,9561f027eac5fe27843c73c4,db178cba11b27405a2d53f25,7/20,C1,1,2,16,13,True,True,False,False,discovery_grid_train,noising,9561f027eac5fe27843c73c4,db178cba11b27405a2d53f25,final_prompt,final_prompt,29,self_patch,aef435e2c8aeb3575f82c5c3,0.125,0.125,0.125,0.125,0.0,0.0,True,True,True,True,False,False,False,False,False,False,False,-0.0
013341a18000cae15a4e,grid,train,fa7d51c76147fd75ac2e,9561f027eac5fe27843c73c4,db178cba11b27405a2d53f25,7/20,C1,1,2,16,13,True,True,False,False,discovery_grid_train,noising,9561f027eac5fe27843c73c4,db178cba11b27405a2d53f25,final_prompt,final_prompt,30,cross_patch,715c3eec0a9f82fdd964db48,0.125,0.125,0.125,0.125,0.0,0.0,True,True,True,True,False,False,False,False,False,False,False,-0.0
013341a18000cae15a4e,grid,train,fa7d51c76147fd75ac2e,9561f027eac5fe27843c73c4,db178cba11b27405a2d53f25,7/20,C1,1,2,16,13,True,True,False,False,discovery_grid_train,noising,9561f027eac5fe27843c73c4,db178cba11b27405a2d53f25,final_prompt,final_prompt,30,self_patch,19bc103a033e0eaca95909eb,0.125,0.125,0.125,0.125,0.0,0.0,True,True,True,True,False,False,False,False,False,False,False,-0.0
013341a18000cae15a4e,grid,train,fa7d51c76147fd75ac2e,9561f027eac5fe27843c73c4,db178cba11b27405a2d53f25,7/20,C1,1,2,16,13,True,True,False,False,discovery_grid_train,noising,9561f027eac5fe27843c73c4,db178cba11b27405a2d53f25,final_prompt,final_prompt,31,cross_patch,36528b6c45ec13c6dd4ea476,0.125,0.125,0.125,0.125,0.0,0.0,True,True,True,True,False,False,False,False,False,False,False,-0.0
013341a18000cae15a4e,grid,train,fa7d51c76147fd75ac2e,9561f027eac5fe27843c73c4,db178cba11b27405a2d53f25,7/20,C1,1,2,16,13,True,True,False,False,discovery_grid_train,noising,9561f027eac5fe27843c73c4,db178cba11b27405a2d53f25,final_prompt,final_prompt,31,self_patch,504084e29c5c0ab49660f0c6,0.125,0.125,0.125,0.125,0.0,0.0,True,True,True,True,False,False,False,False,False,False,False,-0.0
013341a18000cae15a4e,grid,train,fa7d51c76147fd75ac2e,9561f027eac5fe27843c73c4,db178cba11b27405a2d53f25,7/20,C1,1,2,16,13,True,True,False,False,discovery_grid_train,noising,9561f027eac5fe27843c73c4,db178cba11b27405a2d53f25,answer_prefix,answer_prefix,0,cross_patch,d51ac540f122aab439d7ce63,0.125,0.125,0.125,0.125,0.0,0.0,True,True,True,True,False,False,False,False,False,False,False,-0.0
013341a18000cae15a4e,grid,train,fa7d51c76147fd75ac2e,9561f027eac5fe27843c73c4,db178cba11b27405a2d53f25,7/20,C1,1,2,16,13,True,True,False,False,discovery_grid_train,noising,9561f027eac5fe27843c73c4,db178cba11b27405a2d53f25,answer_prefix,answer_prefix,0,self_patch,deea3f49d3081f54adc553da,0.125,0.125,0.125,0.125,0.0,0.0,True,True,True,True,False,False,False,False,False,False,False,-0.0
013341a18000cae15a4e,grid,train,fa7d51c76147fd75ac2e,9561f027eac5fe27843c73c4,db178cba11b27405a2d53f25,7/20,C1,1,2,16,13,True,True,False,False,discovery_grid_train,noising,9561f027eac5fe27843c73c4,db178cba11b27405a2d53f25,answer_prefix,answer_prefix,1,cross_patch,0c76c9f4014f8b6397f5f659,0.125,0.125,0.125,0.125,0.0,0.0,True,True,True,True,False,False,False,False,False,False,False,-0.0
013341a18000cae15a4e,grid,train,fa7d51c76147fd75ac2e,9561f027eac5fe27843c73c4,db178cba11b27405a2d53f25,7/20,C1,1,2,16,13,True,True,False,False,discovery_grid_train,noising,9561f027eac5fe27843c73c4,db178cba11b27405a2d53f25,answer_prefix,answer_prefix,1,self_patch,b7fbd3d5d2544700382305dd,0.125,0.125,0.125,0.125,0.0,0.0,True,True,True,True,False,False,False,False,False,False,False,-0.0
013341a18000cae15a4e,grid,train,fa7d51c76147fd75ac2e,9561f027eac5fe27843c73c4,db178cba11b27405a2d53f25,7/20,C1,1,2,16,13,True,True,False,False,discovery_grid_train,noising,9561f027eac5fe27843c73c4,db178cba11b27405a2d53f25,answer_prefix,answer_prefix,2,cross_patch,0b1ec0b02e89416efff79ddc,0.125,0.125,0.125,0.125,0.0,0.0,True,True,True,True,False,False,False,False,False,False,False,-0.0
013341a18000cae15a4e,grid,train,fa7d51c76147fd75ac2e,9561f027eac5fe27843c73c4,db178cba11b27405a2d53f25,7/20,C1,1,2,16,13,True,True,False,False,discovery_grid_train,noising,9561f027eac5fe27843c73c4,db178cba11b27405a2d53f25,answer_prefix,answer_prefix,2,self_patch,eeb2daa7ac2775a835f56140,0.125,0.125,0.125,0.125,0.0,0.0,True,True,True,True,False,False,False,False,False,False,False,-0.0
013341a18000cae15a4e,grid,train,fa7d51c76147fd75ac2e,9561f027eac5fe27843c73c4,db178cba11b27405a2d53f25,7/20,C1,1,2,16,13,True,True,False,False,discovery_grid_train,noising,9561f027eac5fe27843c73c4,db178cba11b27405a2d53f25,answer_prefix,answer_prefix,3,cross_patch,e1a58571d11240d25bb6840c,0.125,0.125,0.125,0.125,0.0,0.0,True,True,True,True,False,False,False,False,False,False,False,-0.0
013341a18000cae15a4e,grid,train,fa7d51c76147fd75ac2e,9561f027eac5fe27843c73c4,db178cba11b27405a2d53f25,7/20,C1,1,2,16,13,True,True,False,False,discovery_grid_train,noising,9561f027eac5fe27843c73c4,db178cba11b27405a2d53f25,answer_prefix,answer_prefix,3,self_patch,b00ce660b8ac3f3979986c42,0.125,0.125,0.125,0.125,0.0,0.0,True,True,True,True,False,False,False,False,False,False,False,-0.0
013341a18000cae15a4e,grid,train,fa7d51c76147fd75ac2e,9561f027eac5fe27843c73c4,db178cba11b27405a2d53f25,7/20,C1,1,2,16,13,True,True,False,False,discovery_grid_train,noising,9561f027eac5fe27843c73c4,db178cba11b27405a2d53f25,answer_prefix,answer_prefix,4,cross_patch,483f76f8479166a8721d3332,0.125,0.125,0.125,0.125,0.0,0.0,True,True,True,True,False,False,False,False,False,False,False,-0.0
013341a18000cae15a4e,grid,train,fa7d51c76147fd75ac2e,9561f027eac5fe27843c73c4,db178cba11b27405a2d53f25,7/20,C1,1,2,16,13,True,True,False,False,discovery_grid_train,noising,9561f027eac5fe27843c73c4,db178cba11b27405a2d53f25,answer_prefix,answer_prefix,4,self_patch,17df1becb0d8f6d66a5d58dc,0.125,0.125,0.125,0.125,0.0,0.0,True,True,True,True,False,False,False,False,False,False,False,-0.0
013341a18000cae15a4e,grid,train,fa7d51c76147fd75ac2e,9561f027eac5fe27843c73c4,db178cba11b27405a2d53f25,7/20,C1,1,2,16,13,True,True,False,False,discovery_grid_train,noising,9561f027eac5fe27843c73c4,db178cba11b27405a2d53f25,answer_prefix,answer_prefix,5,cross_patch,abfe34e52b65864c92a7689f,0.125,0.125,0.125,0.125,0.0,0.0,True,True,True,True,False,False,False,False,False,False,False,-0.0
013341a18000cae15a4e,grid,train,fa7d51c76147fd75ac2e,9561f027eac5fe27843c73c4,db178cba11b27405a2d53f25,7/20,C1,1,2,16,13,True,True,False,False,discovery_grid_train,noising,9561f027eac5fe27843c73c4,db178cba11b27405a2d53f25,answer_prefix,answer_prefix,5,self_patch,cb1fad6ea508851885c5bc66,0.125,0.125,0.125,0.125,0.0,0.0,True,True,True,True,False,False,False,False,False,False,False,-0.0
013341a18000cae15a4e,grid,train,fa7d51c76147fd75ac2e,9561f027eac5fe27843c73c4,db178cba11b27405a2d53f25,7/20,C1,1,2,16,13,True,True,False,False,discovery_grid_train,noising,9561f027eac5fe27843c73c4,db178cba11b27405a2d53f25,answer_prefix,answer_prefix,6,cross_patch,b5a52e7abd99cb8612907286,0.125,0.125,0.125,0.125,0.0,0.0,True,True,True,True,False,False,False,False,False,False,False,-0.0
013341a18000cae15a4e,grid,train,fa7d51c76147fd75ac2e,9561f027eac5fe27843c73c4,db178cba11b27405a2d53f25,7/20,C1,1,2,16,13,True,True,False,False,discovery_grid_train,noising,9561f027eac5fe27843c73c4,db178cba11b27405a2d53f25,answer_prefix,answer_prefix,6,self_patch,eafb77a69ffc572938259ed6,0.125,0.125,0.125,0.125,0.0,0.0,True,True,True,True,False,False,False,False,False,False,False,-0.0
013341a18000cae15a4e,grid,train,fa7d51c76147fd75ac2e,9561f027eac5fe27843c73c4,db178cba11b27405a2d53f25,7/20,C1,1,2,16,13,True,True,False,False,discovery_grid_train,noising,9561f027eac5fe27843c73c4,db178cba11b27405a2d53f25,answer_prefix,answer_prefix,7,cross_patch,4c8dbc6af83602b3bc6ad4bd,0.125,0.125,0.125,0.125,0.0,0.0,True,True,True,True,False,False,False,False,False,False,False,-0.0
013341a18000cae15a4e,grid,train,fa7d51c76147fd75ac2e,9561f027eac5fe27843c73c4,db178cba11b27405a2d53f25,7/20,C1,1,2,16,13,True,True,False,False,discovery_grid_train,noising,9561f027eac5fe27843c73c4,db178cba11b27405a2d53f25,answer_prefix,answer_prefix,7,self_patch,65b49bbaa4fd97bd4b104292,0.125,0.125,0.125,0.125,0.0,0.0,True,True,True,True,False,False,False,False,False,False,False,-0.0
013341a18000cae15a4e,grid,train,fa7d51c76147fd75ac2e,9561f027eac5fe27843c73c4,db178cba11b27405a2d53f25,7/20,C1,1,2,16,13,True,True,False,False,discovery_grid_train,noising,9561f027eac5fe27843c73c4,db178cba11b27405a2d53f25,answer_prefix,answer_prefix,8,cross_patch,ce20795f90d071403ac37e18,0.125,0.125,0.125,0.125,0.0,0.0,True,True,True,True,False,False,False,False,False,False,False,-0.0
013341a18000cae15a4e,grid,train,fa7d51c76147fd75ac2e,9561f027eac5fe27843c73c4,db178cba11b27405a2d53f25,7/20,C1,1,2,16,13,True,True,False,False,discovery_grid_train,noising,9561f027eac5fe27843c73c4,db178cba11b27405a2d53f25,answer_prefix,answer_prefix,8,self_patch,eb81cbef61593991b503010a,0.125,0.125,0.125,0.125,0.0,0.0,True,True,True,True,False,False,False,False,False,False,False,-0.0
013341a18000cae15a4e,grid,train,fa7d51c76147fd75ac2e,9561f027eac5fe27843c73c4,db178cba11b27405a2d53f25,7/20,C1,1,2,16,13,True,True,False,False,discovery_grid_train,noising,9561f027eac5fe27843c73c4,db178cba11b27405a2d53f25,answer_prefix,answer_prefix,9,cross_patch,2928d3a5c53492cec539da69,0.125,0.0,0.125,0.0,-0.125,-0.125,True,False,True,True,False,True,False,False,True,False,False,0.125
013341a18000cae15a4e,grid,train,fa7d51c76147fd75ac2e,9561f027eac5fe27843c73c4,db178cba11b27405a2d53f25,7/20,C1,1,2,16,13,True,True,False,False,discovery_grid_train,noising,9561f027eac5fe27843c73c4,db178cba11b27405a2d53f25,answer_prefix,answer_prefix,9,self_patch,df29d9644054f18b4d3c4b62,0.125,0.125,0.125,0.125,0.0,0.0,True,True,True,True,False,False,False,False,False,False,False,-0.0
013341a18000cae15a4e,grid,train,fa7d51c76147fd75ac2e,9561f027eac5fe27843c73c4,db178cba11b27405a2d53f25,7/20,C1,1,2,16,13,True,True,False,False,discovery_grid_train,noising,9561f027eac5fe27843c73c4,db178cba11b27405a2d53f25,answer_prefix,answer_prefix,10,cross_patch,38547fc96dc4f4ad9f99d22b,0.125,0.125,0.125,0.125,0.0,0.0,True,True,True,True,False,False,False,False,False,False,False,-0.0
013341a18000cae15a4e,grid,train,fa7d51c76147fd75ac2e,9561f027eac5fe27843c73c4,db178cba11b27405a2d53f25,7/20,C1,1,2,16,13,True,True,False,False,discovery_grid_train,noising,9561f027eac5fe27843c73c4,db178cba11b27405a2d53f25,answer_prefix,answer_prefix,10,self_patch,1627db7777551eb71f334539,0.125,0.125,0.125,0.125,0.0,0.0,True,True,True,True,False,False,False,False,False,False,False,-0.0
013341a18000cae15a4e,grid,train,fa7d51c76147fd75ac2e,9561f027eac5fe27843c73c4,db178cba11b27405a2d53f25,7/20,C1,1,2,16,13,True,True,False,False,discovery_grid_train,noising,9561f027eac5fe27843c73c4,db178cba11b27405a2d53f25,answer_prefix,answer_prefix,11,cross_patch,6a0f8e99cfef7a4a2cee8484,0.125,0.0,0.125,0.0,-0.125,-0.125,True,False,True,True,False,True,False,False,True,False,False,0.125
013341a18000cae15a4e,grid,train,fa7d51c76147fd75ac2e,9561f027eac5fe27843c73c4,db178cba11b27405a2d53f25,7/20,C1,1,2,16,13,True,True,False,False,discovery_grid_train,noising,9561f027eac5fe27843c73c4,db178cba11b27405a2d53f25,answer_prefix,answer_prefix,11,self_patch,f052ce09370f2f6ef561b33c,0.125,0.125,0.125,0.125,0.0,0.0,True,True,True,True,False,False,False,False,False,False,False,-0.0
013341a18000cae15a4e,grid,train,fa7d51c76147fd75ac2e,9561f027eac5fe27843c73c4,db178cba11b27405a2d53f25,7/20,C1,1,2,16,13,True,True,False,False,discovery_grid_train,noising,9561f027eac5fe27843c73c4,db178cba11b27405a2d53f25,answer_prefix,answer_prefix,12,cross_patch,f9543938c455c34c5e94276b,0.125,0.125,0.125,0.125,0.0,0.0,True,True,True,True,False,False,False,False,False,False,False,-0.0
013341a18000cae15a4e,grid,train,fa7d51c76147fd75ac2e,9561f027eac5fe27843c73c4,db178cba11b27405a2d53f25,7/20,C1,1,2,16,13,True,True,False,False,discovery_grid_train,noising,9561f027eac5fe27843c73c4,db178cba11b27405a2d53f25,answer_prefix,answer_prefix,12,self_patch,7d834b08efc17a52dd6a88d6,0.125,0.125,0.125,0.125,0.0,0.0,True,True,True,True,False,False,False,False,False,False,False,-0.0
013341a18000cae15a4e,grid,train,fa7d51c76147fd75ac2e,9561f027eac5fe27843c73c4,db178cba11b27405a2d53f25,7/20,C1,1,2,16,13,True,True,False,False,discovery_grid_train,noising,9561f027eac5fe27843c73c4,db178cba11b27405a2d53f25,answer_prefix,answer_prefix,13,cross_patch,518d3b8f0a79961b2e24bd49,0.125,0.125,0.125,0.125,0.0,0.0,True,True,True,True,False,False,False,False,False,False,False,-0.0
013341a18000cae15a4e,grid,train,fa7d51c76147fd75ac2e,9561f027eac5fe27843c73c4,db178cba11b27405a2d53f25,7/20,C1,1,2,16,13,True,True,False,False,discovery_grid_train,noising,9561f027eac5fe27843c73c4,db178cba11b27405a2d53f25,answer_prefix,answer_prefix,13,self_patch,f68c36dd1587fab81c427cf6,0.125,0.125,0.125,0.125,0.0,0.0,True,True,True,True,False,False,False,False,False,False,False,-0.0
013341a18000cae15a4e,grid,train,fa7d51c76147fd75ac2e,9561f027eac5fe27843c73c4,db178cba11b27405a2d53f25,7/20,C1,1,2,16,13,True,True,False,False,discovery_grid_train,noising,9561f027eac5fe27843c73c4,db178cba11b27405a2d53f25,answer_prefix,answer_prefix,14,cross_patch,37f3f0ac1bf4617455ebf228,0.125,0.0,0.125,0.0,-0.125,-0.125,True,False,True,True,False,True,False,False,True,False,False,0.125
013341a18000cae15a4e,grid,train,fa7d51c76147fd75ac2e,9561f027eac5fe27843c73c4,db178cba11b27405a2d53f25,7/20,C1,1,2,16,13,True,True,False,False,discovery_grid_train,noising,9561f027eac5fe27843c73c4,db178cba11b27405a2d53f25,answer_prefix,answer_prefix,14,self_patch,583abdddcfae07918a7165c0,0.125,0.125,0.125,0.125,0.0,0.0,True,True,True,True,False,False,False,False,False,False,False,-0.0
013341a18000cae15a4e,grid,train,fa7d51c76147fd75ac2e,9561f027eac5fe27843c73c4,db178cba11b27405a2d53f25,7/20,C1,1,2,16,13,True,True,False,False,discovery_grid_train,noising,9561f027eac5fe27843c73c4,db178cba11b27405a2d53f25,answer_prefix,answer_prefix,15,cross_patch,1556bc27366fdb0b9f958e5e,0.125,0.0,0.125,0.0,-0.125,-0.125,True,False,True,True,False,True,False,False,True,False,False,0.125
013341a18000cae15a4e,grid,train,fa7d51c76147fd75ac2e,9561f027eac5fe27843c73c4,db178cba11b27405a2d53f25,7/20,C1,1,2,16,13,True,True,False,False,discovery_grid_train,noising,9561f027eac5fe27843c73c4,db178cba11b27405a2d53f25,answer_prefix,answer_prefix,15,self_patch,ab5717a76efe15c190b49f4c,0.125,0.125,0.125,0.125,0.0,0.0,True,True,True,True,False,False,False,False,False,False,False,-0.0
013341a18000cae15a4e,grid,train,fa7d51c76147fd75ac2e,9561f027eac5fe27843c73c4,db178cba11b27405a2d53f25,7/20,C1,1,2,16,13,True,True,False,False,discovery_grid_train,noising,9561f027eac5fe27843c73c4,db178cba11b27405a2d53f25,answer_prefix,answer_prefix,16,cross_patch,7ac9c420d0e2bd1114e2bd90,0.125,0.0,0.125,0.0,-0.125,-0.125,True,False,True,True,False,True,False,False,True,False,False,0.125
013341a18000cae15a4e,grid,train,fa7d51c76147fd75ac2e,9561f027eac5fe27843c73c4,db178cba11b27405a2d53f25,7/20,C1,1,2,16,13,True,True,False,False,discovery_grid_train,noising,9561f027eac5fe27843c73c4,db178cba11b27405a2d53f25,answer_prefix,answer_prefix,16,self_patch,a230f85e1dcaffca16d09dfa,0.125,0.125,0.125,0.125,0.0,0.0,True,True,True,True,False,False,False,False,False,False,False,-0.0
013341a18000cae15a4e,grid,train,fa7d51c76147fd75ac2e,9561f027eac5fe27843c73c4,db178cba11b27405a2d53f25,7/20,C1,1,2,16,13,True,True,False,False,discovery_grid_train,noising,9561f027eac5fe27843c73c4,db178cba11b27405a2d53f25,answer_prefix,answer_prefix,17,cross_patch,17cdf15e12bbe46aed2d6b3a,0.125,0.0,0.125,0.0,-0.125,-0.125,True,False,True,True,False,True,False,False,True,False,False,0.125
013341a18000cae15a4e,grid,train,fa7d51c76147fd75ac2e,9561f027eac5fe27843c73c4,db178cba11b27405a2d53f25,7/20,C1,1,2,16,13,True,True,False,False,discovery_grid_train,noising,9561f027eac5fe27843c73c4,db178cba11b27405a2d53f25,answer_prefix,answer_prefix,17,self_patch,fcd5cf1d5c96ee94b92ba8dc,0.125,0.125,0.125,0.125,0.0,0.0,True,True,True,True,False,False,False,False,False,False,False,-0.0
013341a18000cae15a4e,grid,train,fa7d51c76147fd75ac2e,9561f027eac5fe27843c73c4,db178cba11b27405a2d53f25,7/20,C1,1,2,16,13,True,True,False,False,discovery_grid_train,noising,9561f027eac5fe27843c73c4,db178cba11b27405a2d53f25,answer_prefix,answer_prefix,18,cross_patch,f96ee9348b7d27112e1c3bab,0.125,0.125,0.125,0.125,0.0,0.0,True,True,True,True,False,False,False,False,False,False,False,-0.0
013341a18000cae15a4e,grid,train,fa7d51c76147fd75ac2e,9561f027eac5fe27843c73c4,db178cba11b27405a2d53f25,7/20,C1,1,2,16,13,True,True,False,False,discovery_grid_train,noising,9561f027eac5fe27843c73c4,db178cba11b27405a2d53f25,answer_prefix,answer_prefix,18,self_patch,daeaa9e5c7f7ea94df1fa5f1,0.125,0.125,0.125,0.125,0.0,0.0,True,True,True,True,False,False,False,False,False,False,False,-0.0
013341a18000cae15a4e,grid,train,fa7d51c76147fd75ac2e,9561f027eac5fe27843c73c4,db178cba11b27405a2d53f25,7/20,C1,1,2,16,13,True,True,False,False,discovery_grid_train,noising,9561f027eac5fe27843c73c4,db178cba11b27405a2d53f25,answer_prefix,answer_prefix,19,cross_patch,26518091855d2cc7e2abd837,0.125,0.125,0.125,0.125,0.0,0.0,True,True,True,True,False,False,False,False,False,False,False,-0.0
013341a18000cae15a4e,grid,train,fa7d51c76147fd75ac2e,9561f027eac5fe27843c73c4,db178cba11b27405a2d53f25,7/20,C1,1,2,16,13,True,True,False,False,discovery_grid_train,noising,9561f027eac5fe27843c73c4,db178cba11b27405a2d53f25,answer_prefix,answer_prefix,19,self_patch,a2576e88fd18478ee012d379,0.125,0.125,0.125,0.125,0.0,0.0,True,True,True,True,False,False,False,False,False,False,False,-0.0
013341a18000cae15a4e,grid,train,fa7d51c76147fd75ac2e,9561f027eac5fe27843c73c4,db178cba11b27405a2d53f25,7/20,C1,1,2,16,13,True,True,False,False,discovery_grid_train,noising,9561f027eac5fe27843c73c4,db178cba11b27405a2d53f25,answer_prefix,answer_prefix,20,cross_patch,bb246bfbbae6b0836c468c4e,0.125,0.125,0.125,0.125,0.0,0.0,True,True,True,True,False,False,False,False,False,False,False,-0.0
013341a18000cae15a4e,grid,train,fa7d51c76147fd75ac2e,9561f027eac5fe27843c73c4,db178cba11b27405a2d53f25,7/20,C1,1,2,16,13,True,True,False,False,discovery_grid_train,noising,9561f027eac5fe27843c73c4,db178cba11b27405a2d53f25,answer_prefix,answer_prefix,20,self_patch,57e72080845d20cf62050e30,0.125,0.125,0.125,0.125,0.0,0.0,True,True,True,True,False,False,False,False,False,False,False,-0.0
013341a18000cae15a4e,grid,train,fa7d51c76147fd75ac2e,9561f027eac5fe27843c73c4,db178cba11b27405a2d53f25,7/20,C1,1,2,16,13,True,True,False,False,discovery_grid_train,noising,9561f027eac5fe27843c73c4,db178cba11b27405a2d53f25,answer_prefix,answer_prefix,21,cross_patch,3f2c93d62e81bf1a7c38e472,0.125,0.0,0.125,0.0,-0.125,-0.125,True,False,True,True,False,True,False,False,True,False,False,0.125
013341a18000cae15a4e,grid,train,fa7d51c76147fd75ac2e,9561f027eac5fe27843c73c4,db178cba11b27405a2d53f25,7/20,C1,1,2,16,13,True,True,False,False,discovery_grid_train,noising,9561f027eac5fe27843c73c4,db178cba11b27405a2d53f25,answer_prefix,answer_prefix,21,self_patch,86856eddb7287866e4264090,0.125,0.125,0.125,0.125,0.0,0.0,True,True,True,True,False,False,False,False,False,False,False,-0.0
013341a18000cae15a4e,grid,train,fa7d51c76147fd75ac2e,9561f027eac5fe27843c73c4,db178cba11b27405a2d53f25,7/20,C1,1,2,16,13,True,True,False,False,discovery_grid_train,noising,9561f027eac5fe27843c73c4,db178cba11b27405a2d53f25,answer_prefix,answer_prefix,22,cross_patch,f09df41570542fcf367b210c,0.125,0.0,0.125,0.0,-0.125,-0.125,True,False,True,True,False,True,False,False,True,False,False,0.125
013341a18000cae15a4e,grid,train,fa7d51c76147fd75ac2e,9561f027eac5fe27843c73c4,db178cba11b27405a2d53f25,7/20,C1,1,2,16,13,True,True,False,False,discovery_grid_train,noising,9561f027eac5fe27843c73c4,db178cba11b27405a2d53f25,answer_prefix,answer_prefix,22,self_patch,53260982a6594565bcc4fa72,0.125,0.125,0.125,0.125,0.0,0.0,True,True,True,True,False,False,False,False,False,False,False,-0.0
013341a18000cae15a4e,grid,train,fa7d51c76147fd75ac2e,9561f027eac5fe27843c73c4,db178cba11b27405a2d53f25,7/20,C1,1,2,16,13,True,True,False,False,discovery_grid_train,noising,9561f027eac5fe27843c73c4,db178cba11b27405a2d53f25,answer_prefix,answer_prefix,23,cross_patch,8a4f08c37cee7691a427f0d4,0.125,0.0,0.125,0.0,-0.125,-0.125,True,False,True,True,False,True,False,False,True,False,False,0.125
013341a18000cae15a4e,grid,train,fa7d51c76147fd75ac2e,9561f027eac5fe27843c73c4,db178cba11b27405a2d53f25,7/20,C1,1,2,16,13,True,True,False,False,discovery_grid_train,noising,9561f027eac5fe27843c73c4,db178cba11b27405a2d53f25,answer_prefix,answer_prefix,23,self_patch,535179ffb5b7fbbfc5db6d52,0.125,0.125,0.125,0.125,0.0,0.0,True,True,True,True,False,False,False,False,False,False,False,-0.0
013341a18000cae15a4e,grid,train,fa7d51c76147fd75ac2e,9561f027eac5fe27843c73c4,db178cba11b27405a2d53f25,7/20,C1,1,2,16,13,True,True,False,False,discovery_grid_train,noising,9561f027eac5fe27843c73c4,db178cba11b27405a2d53f25,answer_prefix,answer_prefix,24,cross_patch,c6f3599394fc6c95ae2e9334,0.125,0.0,0.125,0.0,-0.125,-0.125,True,False,True,True,False,True,False,False,True,False,False,0.125
013341a18000cae15a4e,grid,train,fa7d51c76147fd75ac2e,9561f027eac5fe27843c73c4,db178cba11b27405a2d53f25,7/20,C1,1,2,16,13,True,True,False,False,discovery_grid_train,noising,9561f027eac5fe27843c73c4,db178cba11b27405a2d53f25,answer_prefix,answer_prefix,24,self_patch,1318c3c6931a052946748a82,0.125,0.125,0.125,0.125,0.0,0.0,True,True,True,True,False,False,False,False,False,False,False,-0.0
013341a18000cae15a4e,grid,train,fa7d51c76147fd75ac2e,9561f027eac5fe27843c73c4,db178cba11b27405a2d53f25,7/20,C1,1,2,16,13,True,True,False,False,discovery_grid_train,noising,9561f027eac5fe27843c73c4,db178cba11b27405a2d53f25,answer_prefix,answer_prefix,25,cross_patch,ef36999ae286fd7f36bd2d24,0.125,-0.125,0.125,-0.125,-0.25,-0.25,True,False,True,False,False,True,False,True,True,False,False,0.25
013341a18000cae15a4e,grid,train,fa7d51c76147fd75ac2e,9561f027eac5fe27843c73c4,db178cba11b27405a2d53f25,7/20,C1,1,2,16,13,True,True,False,False,discovery_grid_train,noising,9561f027eac5fe27843c73c4,db178cba11b27405a2d53f25,answer_prefix,answer_prefix,25,self_patch,eec0c2276afcdf87e5d30740,0.125,0.125,0.125,0.125,0.0,0.0,True,True,True,True,False,False,False,False,False,False,False,-0.0
013341a18000cae15a4e,grid,train,fa7d51c76147fd75ac2e,9561f027eac5fe27843c73c4,db178cba11b27405a2d53f25,7/20,C1,1,2,16,13,True,True,False,False,discovery_grid_train,noising,9561f027eac5fe27843c73c4,db178cba11b27405a2d53f25,answer_prefix,answer_prefix,26,cross_patch,ea15c735feaadd3ae7ca53c6,0.125,0.0,0.125,0.0,-0.125,-0.125,True,False,True,True,False,True,False,False,True,False,False,0.125
013341a18000cae15a4e,grid,train,fa7d51c76147fd75ac2e,9561f027eac5fe27843c73c4,db178cba11b27405a2d53f25,7/20,C1,1,2,16,13,True,True,False,False,discovery_grid_train,noising,9561f027eac5fe27843c73c4,db178cba11b27405a2d53f25,answer_prefix,answer_prefix,26,self_patch,0a11690c5fc17e8727872dad,0.125,0.125,0.125,0.125,0.0,0.0,True,True,True,True,False,False,False,False,False,False,False,-0.0
013341a18000cae15a4e,grid,train,fa7d51c76147fd75ac2e,9561f027eac5fe27843c73c4,db178cba11b27405a2d53f25,7/20,C1,1,2,16,13,True,True,False,False,discovery_grid_train,noising,9561f027eac5fe27843c73c4,db178cba11b27405a2d53f25,answer_prefix,answer_prefix,27,cross_patch,0d951b48be13c372776bb669,0.125,-0.125,0.125,-0.125,-0.25,-0.25,True,False,True,False,False,True,False,True,True,False,False,0.25
013341a18000cae15a4e,grid,train,fa7d51c76147fd75ac2e,9561f027eac5fe27843c73c4,db178cba11b27405a2d53f25,7/20,C1,1,2,16,13,True,True,False,False,discovery_grid_train,noising,9561f027eac5fe27843c73c4,db178cba11b27405a2d53f25,answer_prefix,answer_prefix,27,self_patch,115854f9d61a7e63951d9188,0.125,0.125,0.125,0.125,0.0,0.0,True,True,True,True,False,False,False,False,False,False,False,-0.0
013341a18000cae15a4e,grid,train,fa7d51c76147fd75ac2e,9561f027eac5fe27843c73c4,db178cba11b27405a2d53f25,7/20,C1,1,2,16,13,True,True,False,False,discovery_grid_train,noising,9561f027eac5fe27843c73c4,db178cba11b27405a2d53f25,answer_prefix,answer_prefix,28,cross_patch,d4c82387f65577bd27c4b2c2,0.125,0.0,0.125,0.0,-0.125,-0.125,True,False,True,True,False,True,False,False,True,False,False,0.125
013341a18000cae15a4e,grid,train,fa7d51c76147fd75ac2e,9561f027eac5fe27843c73c4,db178cba11b27405a2d53f25,7/20,C1,1,2,16,13,True,True,False,False,discovery_grid_train,noising,9561f027eac5fe27843c73c4,db178cba11b27405a2d53f25,answer_prefix,answer_prefix,28,self_patch,736f9bc6df21a2dd1b11d9cd,0.125,0.125,0.125,0.125,0.0,0.0,True,True,True,True,False,False,False,False,False,False,False,-0.0
013341a18000cae15a4e,grid,train,fa7d51c76147fd75ac2e,9561f027eac5fe27843c73c4,db178cba11b27405a2d53f25,7/20,C1,1,2,16,13,True,True,False,False,discovery_grid_train,noising,9561f027eac5fe27843c73c4,db178cba11b27405a2d53f25,answer_prefix,answer_prefix,29,cross_patch,f53a98baf8c967aeca40a659,0.125,-0.125,0.125,-0.125,-0.25,-0.25,True,False,True,False,False,True,False,True,True,False,False,0.25
013341a18000cae15a4e,grid,train,fa7d51c76147fd75ac2e,9561f027eac5fe27843c73c4,db178cba11b27405a2d53f25,7/20,C1,1,2,16,13,True,True,False,False,discovery_grid_train,noising,9561f027eac5fe27843c73c4,db178cba11b27405a2d53f25,answer_prefix,answer_prefix,29,self_patch,e27722ea73d5f7f616ed5f5f,0.125,0.125,0.125,0.125,0.0,0.0,True,True,True,True,False,False,False,False,False,False,False,-0.0
013341a18000cae15a4e,grid,train,fa7d51c76147fd75ac2e,9561f027eac5fe27843c73c4,db178cba11b27405a2d53f25,7/20,C1,1,2,16,13,True,True,False,False,discovery_grid_train,noising,9561f027eac5fe27843c73c4,db178cba11b27405a2d53f25,answer_prefix,answer_prefix,30,cross_patch,262ed5fdc3c52b02d764c9d6,0.125,-1.0,0.125,-1.0,-1.125,-1.125,True,False,True,False,False,True,False,True,True,False,False,1.125
013341a18000cae15a4e,grid,train,fa7d51c76147fd75ac2e,9561f027eac5fe27843c73c4,db178cba11b27405a2d53f25,7/20,C1,1,2,16,13,True,True,False,False,discovery_grid_train,noising,9561f027eac5fe27843c73c4,db178cba11b27405a2d53f25,answer_prefix,answer_prefix,30,self_patch,a459e0d0a22a93c70d28ff8f,0.125,0.125,0.125,0.125,0.0,0.0,True,True,True,True,False,False,False,False,False,False,False,-0.0
013341a18000cae15a4e,grid,train,fa7d51c76147fd75ac2e,9561f027eac5fe27843c73c4,db178cba11b27405a2d53f25,7/20,C1,1,2,16,13,True,True,False,False,discovery_grid_train,noising,9561f027eac5fe27843c73c4,db178cba11b27405a2d53f25,answer_prefix,answer_prefix,31,cross_patch,8c2bea1ec3fb331fc9e35dab,0.125,-1.125,0.125,-1.125,-1.25,-1.25,True,False,True,False,False,True,False,True,True,False,False,1.25
013341a18000cae15a4e,grid,train,fa7d51c76147fd75ac2e,9561f027eac5fe27843c73c4,db178cba11b27405a2d53f25,7/20,C1,1,2,16,13,True,True,False,False,discovery_grid_train,noising,9561f027eac5fe27843c73c4,db178cba11b27405a2d53f25,answer_prefix,answer_prefix,31,self_patch,1f14f02050d88a78c56ab281,0.125,0.125,0.125,0.125,0.0,0.0,True,True,True,True,False,False,False,False,False,False,False,-0.0
00ae5a25c2c8c17d7a71,grid,train,7554af0addb53476cbf6,405376ac87e70739699a60b5,a88caa2af20dd84fcb1ac41b,7/20,C2,2,0,56,62,True,True,False,False,discovery_grid_train,denoising,a88caa2af20dd84fcb1ac41b,405376ac87e70739699a60b5,final_prompt,final_prompt,0,cross_patch,1c682356b131c7d13f1bb709,1.5,1.375,-1.5,-1.375,0.125,-0.125,False,False,False,False,False,False,False,False,False,False,False,0.125
00ae5a25c2c8c17d7a71,grid,train,7554af0addb53476cbf6,405376ac87e70739699a60b5,a88caa2af20dd84fcb1ac41b,7/20,C2,2,0,56,62,True,True,False,False,discovery_grid_train,denoising,a88caa2af20dd84fcb1ac41b,405376ac87e70739699a60b5,final_prompt,final_prompt,0,self_patch,608c8771c12eb8dc94150628,1.5,1.5,-1.5,-1.5,-0.0,0.0,False,False,False,False,False,False,False,False,False,False,False,-0.0
00ae5a25c2c8c17d7a71,grid,train,7554af0addb53476cbf6,405376ac87e70739699a60b5,a88caa2af20dd84fcb1ac41b,7/20,C2,2,0,56,62,True,True,False,False,discovery_grid_train,denoising,a88caa2af20dd84fcb1ac41b,405376ac87e70739699a60b5,final_prompt,final_prompt,1,cross_patch,73af0c9ae110e9af6ddcc6ba,1.5,1.5,-1.5,-1.5,-0.0,0.0,False,False,False,False,False,False,False,False,False,False,False,-0.0
00ae5a25c2c8c17d7a71,grid,train,7554af0addb53476cbf6,405376ac87e70739699a60b5,a88caa2af20dd84fcb1ac41b,7/20,C2,2,0,56,62,True,True,False,False,discovery_grid_train,denoising,a88caa2af20dd84fcb1ac41b,405376ac87e70739699a60b5,final_prompt,final_prompt,1,self_patch,d25404c4d42515da26a4867a,1.5,1.5,-1.5,-1.5,-0.0,0.0,False,False,False,False,False,False,False,False,False,False,False,-0.0
00ae5a25c2c8c17d7a71,grid,train,7554af0addb53476cbf6,405376ac87e70739699a60b5,a88caa2af20dd84fcb1ac41b,7/20,C2,2,0,56,62,True,True,False,False,discovery_grid_train,denoising,a88caa2af20dd84fcb1ac41b,405376ac87e70739699a60b5,final_prompt,final_prompt,2,cross_patch,bc6773b5dfa8c460a42224e2,1.5,1.5,-1.5,-1.5,-0.0,0.0,False,False,False,False,False,False,False,False,False,False,False,-0.0
00ae5a25c2c8c17d7a71,grid,train,7554af0addb53476cbf6,405376ac87e70739699a60b5,a88caa2af20dd84fcb1ac41b,7/20,C2,2,0,56,62,True,True,False,False,discovery_grid_train,denoising,a88caa2af20dd84fcb1ac41b,405376ac87e70739699a60b5,final_prompt,final_prompt,2,self_patch,89f68e8615ca63ab9e02b210,1.5,1.5,-1.5,-1.5,-0.0,0.0,False,False,False,False,False,False,False,False,False,False,False,-0.0
00ae5a25c2c8c17d7a71,grid,train,7554af0addb53476cbf6,405376ac87e70739699a60b5,a88caa2af20dd84fcb1ac41b,7/20,C2,2,0,56,62,True,True,False,False,discovery_grid_train,denoising,a88caa2af20dd84fcb1ac41b,405376ac87e70739699a60b5,final_prompt,final_prompt,3,cross_patch,06e2cc81153ac1394f28d612,1.5,1.375,-1.5,-1.375,0.125,-0.125,False,False,False,False,False,False,False,False,False,False,False,0.125
00ae5a25c2c8c17d7a71,grid,train,7554af0addb53476cbf6,405376ac87e70739699a60b5,a88caa2af20dd84fcb1ac41b,7/20,C2,2,0,56,62,True,True,False,False,discovery_grid_train,denoising,a88caa2af20dd84fcb1ac41b,405376ac87e70739699a60b5,final_prompt,final_prompt,3,self_patch,84ee539d49dd964b329151b1,1.5,1.5,-1.5,-1.5,-0.0,0.0,False,False,False,False,False,False,False,False,False,False,False,-0.0
00ae5a25c2c8c17d7a71,grid,train,7554af0addb53476cbf6,405376ac87e70739699a60b5,a88caa2af20dd84fcb1ac41b,7/20,C2,2,0,56,62,True,True,False,False,discovery_grid_train,denoising,a88caa2af20dd84fcb1ac41b,405376ac87e70739699a60b5,final_prompt,final_prompt,4,cross_patch,3cc320f7b3d0399259b86c66,1.5,1.375,-1.5,-1.375,0.125,-0.125,False,False,False,False,False,False,False,False,False,False,False,0.125
00ae5a25c2c8c17d7a71,grid,train,7554af0addb53476cbf6,405376ac87e70739699a60b5,a88caa2af20dd84fcb1ac41b,7/20,C2,2,0,56,62,True,True,False,False,discovery_grid_train,denoising,a88caa2af20dd84fcb1ac41b,405376ac87e70739699a60b5,final_prompt,final_prompt,4,self_patch,f17c9386e278956f79a709ca,1.5,1.5,-1.5,-1.5,-0.0,0.0,False,False,False,False,False,False,False,False,False,False,False,-0.0
00ae5a25c2c8c17d7a71,grid,train,7554af0addb53476cbf6,405376ac87e70739699a60b5,a88caa2af20dd84fcb1ac41b,7/20,C2,2,0,56,62,True,True,False,False,discovery_grid_train,denoising,a88caa2af20dd84fcb1ac41b,405376ac87e70739699a60b5,final_prompt,final_prompt,5,cross_patch,da54819d8c7dba83389bc8b1,1.5,1.5,-1.5,-1.5,-0.0,0.0,False,False,False,False,False,False,False,False,False,False,False,-0.0
00ae5a25c2c8c17d7a71,grid,train,7554af0addb53476cbf6,405376ac87e70739699a60b5,a88caa2af20dd84fcb1ac41b,7/20,C2,2,0,56,62,True,True,False,False,discovery_grid_train,denoising,a88caa2af20dd84fcb1ac41b,405376ac87e70739699a60b5,final_prompt,final_prompt,5,self_patch,3301ab811e83dc4d509c51ae,1.5,1.5,-1.5,-1.5,-0.0,0.0,False,False,False,False,False,False,False,False,False,False,False,-0.0
00ae5a25c2c8c17d7a71,grid,train,7554af0addb53476cbf6,405376ac87e70739699a60b5,a88caa2af20dd84fcb1ac41b,7/20,C2,2,0,56,62,True,True,False,False,discovery_grid_train,denoising,a88caa2af20dd84fcb1ac41b,405376ac87e70739699a60b5,final_prompt,final_prompt,6,cross_patch,5623a8c2e976210d87857cb9,1.5,1.375,-1.5,-1.375,0.125,-0.125,False,False,False,False,False,False,False,False,False,False,False,0.125
00ae5a25c2c8c17d7a71,grid,train,7554af0addb53476cbf6,405376ac87e70739699a60b5,a88caa2af20dd84fcb1ac41b,7/20,C2,2,0,56,62,True,True,False,False,discovery_grid_train,denoising,a88caa2af20dd84fcb1ac41b,405376ac87e70739699a60b5,final_prompt,final_prompt,6,self_patch,617240990dafb0a2fcd327b3,1.5,1.5,-1.5,-1.5,-0.0,0.0,False,False,False,False,False,False,False,False,False,False,False,-0.0
00ae5a25c2c8c17d7a71,grid,train,7554af0addb53476cbf6,405376ac87e70739699a60b5,a88caa2af20dd84fcb1ac41b,7/20,C2,2,0,56,62,True,True,False,False,discovery_grid_train,denoising,a88caa2af20dd84fcb1ac41b,405376ac87e70739699a60b5,final_prompt,final_prompt,7,cross_patch,0bed80fed0318a4e06c97aba,1.5,1.5,-1.5,-1.5,-0.0,0.0,False,False,False,False,False,False,False,False,False,False,False,-0.0
00ae5a25c2c8c17d7a71,grid,train,7554af0addb53476cbf6,405376ac87e70739699a60b5,a88caa2af20dd84fcb1ac41b,7/20,C2,2,0,56,62,True,True,False,False,discovery_grid_train,denoising,a88caa2af20dd84fcb1ac41b,405376ac87e70739699a60b5,final_prompt,final_prompt,7,self_patch,78c6187c4ea6d6222790670a,1.5,1.5,-1.5,-1.5,-0.0,0.0,False,False,False,False,False,False,False,False,False,False,False,-0.0
00ae5a25c2c8c17d7a71,grid,train,7554af0addb53476cbf6,405376ac87e70739699a60b5,a88caa2af20dd84fcb1ac41b,7/20,C2,2,0,56,62,True,True,False,False,discovery_grid_train,denoising,a88caa2af20dd84fcb1ac41b,405376ac87e70739699a60b5,final_prompt,final_prompt,8,cross_patch,835a5b648d42f60fcdcabc49,1.5,1.375,-1.5,-1.375,0.125,-0.125,False,False,False,False,False,False,False,False,False,False,False,0.125
00ae5a25c2c8c17d7a71,grid,train,7554af0addb53476cbf6,405376ac87e70739699a60b5,a88caa2af20dd84fcb1ac41b,7/20,C2,2,0,56,62,True,True,False,False,discovery_grid_train,denoising,a88caa2af20dd84fcb1ac41b,405376ac87e70739699a60b5,final_prompt,final_prompt,8,self_patch,9c835614e47d3dda062c4e5b,1.5,1.5,-1.5,-1.5,-0.0,0.0,False,False,False,False,False,False,False,False,False,False,False,-0.0
00ae5a25c2c8c17d7a71,grid,train,7554af0addb53476cbf6,405376ac87e70739699a60b5,a88caa2af20dd84fcb1ac41b,7/20,C2,2,0,56,62,True,True,False,False,discovery_grid_train,denoising,a88caa2af20dd84fcb1ac41b,405376ac87e70739699a60b5,final_prompt,final_prompt,9,cross_patch,3f7dcb1de015b20ca74f549b,1.5,1.5,-1.5,-1.5,-0.0,0.0,False,False,False,False,False,False,False,False,False,False,False,-0.0
00ae5a25c2c8c17d7a71,grid,train,7554af0addb53476cbf6,405376ac87e70739699a60b5,a88caa2af20dd84fcb1ac41b,7/20,C2,2,0,56,62,True,True,False,False,discovery_grid_train,denoising,a88caa2af20dd84fcb1ac41b,405376ac87e70739699a60b5,final_prompt,final_prompt,9,self_patch,98184d98632549a789269abd,1.5,1.5,-1.5,-1.5,-0.0,0.0,False,False,False,False,False,False,False,False,False,False,False,-0.0
00ae5a25c2c8c17d7a71,grid,train,7554af0addb53476cbf6,405376ac87e70739699a60b5,a88caa2af20dd84fcb1ac41b,7/20,C2,2,0,56,62,True,True,False,False,discovery_grid_train,denoising,a88caa2af20dd84fcb1ac41b,405376ac87e70739699a60b5,final_prompt,final_prompt,10,cross_patch,29902d74a044008827038228,1.5,1.5,-1.5,-1.5,-0.0,0.0,False,False,False,False,False,False,False,False,False,False,False,-0.0
00ae5a25c2c8c17d7a71,grid,train,7554af0addb53476cbf6,405376ac87e70739699a60b5,a88caa2af20dd84fcb1ac41b,7/20,C2,2,0,56,62,True,True,False,False,discovery_grid_train,denoising,a88caa2af20dd84fcb1ac41b,405376ac87e70739699a60b5,final_prompt,final_prompt,10,self_patch,98f19dc546c1d585ebd834d3,1.5,1.5,-1.5,-1.5,-0.0,0.0,False,False,False,False,False,False,False,False,False,False,False,-0.0
00ae5a25c2c8c17d7a71,grid,train,7554af0addb53476cbf6,405376ac87e70739699a60b5,a88caa2af20dd84fcb1ac41b,7/20,C2,2,0,56,62,True,True,False,False,discovery_grid_train,denoising,a88caa2af20dd84fcb1ac41b,405376ac87e70739699a60b5,final_prompt,final_prompt,11,cross_patch,f00f69fd3b908f9af32a74e2,1.5,1.5,-1.5,-1.5,-0.0,0.0,False,False,False,False,False,False,False,False,False,False,False,-0.0
00ae5a25c2c8c17d7a71,grid,train,7554af0addb53476cbf6,405376ac87e70739699a60b5,a88caa2af20dd84fcb1ac41b,7/20,C2,2,0,56,62,True,True,False,False,discovery_grid_train,denoising,a88caa2af20dd84fcb1ac41b,405376ac87e70739699a60b5,final_prompt,final_prompt,11,self_patch,564452bce32eaa3434257591,1.5,1.5,-1.5,-1.5,-0.0,0.0,False,False,False,False,False,False,False,False,False,False,False,-0.0
00ae5a25c2c8c17d7a71,grid,train,7554af0addb53476cbf6,405376ac87e70739699a60b5,a88caa2af20dd84fcb1ac41b,7/20,C2,2,0,56,62,True,True,False,False,discovery_grid_train,denoising,a88caa2af20dd84fcb1ac41b,405376ac87e70739699a60b5,final_prompt,final_prompt,12,cross_patch,708a0b92c60affba8a7aa654,1.5,1.5,-1.5,-1.5,-0.0,0.0,False,False,False,False,False,False,False,False,False,False,False,-0.0
00ae5a25c2c8c17d7a71,grid,train,7554af0addb53476cbf6,405376ac87e70739699a60b5,a88caa2af20dd84fcb1ac41b,7/20,C2,2,0,56,62,True,True,False,False,discovery_grid_train,denoising,a88caa2af20dd84fcb1ac41b,405376ac87e70739699a60b5,final_prompt,final_prompt,12,self_patch,08be8e9249de96c749ee5cd3,1.5,1.5,-1.5,-1.5,-0.0,0.0,False,False,False,False,False,False,False,False,False,False,False,-0.0
00ae5a25c2c8c17d7a71,grid,train,7554af0addb53476cbf6,405376ac87e70739699a60b5,a88caa2af20dd84fcb1ac41b,7/20,C2,2,0,56,62,True,True,False,False,discovery_grid_train,denoising,a88caa2af20dd84fcb1ac41b,405376ac87e70739699a60b5,final_prompt,final_prompt,13,cross_patch,89b5edfecccf5131fe7b503f,1.5,1.375,-1.5,-1.375,0.125,-0.125,False,False,False,False,False,False,False,False,False,False,False,0.125
00ae5a25c2c8c17d7a71,grid,train,7554af0addb53476cbf6,405376ac87e70739699a60b5,a88caa2af20dd84fcb1ac41b,7/20,C2,2,0,56,62,True,True,False,False,discovery_grid_train,denoising,a88caa2af20dd84fcb1ac41b,405376ac87e70739699a60b5,final_prompt,final_prompt,13,self_patch,4e4e0e44cad6c1c299786707,1.5,1.5,-1.5,-1.5,-0.0,0.0,False,False,False,False,False,False,False,False,False,False,False,-0.0
00ae5a25c2c8c17d7a71,grid,train,7554af0addb53476cbf6,405376ac87e70739699a60b5,a88caa2af20dd84fcb1ac41b,7/20,C2,2,0,56,62,True,True,False,False,discovery_grid_train,denoising,a88caa2af20dd84fcb1ac41b,405376ac87e70739699a60b5,final_prompt,final_prompt,14,cross_patch,fae84ba7cdd8a04148e9270e,1.5,1.5,-1.5,-1.5,-0.0,0.0,False,False,False,False,False,False,False,False,False,False,False,-0.0
00ae5a25c2c8c17d7a71,grid,train,7554af0addb53476cbf6,405376ac87e70739699a60b5,a88caa2af20dd84fcb1ac41b,7/20,C2,2,0,56,62,True,True,False,False,discovery_grid_train,denoising,a88caa2af20dd84fcb1ac41b,405376ac87e70739699a60b5,final_prompt,final_prompt,14,self_patch,101f8645ec33d25ac3f48434,1.5,1.5,-1.5,-1.5,-0.0,0.0,False,False,False,False,False,False,False,False,False,False,False,-0.0
00ae5a25c2c8c17d7a71,grid,train,7554af0addb53476cbf6,405376ac87e70739699a60b5,a88caa2af20dd84fcb1ac41b,7/20,C2,2,0,56,62,True,True,False,False,discovery_grid_train,denoising,a88caa2af20dd84fcb1ac41b,405376ac87e70739699a60b5,final_prompt,final_prompt,15,cross_patch,93fc3ebd3d9096b44fb5e7c5,1.5,1.5,-1.5,-1.5,-0.0,0.0,False,False,False,False,False,False,False,False,False,False,False,-0.0
00ae5a25c2c8c17d7a71,grid,train,7554af0addb53476cbf6,405376ac87e70739699a60b5,a88caa2af20dd84fcb1ac41b,7/20,C2,2,0,56,62,True,True,False,False,discovery_grid_train,denoising,a88caa2af20dd84fcb1ac41b,405376ac87e70739699a60b5,final_prompt,final_prompt,15,self_patch,424f0b41adb74a77c9428a70,1.5,1.5,-1.5,-1.5,-0.0,0.0,False,False,False,False,False,False,False,False,False,False,False,-0.0
00ae5a25c2c8c17d7a71,grid,train,7554af0addb53476cbf6,405376ac87e70739699a60b5,a88caa2af20dd84fcb1ac41b,7/20,C2,2,0,56,62,True,True,False,False,discovery_grid_train,denoising,a88caa2af20dd84fcb1ac41b,405376ac87e70739699a60b5,final_prompt,final_prompt,16,cross_patch,0ee6143f2df74d3ca1473a67,1.5,1.5,-1.5,-1.5,-0.0,0.0,False,False,False,False,False,False,False,False,False,False,False,-0.0
00ae5a25c2c8c17d7a71,grid,train,7554af0addb53476cbf6,405376ac87e70739699a60b5,a88caa2af20dd84fcb1ac41b,7/20,C2,2,0,56,62,True,True,False,False,discovery_grid_train,denoising,a88caa2af20dd84fcb1ac41b,405376ac87e70739699a60b5,final_prompt,final_prompt,16,self_patch,a14fc8b9dcd24b9c2663a6ca,1.5,1.5,-1.5,-1.5,-0.0,0.0,False,False,False,False,False,False,False,False,False,False,False,-0.0
00ae5a25c2c8c17d7a71,grid,train,7554af0addb53476cbf6,405376ac87e70739699a60b5,a88caa2af20dd84fcb1ac41b,7/20,C2,2,0,56,62,True,True,False,False,discovery_grid_train,denoising,a88caa2af20dd84fcb1ac41b,405376ac87e70739699a60b5,final_prompt,final_prompt,17,cross_patch,4af8c099672d3d7280ee2b9c,1.5,1.5,-1.5,-1.5,-0.0,0.0,False,False,False,False,False,False,False,False,False,False,False,-0.0
00ae5a25c2c8c17d7a71,grid,train,7554af0addb53476cbf6,405376ac87e70739699a60b5,a88caa2af20dd84fcb1ac41b,7/20,C2,2,0,56,62,True,True,False,False,discovery_grid_train,denoising,a88caa2af20dd84fcb1ac41b,405376ac87e70739699a60b5,final_prompt,final_prompt,17,self_patch,03f9151353bd2b7b6adf1a79,1.5,1.5,-1.5,-1.5,-0.0,0.0,False,False,False,False,False,False,False,False,False,False,False,-0.0
00ae5a25c2c8c17d7a71,grid,train,7554af0addb53476cbf6,405376ac87e70739699a60b5,a88caa2af20dd84fcb1ac41b,7/20,C2,2,0,56,62,True,True,False,False,discovery_grid_train,denoising,a88caa2af20dd84fcb1ac41b,405376ac87e70739699a60b5,final_prompt,final_prompt,18,cross_patch,cce2ff46c4babedfc20fe307,1.5,1.5,-1.5,-1.5,-0.0,0.0,False,False,False,False,False,False,False,False,False,False,False,-0.0
00ae5a25c2c8c17d7a71,grid,train,7554af0addb53476cbf6,405376ac87e70739699a60b5,a88caa2af20dd84fcb1ac41b,7/20,C2,2,0,56,62,True,True,False,False,discovery_grid_train,denoising,a88caa2af20dd84fcb1ac41b,405376ac87e70739699a60b5,final_prompt,final_prompt,18,self_patch,dfa82b59230d4310c32c65fa,1.5,1.5,-1.5,-1.5,-0.0,0.0,False,False,False,False,False,False,False,False,False,False,False,-0.0
00ae5a25c2c8c17d7a71,grid,train,7554af0addb53476cbf6,405376ac87e70739699a60b5,a88caa2af20dd84fcb1ac41b,7/20,C2,2,0,56,62,True,True,False,False,discovery_grid_train,denoising,a88caa2af20dd84fcb1ac41b,405376ac87e70739699a60b5,final_prompt,final_prompt,19,cross_patch,e30512cbc627902a97b622a5,1.5,1.5,-1.5,-1.5,-0.0,0.0,False,False,False,False,False,False,False,False,False,False,False,-0.0
00ae5a25c2c8c17d7a71,grid,train,7554af0addb53476cbf6,405376ac87e70739699a60b5,a88caa2af20dd84fcb1ac41b,7/20,C2,2,0,56,62,True,True,False,False,discovery_grid_train,denoising,a88caa2af20dd84fcb1ac41b,405376ac87e70739699a60b5,final_prompt,final_prompt,19,self_patch,a4613935e0737ba28b1607d4,1.5,1.5,-1.5,-1.5,-0.0,0.0,False,False,False,False,False,False,False,False,False,False,False,-0.0
00ae5a25c2c8c17d7a71,grid,train,7554af0addb53476cbf6,405376ac87e70739699a60b5,a88caa2af20dd84fcb1ac41b,7/20,C2,2,0,56,62,True,True,False,False,discovery_grid_train,denoising,a88caa2af20dd84fcb1ac41b,405376ac87e70739699a60b5,final_prompt,final_prompt,20,cross_patch,1568dcc05c1a9e6dca1b7c6c,1.5,1.5,-1.5,-1.5,-0.0,0.0,False,False,False,False,False,False,False,False,False,False,False,-0.0
00ae5a25c2c8c17d7a71,grid,train,7554af0addb53476cbf6,405376ac87e70739699a60b5,a88caa2af20dd84fcb1ac41b,7/20,C2,2,0,56,62,True,True,False,False,discovery_grid_train,denoising,a88caa2af20dd84fcb1ac41b,405376ac87e70739699a60b5,final_prompt,final_prompt,20,self_patch,72b2bfe6d5dd0e8df891909f,1.5,1.5,-1.5,-1.5,-0.0,0.0,False,False,False,False,False,False,False,False,False,False,False,-0.0
00ae5a25c2c8c17d7a71,grid,train,7554af0addb53476cbf6,405376ac87e70739699a60b5,a88caa2af20dd84fcb1ac41b,7/20,C2,2,0,56,62,True,True,False,False,discovery_grid_train,denoising,a88caa2af20dd84fcb1ac41b,405376ac87e70739699a60b5,final_prompt,final_prompt,21,cross_patch,5686fb73d7254b0ee6ec3572,1.5,1.5,-1.5,-1.5,-0.0,0.0,False,False,False,False,False,False,False,False,False,False,False,-0.0
00ae5a25c2c8c17d7a71,grid,train,7554af0addb53476cbf6,405376ac87e70739699a60b5,a88caa2af20dd84fcb1ac41b,7/20,C2,2,0,56,62,True,True,False,False,discovery_grid_train,denoising,a88caa2af20dd84fcb1ac41b,405376ac87e70739699a60b5,final_prompt,final_prompt,21,self_patch,270f0c8ff964f6bc1dd6e329,1.5,1.5,-1.5,-1.5,-0.0,0.0,False,False,False,False,False,False,False,False,False,False,False,-0.0
00ae5a25c2c8c17d7a71,grid,train,7554af0addb53476cbf6,405376ac87e70739699a60b5,a88caa2af20dd84fcb1ac41b,7/20,C2,2,0,56,62,True,True,False,False,discovery_grid_train,denoising,a88caa2af20dd84fcb1ac41b,405376ac87e70739699a60b5,final_prompt,final_prompt,22,cross_patch,bdac0776c73b22d26adf4dcd,1.5,1.5,-1.5,-1.5,-0.0,0.0,False,False,False,False,False,False,False,False,False,False,False,-0.0
00ae5a25c2c8c17d7a71,grid,train,7554af0addb53476cbf6,405376ac87e70739699a60b5,a88caa2af20dd84fcb1ac41b,7/20,C2,2,0,56,62,True,True,False,False,discovery_grid_train,denoising,a88caa2af20dd84fcb1ac41b,405376ac87e70739699a60b5,final_prompt,final_prompt,22,self_patch,c1ebedbdbab2a8bcbbf95dc8,1.5,1.5,-1.5,-1.5,-0.0,0.0,False,False,False,False,False,False,False,False,False,False,False,-0.0
00ae5a25c2c8c17d7a71,grid,train,7554af0addb53476cbf6,405376ac87e70739699a60b5,a88caa2af20dd84fcb1ac41b,7/20,C2,2,0,56,62,True,True,False,False,discovery_grid_train,denoising,a88caa2af20dd84fcb1ac41b,405376ac87e70739699a60b5,final_prompt,final_prompt,23,cross_patch,1b2e3dc33b30ea833ef48605,1.5,1.5,-1.5,-1.5,-0.0,0.0,False,False,False,False,False,False,False,False,False,False,False,-0.0
00ae5a25c2c8c17d7a71,grid,train,7554af0addb53476cbf6,405376ac87e70739699a60b5,a88caa2af20dd84fcb1ac41b,7/20,C2,2,0,56,62,True,True,False,False,discovery_grid_train,denoising,a88caa2af20dd84fcb1ac41b,405376ac87e70739699a60b5,final_prompt,final_prompt,23,self_patch,57ad7be592222f4f25ead4ef,1.5,1.5,-1.5,-1.5,-0.0,0.0,False,False,False,False,False,False,False,False,False,False,False,-0.0
00ae5a25c2c8c17d7a71,grid,train,7554af0addb53476cbf6,405376ac87e70739699a60b5,a88caa2af20dd84fcb1ac41b,7/20,C2,2,0,56,62,True,True,False,False,discovery_grid_train,denoising,a88caa2af20dd84fcb1ac41b,405376ac87e70739699a60b5,final_prompt,final_prompt,24,cross_patch,8a4cbdb872e8318c43860d95,1.5,1.5,-1.5,-1.5,-0.0,0.0,False,False,False,False,False,False,False,False,False,False,False,-0.0
00ae5a25c2c8c17d7a71,grid,train,7554af0addb53476cbf6,405376ac87e70739699a60b5,a88caa2af20dd84fcb1ac41b,7/20,C2,2,0,56,62,True,True,False,False,discovery_grid_train,denoising,a88caa2af20dd84fcb1ac41b,405376ac87e70739699a60b5,final_prompt,final_prompt,24,self_patch,8a8b6443131801ea03c41ece,1.5,1.5,-1.5,-1.5,-0.0,0.0,False,False,False,False,False,False,False,False,False,False,False,-0.0
00ae5a25c2c8c17d7a71,grid,train,7554af0addb53476cbf6,405376ac87e70739699a60b5,a88caa2af20dd84fcb1ac41b,7/20,C2,2,0,56,62,True,True,False,False,discovery_grid_train,denoising,a88caa2af20dd84fcb1ac41b,405376ac87e70739699a60b5,final_prompt,final_prompt,25,cross_patch,fc5e6a9e5f3d136224bf1792,1.5,1.5,-1.5,-1.5,-0.0,0.0,False,False,False,False,False,False,False,False,False,False,False,-0.0
00ae5a25c2c8c17d7a71,grid,train,7554af0addb53476cbf6,405376ac87e70739699a60b5,a88caa2af20dd84fcb1ac41b,7/20,C2,2,0,56,62,True,True,False,False,discovery_grid_train,denoising,a88caa2af20dd84fcb1ac41b,405376ac87e70739699a60b5,final_prompt,final_prompt,25,self_patch,3b3d3988e347eca545a87f90,1.5,1.5,-1.5,-1.5,-0.0,0.0,False,False,False,False,False,False,False,False,False,False,False,-0.0
00ae5a25c2c8c17d7a71,grid,train,7554af0addb53476cbf6,405376ac87e70739699a60b5,a88caa2af20dd84fcb1ac41b,7/20,C2,2,0,56,62,True,True,False,False,discovery_grid_train,denoising,a88caa2af20dd84fcb1ac41b,405376ac87e70739699a60b5,final_prompt,final_prompt,26,cross_patch,99698d3a1c3aed4e52fbcf54,1.5,1.5,-1.5,-1.5,-0.0,0.0,False,False,False,False,False,False,False,False,False,False,False,-0.0
00ae5a25c2c8c17d7a71,grid,train,7554af0addb53476cbf6,405376ac87e70739699a60b5,a88caa2af20dd84fcb1ac41b,7/20,C2,2,0,56,62,True,True,False,False,discovery_grid_train,denoising,a88caa2af20dd84fcb1ac41b,405376ac87e70739699a60b5,final_prompt,final_prompt,26,self_patch,e3b175d314a6e3db3467b41e,1.5,1.5,-1.5,-1.5,-0.0,0.0,False,False,False,False,False,False,False,False,False,False,False,-0.0
00ae5a25c2c8c17d7a71,grid,train,7554af0addb53476cbf6,405376ac87e70739699a60b5,a88caa2af20dd84fcb1ac41b,7/20,C2,2,0,56,62,True,True,False,False,discovery_grid_train,denoising,a88caa2af20dd84fcb1ac41b,405376ac87e70739699a60b5,final_prompt,final_prompt,27,cross_patch,50d35d3d64c07b43814d53ff,1.5,1.5,-1.5,-1.5,-0.0,0.0,False,False,False,False,False,False,False,False,False,False,False,-0.0
00ae5a25c2c8c17d7a71,grid,train,7554af0addb53476cbf6,405376ac87e70739699a60b5,a88caa2af20dd84fcb1ac41b,7/20,C2,2,0,56,62,True,True,False,False,discovery_grid_train,denoising,a88caa2af20dd84fcb1ac41b,405376ac87e70739699a60b5,final_prompt,final_prompt,27,self_patch,376a2bc20667d0f7a714dee2,1.5,1.5,-1.5,-1.5,-0.0,0.0,False,False,False,False,False,False,False,False,False,False,False,-0.0
00ae5a25c2c8c17d7a71,grid,train,7554af0addb53476cbf6,405376ac87e70739699a60b5,a88caa2af20dd84fcb1ac41b,7/20,C2,2,0,56,62,True,True,False,False,discovery_grid_train,denoising,a88caa2af20dd84fcb1ac41b,405376ac87e70739699a60b5,final_prompt,final_prompt,28,cross_patch,6db1c78659e64cce667f5e00,1.5,1.5,-1.5,-1.5,-0.0,0.0,False,False,False,False,False,False,False,False,False,False,False,-0.0
00ae5a25c2c8c17d7a71,grid,train,7554af0addb53476cbf6,405376ac87e70739699a60b5,a88caa2af20dd84fcb1ac41b,7/20,C2,2,0,56,62,True,True,False,False,discovery_grid_train,denoising,a88caa2af20dd84fcb1ac41b,405376ac87e70739699a60b5,final_prompt,final_prompt,28,self_patch,ebaa638a1ce99c0d3825330f,1.5,1.5,-1.5,-1.5,-0.0,0.0,False,False,False,False,False,False,False,False,False,False,False,-0.0
00ae5a25c2c8c17d7a71,grid,train,7554af0addb53476cbf6,405376ac87e70739699a60b5,a88caa2af20dd84fcb1ac41b,7/20,C2,2,0,56,62,True,True,False,False,discovery_grid_train,denoising,a88caa2af20dd84fcb1ac41b,405376ac87e70739699a60b5,final_prompt,final_prompt,29,cross_patch,eccaf8c9d31869708b97aabf,1.5,1.5,-1.5,-1.5,-0.0,0.0,False,False,False,False,False,False,False,False,False,False,False,-0.0
00ae5a25c2c8c17d7a71,grid,train,7554af0addb53476cbf6,405376ac87e70739699a60b5,a88caa2af20dd84fcb1ac41b,7/20,C2,2,0,56,62,True,True,False,False,discovery_grid_train,denoising,a88caa2af20dd84fcb1ac41b,405376ac87e70739699a60b5,final_prompt,final_prompt,29,self_patch,fb8e9bf9fd689f598d69e5e5,1.5,1.5,-1.5,-1.5,-0.0,0.0,False,False,False,False,False,False,False,False,False,False,False,-0.0
00ae5a25c2c8c17d7a71,grid,train,7554af0addb53476cbf6,405376ac87e70739699a60b5,a88caa2af20dd84fcb1ac41b,7/20,C2,2,0,56,62,True,True,False,False,discovery_grid_train,denoising,a88caa2af20dd84fcb1ac41b,405376ac87e70739699a60b5,final_prompt,final_prompt,30,cross_patch,e49c668d5925ef8749ce9be8,1.5,1.5,-1.5,-1.5,-0.0,0.0,False,False,False,False,False,False,False,False,False,False,False,-0.0
00ae5a25c2c8c17d7a71,grid,train,7554af0addb53476cbf6,405376ac87e70739699a60b5,a88caa2af20dd84fcb1ac41b,7/20,C2,2,0,56,62,True,True,False,False,discovery_grid_train,denoising,a88caa2af20dd84fcb1ac41b,405376ac87e70739699a60b5,final_prompt,final_prompt,30,self_patch,2f3fd44795e36aea1a8c0a3f,1.5,1.5,-1.5,-1.5,-0.0,0.0,False,False,False,False,False,False,False,False,False,False,False,-0.0
00ae5a25c2c8c17d7a71,grid,train,7554af0addb53476cbf6,405376ac87e70739699a60b5,a88caa2af20dd84fcb1ac41b,7/20,C2,2,0,56,62,True,True,False,False,discovery_grid_train,denoising,a88caa2af20dd84fcb1ac41b,405376ac87e70739699a60b5,final_prompt,final_prompt,31,cross_patch,3ba5707abab00b6a0c50f5ed,1.5,1.5,-1.5,-1.5,-0.0,0.0,False,False,False,False,False,False,False,False,False,False,False,-0.0
00ae5a25c2c8c17d7a71,grid,train,7554af0addb53476cbf6,405376ac87e70739699a60b5,a88caa2af20dd84fcb1ac41b,7/20,C2,2,0,56,62,True,True,False,False,discovery_grid_train,denoising,a88caa2af20dd84fcb1ac41b,405376ac87e70739699a60b5,final_prompt,final_prompt,31,self_patch,e84bbe98cf50e694065bffcf,1.5,1.5,-1.5,-1.5,-0.0,0.0,False,False,False,False,False,False,False,False,False,False,False,-0.0
00ae5a25c2c8c17d7a71,grid,train,7554af0addb53476cbf6,405376ac87e70739699a60b5,a88caa2af20dd84fcb1ac41b,7/20,C2,2,0,56,62,True,True,False,False,discovery_grid_train,denoising,a88caa2af20dd84fcb1ac41b,405376ac87e70739699a60b5,answer_prefix,answer_prefix,0,cross_patch,7ca9ba4aef57da6eedbc08cd,1.5,1.5,-1.5,-1.5,-0.0,0.0,False,False,False,False,False,False,False,False,False,False,False,-0.0
00ae5a25c2c8c17d7a71,grid,train,7554af0addb53476cbf6,405376ac87e70739699a60b5,a88caa2af20dd84fcb1ac41b,7/20,C2,2,0,56,62,True,True,False,False,discovery_grid_train,denoising,a88caa2af20dd84fcb1ac41b,405376ac87e70739699a60b5,answer_prefix,answer_prefix,0,self_patch,6e03b577b799ab15a24c16c1,1.5,1.5,-1.5,-1.5,-0.0,0.0,False,False,False,False,False,False,False,False,False,False,False,-0.0
00ae5a25c2c8c17d7a71,grid,train,7554af0addb53476cbf6,405376ac87e70739699a60b5,a88caa2af20dd84fcb1ac41b,7/20,C2,2,0,56,62,True,True,False,False,discovery_grid_train,denoising,a88caa2af20dd84fcb1ac41b,405376ac87e70739699a60b5,answer_prefix,answer_prefix,1,cross_patch,9a82282af41e61bea5b4d6ae,1.5,1.5,-1.5,-1.5,-0.0,0.0,False,False,False,False,False,False,False,False,False,False,False,-0.0
00ae5a25c2c8c17d7a71,grid,train,7554af0addb53476cbf6,405376ac87e70739699a60b5,a88caa2af20dd84fcb1ac41b,7/20,C2,2,0,56,62,True,True,False,False,discovery_grid_train,denoising,a88caa2af20dd84fcb1ac41b,405376ac87e70739699a60b5,answer_prefix,answer_prefix,1,self_patch,f9d325b26eeb8c35840b70c1,1.5,1.5,-1.5,-1.5,-0.0,0.0,False,False,False,False,False,False,False,False,False,False,False,-0.0
00ae5a25c2c8c17d7a71,grid,train,7554af0addb53476cbf6,405376ac87e70739699a60b5,a88caa2af20dd84fcb1ac41b,7/20,C2,2,0,56,62,True,True,False,False,discovery_grid_train,denoising,a88caa2af20dd84fcb1ac41b,405376ac87e70739699a60b5,answer_prefix,answer_prefix,2,cross_patch,393c213ad4ee729dfe4d3ff1,1.5,1.5,-1.5,-1.5,-0.0,0.0,False,False,False,False,False,False,False,False,False,False,False,-0.0
00ae5a25c2c8c17d7a71,grid,train,7554af0addb53476cbf6,405376ac87e70739699a60b5,a88caa2af20dd84fcb1ac41b,7/20,C2,2,0,56,62,True,True,False,False,discovery_grid_train,denoising,a88caa2af20dd84fcb1ac41b,405376ac87e70739699a60b5,answer_prefix,answer_prefix,2,self_patch,6b3cf6d010e48bf710f89826,1.5,1.5,-1.5,-1.5,-0.0,0.0,False,False,False,False,False,False,False,False,False,False,False,-0.0
00ae5a25c2c8c17d7a71,grid,train,7554af0addb53476cbf6,405376ac87e70739699a60b5,a88caa2af20dd84fcb1ac41b,7/20,C2,2,0,56,62,True,True,False,False,discovery_grid_train,denoising,a88caa2af20dd84fcb1ac41b,405376ac87e70739699a60b5,answer_prefix,answer_prefix,3,cross_patch,0bb64bb9e9daf98794923871,1.5,1.5,-1.5,-1.5,-0.0,0.0,False,False,False,False,False,False,False,False,False,False,False,-0.0
00ae5a25c2c8c17d7a71,grid,train,7554af0addb53476cbf6,405376ac87e70739699a60b5,a88caa2af20dd84fcb1ac41b,7/20,C2,2,0,56,62,True,True,False,False,discovery_grid_train,denoising,a88caa2af20dd84fcb1ac41b,405376ac87e70739699a60b5,answer_prefix,answer_prefix,3,self_patch,43d3f68a67bb5fd426c103da,1.5,1.5,-1.5,-1.5,-0.0,0.0,False,False,False,False,False,False,False,False,False,False,False,-0.0
00ae5a25c2c8c17d7a71,grid,train,7554af0addb53476cbf6,405376ac87e70739699a60b5,a88caa2af20dd84fcb1ac41b,7/20,C2,2,0,56,62,True,True,False,False,discovery_grid_train,denoising,a88caa2af20dd84fcb1ac41b,405376ac87e70739699a60b5,answer_prefix,answer_prefix,4,cross_patch,291bbe0c36d88baf1a83028a,1.5,1.5,-1.5,-1.5,-0.0,0.0,False,False,False,False,False,False,False,False,False,False,False,-0.0
00ae5a25c2c8c17d7a71,grid,train,7554af0addb53476cbf6,405376ac87e70739699a60b5,a88caa2af20dd84fcb1ac41b,7/20,C2,2,0,56,62,True,True,False,False,discovery_grid_train,denoising,a88caa2af20dd84fcb1ac41b,405376ac87e70739699a60b5,answer_prefix,answer_prefix,4,self_patch,86e60438a1d52f2becd2249e,1.5,1.5,-1.5,-1.5,-0.0,0.0,False,False,False,False,False,False,False,False,False,False,False,-0.0
00ae5a25c2c8c17d7a71,grid,train,7554af0addb53476cbf6,405376ac87e70739699a60b5,a88caa2af20dd84fcb1ac41b,7/20,C2,2,0,56,62,True,True,False,False,discovery_grid_train,denoising,a88caa2af20dd84fcb1ac41b,405376ac87e70739699a60b5,answer_prefix,answer_prefix,5,cross_patch,26338849471c517b594aacb0,1.5,1.5,-1.5,-1.5,-0.0,0.0,False,False,False,False,False,False,False,False,False,False,False,-0.0
00ae5a25c2c8c17d7a71,grid,train,7554af0addb53476cbf6,405376ac87e70739699a60b5,a88caa2af20dd84fcb1ac41b,7/20,C2,2,0,56,62,True,True,False,False,discovery_grid_train,denoising,a88caa2af20dd84fcb1ac41b,405376ac87e70739699a60b5,answer_prefix,answer_prefix,5,self_patch,01d4dd902a21fbd54d153f3f,1.5,1.5,-1.5,-1.5,-0.0,0.0,False,False,False,False,False,False,False,False,False,False,False,-0.0
00ae5a25c2c8c17d7a71,grid,train,7554af0addb53476cbf6,405376ac87e70739699a60b5,a88caa2af20dd84fcb1ac41b,7/20,C2,2,0,56,62,True,True,False,False,discovery_grid_train,denoising,a88caa2af20dd84fcb1ac41b,405376ac87e70739699a60b5,answer_prefix,answer_prefix,6,cross_patch,9d3e05f473e40eb5d2f6ee73,1.5,1.5,-1.5,-1.5,-0.0,0.0,False,False,False,False,False,False,False,False,False,False,False,-0.0
00ae5a25c2c8c17d7a71,grid,train,7554af0addb53476cbf6,405376ac87e70739699a60b5,a88caa2af20dd84fcb1ac41b,7/20,C2,2,0,56,62,True,True,False,False,discovery_grid_train,denoising,a88caa2af20dd84fcb1ac41b,405376ac87e70739699a60b5,answer_prefix,answer_prefix,6,self_patch,d78a8b07ee9419ec0ff21ef6,1.5,1.5,-1.5,-1.5,-0.0,0.0,False,False,False,False,False,False,False,False,False,False,False,-0.0
00ae5a25c2c8c17d7a71,grid,train,7554af0addb53476cbf6,405376ac87e70739699a60b5,a88caa2af20dd84fcb1ac41b,7/20,C2,2,0,56,62,True,True,False,False,discovery_grid_train,denoising,a88caa2af20dd84fcb1ac41b,405376ac87e70739699a60b5,answer_prefix,answer_prefix,7,cross_patch,50de30f0cb84be8541d70626,1.5,1.375,-1.5,-1.375,0.125,-0.125,False,False,False,False,False,False,False,False,False,False,False,0.125
00ae5a25c2c8c17d7a71,grid,train,7554af0addb53476cbf6,405376ac87e70739699a60b5,a88caa2af20dd84fcb1ac41b,7/20,C2,2,0,56,62,True,True,False,False,discovery_grid_train,denoising,a88caa2af20dd84fcb1ac41b,405376ac87e70739699a60b5,answer_prefix,answer_prefix,7,self_patch,222a12926e53a2d583cbb833,1.5,1.5,-1.5,-1.5,-0.0,0.0,False,False,False,False,False,False,False,False,False,False,False,-0.0
00ae5a25c2c8c17d7a71,grid,train,7554af0addb53476cbf6,405376ac87e70739699a60b5,a88caa2af20dd84fcb1ac41b,7/20,C2,2,0,56,62,True,True,False,False,discovery_grid_train,denoising,a88caa2af20dd84fcb1ac41b,405376ac87e70739699a60b5,answer_prefix,answer_prefix,8,cross_patch,f5e1c794020039b453fe7c5f,1.5,1.375,-1.5,-1.375,0.125,-0.125,False,False,False,False,False,False,False,False,False,False,False,0.125
00ae5a25c2c8c17d7a71,grid,train,7554af0addb53476cbf6,405376ac87e70739699a60b5,a88caa2af20dd84fcb1ac41b,7/20,C2,2,0,56,62,True,True,False,False,discovery_grid_train,denoising,a88caa2af20dd84fcb1ac41b,405376ac87e70739699a60b5,answer_prefix,answer_prefix,8,self_patch,573eb2f75cdeadfe0a6c06ef,1.5,1.5,-1.5,-1.5,-0.0,0.0,False,False,False,False,False,False,False,False,False,False,False,-0.0
00ae5a25c2c8c17d7a71,grid,train,7554af0addb53476cbf6,405376ac87e70739699a60b5,a88caa2af20dd84fcb1ac41b,7/20,C2,2,0,56,62,True,True,False,False,discovery_grid_train,denoising,a88caa2af20dd84fcb1ac41b,405376ac87e70739699a60b5,answer_prefix,answer_prefix,9,cross_patch,2e4138ba5cc0c5533b44e5b6,1.5,1.375,-1.5,-1.375,0.125,-0.125,False,False,False,False,False,False,False,False,False,False,False,0.125
00ae5a25c2c8c17d7a71,grid,train,7554af0addb53476cbf6,405376ac87e70739699a60b5,a88caa2af20dd84fcb1ac41b,7/20,C2,2,0,56,62,True,True,False,False,discovery_grid_train,denoising,a88caa2af20dd84fcb1ac41b,405376ac87e70739699a60b5,answer_prefix,answer_prefix,9,self_patch,2cce0a8ed30d00509f6105b1,1.5,1.5,-1.5,-1.5,-0.0,0.0,False,False,False,False,False,False,False,False,False,False,False,-0.0
00ae5a25c2c8c17d7a71,grid,train,7554af0addb53476cbf6,405376ac87e70739699a60b5,a88caa2af20dd84fcb1ac41b,7/20,C2,2,0,56,62,True,True,False,False,discovery_grid_train,denoising,a88caa2af20dd84fcb1ac41b,405376ac87e70739699a60b5,answer_prefix,answer_prefix,10,cross_patch,50c5c0364e280145abe155f1,1.5,1.5,-1.5,-1.5,-0.0,0.0,False,False,False,False,False,False,False,False,False,False,False,-0.0
00ae5a25c2c8c17d7a71,grid,train,7554af0addb53476cbf6,405376ac87e70739699a60b5,a88caa2af20dd84fcb1ac41b,7/20,C2,2,0,56,62,True,True,False,False,discovery_grid_train,denoising,a88caa2af20dd84fcb1ac41b,405376ac87e70739699a60b5,answer_prefix,answer_prefix,10,self_patch,636bed63fdcdb1cca5dbcd79,1.5,1.5,-1.5,-1.5,-0.0,0.0,False,False,False,False,False,False,False,False,False,False,False,-0.0
00ae5a25c2c8c17d7a71,grid,train,7554af0addb53476cbf6,405376ac87e70739699a60b5,a88caa2af20dd84fcb1ac41b,7/20,C2,2,0,56,62,True,True,False,False,discovery_grid_train,denoising,a88caa2af20dd84fcb1ac41b,405376ac87e70739699a60b5,answer_prefix,answer_prefix,11,cross_patch,9de43009ffb50fb5bf7f5735,1.5,1.5,-1.5,-1.5,-0.0,0.0,False,False,False,False,False,False,False,False,False,False,False,-0.0
00ae5a25c2c8c17d7a71,grid,train,7554af0addb53476cbf6,405376ac87e70739699a60b5,a88caa2af20dd84fcb1ac41b,7/20,C2,2,0,56,62,True,True,False,False,discovery_grid_train,denoising,a88caa2af20dd84fcb1ac41b,405376ac87e70739699a60b5,answer_prefix,answer_prefix,11,self_patch,8f0ae349856c03b253623df0,1.5,1.5,-1.5,-1.5,-0.0,0.0,False,False,False,False,False,False,False,False,False,False,False,-0.0
00ae5a25c2c8c17d7a71,grid,train,7554af0addb53476cbf6,405376ac87e70739699a60b5,a88caa2af20dd84fcb1ac41b,7/20,C2,2,0,56,62,True,True,False,False,discovery_grid_train,denoising,a88caa2af20dd84fcb1ac41b,405376ac87e70739699a60b5,answer_prefix,answer_prefix,12,cross_patch,71d30cbddc4fba7518e71a5e,1.5,1.5,-1.5,-1.5,-0.0,0.0,False,False,False,False,False,False,False,False,False,False,False,-0.0
00ae5a25c2c8c17d7a71,grid,train,7554af0addb53476cbf6,405376ac87e70739699a60b5,a88caa2af20dd84fcb1ac41b,7/20,C2,2,0,56,62,True,True,False,False,discovery_grid_train,denoising,a88caa2af20dd84fcb1ac41b,405376ac87e70739699a60b5,answer_prefix,answer_prefix,12,self_patch,36ae68100fb9a4d2023e9676,1.5,1.5,-1.5,-1.5,-0.0,0.0,False,False,False,False,False,False,False,False,False,False,False,-0.0
00ae5a25c2c8c17d7a71,grid,train,7554af0addb53476cbf6,405376ac87e70739699a60b5,a88caa2af20dd84fcb1ac41b,7/20,C2,2,0,56,62,True,True,False,False,discovery_grid_train,denoising,a88caa2af20dd84fcb1ac41b,405376ac87e70739699a60b5,answer_prefix,answer_prefix,13,cross_patch,5d458ede471533e9c8472ee8,1.5,1.5,-1.5,-1.5,-0.0,0.0,False,False,False,False,False,False,False,False,False,False,False,-0.0
00ae5a25c2c8c17d7a71,grid,train,7554af0addb53476cbf6,405376ac87e70739699a60b5,a88caa2af20dd84fcb1ac41b,7/20,C2,2,0,56,62,True,True,False,False,discovery_grid_train,denoising,a88caa2af20dd84fcb1ac41b,405376ac87e70739699a60b5,answer_prefix,answer_prefix,13,self_patch,113cacfed451ad01e9ba6438,1.5,1.5,-1.5,-1.5,-0.0,0.0,False,False,False,False,False,False,False,False,False,False,False,-0.0
00ae5a25c2c8c17d7a71,grid,train,7554af0addb53476cbf6,405376ac87e70739699a60b5,a88caa2af20dd84fcb1ac41b,7/20,C2,2,0,56,62,True,True,False,False,discovery_grid_train,denoising,a88caa2af20dd84fcb1ac41b,405376ac87e70739699a60b5,answer_prefix,answer_prefix,14,cross_patch,5f37e2d202a96aac8ed767c2,1.5,1.375,-1.5,-1.375,0.125,-0.125,False,False,False,False,False,False,False,False,False,False,False,0.125
00ae5a25c2c8c17d7a71,grid,train,7554af0addb53476cbf6,405376ac87e70739699a60b5,a88caa2af20dd84fcb1ac41b,7/20,C2,2,0,56,62,True,True,False,False,discovery_grid_train,denoising,a88caa2af20dd84fcb1ac41b,405376ac87e70739699a60b5,answer_prefix,answer_prefix,14,self_patch,87764f3a88083a7d561e0171,1.5,1.5,-1.5,-1.5,-0.0,0.0,False,False,False,False,False,False,False,False,False,False,False,-0.0
00ae5a25c2c8c17d7a71,grid,train,7554af0addb53476cbf6,405376ac87e70739699a60b5,a88caa2af20dd84fcb1ac41b,7/20,C2,2,0,56,62,True,True,False,False,discovery_grid_train,denoising,a88caa2af20dd84fcb1ac41b,405376ac87e70739699a60b5,answer_prefix,answer_prefix,15,cross_patch,ed195f9c6a01c299bd01841c,1.5,1.5,-1.5,-1.5,-0.0,0.0,False,False,False,False,False,False,False,False,False,False,False,-0.0
00ae5a25c2c8c17d7a71,grid,train,7554af0addb53476cbf6,405376ac87e70739699a60b5,a88caa2af20dd84fcb1ac41b,7/20,C2,2,0,56,62,True,True,False,False,discovery_grid_train,denoising,a88caa2af20dd84fcb1ac41b,405376ac87e70739699a60b5,answer_prefix,answer_prefix,15,self_patch,b0770a63d7efc3662cf838b9,1.5,1.5,-1.5,-1.5,-0.0,0.0,False,False,False,False,False,False,False,False,False,False,False,-0.0
00ae5a25c2c8c17d7a71,grid,train,7554af0addb53476cbf6,405376ac87e70739699a60b5,a88caa2af20dd84fcb1ac41b,7/20,C2,2,0,56,62,True,True,False,False,discovery_grid_train,denoising,a88caa2af20dd84fcb1ac41b,405376ac87e70739699a60b5,answer_prefix,answer_prefix,16,cross_patch,d4108ea223cd869c0b9b09a7,1.5,1.375,-1.5,-1.375,0.125,-0.125,False,False,False,False,False,False,False,False,False,False,False,0.125
00ae5a25c2c8c17d7a71,grid,train,7554af0addb53476cbf6,405376ac87e70739699a60b5,a88caa2af20dd84fcb1ac41b,7/20,C2,2,0,56,62,True,True,False,False,discovery_grid_train,denoising,a88caa2af20dd84fcb1ac41b,405376ac87e70739699a60b5,answer_prefix,answer_prefix,16,self_patch,fa3a3733c06089150a330cb7,1.5,1.5,-1.5,-1.5,-0.0,0.0,False,False,False,False,False,False,False,False,False,False,False,-0.0
00ae5a25c2c8c17d7a71,grid,train,7554af0addb53476cbf6,405376ac87e70739699a60b5,a88caa2af20dd84fcb1ac41b,7/20,C2,2,0,56,62,True,True,False,False,discovery_grid_train,denoising,a88caa2af20dd84fcb1ac41b,405376ac87e70739699a60b5,answer_prefix,answer_prefix,17,cross_patch,d332f3b666c5cfce172a67d0,1.5,1.375,-1.5,-1.375,0.125,-0.125,False,False,False,False,False,False,False,False,False,False,False,0.125
00ae5a25c2c8c17d7a71,grid,train,7554af0addb53476cbf6,405376ac87e70739699a60b5,a88caa2af20dd84fcb1ac41b,7/20,C2,2,0,56,62,True,True,False,False,discovery_grid_train,denoising,a88caa2af20dd84fcb1ac41b,405376ac87e70739699a60b5,answer_prefix,answer_prefix,17,self_patch,6e3d175e00a42a689b0be180,1.5,1.5,-1.5,-1.5,-0.0,0.0,False,False,False,False,False,False,False,False,False,False,False,-0.0
00ae5a25c2c8c17d7a71,grid,train,7554af0addb53476cbf6,405376ac87e70739699a60b5,a88caa2af20dd84fcb1ac41b,7/20,C2,2,0,56,62,True,True,False,False,discovery_grid_train,denoising,a88caa2af20dd84fcb1ac41b,405376ac87e70739699a60b5,answer_prefix,answer_prefix,18,cross_patch,cd25fb42cb62850278bb9d36,1.5,1.5,-1.5,-1.5,-0.0,0.0,False,False,False,False,False,False,False,False,False,False,False,-0.0
00ae5a25c2c8c17d7a71,grid,train,7554af0addb53476cbf6,405376ac87e70739699a60b5,a88caa2af20dd84fcb1ac41b,7/20,C2,2,0,56,62,True,True,False,False,discovery_grid_train,denoising,a88caa2af20dd84fcb1ac41b,405376ac87e70739699a60b5,answer_prefix,answer_prefix,18,self_patch,299c03a315a8211e2a041f86,1.5,1.5,-1.5,-1.5,-0.0,0.0,False,False,False,False,False,False,False,False,False,False,False,-0.0
00ae5a25c2c8c17d7a71,grid,train,7554af0addb53476cbf6,405376ac87e70739699a60b5,a88caa2af20dd84fcb1ac41b,7/20,C2,2,0,56,62,True,True,False,False,discovery_grid_train,denoising,a88caa2af20dd84fcb1ac41b,405376ac87e70739699a60b5,answer_prefix,answer_prefix,19,cross_patch,d850fa29a02232102f7179e3,1.5,1.375,-1.5,-1.375,0.125,-0.125,False,False,False,False,False,False,False,False,False,False,False,0.125
00ae5a25c2c8c17d7a71,grid,train,7554af0addb53476cbf6,405376ac87e70739699a60b5,a88caa2af20dd84fcb1ac41b,7/20,C2,2,0,56,62,True,True,False,False,discovery_grid_train,denoising,a88caa2af20dd84fcb1ac41b,405376ac87e70739699a60b5,answer_prefix,answer_prefix,19,self_patch,34e869d523fba87bb775005c,1.5,1.5,-1.5,-1.5,-0.0,0.0,False,False,False,False,False,False,False,False,False,False,False,-0.0
00ae5a25c2c8c17d7a71,grid,train,7554af0addb53476cbf6,405376ac87e70739699a60b5,a88caa2af20dd84fcb1ac41b,7/20,C2,2,0,56,62,True,True,False,False,discovery_grid_train,denoising,a88caa2af20dd84fcb1ac41b,405376ac87e70739699a60b5,answer_prefix,answer_prefix,20,cross_patch,1d0b445d50d701f06b60ac54,1.5,1.5,-1.5,-1.5,-0.0,0.0,False,False,False,False,False,False,False,False,False,False,False,-0.0
00ae5a25c2c8c17d7a71,grid,train,7554af0addb53476cbf6,405376ac87e70739699a60b5,a88caa2af20dd84fcb1ac41b,7/20,C2,2,0,56,62,True,True,False,False,discovery_grid_train,denoising,a88caa2af20dd84fcb1ac41b,405376ac87e70739699a60b5,answer_prefix,answer_prefix,20,self_patch,2f5063621db4105998c448ce,1.5,1.5,-1.5,-1.5,-0.0,0.0,False,False,False,False,False,False,False,False,False,False,False,-0.0
00ae5a25c2c8c17d7a71,grid,train,7554af0addb53476cbf6,405376ac87e70739699a60b5,a88caa2af20dd84fcb1ac41b,7/20,C2,2,0,56,62,True,True,False,False,discovery_grid_train,denoising,a88caa2af20dd84fcb1ac41b,405376ac87e70739699a60b5,answer_prefix,answer_prefix,21,cross_patch,5e304aee7a5cd2a6a6197656,1.5,1.375,-1.5,-1.375,0.125,-0.125,False,False,False,False,False,False,False,False,False,False,False,0.125
00ae5a25c2c8c17d7a71,grid,train,7554af0addb53476cbf6,405376ac87e70739699a60b5,a88caa2af20dd84fcb1ac41b,7/20,C2,2,0,56,62,True,True,False,False,discovery_grid_train,denoising,a88caa2af20dd84fcb1ac41b,405376ac87e70739699a60b5,answer_prefix,answer_prefix,21,self_patch,26ced3b266540c1618eb550a,1.5,1.5,-1.5,-1.5,-0.0,0.0,False,False,False,False,False,False,False,False,False,False,False,-0.0
00ae5a25c2c8c17d7a71,grid,train,7554af0addb53476cbf6,405376ac87e70739699a60b5,a88caa2af20dd84fcb1ac41b,7/20,C2,2,0,56,62,True,True,False,False,discovery_grid_train,denoising,a88caa2af20dd84fcb1ac41b,405376ac87e70739699a60b5,answer_prefix,answer_prefix,22,cross_patch,db6166c25ad55e46182b8043,1.5,1.375,-1.5,-1.375,0.125,-0.125,False,False,False,False,False,False,False,False,False,False,False,0.125
00ae5a25c2c8c17d7a71,grid,train,7554af0addb53476cbf6,405376ac87e70739699a60b5,a88caa2af20dd84fcb1ac41b,7/20,C2,2,0,56,62,True,True,False,False,discovery_grid_train,denoising,a88caa2af20dd84fcb1ac41b,405376ac87e70739699a60b5,answer_prefix,answer_prefix,22,self_patch,97f52dda88c42c71e1af3648,1.5,1.5,-1.5,-1.5,-0.0,0.0,False,False,False,False,False,False,False,False,False,False,False,-0.0
00ae5a25c2c8c17d7a71,grid,train,7554af0addb53476cbf6,405376ac87e70739699a60b5,a88caa2af20dd84fcb1ac41b,7/20,C2,2,0,56,62,True,True,False,False,discovery_grid_train,denoising,a88caa2af20dd84fcb1ac41b,405376ac87e70739699a60b5,answer_prefix,answer_prefix,23,cross_patch,084188889545f5c1c2d0734c,1.5,1.375,-1.5,-1.375,0.125,-0.125,False,False,False,False,False,False,False,False,False,False,False,0.125
00ae5a25c2c8c17d7a71,grid,train,7554af0addb53476cbf6,405376ac87e70739699a60b5,a88caa2af20dd84fcb1ac41b,7/20,C2,2,0,56,62,True,True,False,False,discovery_grid_train,denoising,a88caa2af20dd84fcb1ac41b,405376ac87e70739699a60b5,answer_prefix,answer_prefix,23,self_patch,e91aca305201bb3b08e97304,1.5,1.5,-1.5,-1.5,-0.0,0.0,False,False,False,False,False,False,False,False,False,False,False,-0.0
00ae5a25c2c8c17d7a71,grid,train,7554af0addb53476cbf6,405376ac87e70739699a60b5,a88caa2af20dd84fcb1ac41b,7/20,C2,2,0,56,62,True,True,False,False,discovery_grid_train,denoising,a88caa2af20dd84fcb1ac41b,405376ac87e70739699a60b5,answer_prefix,answer_prefix,24,cross_patch,d478d046358e7a2718d53a02,1.5,1.25,-1.5,-1.25,0.25,-0.25,False,False,False,False,False,False,False,False,False,False,False,0.25
00ae5a25c2c8c17d7a71,grid,train,7554af0addb53476cbf6,405376ac87e70739699a60b5,a88caa2af20dd84fcb1ac41b,7/20,C2,2,0,56,62,True,True,False,False,discovery_grid_train,denoising,a88caa2af20dd84fcb1ac41b,405376ac87e70739699a60b5,answer_prefix,answer_prefix,24,self_patch,2dbf16f4177ba249b776c2a4,1.5,1.5,-1.5,-1.5,-0.0,0.0,False,False,False,False,False,False,False,False,False,False,False,-0.0
00ae5a25c2c8c17d7a71,grid,train,7554af0addb53476cbf6,405376ac87e70739699a60b5,a88caa2af20dd84fcb1ac41b,7/20,C2,2,0,56,62,True,True,False,False,discovery_grid_train,denoising,a88caa2af20dd84fcb1ac41b,405376ac87e70739699a60b5,answer_prefix,answer_prefix,25,cross_patch,6e6d7e66b3cea785ee8ac226,1.5,1.25,-1.5,-1.25,0.25,-0.25,False,False,False,False,False,False,False,False,False,False,False,0.25
00ae5a25c2c8c17d7a71,grid,train,7554af0addb53476cbf6,405376ac87e70739699a60b5,a88caa2af20dd84fcb1ac41b,7/20,C2,2,0,56,62,True,True,False,False,discovery_grid_train,denoising,a88caa2af20dd84fcb1ac41b,405376ac87e70739699a60b5,answer_prefix,answer_prefix,25,self_patch,f4fbb6d1e1a09e7524b45b1e,1.5,1.5,-1.5,-1.5,-0.0,0.0,False,False,False,False,False,False,False,False,False,False,False,-0.0
00ae5a25c2c8c17d7a71,grid,train,7554af0addb53476cbf6,405376ac87e70739699a60b5,a88caa2af20dd84fcb1ac41b,7/20,C2,2,0,56,62,True,True,False,False,discovery_grid_train,denoising,a88caa2af20dd84fcb1ac41b,405376ac87e70739699a60b5,answer_prefix,answer_prefix,26,cross_patch,119a9a5f2a2c2a0b0192fcb1,1.5,1.25,-1.5,-1.25,0.25,-0.25,False,False,False,False,False,False,False,False,False,False,False,0.25
00ae5a25c2c8c17d7a71,grid,train,7554af0addb53476cbf6,405376ac87e70739699a60b5,a88caa2af20dd84fcb1ac41b,7/20,C2,2,0,56,62,True,True,False,False,discovery_grid_train,denoising,a88caa2af20dd84fcb1ac41b,405376ac87e70739699a60b5,answer_prefix,answer_prefix,26,self_patch,cca7b5bc613ac4220a912de0,1.5,1.5,-1.5,-1.5,-0.0,0.0,False,False,False,False,False,False,False,False,False,False,False,-0.0
00ae5a25c2c8c17d7a71,grid,train,7554af0addb53476cbf6,405376ac87e70739699a60b5,a88caa2af20dd84fcb1ac41b,7/20,C2,2,0,56,62,True,True,False,False,discovery_grid_train,denoising,a88caa2af20dd84fcb1ac41b,405376ac87e70739699a60b5,answer_prefix,answer_prefix,27,cross_patch,7830ca211774ef0f78c4cae7,1.5,1.25,-1.5,-1.25,0.25,-0.25,False,False,False,False,False,False,False,False,False,False,False,0.25
00ae5a25c2c8c17d7a71,grid,train,7554af0addb53476cbf6,405376ac87e70739699a60b5,a88caa2af20dd84fcb1ac41b,7/20,C2,2,0,56,62,True,True,False,False,discovery_grid_train,denoising,a88caa2af20dd84fcb1ac41b,405376ac87e70739699a60b5,answer_prefix,answer_prefix,27,self_patch,50afbc29fcfec395db838fba,1.5,1.5,-1.5,-1.5,-0.0,0.0,False,False,False,False,False,False,False,False,False,False,False,-0.0
00ae5a25c2c8c17d7a71,grid,train,7554af0addb53476cbf6,405376ac87e70739699a60b5,a88caa2af20dd84fcb1ac41b,7/20,C2,2,0,56,62,True,True,False,False,discovery_grid_train,denoising,a88caa2af20dd84fcb1ac41b,405376ac87e70739699a60b5,answer_prefix,answer_prefix,28,cross_patch,1d8f594f25a6286c010ba4f3,1.5,1.25,-1.5,-1.25,0.25,-0.25,False,False,False,False,False,False,False,False,False,False,False,0.25
00ae5a25c2c8c17d7a71,grid,train,7554af0addb53476cbf6,405376ac87e70739699a60b5,a88caa2af20dd84fcb1ac41b,7/20,C2,2,0,56,62,True,True,False,False,discovery_grid_train,denoising,a88caa2af20dd84fcb1ac41b,405376ac87e70739699a60b5,answer_prefix,answer_prefix,28,self_patch,66814041a6c5cfe3ae0fe615,1.5,1.5,-1.5,-1.5,-0.0,0.0,False,False,False,False,False,False,False,False,False,False,False,-0.0
00ae5a25c2c8c17d7a71,grid,train,7554af0addb53476cbf6,405376ac87e70739699a60b5,a88caa2af20dd84fcb1ac41b,7/20,C2,2,0,56,62,True,True,False,False,discovery_grid_train,denoising,a88caa2af20dd84fcb1ac41b,405376ac87e70739699a60b5,answer_prefix,answer_prefix,29,cross_patch,aa66294b827e4db81d9247d1,1.5,1.0,-1.5,-1.0,0.5,-0.5,False,False,False,False,False,False,False,False,False,False,False,0.5
00ae5a25c2c8c17d7a71,grid,train,7554af0addb53476cbf6,405376ac87e70739699a60b5,a88caa2af20dd84fcb1ac41b,7/20,C2,2,0,56,62,True,True,False,False,discovery_grid_train,denoising,a88caa2af20dd84fcb1ac41b,405376ac87e70739699a60b5,answer_prefix,answer_prefix,29,self_patch,5a7e7c7f93deb92d9d80c8af,1.5,1.5,-1.5,-1.5,-0.0,0.0,False,False,False,False,False,False,False,False,False,False,False,-0.0
00ae5a25c2c8c17d7a71,grid,train,7554af0addb53476cbf6,405376ac87e70739699a60b5,a88caa2af20dd84fcb1ac41b,7/20,C2,2,0,56,62,True,True,False,False,discovery_grid_train,denoising,a88caa2af20dd84fcb1ac41b,405376ac87e70739699a60b5,answer_prefix,answer_prefix,30,cross_patch,0a7e4a40157909a526da622d,1.5,-0.25,-1.5,0.25,1.75,-1.75,False,True,False,True,True,False,True,False,True,True,False,1.75
00ae5a25c2c8c17d7a71,grid,train,7554af0addb53476cbf6,405376ac87e70739699a60b5,a88caa2af20dd84fcb1ac41b,7/20,C2,2,0,56,62,True,True,False,False,discovery_grid_train,denoising,a88caa2af20dd84fcb1ac41b,405376ac87e70739699a60b5,answer_prefix,answer_prefix,30,self_patch,ca89f9afd28d45f4f5e50c2d,1.5,1.5,-1.5,-1.5,-0.0,0.0,False,False,False,False,False,False,False,False,False,False,False,-0.0
00ae5a25c2c8c17d7a71,grid,train,7554af0addb53476cbf6,405376ac87e70739699a60b5,a88caa2af20dd84fcb1ac41b,7/20,C2,2,0,56,62,True,True,False,False,discovery_grid_train,denoising,a88caa2af20dd84fcb1ac41b,405376ac87e70739699a60b5,answer_prefix,answer_prefix,31,cross_patch,667064d36f4b26096765cc49,1.5,-0.5,-1.5,0.5,2.0,-2.0,False,True,False,True,True,False,True,False,True,True,False,2.0
00ae5a25c2c8c17d7a71,grid,train,7554af0addb53476cbf6,405376ac87e70739699a60b5,a88caa2af20dd84fcb1ac41b,7/20,C2,2,0,56,62,True,True,False,False,discovery_grid_train,denoising,a88caa2af20dd84fcb1ac41b,405376ac87e70739699a60b5,answer_prefix,answer_prefix,31,self_patch,95ea76a5f0f5feaa1c22ef73,1.5,1.5,-1.5,-1.5,-0.0,0.0,False,False,False,False,False,False,False,False,False,False,False,-0.0
00ae5a25c2c8c17d7a71,grid,train,7554af0addb53476cbf6,405376ac87e70739699a60b5,a88caa2af20dd84fcb1ac41b,7/20,C2,2,0,56,62,True,True,False,False,discovery_grid_train,noising,405376ac87e70739699a60b5,a88caa2af20dd84fcb1ac41b,final_prompt,final_prompt,0,cross_patch,ef3fb327e0950f44548493c1,-0.5,-0.375,0.5,0.375,-0.125,0.125,True,True,True,True,False,False,False,False,False,False,False,0.125
00ae5a25c2c8c17d7a71,grid,train,7554af0addb53476cbf6,405376ac87e70739699a60b5,a88caa2af20dd84fcb1ac41b,7/20,C2,2,0,56,62,True,True,False,False,discovery_grid_train,noising,405376ac87e70739699a60b5,a88caa2af20dd84fcb1ac41b,final_prompt,final_prompt,0,self_patch,ec3abe62847124fb3b47d25c,-0.5,-0.5,0.5,0.5,-0.0,0.0,True,True,True,True,False,False,False,False,False,False,False,0.0
00ae5a25c2c8c17d7a71,grid,train,7554af0addb53476cbf6,405376ac87e70739699a60b5,a88caa2af20dd84fcb1ac41b,7/20,C2,2,0,56,62,True,True,False,False,discovery_grid_train,noising,405376ac87e70739699a60b5,a88caa2af20dd84fcb1ac41b,final_prompt,final_prompt,1,cross_patch,fe6dedfd45738494c7a3687c,-0.5,-0.5,0.5,0.5,-0.0,0.0,True,True,True,True,False,False,False,False,False,False,False,0.0
00ae5a25c2c8c17d7a71,grid,train,7554af0addb53476cbf6,405376ac87e70739699a60b5,a88caa2af20dd84fcb1ac41b,7/20,C2,2,0,56,62,True,True,False,False,discovery_grid_train,noising,405376ac87e70739699a60b5,a88caa2af20dd84fcb1ac41b,final_prompt,final_prompt,1,self_patch,a84593257c5d83af8cc5be7d,-0.5,-0.5,0.5,0.5,-0.0,0.0,True,True,True,True,False,False,False,False,False,False,False,0.0
00ae5a25c2c8c17d7a71,grid,train,7554af0addb53476cbf6,405376ac87e70739699a60b5,a88caa2af20dd84fcb1ac41b,7/20,C2,2,0,56,62,True,True,False,False,discovery_grid_train,noising,405376ac87e70739699a60b5,a88caa2af20dd84fcb1ac41b,final_prompt,final_prompt,2,cross_patch,16a9b6804139cbffb5b118f7,-0.5,-0.5,0.5,0.5,-0.0,0.0,True,True,True,True,False,False,False,False,False,False,False,0.0
00ae5a25c2c8c17d7a71,grid,train,7554af0addb53476cbf6,405376ac87e70739699a60b5,a88caa2af20dd84fcb1ac41b,7/20,C2,2,0,56,62,True,True,False,False,discovery_grid_train,noising,405376ac87e70739699a60b5,a88caa2af20dd84fcb1ac41b,final_prompt,final_prompt,2,self_patch,2c02a8a91717ba5551b36161,-0.5,-0.5,0.5,0.5,-0.0,0.0,True,True,True,True,False,False,False,False,False,False,False,0.0
00ae5a25c2c8c17d7a71,grid,train,7554af0addb53476cbf6,405376ac87e70739699a60b5,a88caa2af20dd84fcb1ac41b,7/20,C2,2,0,56,62,True,True,False,False,discovery_grid_train,noising,405376ac87e70739699a60b5,a88caa2af20dd84fcb1ac41b,final_prompt,final_prompt,3,cross_patch,bcfc10db5021a9fe5a227962,-0.5,-0.5,0.5,0.5,-0.0,0.0,True,True,True,True,False,False,False,False,False,False,False,0.0
00ae5a25c2c8c17d7a71,grid,train,7554af0addb53476cbf6,405376ac87e70739699a60b5,a88caa2af20dd84fcb1ac41b,7/20,C2,2,0,56,62,True,True,False,False,discovery_grid_train,noising,405376ac87e70739699a60b5,a88caa2af20dd84fcb1ac41b,final_prompt,final_prompt,3,self_patch,06cb3bb7ba8928ef9db8774f,-0.5,-0.5,0.5,0.5,-0.0,0.0,True,True,True,True,False,False,False,False,False,False,False,0.0
00ae5a25c2c8c17d7a71,grid,train,7554af0addb53476cbf6,405376ac87e70739699a60b5,a88caa2af20dd84fcb1ac41b,7/20,C2,2,0,56,62,True,True,False,False,discovery_grid_train,noising,405376ac87e70739699a60b5,a88caa2af20dd84fcb1ac41b,final_prompt,final_prompt,4,cross_patch,16bd6ef88f8b7b882bf9b6d1,-0.5,-0.5,0.5,0.5,-0.0,0.0,True,True,True,True,False,False,False,False,False,False,False,0.0
00ae5a25c2c8c17d7a71,grid,train,7554af0addb53476cbf6,405376ac87e70739699a60b5,a88caa2af20dd84fcb1ac41b,7/20,C2,2,0,56,62,True,True,False,False,discovery_grid_train,noising,405376ac87e70739699a60b5,a88caa2af20dd84fcb1ac41b,final_prompt,final_prompt,4,self_patch,62c0462ddca5bbe3c96a1c6c,-0.5,-0.5,0.5,0.5,-0.0,0.0,True,True,True,True,False,False,False,False,False,False,False,0.0
00ae5a25c2c8c17d7a71,grid,train,7554af0addb53476cbf6,405376ac87e70739699a60b5,a88caa2af20dd84fcb1ac41b,7/20,C2,2,0,56,62,True,True,False,False,discovery_grid_train,noising,405376ac87e70739699a60b5,a88caa2af20dd84fcb1ac41b,final_prompt,final_prompt,5,cross_patch,85bc2cbc02bbbe88321542f9,-0.5,-0.5,0.5,0.5,-0.0,0.0,True,True,True,True,False,False,False,False,False,False,False,0.0
00ae5a25c2c8c17d7a71,grid,train,7554af0addb53476cbf6,405376ac87e70739699a60b5,a88caa2af20dd84fcb1ac41b,7/20,C2,2,0,56,62,True,True,False,False,discovery_grid_train,noising,405376ac87e70739699a60b5,a88caa2af20dd84fcb1ac41b,final_prompt,final_prompt,5,self_patch,c999631014a3c7a7d3a5cf24,-0.5,-0.5,0.5,0.5,-0.0,0.0,True,True,True,True,False,False,False,False,False,False,False,0.0
00ae5a25c2c8c17d7a71,grid,train,7554af0addb53476cbf6,405376ac87e70739699a60b5,a88caa2af20dd84fcb1ac41b,7/20,C2,2,0,56,62,True,True,False,False,discovery_grid_train,noising,405376ac87e70739699a60b5,a88caa2af20dd84fcb1ac41b,final_prompt,final_prompt,6,cross_patch,b067f0db526d5607cf3a7bab,-0.5,-0.375,0.5,0.375,-0.125,0.125,True,True,True,True,False,False,False,False,False,False,False,0.125
00ae5a25c2c8c17d7a71,grid,train,7554af0addb53476cbf6,405376ac87e70739699a60b5,a88caa2af20dd84fcb1ac41b,7/20,C2,2,0,56,62,True,True,False,False,discovery_grid_train,noising,405376ac87e70739699a60b5,a88caa2af20dd84fcb1ac41b,final_prompt,final_prompt,6,self_patch,1a381a1e96a131f309434461,-0.5,-0.5,0.5,0.5,-0.0,0.0,True,True,True,True,False,False,False,False,False,False,False,0.0
00ae5a25c2c8c17d7a71,grid,train,7554af0addb53476cbf6,405376ac87e70739699a60b5,a88caa2af20dd84fcb1ac41b,7/20,C2,2,0,56,62,True,True,False,False,discovery_grid_train,noising,405376ac87e70739699a60b5,a88caa2af20dd84fcb1ac41b,final_prompt,final_prompt,7,cross_patch,8d2dd821f3c9b76906e8acfb,-0.5,-0.5,0.5,0.5,-0.0,0.0,True,True,True,True,False,False,False,False,False,False,False,0.0
00ae5a25c2c8c17d7a71,grid,train,7554af0addb53476cbf6,405376ac87e70739699a60b5,a88caa2af20dd84fcb1ac41b,7/20,C2,2,0,56,62,True,True,False,False,discovery_grid_train,noising,405376ac87e70739699a60b5,a88caa2af20dd84fcb1ac41b,final_prompt,final_prompt,7,self_patch,91205d3fcc632c120d500a79,-0.5,-0.5,0.5,0.5,-0.0,0.0,True,True,True,True,False,False,False,False,False,False,False,0.0
00ae5a25c2c8c17d7a71,grid,train,7554af0addb53476cbf6,405376ac87e70739699a60b5,a88caa2af20dd84fcb1ac41b,7/20,C2,2,0,56,62,True,True,False,False,discovery_grid_train,noising,405376ac87e70739699a60b5,a88caa2af20dd84fcb1ac41b,final_prompt,final_prompt,8,cross_patch,1e226532b0729db936d9fe97,-0.5,-0.375,0.5,0.375,-0.125,0.125,True,True,True,True,False,False,False,False,False,False,False,0.125
00ae5a25c2c8c17d7a71,grid,train,7554af0addb53476cbf6,405376ac87e70739699a60b5,a88caa2af20dd84fcb1ac41b,7/20,C2,2,0,56,62,True,True,False,False,discovery_grid_train,noising,405376ac87e70739699a60b5,a88caa2af20dd84fcb1ac41b,final_prompt,final_prompt,8,self_patch,15fa81a6880a3a09a4028fbe,-0.5,-0.5,0.5,0.5,-0.0,0.0,True,True,True,True,False,False,False,False,False,False,False,0.0
00ae5a25c2c8c17d7a71,grid,train,7554af0addb53476cbf6,405376ac87e70739699a60b5,a88caa2af20dd84fcb1ac41b,7/20,C2,2,0,56,62,True,True,False,False,discovery_grid_train,noising,405376ac87e70739699a60b5,a88caa2af20dd84fcb1ac41b,final_prompt,final_prompt,9,cross_patch,65f7a04a42356ce033d432b8,-0.5,-0.375,0.5,0.375,-0.125,0.125,True,True,True,True,False,False,False,False,False,False,False,0.125
00ae5a25c2c8c17d7a71,grid,train,7554af0addb53476cbf6,405376ac87e70739699a60b5,a88caa2af20dd84fcb1ac41b,7/20,C2,2,0,56,62,True,True,False,False,discovery_grid_train,noising,405376ac87e70739699a60b5,a88caa2af20dd84fcb1ac41b,final_prompt,final_prompt,9,self_patch,6e83cac0258efa3194db9bb4,-0.5,-0.5,0.5,0.5,-0.0,0.0,True,True,True,True,False,False,False,False,False,False,False,0.0
00ae5a25c2c8c17d7a71,grid,train,7554af0addb53476cbf6,405376ac87e70739699a60b5,a88caa2af20dd84fcb1ac41b,7/20,C2,2,0,56,62,True,True,False,False,discovery_grid_train,noising,405376ac87e70739699a60b5,a88caa2af20dd84fcb1ac41b,final_prompt,final_prompt,10,cross_patch,c19843957fe4112516bc78ee,-0.5,-0.5,0.5,0.5,-0.0,0.0,True,True,True,True,False,False,False,False,False,False,False,0.0
00ae5a25c2c8c17d7a71,grid,train,7554af0addb53476cbf6,405376ac87e70739699a60b5,a88caa2af20dd84fcb1ac41b,7/20,C2,2,0,56,62,True,True,False,False,discovery_grid_train,noising,405376ac87e70739699a60b5,a88caa2af20dd84fcb1ac41b,final_prompt,final_prompt,10,self_patch,6630f7b2ff180dba635d9ffc,-0.5,-0.5,0.5,0.5,-0.0,0.0,True,True,True,True,False,False,False,False,False,False,False,0.0
00ae5a25c2c8c17d7a71,grid,train,7554af0addb53476cbf6,405376ac87e70739699a60b5,a88caa2af20dd84fcb1ac41b,7/20,C2,2,0,56,62,True,True,False,False,discovery_grid_train,noising,405376ac87e70739699a60b5,a88caa2af20dd84fcb1ac41b,final_prompt,final_prompt,11,cross_patch,bc2cd086101f9ba9b7b966db,-0.5,-0.375,0.5,0.375,-0.125,0.125,True,True,True,True,False,False,False,False,False,False,False,0.125
00ae5a25c2c8c17d7a71,grid,train,7554af0addb53476cbf6,405376ac87e70739699a60b5,a88caa2af20dd84fcb1ac41b,7/20,C2,2,0,56,62,True,True,False,False,discovery_grid_train,noising,405376ac87e70739699a60b5,a88caa2af20dd84fcb1ac41b,final_prompt,final_prompt,11,self_patch,96d472041b442ca28cacb648,-0.5,-0.5,0.5,0.5,-0.0,0.0,True,True,True,True,False,False,False,False,False,False,False,0.0
00ae5a25c2c8c17d7a71,grid,train,7554af0addb53476cbf6,405376ac87e70739699a60b5,a88caa2af20dd84fcb1ac41b,7/20,C2,2,0,56,62,True,True,False,False,discovery_grid_train,noising,405376ac87e70739699a60b5,a88caa2af20dd84fcb1ac41b,final_prompt,final_prompt,12,cross_patch,83fa6825f1254f25e93bad38,-0.5,-0.5,0.5,0.5,-0.0,0.0,True,True,True,True,False,False,False,False,False,False,False,0.0
00ae5a25c2c8c17d7a71,grid,train,7554af0addb53476cbf6,405376ac87e70739699a60b5,a88caa2af20dd84fcb1ac41b,7/20,C2,2,0,56,62,True,True,False,False,discovery_grid_train,noising,405376ac87e70739699a60b5,a88caa2af20dd84fcb1ac41b,final_prompt,final_prompt,12,self_patch,f7d2620544773ce5ac5b46c1,-0.5,-0.5,0.5,0.5,-0.0,0.0,True,True,True,True,False,False,False,False,False,False,False,0.0
00ae5a25c2c8c17d7a71,grid,train,7554af0addb53476cbf6,405376ac87e70739699a60b5,a88caa2af20dd84fcb1ac41b,7/20,C2,2,0,56,62,True,True,False,False,discovery_grid_train,noising,405376ac87e70739699a60b5,a88caa2af20dd84fcb1ac41b,final_prompt,final_prompt,13,cross_patch,7ded1ecf00dd3e3ce19a9ecf,-0.5,-0.375,0.5,0.375,-0.125,0.125,True,True,True,True,False,False,False,False,False,False,False,0.125
00ae5a25c2c8c17d7a71,grid,train,7554af0addb53476cbf6,405376ac87e70739699a60b5,a88caa2af20dd84fcb1ac41b,7/20,C2,2,0,56,62,True,True,False,False,discovery_grid_train,noising,405376ac87e70739699a60b5,a88caa2af20dd84fcb1ac41b,final_prompt,final_prompt,13,self_patch,f3d535cc0f85b3b53b726605,-0.5,-0.5,0.5,0.5,-0.0,0.0,True,True,True,True,False,False,False,False,False,False,False,0.0
00ae5a25c2c8c17d7a71,grid,train,7554af0addb53476cbf6,405376ac87e70739699a60b5,a88caa2af20dd84fcb1ac41b,7/20,C2,2,0,56,62,True,True,False,False,discovery_grid_train,noising,405376ac87e70739699a60b5,a88caa2af20dd84fcb1ac41b,final_prompt,final_prompt,14,cross_patch,85d11d4e22ecb9f6d25d739b,-0.5,-0.5,0.5,0.5,-0.0,0.0,True,True,True,True,False,False,False,False,False,False,False,0.0
00ae5a25c2c8c17d7a71,grid,train,7554af0addb53476cbf6,405376ac87e70739699a60b5,a88caa2af20dd84fcb1ac41b,7/20,C2,2,0,56,62,True,True,False,False,discovery_grid_train,noising,405376ac87e70739699a60b5,a88caa2af20dd84fcb1ac41b,final_prompt,final_prompt,14,self_patch,33977d0b54397e05d2e37798,-0.5,-0.5,0.5,0.5,-0.0,0.0,True,True,True,True,False,False,False,False,False,False,False,0.0
00ae5a25c2c8c17d7a71,grid,train,7554af0addb53476cbf6,405376ac87e70739699a60b5,a88caa2af20dd84fcb1ac41b,7/20,C2,2,0,56,62,True,True,False,False,discovery_grid_train,noising,405376ac87e70739699a60b5,a88caa2af20dd84fcb1ac41b,final_prompt,final_prompt,15,cross_patch,8aaf38d0e4c4c584fff3c759,-0.5,-0.5,0.5,0.5,-0.0,0.0,True,True,True,True,False,False,False,False,False,False,False,0.0
00ae5a25c2c8c17d7a71,grid,train,7554af0addb53476cbf6,405376ac87e70739699a60b5,a88caa2af20dd84fcb1ac41b,7/20,C2,2,0,56,62,True,True,False,False,discovery_grid_train,noising,405376ac87e70739699a60b5,a88caa2af20dd84fcb1ac41b,final_prompt,final_prompt,15,self_patch,2170474fd53941bbba8a241d,-0.5,-0.5,0.5,0.5,-0.0,0.0,True,True,True,True,False,False,False,False,False,False,False,0.0
00ae5a25c2c8c17d7a71,grid,train,7554af0addb53476cbf6,405376ac87e70739699a60b5,a88caa2af20dd84fcb1ac41b,7/20,C2,2,0,56,62,True,True,False,False,discovery_grid_train,noising,405376ac87e70739699a60b5,a88caa2af20dd84fcb1ac41b,final_prompt,final_prompt,16,cross_patch,4cd81bac19558fe291c957ea,-0.5,-0.5,0.5,0.5,-0.0,0.0,True,True,True,True,False,False,False,False,False,False,False,0.0
00ae5a25c2c8c17d7a71,grid,train,7554af0addb53476cbf6,405376ac87e70739699a60b5,a88caa2af20dd84fcb1ac41b,7/20,C2,2,0,56,62,True,True,False,False,discovery_grid_train,noising,405376ac87e70739699a60b5,a88caa2af20dd84fcb1ac41b,final_prompt,final_prompt,16,self_patch,1db34f3dae3523c1e8ad33ad,-0.5,-0.5,0.5,0.5,-0.0,0.0,True,True,True,True,False,False,False,False,False,False,False,0.0
00ae5a25c2c8c17d7a71,grid,train,7554af0addb53476cbf6,405376ac87e70739699a60b5,a88caa2af20dd84fcb1ac41b,7/20,C2,2,0,56,62,True,True,False,False,discovery_grid_train,noising,405376ac87e70739699a60b5,a88caa2af20dd84fcb1ac41b,final_prompt,final_prompt,17,cross_patch,8a5f4ad33919668f95af5800,-0.5,-0.5,0.5,0.5,-0.0,0.0,True,True,True,True,False,False,False,False,False,False,False,0.0
00ae5a25c2c8c17d7a71,grid,train,7554af0addb53476cbf6,405376ac87e70739699a60b5,a88caa2af20dd84fcb1ac41b,7/20,C2,2,0,56,62,True,True,False,False,discovery_grid_train,noising,405376ac87e70739699a60b5,a88caa2af20dd84fcb1ac41b,final_prompt,final_prompt,17,self_patch,c36b5058d7a6604be44d2624,-0.5,-0.5,0.5,0.5,-0.0,0.0,True,True,True,True,False,False,False,False,False,False,False,0.0
00ae5a25c2c8c17d7a71,grid,train,7554af0addb53476cbf6,405376ac87e70739699a60b5,a88caa2af20dd84fcb1ac41b,7/20,C2,2,0,56,62,True,True,False,False,discovery_grid_train,noising,405376ac87e70739699a60b5,a88caa2af20dd84fcb1ac41b,final_prompt,final_prompt,18,cross_patch,5f61ed764d76caeb010a0119,-0.5,-0.5,0.5,0.5,-0.0,0.0,True,True,True,True,False,False,False,False,False,False,False,0.0
00ae5a25c2c8c17d7a71,grid,train,7554af0addb53476cbf6,405376ac87e70739699a60b5,a88caa2af20dd84fcb1ac41b,7/20,C2,2,0,56,62,True,True,False,False,discovery_grid_train,noising,405376ac87e70739699a60b5,a88caa2af20dd84fcb1ac41b,final_prompt,final_prompt,18,self_patch,8b15ba9671fe0ab2e854a7e6,-0.5,-0.5,0.5,0.5,-0.0,0.0,True,True,True,True,False,False,False,False,False,False,False,0.0
00ae5a25c2c8c17d7a71,grid,train,7554af0addb53476cbf6,405376ac87e70739699a60b5,a88caa2af20dd84fcb1ac41b,7/20,C2,2,0,56,62,True,True,False,False,discovery_grid_train,noising,405376ac87e70739699a60b5,a88caa2af20dd84fcb1ac41b,final_prompt,final_prompt,19,cross_patch,24c9282511a47cdfcf564d4b,-0.5,-0.5,0.5,0.5,-0.0,0.0,True,True,True,True,False,False,False,False,False,False,False,0.0
00ae5a25c2c8c17d7a71,grid,train,7554af0addb53476cbf6,405376ac87e70739699a60b5,a88caa2af20dd84fcb1ac41b,7/20,C2,2,0,56,62,True,True,False,False,discovery_grid_train,noising,405376ac87e70739699a60b5,a88caa2af20dd84fcb1ac41b,final_prompt,final_prompt,19,self_patch,772dfab09515f8d351128bde,-0.5,-0.5,0.5,0.5,-0.0,0.0,True,True,True,True,False,False,False,False,False,False,False,0.0
00ae5a25c2c8c17d7a71,grid,train,7554af0addb53476cbf6,405376ac87e70739699a60b5,a88caa2af20dd84fcb1ac41b,7/20,C2,2,0,56,62,True,True,False,False,discovery_grid_train,noising,405376ac87e70739699a60b5,a88caa2af20dd84fcb1ac41b,final_prompt,final_prompt,20,cross_patch,44da935b8cc5aa0062cb484b,-0.5,-0.5,0.5,0.5,-0.0,0.0,True,True,True,True,False,False,False,False,False,False,False,0.0
00ae5a25c2c8c17d7a71,grid,train,7554af0addb53476cbf6,405376ac87e70739699a60b5,a88caa2af20dd84fcb1ac41b,7/20,C2,2,0,56,62,True,True,False,False,discovery_grid_train,noising,405376ac87e70739699a60b5,a88caa2af20dd84fcb1ac41b,final_prompt,final_prompt,20,self_patch,7309c632b500c77c6c5f284b,-0.5,-0.5,0.5,0.5,-0.0,0.0,True,True,True,True,False,False,False,False,False,False,False,0.0
00ae5a25c2c8c17d7a71,grid,train,7554af0addb53476cbf6,405376ac87e70739699a60b5,a88caa2af20dd84fcb1ac41b,7/20,C2,2,0,56,62,True,True,False,False,discovery_grid_train,noising,405376ac87e70739699a60b5,a88caa2af20dd84fcb1ac41b,final_prompt,final_prompt,21,cross_patch,22831b2a949831e58ba14d99,-0.5,-0.375,0.5,0.375,-0.125,0.125,True,True,True,True,False,False,False,False,False,False,False,0.125
00ae5a25c2c8c17d7a71,grid,train,7554af0addb53476cbf6,405376ac87e70739699a60b5,a88caa2af20dd84fcb1ac41b,7/20,C2,2,0,56,62,True,True,False,False,discovery_grid_train,noising,405376ac87e70739699a60b5,a88caa2af20dd84fcb1ac41b,final_prompt,final_prompt,21,self_patch,8661c64f5f05b9cd0e8aea79,-0.5,-0.5,0.5,0.5,-0.0,0.0,True,True,True,True,False,False,False,False,False,False,False,0.0
00ae5a25c2c8c17d7a71,grid,train,7554af0addb53476cbf6,405376ac87e70739699a60b5,a88caa2af20dd84fcb1ac41b,7/20,C2,2,0,56,62,True,True,False,False,discovery_grid_train,noising,405376ac87e70739699a60b5,a88caa2af20dd84fcb1ac41b,final_prompt,final_prompt,22,cross_patch,fa97c357311e047f96f92d5c,-0.5,-0.5,0.5,0.5,-0.0,0.0,True,True,True,True,False,False,False,False,False,False,False,0.0
00ae5a25c2c8c17d7a71,grid,train,7554af0addb53476cbf6,405376ac87e70739699a60b5,a88caa2af20dd84fcb1ac41b,7/20,C2,2,0,56,62,True,True,False,False,discovery_grid_train,noising,405376ac87e70739699a60b5,a88caa2af20dd84fcb1ac41b,final_prompt,final_prompt,22,self_patch,300e86b7dcc138a549918cfa,-0.5,-0.5,0.5,0.5,-0.0,0.0,True,True,True,True,False,False,False,False,False,False,False,0.0
00ae5a25c2c8c17d7a71,grid,train,7554af0addb53476cbf6,405376ac87e70739699a60b5,a88caa2af20dd84fcb1ac41b,7/20,C2,2,0,56,62,True,True,False,False,discovery_grid_train,noising,405376ac87e70739699a60b5,a88caa2af20dd84fcb1ac41b,final_prompt,final_prompt,23,cross_patch,683d360dba5771c80a50ebf9,-0.5,-0.5,0.5,0.5,-0.0,0.0,True,True,True,True,False,False,False,False,False,False,False,0.0
00ae5a25c2c8c17d7a71,grid,train,7554af0addb53476cbf6,405376ac87e70739699a60b5,a88caa2af20dd84fcb1ac41b,7/20,C2,2,0,56,62,True,True,False,False,discovery_grid_train,noising,405376ac87e70739699a60b5,a88caa2af20dd84fcb1ac41b,final_prompt,final_prompt,23,self_patch,23b0d8e02820aab11ee8fae1,-0.5,-0.5,0.5,0.5,-0.0,0.0,True,True,True,True,False,False,False,False,False,False,False,0.0
00ae5a25c2c8c17d7a71,grid,train,7554af0addb53476cbf6,405376ac87e70739699a60b5,a88caa2af20dd84fcb1ac41b,7/20,C2,2,0,56,62,True,True,False,False,discovery_grid_train,noising,405376ac87e70739699a60b5,a88caa2af20dd84fcb1ac41b,final_prompt,final_prompt,24,cross_patch,7154a5844de197124f20c1d3,-0.5,-0.5,0.5,0.5,-0.0,0.0,True,True,True,True,False,False,False,False,False,False,False,0.0
00ae5a25c2c8c17d7a71,grid,train,7554af0addb53476cbf6,405376ac87e70739699a60b5,a88caa2af20dd84fcb1ac41b,7/20,C2,2,0,56,62,True,True,False,False,discovery_grid_train,noising,405376ac87e70739699a60b5,a88caa2af20dd84fcb1ac41b,final_prompt,final_prompt,24,self_patch,12e1c42e9f7558d0ba685ed9,-0.5,-0.5,0.5,0.5,-0.0,0.0,True,True,True,True,False,False,False,False,False,False,False,0.0
00ae5a25c2c8c17d7a71,grid,train,7554af0addb53476cbf6,405376ac87e70739699a60b5,a88caa2af20dd84fcb1ac41b,7/20,C2,2,0,56,62,True,True,False,False,discovery_grid_train,noising,405376ac87e70739699a60b5,a88caa2af20dd84fcb1ac41b,final_prompt,final_prompt,25,cross_patch,6efe4335ee0bd64b10441156,-0.5,-0.5,0.5,0.5,-0.0,0.0,True,True,True,True,False,False,False,False,False,False,False,0.0
00ae5a25c2c8c17d7a71,grid,train,7554af0addb53476cbf6,405376ac87e70739699a60b5,a88caa2af20dd84fcb1ac41b,7/20,C2,2,0,56,62,True,True,False,False,discovery_grid_train,noising,405376ac87e70739699a60b5,a88caa2af20dd84fcb1ac41b,final_prompt,final_prompt,25,self_patch,c88721963dede28db8982285,-0.5,-0.5,0.5,0.5,-0.0,0.0,True,True,True,True,False,False,False,False,False,False,False,0.0
00ae5a25c2c8c17d7a71,grid,train,7554af0addb53476cbf6,405376ac87e70739699a60b5,a88caa2af20dd84fcb1ac41b,7/20,C2,2,0,56,62,True,True,False,False,discovery_grid_train,noising,405376ac87e70739699a60b5,a88caa2af20dd84fcb1ac41b,final_prompt,final_prompt,26,cross_patch,7db1a661c7728190dd15d7a5,-0.5,-0.5,0.5,0.5,-0.0,0.0,True,True,True,True,False,False,False,False,False,False,False,0.0
00ae5a25c2c8c17d7a71,grid,train,7554af0addb53476cbf6,405376ac87e70739699a60b5,a88caa2af20dd84fcb1ac41b,7/20,C2,2,0,56,62,True,True,False,False,discovery_grid_train,noising,405376ac87e70739699a60b5,a88caa2af20dd84fcb1ac41b,final_prompt,final_prompt,26,self_patch,e4cc4058fb5a4983db72a1c1,-0.5,-0.5,0.5,0.5,-0.0,0.0,True,True,True,True,False,False,False,False,False,False,False,0.0
00ae5a25c2c8c17d7a71,grid,train,7554af0addb53476cbf6,405376ac87e70739699a60b5,a88caa2af20dd84fcb1ac41b,7/20,C2,2,0,56,62,True,True,False,False,discovery_grid_train,noising,405376ac87e70739699a60b5,a88caa2af20dd84fcb1ac41b,final_prompt,final_prompt,27,cross_patch,b8354b561777bfb3fe44d397,-0.5,-0.375,0.5,0.375,-0.125,0.125,True,True,True,True,False,False,False,False,False,False,False,0.125
00ae5a25c2c8c17d7a71,grid,train,7554af0addb53476cbf6,405376ac87e70739699a60b5,a88caa2af20dd84fcb1ac41b,7/20,C2,2,0,56,62,True,True,False,False,discovery_grid_train,noising,405376ac87e70739699a60b5,a88caa2af20dd84fcb1ac41b,final_prompt,final_prompt,27,self_patch,3e7955691b1d7522fa8c7f0a,-0.5,-0.5,0.5,0.5,-0.0,0.0,True,True,True,True,False,False,False,False,False,False,False,0.0
00ae5a25c2c8c17d7a71,grid,train,7554af0addb53476cbf6,405376ac87e70739699a60b5,a88caa2af20dd84fcb1ac41b,7/20,C2,2,0,56,62,True,True,False,False,discovery_grid_train,noising,405376ac87e70739699a60b5,a88caa2af20dd84fcb1ac41b,final_prompt,final_prompt,28,cross_patch,2d34bf104fdd4e01b974abe7,-0.5,-0.375,0.5,0.375,-0.125,0.125,True,True,True,True,False,False,False,False,False,False,False,0.125
00ae5a25c2c8c17d7a71,grid,train,7554af0addb53476cbf6,405376ac87e70739699a60b5,a88caa2af20dd84fcb1ac41b,7/20,C2,2,0,56,62,True,True,False,False,discovery_grid_train,noising,405376ac87e70739699a60b5,a88caa2af20dd84fcb1ac41b,final_prompt,final_prompt,28,self_patch,34c1dfe5ddc6436d3d287c67,-0.5,-0.5,0.5,0.5,-0.0,0.0,True,True,True,True,False,False,False,False,False,False,False,0.0
00ae5a25c2c8c17d7a71,grid,train,7554af0addb53476cbf6,405376ac87e70739699a60b5,a88caa2af20dd84fcb1ac41b,7/20,C2,2,0,56,62,True,True,False,False,discovery_grid_train,noising,405376ac87e70739699a60b5,a88caa2af20dd84fcb1ac41b,final_prompt,final_prompt,29,cross_patch,91c01f85623ffbdbc826c6d2,-0.5,-0.5,0.5,0.5,-0.0,0.0,True,True,True,True,False,False,False,False,False,False,False,0.0
00ae5a25c2c8c17d7a71,grid,train,7554af0addb53476cbf6,405376ac87e70739699a60b5,a88caa2af20dd84fcb1ac41b,7/20,C2,2,0,56,62,True,True,False,False,discovery_grid_train,noising,405376ac87e70739699a60b5,a88caa2af20dd84fcb1ac41b,final_prompt,final_prompt,29,self_patch,52092a58224dffa3d8be4fc2,-0.5,-0.5,0.5,0.5,-0.0,0.0,True,True,True,True,False,False,False,False,False,False,False,0.0
00ae5a25c2c8c17d7a71,grid,train,7554af0addb53476cbf6,405376ac87e70739699a60b5,a88caa2af20dd84fcb1ac41b,7/20,C2,2,0,56,62,True,True,False,False,discovery_grid_train,noising,405376ac87e70739699a60b5,a88caa2af20dd84fcb1ac41b,final_prompt,final_prompt,30,cross_patch,095e409152743b0c699743dd,-0.5,-0.5,0.5,0.5,-0.0,0.0,True,True,True,True,False,False,False,False,False,False,False,0.0
00ae5a25c2c8c17d7a71,grid,train,7554af0addb53476cbf6,405376ac87e70739699a60b5,a88caa2af20dd84fcb1ac41b,7/20,C2,2,0,56,62,True,True,False,False,discovery_grid_train,noising,405376ac87e70739699a60b5,a88caa2af20dd84fcb1ac41b,final_prompt,final_prompt,30,self_patch,c5117b8d8acacdc5eee0b2f4,-0.5,-0.5,0.5,0.5,-0.0,0.0,True,True,True,True,False,False,False,False,False,False,False,0.0
00ae5a25c2c8c17d7a71,grid,train,7554af0addb53476cbf6,405376ac87e70739699a60b5,a88caa2af20dd84fcb1ac41b,7/20,C2,2,0,56,62,True,True,False,False,discovery_grid_train,noising,405376ac87e70739699a60b5,a88caa2af20dd84fcb1ac41b,final_prompt,final_prompt,31,cross_patch,5c6781acff09150b43bf8e56,-0.5,-0.5,0.5,0.5,-0.0,0.0,True,True,True,True,False,False,False,False,False,False,False,0.0
00ae5a25c2c8c17d7a71,grid,train,7554af0addb53476cbf6,405376ac87e70739699a60b5,a88caa2af20dd84fcb1ac41b,7/20,C2,2,0,56,62,True,True,False,False,discovery_grid_train,noising,405376ac87e70739699a60b5,a88caa2af20dd84fcb1ac41b,final_prompt,final_prompt,31,self_patch,14e2f1895de073149a50ae50,-0.5,-0.5,0.5,0.5,-0.0,0.0,True,True,True,True,False,False,False,False,False,False,False,0.0
00ae5a25c2c8c17d7a71,grid,train,7554af0addb53476cbf6,405376ac87e70739699a60b5,a88caa2af20dd84fcb1ac41b,7/20,C2,2,0,56,62,True,True,False,False,discovery_grid_train,noising,405376ac87e70739699a60b5,a88caa2af20dd84fcb1ac41b,answer_prefix,answer_prefix,0,cross_patch,f24cd9ba0a8e2b088e7e6f50,-0.5,-0.375,0.5,0.375,-0.125,0.125,True,True,True,True,False,False,False,False,False,False,False,0.125
00ae5a25c2c8c17d7a71,grid,train,7554af0addb53476cbf6,405376ac87e70739699a60b5,a88caa2af20dd84fcb1ac41b,7/20,C2,2,0,56,62,True,True,False,False,discovery_grid_train,noising,405376ac87e70739699a60b5,a88caa2af20dd84fcb1ac41b,answer_prefix,answer_prefix,0,self_patch,ab0ea75ccf268e16640b49ff,-0.5,-0.5,0.5,0.5,-0.0,0.0,True,True,True,True,False,False,False,False,False,False,False,0.0
00ae5a25c2c8c17d7a71,grid,train,7554af0addb53476cbf6,405376ac87e70739699a60b5,a88caa2af20dd84fcb1ac41b,7/20,C2,2,0,56,62,True,True,False,False,discovery_grid_train,noising,405376ac87e70739699a60b5,a88caa2af20dd84fcb1ac41b,answer_prefix,answer_prefix,1,cross_patch,6c7b5f7bfbfe6a69679eda6d,-0.5,-0.375,0.5,0.375,-0.125,0.125,True,True,True,True,False,False,False,False,False,False,False,0.125
00ae5a25c2c8c17d7a71,grid,train,7554af0addb53476cbf6,405376ac87e70739699a60b5,a88caa2af20dd84fcb1ac41b,7/20,C2,2,0,56,62,True,True,False,False,discovery_grid_train,noising,405376ac87e70739699a60b5,a88caa2af20dd84fcb1ac41b,answer_prefix,answer_prefix,1,self_patch,fec41839580bcf59b6c440be,-0.5,-0.5,0.5,0.5,-0.0,0.0,True,True,True,True,False,False,False,False,False,False,False,0.0
00ae5a25c2c8c17d7a71,grid,train,7554af0addb53476cbf6,405376ac87e70739699a60b5,a88caa2af20dd84fcb1ac41b,7/20,C2,2,0,56,62,True,True,False,False,discovery_grid_train,noising,405376ac87e70739699a60b5,a88caa2af20dd84fcb1ac41b,answer_prefix,answer_prefix,2,cross_patch,d53c34c5fb8f1aeaf4a077c9,-0.5,-0.375,0.5,0.375,-0.125,0.125,True,True,True,True,False,False,False,False,False,False,False,0.125
00ae5a25c2c8c17d7a71,grid,train,7554af0addb53476cbf6,405376ac87e70739699a60b5,a88caa2af20dd84fcb1ac41b,7/20,C2,2,0,56,62,True,True,False,False,discovery_grid_train,noising,405376ac87e70739699a60b5,a88caa2af20dd84fcb1ac41b,answer_prefix,answer_prefix,2,self_patch,18c966a17c892a67621870a5,-0.5,-0.5,0.5,0.5,-0.0,0.0,True,True,True,True,False,False,False,False,False,False,False,0.0
00ae5a25c2c8c17d7a71,grid,train,7554af0addb53476cbf6,405376ac87e70739699a60b5,a88caa2af20dd84fcb1ac41b,7/20,C2,2,0,56,62,True,True,False,False,discovery_grid_train,noising,405376ac87e70739699a60b5,a88caa2af20dd84fcb1ac41b,answer_prefix,answer_prefix,3,cross_patch,3ffb258a17e98b2c882d6f59,-0.5,-0.375,0.5,0.375,-0.125,0.125,True,True,True,True,False,False,False,False,False,False,False,0.125
00ae5a25c2c8c17d7a71,grid,train,7554af0addb53476cbf6,405376ac87e70739699a60b5,a88caa2af20dd84fcb1ac41b,7/20,C2,2,0,56,62,True,True,False,False,discovery_grid_train,noising,405376ac87e70739699a60b5,a88caa2af20dd84fcb1ac41b,answer_prefix,answer_prefix,3,self_patch,20ac38b66d36f30d0d51e2c9,-0.5,-0.5,0.5,0.5,-0.0,0.0,True,True,True,True,False,False,False,False,False,False,False,0.0
00ae5a25c2c8c17d7a71,grid,train,7554af0addb53476cbf6,405376ac87e70739699a60b5,a88caa2af20dd84fcb1ac41b,7/20,C2,2,0,56,62,True,True,False,False,discovery_grid_train,noising,405376ac87e70739699a60b5,a88caa2af20dd84fcb1ac41b,answer_prefix,answer_prefix,4,cross_patch,8f7500056972864a723eca21,-0.5,-0.375,0.5,0.375,-0.125,0.125,True,True,True,True,False,False,False,False,False,False,False,0.125
00ae5a25c2c8c17d7a71,grid,train,7554af0addb53476cbf6,405376ac87e70739699a60b5,a88caa2af20dd84fcb1ac41b,7/20,C2,2,0,56,62,True,True,False,False,discovery_grid_train,noising,405376ac87e70739699a60b5,a88caa2af20dd84fcb1ac41b,answer_prefix,answer_prefix,4,self_patch,3fb77bc01094ffd647f3f3c9,-0.5,-0.5,0.5,0.5,-0.0,0.0,True,True,True,True,False,False,False,False,False,False,False,0.0
00ae5a25c2c8c17d7a71,grid,train,7554af0addb53476cbf6,405376ac87e70739699a60b5,a88caa2af20dd84fcb1ac41b,7/20,C2,2,0,56,62,True,True,False,False,discovery_grid_train,noising,405376ac87e70739699a60b5,a88caa2af20dd84fcb1ac41b,answer_prefix,answer_prefix,5,cross_patch,8a01e5cec6544a46dfb4658d,-0.5,-0.375,0.5,0.375,-0.125,0.125,True,True,True,True,False,False,False,False,False,False,False,0.125
00ae5a25c2c8c17d7a71,grid,train,7554af0addb53476cbf6,405376ac87e70739699a60b5,a88caa2af20dd84fcb1ac41b,7/20,C2,2,0,56,62,True,True,False,False,discovery_grid_train,noising,405376ac87e70739699a60b5,a88caa2af20dd84fcb1ac41b,answer_prefix,answer_prefix,5,self_patch,d6a0eac58dd0a7a166bd748b,-0.5,-0.5,0.5,0.5,-0.0,0.0,True,True,True,True,False,False,False,False,False,False,False,0.0
00ae5a25c2c8c17d7a71,grid,train,7554af0addb53476cbf6,405376ac87e70739699a60b5,a88caa2af20dd84fcb1ac41b,7/20,C2,2,0,56,62,True,True,False,False,discovery_grid_train,noising,405376ac87e70739699a60b5,a88caa2af20dd84fcb1ac41b,answer_prefix,answer_prefix,6,cross_patch,204a14d08cba60e8fde8f5bc,-0.5,-0.5,0.5,0.5,-0.0,0.0,True,True,True,True,False,False,False,False,False,False,False,0.0
00ae5a25c2c8c17d7a71,grid,train,7554af0addb53476cbf6,405376ac87e70739699a60b5,a88caa2af20dd84fcb1ac41b,7/20,C2,2,0,56,62,True,True,False,False,discovery_grid_train,noising,405376ac87e70739699a60b5,a88caa2af20dd84fcb1ac41b,answer_prefix,answer_prefix,6,self_patch,0e8665ca0f4ac62fe34d732d,-0.5,-0.5,0.5,0.5,-0.0,0.0,True,True,True,True,False,False,False,False,False,False,False,0.0
00ae5a25c2c8c17d7a71,grid,train,7554af0addb53476cbf6,405376ac87e70739699a60b5,a88caa2af20dd84fcb1ac41b,7/20,C2,2,0,56,62,True,True,False,False,discovery_grid_train,noising,405376ac87e70739699a60b5,a88caa2af20dd84fcb1ac41b,answer_prefix,answer_prefix,7,cross_patch,b66599ff448ca1380dc33c69,-0.5,-0.375,0.5,0.375,-0.125,0.125,True,True,True,True,False,False,False,False,False,False,False,0.125
00ae5a25c2c8c17d7a71,grid,train,7554af0addb53476cbf6,405376ac87e70739699a60b5,a88caa2af20dd84fcb1ac41b,7/20,C2,2,0,56,62,True,True,False,False,discovery_grid_train,noising,405376ac87e70739699a60b5,a88caa2af20dd84fcb1ac41b,answer_prefix,answer_prefix,7,self_patch,b891bf32c1ba29a95d525a07,-0.5,-0.5,0.5,0.5,-0.0,0.0,True,True,True,True,False,False,False,False,False,False,False,0.0
00ae5a25c2c8c17d7a71,grid,train,7554af0addb53476cbf6,405376ac87e70739699a60b5,a88caa2af20dd84fcb1ac41b,7/20,C2,2,0,56,62,True,True,False,False,discovery_grid_train,noising,405376ac87e70739699a60b5,a88caa2af20dd84fcb1ac41b,answer_prefix,answer_prefix,8,cross_patch,f8f88adea47546c62db551a8,-0.5,-0.5,0.5,0.5,-0.0,0.0,True,True,True,True,False,False,False,False,False,False,False,0.0
00ae5a25c2c8c17d7a71,grid,train,7554af0addb53476cbf6,405376ac87e70739699a60b5,a88caa2af20dd84fcb1ac41b,7/20,C2,2,0,56,62,True,True,False,False,discovery_grid_train,noising,405376ac87e70739699a60b5,a88caa2af20dd84fcb1ac41b,answer_prefix,answer_prefix,8,self_patch,08e283986ca95da8a5cdee4b,-0.5,-0.5,0.5,0.5,-0.0,0.0,True,True,True,True,False,False,False,False,False,False,False,0.0
00ae5a25c2c8c17d7a71,grid,train,7554af0addb53476cbf6,405376ac87e70739699a60b5,a88caa2af20dd84fcb1ac41b,7/20,C2,2,0,56,62,True,True,False,False,discovery_grid_train,noising,405376ac87e70739699a60b5,a88caa2af20dd84fcb1ac41b,answer_prefix,answer_prefix,9,cross_patch,c12a527ad8f606fefbf9e023,-0.5,-0.5,0.5,0.5,-0.0,0.0,True,True,True,True,False,False,False,False,False,False,False,0.0
00ae5a25c2c8c17d7a71,grid,train,7554af0addb53476cbf6,405376ac87e70739699a60b5,a88caa2af20dd84fcb1ac41b,7/20,C2,2,0,56,62,True,True,False,False,discovery_grid_train,noising,405376ac87e70739699a60b5,a88caa2af20dd84fcb1ac41b,answer_prefix,answer_prefix,9,self_patch,5801649d3066e1c72a5f07b7,-0.5,-0.5,0.5,0.5,-0.0,0.0,True,True,True,True,False,False,False,False,False,False,False,0.0
00ae5a25c2c8c17d7a71,grid,train,7554af0addb53476cbf6,405376ac87e70739699a60b5,a88caa2af20dd84fcb1ac41b,7/20,C2,2,0,56,62,True,True,False,False,discovery_grid_train,noising,405376ac87e70739699a60b5,a88caa2af20dd84fcb1ac41b,answer_prefix,answer_prefix,10,cross_patch,96453be084f71ca8afd52535,-0.5,-0.5,0.5,0.5,-0.0,0.0,True,True,True,True,False,False,False,False,False,False,False,0.0
00ae5a25c2c8c17d7a71,grid,train,7554af0addb53476cbf6,405376ac87e70739699a60b5,a88caa2af20dd84fcb1ac41b,7/20,C2,2,0,56,62,True,True,False,False,discovery_grid_train,noising,405376ac87e70739699a60b5,a88caa2af20dd84fcb1ac41b,answer_prefix,answer_prefix,10,self_patch,e42a81b331f8d16aa0f0ccd5,-0.5,-0.5,0.5,0.5,-0.0,0.0,True,True,True,True,False,False,False,False,False,False,False,0.0
00ae5a25c2c8c17d7a71,grid,train,7554af0addb53476cbf6,405376ac87e70739699a60b5,a88caa2af20dd84fcb1ac41b,7/20,C2,2,0,56,62,True,True,False,False,discovery_grid_train,noising,405376ac87e70739699a60b5,a88caa2af20dd84fcb1ac41b,answer_prefix,answer_prefix,11,cross_patch,95395b6ce91c97ac09255fd4,-0.5,-0.5,0.5,0.5,-0.0,0.0,True,True,True,True,False,False,False,False,False,False,False,0.0
00ae5a25c2c8c17d7a71,grid,train,7554af0addb53476cbf6,405376ac87e70739699a60b5,a88caa2af20dd84fcb1ac41b,7/20,C2,2,0,56,62,True,True,False,False,discovery_grid_train,noising,405376ac87e70739699a60b5,a88caa2af20dd84fcb1ac41b,answer_prefix,answer_prefix,11,self_patch,73e4a2d079253597cd858e0d,-0.5,-0.5,0.5,0.5,-0.0,0.0,True,True,True,True,False,False,False,False,False,False,False,0.0
00ae5a25c2c8c17d7a71,grid,train,7554af0addb53476cbf6,405376ac87e70739699a60b5,a88caa2af20dd84fcb1ac41b,7/20,C2,2,0,56,62,True,True,False,False,discovery_grid_train,noising,405376ac87e70739699a60b5,a88caa2af20dd84fcb1ac41b,answer_prefix,answer_prefix,12,cross_patch,c863f04a5cbb785e943b79e6,-0.5,-0.5,0.5,0.5,-0.0,0.0,True,True,True,True,False,False,False,False,False,False,False,0.0
00ae5a25c2c8c17d7a71,grid,train,7554af0addb53476cbf6,405376ac87e70739699a60b5,a88caa2af20dd84fcb1ac41b,7/20,C2,2,0,56,62,True,True,False,False,discovery_grid_train,noising,405376ac87e70739699a60b5,a88caa2af20dd84fcb1ac41b,answer_prefix,answer_prefix,12,self_patch,d3be9c5b09654d782474e446,-0.5,-0.5,0.5,0.5,-0.0,0.0,True,True,True,True,False,False,False,False,False,False,False,0.0
00ae5a25c2c8c17d7a71,grid,train,7554af0addb53476cbf6,405376ac87e70739699a60b5,a88caa2af20dd84fcb1ac41b,7/20,C2,2,0,56,62,True,True,False,False,discovery_grid_train,noising,405376ac87e70739699a60b5,a88caa2af20dd84fcb1ac41b,answer_prefix,answer_prefix,13,cross_patch,e2e0cb8e22fc11b4ab3578d0,-0.5,-0.375,0.5,0.375,-0.125,0.125,True,True,True,True,False,False,False,False,False,False,False,0.125
00ae5a25c2c8c17d7a71,grid,train,7554af0addb53476cbf6,405376ac87e70739699a60b5,a88caa2af20dd84fcb1ac41b,7/20,C2,2,0,56,62,True,True,False,False,discovery_grid_train,noising,405376ac87e70739699a60b5,a88caa2af20dd84fcb1ac41b,answer_prefix,answer_prefix,13,self_patch,3b134ed435e353ad63e4404b,-0.5,-0.5,0.5,0.5,-0.0,0.0,True,True,True,True,False,False,False,False,False,False,False,0.0
00ae5a25c2c8c17d7a71,grid,train,7554af0addb53476cbf6,405376ac87e70739699a60b5,a88caa2af20dd84fcb1ac41b,7/20,C2,2,0,56,62,True,True,False,False,discovery_grid_train,noising,405376ac87e70739699a60b5,a88caa2af20dd84fcb1ac41b,answer_prefix,answer_prefix,14,cross_patch,99c1f4488db41da364de76ec,-0.5,-0.375,0.5,0.375,-0.125,0.125,True,True,True,True,False,False,False,False,False,False,False,0.125
00ae5a25c2c8c17d7a71,grid,train,7554af0addb53476cbf6,405376ac87e70739699a60b5,a88caa2af20dd84fcb1ac41b,7/20,C2,2,0,56,62,True,True,False,False,discovery_grid_train,noising,405376ac87e70739699a60b5,a88caa2af20dd84fcb1ac41b,answer_prefix,answer_prefix,14,self_patch,3ba4929cf2f0b3612ab59949,-0.5,-0.5,0.5,0.5,-0.0,0.0,True,True,True,True,False,False,False,False,False,False,False,0.0
00ae5a25c2c8c17d7a71,grid,train,7554af0addb53476cbf6,405376ac87e70739699a60b5,a88caa2af20dd84fcb1ac41b,7/20,C2,2,0,56,62,True,True,False,False,discovery_grid_train,noising,405376ac87e70739699a60b5,a88caa2af20dd84fcb1ac41b,answer_prefix,answer_prefix,15,cross_patch,0ecb936b9edfa482e214c14f,-0.5,-0.375,0.5,0.375,-0.125,0.125,True,True,True,True,False,False,False,False,False,False,False,0.125
00ae5a25c2c8c17d7a71,grid,train,7554af0addb53476cbf6,405376ac87e70739699a60b5,a88caa2af20dd84fcb1ac41b,7/20,C2,2,0,56,62,True,True,False,False,discovery_grid_train,noising,405376ac87e70739699a60b5,a88caa2af20dd84fcb1ac41b,answer_prefix,answer_prefix,15,self_patch,038e95d0cc5aaa8a151df80e,-0.5,-0.5,0.5,0.5,-0.0,0.0,True,True,True,True,False,False,False,False,False,False,False,0.0
00ae5a25c2c8c17d7a71,grid,train,7554af0addb53476cbf6,405376ac87e70739699a60b5,a88caa2af20dd84fcb1ac41b,7/20,C2,2,0,56,62,True,True,False,False,discovery_grid_train,noising,405376ac87e70739699a60b5,a88caa2af20dd84fcb1ac41b,answer_prefix,answer_prefix,16,cross_patch,67d0a7214b383be26c70ccc9,-0.5,-0.375,0.5,0.375,-0.125,0.125,True,True,True,True,False,False,False,False,False,False,False,0.125
00ae5a25c2c8c17d7a71,grid,train,7554af0addb53476cbf6,405376ac87e70739699a60b5,a88caa2af20dd84fcb1ac41b,7/20,C2,2,0,56,62,True,True,False,False,discovery_grid_train,noising,405376ac87e70739699a60b5,a88caa2af20dd84fcb1ac41b,answer_prefix,answer_prefix,16,self_patch,36b37e62c5846b5b9c6582ff,-0.5,-0.5,0.5,0.5,-0.0,0.0,True,True,True,True,False,False,False,False,False,False,False,0.0
00ae5a25c2c8c17d7a71,grid,train,7554af0addb53476cbf6,405376ac87e70739699a60b5,a88caa2af20dd84fcb1ac41b,7/20,C2,2,0,56,62,True,True,False,False,discovery_grid_train,noising,405376ac87e70739699a60b5,a88caa2af20dd84fcb1ac41b,answer_prefix,answer_prefix,17,cross_patch,9c7f4a31d823ba0e3f56f69d,-0.5,-0.375,0.5,0.375,-0.125,0.125,True,True,True,True,False,False,False,False,False,False,False,0.125
00ae5a25c2c8c17d7a71,grid,train,7554af0addb53476cbf6,405376ac87e70739699a60b5,a88caa2af20dd84fcb1ac41b,7/20,C2,2,0,56,62,True,True,False,False,discovery_grid_train,noising,405376ac87e70739699a60b5,a88caa2af20dd84fcb1ac41b,answer_prefix,answer_prefix,17,self_patch,4c0e6765b80cf4f7718fe5d3,-0.5,-0.5,0.5,0.5,-0.0,0.0,True,True,True,True,False,False,False,False,False,False,False,0.0
00ae5a25c2c8c17d7a71,grid,train,7554af0addb53476cbf6,405376ac87e70739699a60b5,a88caa2af20dd84fcb1ac41b,7/20,C2,2,0,56,62,True,True,False,False,discovery_grid_train,noising,405376ac87e70739699a60b5,a88caa2af20dd84fcb1ac41b,answer_prefix,answer_prefix,18,cross_patch,d3e2a4ee5c02feb4e353d8ef,-0.5,-0.375,0.5,0.375,-0.125,0.125,True,True,True,True,False,False,False,False,False,False,False,0.125
00ae5a25c2c8c17d7a71,grid,train,7554af0addb53476cbf6,405376ac87e70739699a60b5,a88caa2af20dd84fcb1ac41b,7/20,C2,2,0,56,62,True,True,False,False,discovery_grid_train,noising,405376ac87e70739699a60b5,a88caa2af20dd84fcb1ac41b,answer_prefix,answer_prefix,18,self_patch,1a90a3c4f1b7e9d9f25baf66,-0.5,-0.5,0.5,0.5,-0.0,0.0,True,True,True,True,False,False,False,False,False,False,False,0.0
00ae5a25c2c8c17d7a71,grid,train,7554af0addb53476cbf6,405376ac87e70739699a60b5,a88caa2af20dd84fcb1ac41b,7/20,C2,2,0,56,62,True,True,False,False,discovery_grid_train,noising,405376ac87e70739699a60b5,a88caa2af20dd84fcb1ac41b,answer_prefix,answer_prefix,19,cross_patch,e64930f9bae4f861f7cefa86,-0.5,-0.375,0.5,0.375,-0.125,0.125,True,True,True,True,False,False,False,False,False,False,False,0.125
00ae5a25c2c8c17d7a71,grid,train,7554af0addb53476cbf6,405376ac87e70739699a60b5,a88caa2af20dd84fcb1ac41b,7/20,C2,2,0,56,62,True,True,False,False,discovery_grid_train,noising,405376ac87e70739699a60b5,a88caa2af20dd84fcb1ac41b,answer_prefix,answer_prefix,19,self_patch,229bffc0bceb1e713f336e06,-0.5,-0.5,0.5,0.5,-0.0,0.0,True,True,True,True,False,False,False,False,False,False,False,0.0
00ae5a25c2c8c17d7a71,grid,train,7554af0addb53476cbf6,405376ac87e70739699a60b5,a88caa2af20dd84fcb1ac41b,7/20,C2,2,0,56,62,True,True,False,False,discovery_grid_train,noising,405376ac87e70739699a60b5,a88caa2af20dd84fcb1ac41b,answer_prefix,answer_prefix,20,cross_patch,a44348a482d581ee153cc546,-0.5,-0.375,0.5,0.375,-0.125,0.125,True,True,True,True,False,False,False,False,False,False,False,0.125
00ae5a25c2c8c17d7a71,grid,train,7554af0addb53476cbf6,405376ac87e70739699a60b5,a88caa2af20dd84fcb1ac41b,7/20,C2,2,0,56,62,True,True,False,False,discovery_grid_train,noising,405376ac87e70739699a60b5,a88caa2af20dd84fcb1ac41b,answer_prefix,answer_prefix,20,self_patch,a47c87da9cd1518c43655874,-0.5,-0.5,0.5,0.5,-0.0,0.0,True,True,True,True,False,False,False,False,False,False,False,0.0
00ae5a25c2c8c17d7a71,grid,train,7554af0addb53476cbf6,405376ac87e70739699a60b5,a88caa2af20dd84fcb1ac41b,7/20,C2,2,0,56,62,True,True,False,False,discovery_grid_train,noising,405376ac87e70739699a60b5,a88caa2af20dd84fcb1ac41b,answer_prefix,answer_prefix,21,cross_patch,94c40564d0197bd4aeeceeb0,-0.5,-0.375,0.5,0.375,-0.125,0.125,True,True,True,True,False,False,False,False,False,False,False,0.125
00ae5a25c2c8c17d7a71,grid,train,7554af0addb53476cbf6,405376ac87e70739699a60b5,a88caa2af20dd84fcb1ac41b,7/20,C2,2,0,56,62,True,True,False,False,discovery_grid_train,noising,405376ac87e70739699a60b5,a88caa2af20dd84fcb1ac41b,answer_prefix,answer_prefix,21,self_patch,9273ba2a61252b3d78a6c7f6,-0.5,-0.5,0.5,0.5,-0.0,0.0,True,True,True,True,False,False,False,False,False,False,False,0.0
00ae5a25c2c8c17d7a71,grid,train,7554af0addb53476cbf6,405376ac87e70739699a60b5,a88caa2af20dd84fcb1ac41b,7/20,C2,2,0,56,62,True,True,False,False,discovery_grid_train,noising,405376ac87e70739699a60b5,a88caa2af20dd84fcb1ac41b,answer_prefix,answer_prefix,22,cross_patch,9a1709637fb3c91bf6a8bcb1,-0.5,-0.375,0.5,0.375,-0.125,0.125,True,True,True,True,False,False,False,False,False,False,False,0.125
00ae5a25c2c8c17d7a71,grid,train,7554af0addb53476cbf6,405376ac87e70739699a60b5,a88caa2af20dd84fcb1ac41b,7/20,C2,2,0,56,62,True,True,False,False,discovery_grid_train,noising,405376ac87e70739699a60b5,a88caa2af20dd84fcb1ac41b,answer_prefix,answer_prefix,22,self_patch,3facc3b6b15f289bb5cf8417,-0.5,-0.5,0.5,0.5,-0.0,0.0,True,True,True,True,False,False,False,False,False,False,False,0.0
00ae5a25c2c8c17d7a71,grid,train,7554af0addb53476cbf6,405376ac87e70739699a60b5,a88caa2af20dd84fcb1ac41b,7/20,C2,2,0,56,62,True,True,False,False,discovery_grid_train,noising,405376ac87e70739699a60b5,a88caa2af20dd84fcb1ac41b,answer_prefix,answer_prefix,23,cross_patch,c91354499bcde73c40ef9058,-0.5,-0.375,0.5,0.375,-0.125,0.125,True,True,True,True,False,False,False,False,False,False,False,0.125
00ae5a25c2c8c17d7a71,grid,train,7554af0addb53476cbf6,405376ac87e70739699a60b5,a88caa2af20dd84fcb1ac41b,7/20,C2,2,0,56,62,True,True,False,False,discovery_grid_train,noising,405376ac87e70739699a60b5,a88caa2af20dd84fcb1ac41b,answer_prefix,answer_prefix,23,self_patch,01038fad9db67aba90c273cd,-0.5,-0.5,0.5,0.5,-0.0,0.0,True,True,True,True,False,False,False,False,False,False,False,0.0
00ae5a25c2c8c17d7a71,grid,train,7554af0addb53476cbf6,405376ac87e70739699a60b5,a88caa2af20dd84fcb1ac41b,7/20,C2,2,0,56,62,True,True,False,False,discovery_grid_train,noising,405376ac87e70739699a60b5,a88caa2af20dd84fcb1ac41b,answer_prefix,answer_prefix,24,cross_patch,b5b5c271fc75e6c5a1508589,-0.5,-0.25,0.5,0.25,-0.25,0.25,True,True,True,True,False,False,False,False,False,False,False,0.25
00ae5a25c2c8c17d7a71,grid,train,7554af0addb53476cbf6,405376ac87e70739699a60b5,a88caa2af20dd84fcb1ac41b,7/20,C2,2,0,56,62,True,True,False,False,discovery_grid_train,noising,405376ac87e70739699a60b5,a88caa2af20dd84fcb1ac41b,answer_prefix,answer_prefix,24,self_patch,1056d22a58e42c8e4b015be0,-0.5,-0.5,0.5,0.5,-0.0,0.0,True,True,True,True,False,False,False,False,False,False,False,0.0
00ae5a25c2c8c17d7a71,grid,train,7554af0addb53476cbf6,405376ac87e70739699a60b5,a88caa2af20dd84fcb1ac41b,7/20,C2,2,0,56,62,True,True,False,False,discovery_grid_train,noising,405376ac87e70739699a60b5,a88caa2af20dd84fcb1ac41b,answer_prefix,answer_prefix,25,cross_patch,3bdb98810393b7857619ef92,-0.5,-0.25,0.5,0.25,-0.25,0.25,True,True,True,True,False,False,False,False,False,False,False,0.25
00ae5a25c2c8c17d7a71,grid,train,7554af0addb53476cbf6,405376ac87e70739699a60b5,a88caa2af20dd84fcb1ac41b,7/20,C2,2,0,56,62,True,True,False,False,discovery_grid_train,noising,405376ac87e70739699a60b5,a88caa2af20dd84fcb1ac41b,answer_prefix,answer_prefix,25,self_patch,5ee699fdbcde72491deb04b1,-0.5,-0.5,0.5,0.5,-0.0,0.0,True,True,True,True,False,False,False,False,False,False,False,0.0
00ae5a25c2c8c17d7a71,grid,train,7554af0addb53476cbf6,405376ac87e70739699a60b5,a88caa2af20dd84fcb1ac41b,7/20,C2,2,0,56,62,True,True,False,False,discovery_grid_train,noising,405376ac87e70739699a60b5,a88caa2af20dd84fcb1ac41b,answer_prefix,answer_prefix,26,cross_patch,ed59f14e6f2516b9c7980e76,-0.5,-0.25,0.5,0.25,-0.25,0.25,True,True,True,True,False,False,False,False,False,False,False,0.25
00ae5a25c2c8c17d7a71,grid,train,7554af0addb53476cbf6,405376ac87e70739699a60b5,a88caa2af20dd84fcb1ac41b,7/20,C2,2,0,56,62,True,True,False,False,discovery_grid_train,noising,405376ac87e70739699a60b5,a88caa2af20dd84fcb1ac41b,answer_prefix,answer_prefix,26,self_patch,90e879e9bdfafa78f7d252f7,-0.5,-0.5,0.5,0.5,-0.0,0.0,True,True,True,True,False,False,False,False,False,False,False,0.0
00ae5a25c2c8c17d7a71,grid,train,7554af0addb53476cbf6,405376ac87e70739699a60b5,a88caa2af20dd84fcb1ac41b,7/20,C2,2,0,56,62,True,True,False,False,discovery_grid_train,noising,405376ac87e70739699a60b5,a88caa2af20dd84fcb1ac41b,answer_prefix,answer_prefix,27,cross_patch,88154d03f87aa1af9c130dc2,-0.5,-0.125,0.5,0.125,-0.375,0.375,True,True,True,True,False,False,False,False,False,False,False,0.375
00ae5a25c2c8c17d7a71,grid,train,7554af0addb53476cbf6,405376ac87e70739699a60b5,a88caa2af20dd84fcb1ac41b,7/20,C2,2,0,56,62,True,True,False,False,discovery_grid_train,noising,405376ac87e70739699a60b5,a88caa2af20dd84fcb1ac41b,answer_prefix,answer_prefix,27,self_patch,2a92f3031af02fe887ed5d37,-0.5,-0.5,0.5,0.5,-0.0,0.0,True,True,True,True,False,False,False,False,False,False,False,0.0
00ae5a25c2c8c17d7a71,grid,train,7554af0addb53476cbf6,405376ac87e70739699a60b5,a88caa2af20dd84fcb1ac41b,7/20,C2,2,0,56,62,True,True,False,False,discovery_grid_train,noising,405376ac87e70739699a60b5,a88caa2af20dd84fcb1ac41b,answer_prefix,answer_prefix,28,cross_patch,a9f2cf08e15aa58542da123b,-0.5,-0.25,0.5,0.25,-0.25,0.25,True,True,True,True,False,False,False,False,False,False,False,0.25
00ae5a25c2c8c17d7a71,grid,train,7554af0addb53476cbf6,405376ac87e70739699a60b5,a88caa2af20dd84fcb1ac41b,7/20,C2,2,0,56,62,True,True,False,False,discovery_grid_train,noising,405376ac87e70739699a60b5,a88caa2af20dd84fcb1ac41b,answer_prefix,answer_prefix,28,self_patch,0ae4e9c104e5ca44906c4d8c,-0.5,-0.5,0.5,0.5,-0.0,0.0,True,True,True,True,False,False,False,False,False,False,False,0.0
00ae5a25c2c8c17d7a71,grid,train,7554af0addb53476cbf6,405376ac87e70739699a60b5,a88caa2af20dd84fcb1ac41b,7/20,C2,2,0,56,62,True,True,False,False,discovery_grid_train,noising,405376ac87e70739699a60b5,a88caa2af20dd84fcb1ac41b,answer_prefix,answer_prefix,29,cross_patch,73f10f2f13b4f4aff3b67393,-0.5,-0.125,0.5,0.125,-0.375,0.375,True,True,True,True,False,False,False,False,False,False,False,0.375
00ae5a25c2c8c17d7a71,grid,train,7554af0addb53476cbf6,405376ac87e70739699a60b5,a88caa2af20dd84fcb1ac41b,7/20,C2,2,0,56,62,True,True,False,False,discovery_grid_train,noising,405376ac87e70739699a60b5,a88caa2af20dd84fcb1ac41b,answer_prefix,answer_prefix,29,self_patch,7b9c752e99049b37d9094862,-0.5,-0.5,0.5,0.5,-0.0,0.0,True,True,True,True,False,False,False,False,False,False,False,0.0
00ae5a25c2c8c17d7a71,grid,train,7554af0addb53476cbf6,405376ac87e70739699a60b5,a88caa2af20dd84fcb1ac41b,7/20,C2,2,0,56,62,True,True,False,False,discovery_grid_train,noising,405376ac87e70739699a60b5,a88caa2af20dd84fcb1ac41b,answer_prefix,answer_prefix,30,cross_patch,f37906c5e91829bfc8c5985c,-0.5,1.375,0.5,-1.375,-1.875,1.875,True,False,True,False,False,True,False,True,True,False,True,1.875
00ae5a25c2c8c17d7a71,grid,train,7554af0addb53476cbf6,405376ac87e70739699a60b5,a88caa2af20dd84fcb1ac41b,7/20,C2,2,0,56,62,True,True,False,False,discovery_grid_train,noising,405376ac87e70739699a60b5,a88caa2af20dd84fcb1ac41b,answer_prefix,answer_prefix,30,self_patch,eba866c784522c8d79a0ad4b,-0.5,-0.5,0.5,0.5,-0.0,0.0,True,True,True,True,False,False,False,False,False,False,False,0.0
00ae5a25c2c8c17d7a71,grid,train,7554af0addb53476cbf6,405376ac87e70739699a60b5,a88caa2af20dd84fcb1ac41b,7/20,C2,2,0,56,62,True,True,False,False,discovery_grid_train,noising,405376ac87e70739699a60b5,a88caa2af20dd84fcb1ac41b,answer_prefix,answer_prefix,31,cross_patch,a35ac3e92cc316bc50cbd401,-0.5,1.5,0.5,-1.5,-2.0,2.0,True,False,True,False,False,True,False,True,True,False,True,2.0
00ae5a25c2c8c17d7a71,grid,train,7554af0addb53476cbf6,405376ac87e70739699a60b5,a88caa2af20dd84fcb1ac41b,7/20,C2,2,0,56,62,True,True,False,False,discovery_grid_train,noising,405376ac87e70739699a60b5,a88caa2af20dd84fcb1ac41b,answer_prefix,answer_prefix,31,self_patch,e49ebb8ac7f95f32f251cbda,-0.5,-0.5,0.5,0.5,-0.0,0.0,True,True,True,True,False,False,False,False,False,False,False,0.0
0063d26078f725bdf3df,grid,train,d9dd723c23a03115ed5a,902ba421b29046d01372669d,740cc64c3d4cbd903386f7f9,9/20,C1,1,2,50,13,True,True,False,False,discovery_grid_train,denoising,740cc64c3d4cbd903386f7f9,902ba421b29046d01372669d,final_prompt,final_prompt,0,cross_patch,0c31d4e39cd7b1a9f2de73f7,-1.625,-1.625,-1.625,-1.625,0.0,0.0,False,False,False,False,False,False,False,False,False,False,False,0.0
0063d26078f725bdf3df,grid,train,d9dd723c23a03115ed5a,902ba421b29046d01372669d,740cc64c3d4cbd903386f7f9,9/20,C1,1,2,50,13,True,True,False,False,discovery_grid_train,denoising,740cc64c3d4cbd903386f7f9,902ba421b29046d01372669d,final_prompt,final_prompt,0,self_patch,97c24f25000812f73830a2b7,-1.625,-1.625,-1.625,-1.625,0.0,0.0,False,False,False,False,False,False,False,False,False,False,False,0.0
0063d26078f725bdf3df,grid,train,d9dd723c23a03115ed5a,902ba421b29046d01372669d,740cc64c3d4cbd903386f7f9,9/20,C1,1,2,50,13,True,True,False,False,discovery_grid_train,denoising,740cc64c3d4cbd903386f7f9,902ba421b29046d01372669d,final_prompt,final_prompt,1,cross_patch,ff72c70c24708386196c2c97,-1.625,-1.625,-1.625,-1.625,0.0,0.0,False,False,False,False,False,False,False,False,False,False,False,0.0
0063d26078f725bdf3df,grid,train,d9dd723c23a03115ed5a,902ba421b29046d01372669d,740cc64c3d4cbd903386f7f9,9/20,C1,1,2,50,13,True,True,False,False,discovery_grid_train,denoising,740cc64c3d4cbd903386f7f9,902ba421b29046d01372669d,final_prompt,final_prompt,1,self_patch,a69388d49fb506579f194ee7,-1.625,-1.625,-1.625,-1.625,0.0,0.0,False,False,False,False,False,False,False,False,False,False,False,0.0
0063d26078f725bdf3df,grid,train,d9dd723c23a03115ed5a,902ba421b29046d01372669d,740cc64c3d4cbd903386f7f9,9/20,C1,1,2,50,13,True,True,False,False,discovery_grid_train,denoising,740cc64c3d4cbd903386f7f9,902ba421b29046d01372669d,final_prompt,final_prompt,2,cross_patch,ed9887f778699aa37a0f2520,-1.625,-1.5,-1.625,-1.5,0.125,0.125,False,False,False,False,False,False,False,False,False,False,False,0.125
0063d26078f725bdf3df,grid,train,d9dd723c23a03115ed5a,902ba421b29046d01372669d,740cc64c3d4cbd903386f7f9,9/20,C1,1,2,50,13,True,True,False,False,discovery_grid_train,denoising,740cc64c3d4cbd903386f7f9,902ba421b29046d01372669d,final_prompt,final_prompt,2,self_patch,6e4445d7b198fb29f0f84bb7,-1.625,-1.625,-1.625,-1.625,0.0,0.0,False,False,False,False,False,False,False,False,False,False,False,0.0
0063d26078f725bdf3df,grid,train,d9dd723c23a03115ed5a,902ba421b29046d01372669d,740cc64c3d4cbd903386f7f9,9/20,C1,1,2,50,13,True,True,False,False,discovery_grid_train,denoising,740cc64c3d4cbd903386f7f9,902ba421b29046d01372669d,final_prompt,final_prompt,3,cross_patch,160e359e777503772f4c186f,-1.625,-1.5,-1.625,-1.5,0.125,0.125,False,False,False,False,False,False,False,False,False,False,False,0.125
0063d26078f725bdf3df,grid,train,d9dd723c23a03115ed5a,902ba421b29046d01372669d,740cc64c3d4cbd903386f7f9,9/20,C1,1,2,50,13,True,True,False,False,discovery_grid_train,denoising,740cc64c3d4cbd903386f7f9,902ba421b29046d01372669d,final_prompt,final_prompt,3,self_patch,c02d37f3a504e6d738ab36ce,-1.625,-1.625,-1.625,-1.625,0.0,0.0,False,False,False,False,False,False,False,False,False,False,False,0.0
0063d26078f725bdf3df,grid,train,d9dd723c23a03115ed5a,902ba421b29046d01372669d,740cc64c3d4cbd903386f7f9,9/20,C1,1,2,50,13,True,True,False,False,discovery_grid_train,denoising,740cc64c3d4cbd903386f7f9,902ba421b29046d01372669d,final_prompt,final_prompt,4,cross_patch,0c102659251a2809e039c20d,-1.625,-1.625,-1.625,-1.625,0.0,0.0,False,False,False,False,False,False,False,False,False,False,False,0.0
0063d26078f725bdf3df,grid,train,d9dd723c23a03115ed5a,902ba421b29046d01372669d,740cc64c3d4cbd903386f7f9,9/20,C1,1,2,50,13,True,True,False,False,discovery_grid_train,denoising,740cc64c3d4cbd903386f7f9,902ba421b29046d01372669d,final_prompt,final_prompt,4,self_patch,ffbd7f2c12b0f4c1a079a59a,-1.625,-1.625,-1.625,-1.625,0.0,0.0,False,False,False,False,False,False,False,False,False,False,False,0.0
0063d26078f725bdf3df,grid,train,d9dd723c23a03115ed5a,902ba421b29046d01372669d,740cc64c3d4cbd903386f7f9,9/20,C1,1,2,50,13,True,True,False,False,discovery_grid_train,denoising,740cc64c3d4cbd903386f7f9,902ba421b29046d01372669d,final_prompt,final_prompt,5,cross_patch,1e4ee9fe30448bf1028a1acd,-1.625,-1.5,-1.625,-1.5,0.125,0.125,False,False,False,False,False,False,False,False,False,False,False,0.125
0063d26078f725bdf3df,grid,train,d9dd723c23a03115ed5a,902ba421b29046d01372669d,740cc64c3d4cbd903386f7f9,9/20,C1,1,2,50,13,True,True,False,False,discovery_grid_train,denoising,740cc64c3d4cbd903386f7f9,902ba421b29046d01372669d,final_prompt,final_prompt,5,self_patch,9c4e45a2c44ece22a4c4aa5d,-1.625,-1.625,-1.625,-1.625,0.0,0.0,False,False,False,False,False,False,False,False,False,False,False,0.0
0063d26078f725bdf3df,grid,train,d9dd723c23a03115ed5a,902ba421b29046d01372669d,740cc64c3d4cbd903386f7f9,9/20,C1,1,2,50,13,True,True,False,False,discovery_grid_train,denoising,740cc64c3d4cbd903386f7f9,902ba421b29046d01372669d,final_prompt,final_prompt,6,cross_patch,7b6a98e234754274d0b1a9c2,-1.625,-1.5,-1.625,-1.5,0.125,0.125,False,False,False,False,False,False,False,False,False,False,False,0.125
0063d26078f725bdf3df,grid,train,d9dd723c23a03115ed5a,902ba421b29046d01372669d,740cc64c3d4cbd903386f7f9,9/20,C1,1,2,50,13,True,True,False,False,discovery_grid_train,denoising,740cc64c3d4cbd903386f7f9,902ba421b29046d01372669d,final_prompt,final_prompt,6,self_patch,9d0c431d9da8a6760f83b899,-1.625,-1.625,-1.625,-1.625,0.0,0.0,False,False,False,False,False,False,False,False,False,False,False,0.0
0063d26078f725bdf3df,grid,train,d9dd723c23a03115ed5a,902ba421b29046d01372669d,740cc64c3d4cbd903386f7f9,9/20,C1,1,2,50,13,True,True,False,False,discovery_grid_train,denoising,740cc64c3d4cbd903386f7f9,902ba421b29046d01372669d,final_prompt,final_prompt,7,cross_patch,74c507bcdef5f9933baa2fec,-1.625,-1.5,-1.625,-1.5,0.125,0.125,False,False,False,False,False,False,False,False,False,False,False,0.125
0063d26078f725bdf3df,grid,train,d9dd723c23a03115ed5a,902ba421b29046d01372669d,740cc64c3d4cbd903386f7f9,9/20,C1,1,2,50,13,True,True,False,False,discovery_grid_train,denoising,740cc64c3d4cbd903386f7f9,902ba421b29046d01372669d,final_prompt,final_prompt,7,self_patch,c8f888f84ad2aecb9b7b6bb2,-1.625,-1.625,-1.625,-1.625,0.0,0.0,False,False,False,False,False,False,False,False,False,False,False,0.0
0063d26078f725bdf3df,grid,train,d9dd723c23a03115ed5a,902ba421b29046d01372669d,740cc64c3d4cbd903386f7f9,9/20,C1,1,2,50,13,True,True,False,False,discovery_grid_train,denoising,740cc64c3d4cbd903386f7f9,902ba421b29046d01372669d,final_prompt,final_prompt,8,cross_patch,4403c7cd2e2041ca3ec65f3b,-1.625,-1.625,-1.625,-1.625,0.0,0.0,False,False,False,False,False,False,False,False,False,False,False,0.0
0063d26078f725bdf3df,grid,train,d9dd723c23a03115ed5a,902ba421b29046d01372669d,740cc64c3d4cbd903386f7f9,9/20,C1,1,2,50,13,True,True,False,False,discovery_grid_train,denoising,740cc64c3d4cbd903386f7f9,902ba421b29046d01372669d,final_prompt,final_prompt,8,self_patch,2d86a27906b41eeb289431c3,-1.625,-1.625,-1.625,-1.625,0.0,0.0,False,False,False,False,False,False,False,False,False,False,False,0.0
0063d26078f725bdf3df,grid,train,d9dd723c23a03115ed5a,902ba421b29046d01372669d,740cc64c3d4cbd903386f7f9,9/20,C1,1,2,50,13,True,True,False,False,discovery_grid_train,denoising,740cc64c3d4cbd903386f7f9,902ba421b29046d01372669d,final_prompt,final_prompt,9,cross_patch,66e8caa12239727f8065961b,-1.625,-1.625,-1.625,-1.625,0.0,0.0,False,False,False,False,False,False,False,False,False,False,False,0.0
0063d26078f725bdf3df,grid,train,d9dd723c23a03115ed5a,902ba421b29046d01372669d,740cc64c3d4cbd903386f7f9,9/20,C1,1,2,50,13,True,True,False,False,discovery_grid_train,denoising,740cc64c3d4cbd903386f7f9,902ba421b29046d01372669d,final_prompt,final_prompt,9,self_patch,c56a992f9d72ed637c3b67e5,-1.625,-1.625,-1.625,-1.625,0.0,0.0,False,False,False,False,False,False,False,False,False,False,False,0.0
0063d26078f725bdf3df,grid,train,d9dd723c23a03115ed5a,902ba421b29046d01372669d,740cc64c3d4cbd903386f7f9,9/20,C1,1,2,50,13,True,True,False,False,discovery_grid_train,denoising,740cc64c3d4cbd903386f7f9,902ba421b29046d01372669d,final_prompt,final_prompt,10,cross_patch,6f968f71408b7d574d19ee62,-1.625,-1.625,-1.625,-1.625,0.0,0.0,False,False,False,False,False,False,False,False,False,False,False,0.0
0063d26078f725bdf3df,grid,train,d9dd723c23a03115ed5a,902ba421b29046d01372669d,740cc64c3d4cbd903386f7f9,9/20,C1,1,2,50,13,True,True,False,False,discovery_grid_train,denoising,740cc64c3d4cbd903386f7f9,902ba421b29046d01372669d,final_prompt,final_prompt,10,self_patch,bf41b051da1ce964469ad145,-1.625,-1.625,-1.625,-1.625,0.0,0.0,False,False,False,False,False,False,False,False,False,False,False,0.0
0063d26078f725bdf3df,grid,train,d9dd723c23a03115ed5a,902ba421b29046d01372669d,740cc64c3d4cbd903386f7f9,9/20,C1,1,2,50,13,True,True,False,False,discovery_grid_train,denoising,740cc64c3d4cbd903386f7f9,902ba421b29046d01372669d,final_prompt,final_prompt,11,cross_patch,b425435c440bb7a4d1d49b54,-1.625,-1.625,-1.625,-1.625,0.0,0.0,False,False,False,False,False,False,False,False,False,False,False,0.0
0063d26078f725bdf3df,grid,train,d9dd723c23a03115ed5a,902ba421b29046d01372669d,740cc64c3d4cbd903386f7f9,9/20,C1,1,2,50,13,True,True,False,False,discovery_grid_train,denoising,740cc64c3d4cbd903386f7f9,902ba421b29046d01372669d,final_prompt,final_prompt,11,self_patch,80d2fc244fddab632a650db8,-1.625,-1.625,-1.625,-1.625,0.0,0.0,False,False,False,False,False,False,False,False,False,False,False,0.0
0063d26078f725bdf3df,grid,train,d9dd723c23a03115ed5a,902ba421b29046d01372669d,740cc64c3d4cbd903386f7f9,9/20,C1,1,2,50,13,True,True,False,False,discovery_grid_train,denoising,740cc64c3d4cbd903386f7f9,902ba421b29046d01372669d,final_prompt,final_prompt,12,cross_patch,6cb476fe6ee0fca1d2da77cd,-1.625,-1.5,-1.625,-1.5,0.125,0.125,False,False,False,False,False,False,False,False,False,False,False,0.125
0063d26078f725bdf3df,grid,train,d9dd723c23a03115ed5a,902ba421b29046d01372669d,740cc64c3d4cbd903386f7f9,9/20,C1,1,2,50,13,True,True,False,False,discovery_grid_train,denoising,740cc64c3d4cbd903386f7f9,902ba421b29046d01372669d,final_prompt,final_prompt,12,self_patch,c3692ef6b3d684f86135e1cf,-1.625,-1.625,-1.625,-1.625,0.0,0.0,False,False,False,False,False,False,False,False,False,False,False,0.0
0063d26078f725bdf3df,grid,train,d9dd723c23a03115ed5a,902ba421b29046d01372669d,740cc64c3d4cbd903386f7f9,9/20,C1,1,2,50,13,True,True,False,False,discovery_grid_train,denoising,740cc64c3d4cbd903386f7f9,902ba421b29046d01372669d,final_prompt,final_prompt,13,cross_patch,465abe342a466c6555186679,-1.625,-1.625,-1.625,-1.625,0.0,0.0,False,False,False,False,False,False,False,False,False,False,False,0.0
0063d26078f725bdf3df,grid,train,d9dd723c23a03115ed5a,902ba421b29046d01372669d,740cc64c3d4cbd903386f7f9,9/20,C1,1,2,50,13,True,True,False,False,discovery_grid_train,denoising,740cc64c3d4cbd903386f7f9,902ba421b29046d01372669d,final_prompt,final_prompt,13,self_patch,afdc7b520f271bba36401faa,-1.625,-1.625,-1.625,-1.625,0.0,0.0,False,False,False,False,False,False,False,False,False,False,False,0.0
0063d26078f725bdf3df,grid,train,d9dd723c23a03115ed5a,902ba421b29046d01372669d,740cc64c3d4cbd903386f7f9,9/20,C1,1,2,50,13,True,True,False,False,discovery_grid_train,denoising,740cc64c3d4cbd903386f7f9,902ba421b29046d01372669d,final_prompt,final_prompt,14,cross_patch,cb214856eac09a60deb9c723,-1.625,-1.625,-1.625,-1.625,0.0,0.0,False,False,False,False,False,False,False,False,False,False,False,0.0
0063d26078f725bdf3df,grid,train,d9dd723c23a03115ed5a,902ba421b29046d01372669d,740cc64c3d4cbd903386f7f9,9/20,C1,1,2,50,13,True,True,False,False,discovery_grid_train,denoising,740cc64c3d4cbd903386f7f9,902ba421b29046d01372669d,final_prompt,final_prompt,14,self_patch,0da112d147093b937e605604,-1.625,-1.625,-1.625,-1.625,0.0,0.0,False,False,False,False,False,False,False,False,False,False,False,0.0
0063d26078f725bdf3df,grid,train,d9dd723c23a03115ed5a,902ba421b29046d01372669d,740cc64c3d4cbd903386f7f9,9/20,C1,1,2,50,13,True,True,False,False,discovery_grid_train,denoising,740cc64c3d4cbd903386f7f9,902ba421b29046d01372669d,final_prompt,final_prompt,15,cross_patch,d7590b32810385057cd17f54,-1.625,-1.625,-1.625,-1.625,0.0,0.0,False,False,False,False,False,False,False,False,False,False,False,0.0
0063d26078f725bdf3df,grid,train,d9dd723c23a03115ed5a,902ba421b29046d01372669d,740cc64c3d4cbd903386f7f9,9/20,C1,1,2,50,13,True,True,False,False,discovery_grid_train,denoising,740cc64c3d4cbd903386f7f9,902ba421b29046d01372669d,final_prompt,final_prompt,15,self_patch,8fcbf628d4727e3499ad55bc,-1.625,-1.625,-1.625,-1.625,0.0,0.0,False,False,False,False,False,False,False,False,False,False,False,0.0
0063d26078f725bdf3df,grid,train,d9dd723c23a03115ed5a,902ba421b29046d01372669d,740cc64c3d4cbd903386f7f9,9/20,C1,1,2,50,13,True,True,False,False,discovery_grid_train,denoising,740cc64c3d4cbd903386f7f9,902ba421b29046d01372669d,final_prompt,final_prompt,16,cross_patch,a7710aa403cd7e792eaec7ce,-1.625,-1.625,-1.625,-1.625,0.0,0.0,False,False,False,False,False,False,False,False,False,False,False,0.0
0063d26078f725bdf3df,grid,train,d9dd723c23a03115ed5a,902ba421b29046d01372669d,740cc64c3d4cbd903386f7f9,9/20,C1,1,2,50,13,True,True,False,False,discovery_grid_train,denoising,740cc64c3d4cbd903386f7f9,902ba421b29046d01372669d,final_prompt,final_prompt,16,self_patch,4ba9d321c8f2f707fac92e55,-1.625,-1.625,-1.625,-1.625,0.0,0.0,False,False,False,False,False,False,False,False,False,False,False,0.0
0063d26078f725bdf3df,grid,train,d9dd723c23a03115ed5a,902ba421b29046d01372669d,740cc64c3d4cbd903386f7f9,9/20,C1,1,2,50,13,True,True,False,False,discovery_grid_train,denoising,740cc64c3d4cbd903386f7f9,902ba421b29046d01372669d,final_prompt,final_prompt,17,cross_patch,2f281974fe0ff2d678a4ba61,-1.625,-1.5,-1.625,-1.5,0.125,0.125,False,False,False,False,False,False,False,False,False,False,False,0.125
0063d26078f725bdf3df,grid,train,d9dd723c23a03115ed5a,902ba421b29046d01372669d,740cc64c3d4cbd903386f7f9,9/20,C1,1,2,50,13,True,True,False,False,discovery_grid_train,denoising,740cc64c3d4cbd903386f7f9,902ba421b29046d01372669d,final_prompt,final_prompt,17,self_patch,4b93d387f21a9472a0cfce0f,-1.625,-1.625,-1.625,-1.625,0.0,0.0,False,False,False,False,False,False,False,False,False,False,False,0.0
0063d26078f725bdf3df,grid,train,d9dd723c23a03115ed5a,902ba421b29046d01372669d,740cc64c3d4cbd903386f7f9,9/20,C1,1,2,50,13,True,True,False,False,discovery_grid_train,denoising,740cc64c3d4cbd903386f7f9,902ba421b29046d01372669d,final_prompt,final_prompt,18,cross_patch,d5dc584a27f5f34ee98d9ed0,-1.625,-1.625,-1.625,-1.625,0.0,0.0,False,False,False,False,False,False,False,False,False,False,False,0.0
0063d26078f725bdf3df,grid,train,d9dd723c23a03115ed5a,902ba421b29046d01372669d,740cc64c3d4cbd903386f7f9,9/20,C1,1,2,50,13,True,True,False,False,discovery_grid_train,denoising,740cc64c3d4cbd903386f7f9,902ba421b29046d01372669d,final_prompt,final_prompt,18,self_patch,e95dff29b457b1be3510eac5,-1.625,-1.625,-1.625,-1.625,0.0,0.0,False,False,False,False,False,False,False,False,False,False,False,0.0
0063d26078f725bdf3df,grid,train,d9dd723c23a03115ed5a,902ba421b29046d01372669d,740cc64c3d4cbd903386f7f9,9/20,C1,1,2,50,13,True,True,False,False,discovery_grid_train,denoising,740cc64c3d4cbd903386f7f9,902ba421b29046d01372669d,final_prompt,final_prompt,19,cross_patch,9d5053c684eb412dce470a7c,-1.625,-1.625,-1.625,-1.625,0.0,0.0,False,False,False,False,False,False,False,False,False,False,False,0.0
0063d26078f725bdf3df,grid,train,d9dd723c23a03115ed5a,902ba421b29046d01372669d,740cc64c3d4cbd903386f7f9,9/20,C1,1,2,50,13,True,True,False,False,discovery_grid_train,denoising,740cc64c3d4cbd903386f7f9,902ba421b29046d01372669d,final_prompt,final_prompt,19,self_patch,e3b3a059682464f74cde1b24,-1.625,-1.625,-1.625,-1.625,0.0,0.0,False,False,False,False,False,False,False,False,False,False,False,0.0
0063d26078f725bdf3df,grid,train,d9dd723c23a03115ed5a,902ba421b29046d01372669d,740cc64c3d4cbd903386f7f9,9/20,C1,1,2,50,13,True,True,False,False,discovery_grid_train,denoising,740cc64c3d4cbd903386f7f9,902ba421b29046d01372669d,final_prompt,final_prompt,20,cross_patch,1b1317253ae0b53d2b10a018,-1.625,-1.625,-1.625,-1.625,0.0,0.0,False,False,False,False,False,False,False,False,False,False,False,0.0
0063d26078f725bdf3df,grid,train,d9dd723c23a03115ed5a,902ba421b29046d01372669d,740cc64c3d4cbd903386f7f9,9/20,C1,1,2,50,13,True,True,False,False,discovery_grid_train,denoising,740cc64c3d4cbd903386f7f9,902ba421b29046d01372669d,final_prompt,final_prompt,20,self_patch,30a13ad4ae1e8fcd7cbee4de,-1.625,-1.625,-1.625,-1.625,0.0,0.0,False,False,False,False,False,False,False,False,False,False,False,0.0
0063d26078f725bdf3df,grid,train,d9dd723c23a03115ed5a,902ba421b29046d01372669d,740cc64c3d4cbd903386f7f9,9/20,C1,1,2,50,13,True,True,False,False,discovery_grid_train,denoising,740cc64c3d4cbd903386f7f9,902ba421b29046d01372669d,final_prompt,final_prompt,21,cross_patch,e69ea1ee71d8d849f3c43628,-1.625,-1.625,-1.625,-1.625,0.0,0.0,False,False,False,False,False,False,False,False,False,False,False,0.0
0063d26078f725bdf3df,grid,train,d9dd723c23a03115ed5a,902ba421b29046d01372669d,740cc64c3d4cbd903386f7f9,9/20,C1,1,2,50,13,True,True,False,False,discovery_grid_train,denoising,740cc64c3d4cbd903386f7f9,902ba421b29046d01372669d,final_prompt,final_prompt,21,self_patch,f3855f0d9946644763ad76be,-1.625,-1.625,-1.625,-1.625,0.0,0.0,False,False,False,False,False,False,False,False,False,False,False,0.0
0063d26078f725bdf3df,grid,train,d9dd723c23a03115ed5a,902ba421b29046d01372669d,740cc64c3d4cbd903386f7f9,9/20,C1,1,2,50,13,True,True,False,False,discovery_grid_train,denoising,740cc64c3d4cbd903386f7f9,902ba421b29046d01372669d,final_prompt,final_prompt,22,cross_patch,9cecb2dccb24c476a84993c0,-1.625,-1.625,-1.625,-1.625,0.0,0.0,False,False,False,False,False,False,False,False,False,False,False,0.0
0063d26078f725bdf3df,grid,train,d9dd723c23a03115ed5a,902ba421b29046d01372669d,740cc64c3d4cbd903386f7f9,9/20,C1,1,2,50,13,True,True,False,False,discovery_grid_train,denoising,740cc64c3d4cbd903386f7f9,902ba421b29046d01372669d,final_prompt,final_prompt,22,self_patch,e636fc57a280eddf6ad274f6,-1.625,-1.625,-1.625,-1.625,0.0,0.0,False,False,False,False,False,False,False,False,False,False,False,0.0
0063d26078f725bdf3df,grid,train,d9dd723c23a03115ed5a,902ba421b29046d01372669d,740cc64c3d4cbd903386f7f9,9/20,C1,1,2,50,13,True,True,False,False,discovery_grid_train,denoising,740cc64c3d4cbd903386f7f9,902ba421b29046d01372669d,final_prompt,final_prompt,23,cross_patch,3df99d65b7aa7fff62037214,-1.625,-1.625,-1.625,-1.625,0.0,0.0,False,False,False,False,False,False,False,False,False,False,False,0.0
0063d26078f725bdf3df,grid,train,d9dd723c23a03115ed5a,902ba421b29046d01372669d,740cc64c3d4cbd903386f7f9,9/20,C1,1,2,50,13,True,True,False,False,discovery_grid_train,denoising,740cc64c3d4cbd903386f7f9,902ba421b29046d01372669d,final_prompt,final_prompt,23,self_patch,c65b5bc3cfb46344875460b7,-1.625,-1.625,-1.625,-1.625,0.0,0.0,False,False,False,False,False,False,False,False,False,False,False,0.0
0063d26078f725bdf3df,grid,train,d9dd723c23a03115ed5a,902ba421b29046d01372669d,740cc64c3d4cbd903386f7f9,9/20,C1,1,2,50,13,True,True,False,False,discovery_grid_train,denoising,740cc64c3d4cbd903386f7f9,902ba421b29046d01372669d,final_prompt,final_prompt,24,cross_patch,10eb2889a717ea5382007072,-1.625,-1.625,-1.625,-1.625,0.0,0.0,False,False,False,False,False,False,False,False,False,False,False,0.0
0063d26078f725bdf3df,grid,train,d9dd723c23a03115ed5a,902ba421b29046d01372669d,740cc64c3d4cbd903386f7f9,9/20,C1,1,2,50,13,True,True,False,False,discovery_grid_train,denoising,740cc64c3d4cbd903386f7f9,902ba421b29046d01372669d,final_prompt,final_prompt,24,self_patch,d5b1a5ebceeb36cec493c739,-1.625,-1.625,-1.625,-1.625,0.0,0.0,False,False,False,False,False,False,False,False,False,False,False,0.0
0063d26078f725bdf3df,grid,train,d9dd723c23a03115ed5a,902ba421b29046d01372669d,740cc64c3d4cbd903386f7f9,9/20,C1,1,2,50,13,True,True,False,False,discovery_grid_train,denoising,740cc64c3d4cbd903386f7f9,902ba421b29046d01372669d,final_prompt,final_prompt,25,cross_patch,ea4df514cd637c82070f97bf,-1.625,-1.625,-1.625,-1.625,0.0,0.0,False,False,False,False,False,False,False,False,False,False,False,0.0
0063d26078f725bdf3df,grid,train,d9dd723c23a03115ed5a,902ba421b29046d01372669d,740cc64c3d4cbd903386f7f9,9/20,C1,1,2,50,13,True,True,False,False,discovery_grid_train,denoising,740cc64c3d4cbd903386f7f9,902ba421b29046d01372669d,final_prompt,final_prompt,25,self_patch,5d4021ce30d04143f03432cf,-1.625,-1.625,-1.625,-1.625,0.0,0.0,False,False,False,False,False,False,False,False,False,False,False,0.0
0063d26078f725bdf3df,grid,train,d9dd723c23a03115ed5a,902ba421b29046d01372669d,740cc64c3d4cbd903386f7f9,9/20,C1,1,2,50,13,True,True,False,False,discovery_grid_train,denoising,740cc64c3d4cbd903386f7f9,902ba421b29046d01372669d,final_prompt,final_prompt,26,cross_patch,36f836da8634b25ee7e1219a,-1.625,-1.5,-1.625,-1.5,0.125,0.125,False,False,False,False,False,False,False,False,False,False,False,0.125
0063d26078f725bdf3df,grid,train,d9dd723c23a03115ed5a,902ba421b29046d01372669d,740cc64c3d4cbd903386f7f9,9/20,C1,1,2,50,13,True,True,False,False,discovery_grid_train,denoising,740cc64c3d4cbd903386f7f9,902ba421b29046d01372669d,final_prompt,final_prompt,26,self_patch,3646f0f25e0226a8d562264a,-1.625,-1.625,-1.625,-1.625,0.0,0.0,False,False,False,False,False,False,False,False,False,False,False,0.0
0063d26078f725bdf3df,grid,train,d9dd723c23a03115ed5a,902ba421b29046d01372669d,740cc64c3d4cbd903386f7f9,9/20,C1,1,2,50,13,True,True,False,False,discovery_grid_train,denoising,740cc64c3d4cbd903386f7f9,902ba421b29046d01372669d,final_prompt,final_prompt,27,cross_patch,fe72144a7766ab5b95d02689,-1.625,-1.625,-1.625,-1.625,0.0,0.0,False,False,False,False,False,False,False,False,False,False,False,0.0
0063d26078f725bdf3df,grid,train,d9dd723c23a03115ed5a,902ba421b29046d01372669d,740cc64c3d4cbd903386f7f9,9/20,C1,1,2,50,13,True,True,False,False,discovery_grid_train,denoising,740cc64c3d4cbd903386f7f9,902ba421b29046d01372669d,final_prompt,final_prompt,27,self_patch,60fa35d02da86b678b16ecfc,-1.625,-1.625,-1.625,-1.625,0.0,0.0,False,False,False,False,False,False,False,False,False,False,False,0.0
0063d26078f725bdf3df,grid,train,d9dd723c23a03115ed5a,902ba421b29046d01372669d,740cc64c3d4cbd903386f7f9,9/20,C1,1,2,50,13,True,True,False,False,discovery_grid_train,denoising,740cc64c3d4cbd903386f7f9,902ba421b29046d01372669d,final_prompt,final_prompt,28,cross_patch,574a1e2300feb64189e14ff0,-1.625,-1.5,-1.625,-1.5,0.125,0.125,False,False,False,False,False,False,False,False,False,False,False,0.125
0063d26078f725bdf3df,grid,train,d9dd723c23a03115ed5a,902ba421b29046d01372669d,740cc64c3d4cbd903386f7f9,9/20,C1,1,2,50,13,True,True,False,False,discovery_grid_train,denoising,740cc64c3d4cbd903386f7f9,902ba421b29046d01372669d,final_prompt,final_prompt,28,self_patch,9a53743de30e4576c4ce7830,-1.625,-1.625,-1.625,-1.625,0.0,0.0,False,False,False,False,False,False,False,False,False,False,False,0.0
0063d26078f725bdf3df,grid,train,d9dd723c23a03115ed5a,902ba421b29046d01372669d,740cc64c3d4cbd903386f7f9,9/20,C1,1,2,50,13,True,True,False,False,discovery_grid_train,denoising,740cc64c3d4cbd903386f7f9,902ba421b29046d01372669d,final_prompt,final_prompt,29,cross_patch,cbe45f24984dbb5af2956b42,-1.625,-1.625,-1.625,-1.625,0.0,0.0,False,False,False,False,False,False,False,False,False,False,False,0.0
0063d26078f725bdf3df,grid,train,d9dd723c23a03115ed5a,902ba421b29046d01372669d,740cc64c3d4cbd903386f7f9,9/20,C1,1,2,50,13,True,True,False,False,discovery_grid_train,denoising,740cc64c3d4cbd903386f7f9,902ba421b29046d01372669d,final_prompt,final_prompt,29,self_patch,11f947208a4f679986e80f80,-1.625,-1.625,-1.625,-1.625,0.0,0.0,False,False,False,False,False,False,False,False,False,False,False,0.0
0063d26078f725bdf3df,grid,train,d9dd723c23a03115ed5a,902ba421b29046d01372669d,740cc64c3d4cbd903386f7f9,9/20,C1,1,2,50,13,True,True,False,False,discovery_grid_train,denoising,740cc64c3d4cbd903386f7f9,902ba421b29046d01372669d,final_prompt,final_prompt,30,cross_patch,ee216a7588a31ce51dfa7612,-1.625,-1.625,-1.625,-1.625,0.0,0.0,False,False,False,False,False,False,False,False,False,False,False,0.0
0063d26078f725bdf3df,grid,train,d9dd723c23a03115ed5a,902ba421b29046d01372669d,740cc64c3d4cbd903386f7f9,9/20,C1,1,2,50,13,True,True,False,False,discovery_grid_train,denoising,740cc64c3d4cbd903386f7f9,902ba421b29046d01372669d,final_prompt,final_prompt,30,self_patch,0058d7970e4f1c7c1b8f04e6,-1.625,-1.625,-1.625,-1.625,0.0,0.0,False,False,False,False,False,False,False,False,False,False,False,0.0
0063d26078f725bdf3df,grid,train,d9dd723c23a03115ed5a,902ba421b29046d01372669d,740cc64c3d4cbd903386f7f9,9/20,C1,1,2,50,13,True,True,False,False,discovery_grid_train,denoising,740cc64c3d4cbd903386f7f9,902ba421b29046d01372669d,final_prompt,final_prompt,31,cross_patch,51d773a3664952b7e8fc95de,-1.625,-1.625,-1.625,-1.625,0.0,0.0,False,False,False,False,False,False,False,False,False,False,False,0.0
0063d26078f725bdf3df,grid,train,d9dd723c23a03115ed5a,902ba421b29046d01372669d,740cc64c3d4cbd903386f7f9,9/20,C1,1,2,50,13,True,True,False,False,discovery_grid_train,denoising,740cc64c3d4cbd903386f7f9,902ba421b29046d01372669d,final_prompt,final_prompt,31,self_patch,2f27d28f67c4bf9e779226df,-1.625,-1.625,-1.625,-1.625,0.0,0.0,False,False,False,False,False,False,False,False,False,False,False,0.0
0063d26078f725bdf3df,grid,train,d9dd723c23a03115ed5a,902ba421b29046d01372669d,740cc64c3d4cbd903386f7f9,9/20,C1,1,2,50,13,True,True,False,False,discovery_grid_train,denoising,740cc64c3d4cbd903386f7f9,902ba421b29046d01372669d,answer_prefix,answer_prefix,0,cross_patch,c4511d832b3f01303bfa0a9d,-1.625,-1.5,-1.625,-1.5,0.125,0.125,False,False,False,False,False,False,False,False,False,False,False,0.125
0063d26078f725bdf3df,grid,train,d9dd723c23a03115ed5a,902ba421b29046d01372669d,740cc64c3d4cbd903386f7f9,9/20,C1,1,2,50,13,True,True,False,False,discovery_grid_train,denoising,740cc64c3d4cbd903386f7f9,902ba421b29046d01372669d,answer_prefix,answer_prefix,0,self_patch,b3188613cb9ef646d2c9589c,-1.625,-1.625,-1.625,-1.625,0.0,0.0,False,False,False,False,False,False,False,False,False,False,False,0.0
0063d26078f725bdf3df,grid,train,d9dd723c23a03115ed5a,902ba421b29046d01372669d,740cc64c3d4cbd903386f7f9,9/20,C1,1,2,50,13,True,True,False,False,discovery_grid_train,denoising,740cc64c3d4cbd903386f7f9,902ba421b29046d01372669d,answer_prefix,answer_prefix,1,cross_patch,5d6bf7c01ebc86d3b96c357a,-1.625,-1.625,-1.625,-1.625,0.0,0.0,False,False,False,False,False,False,False,False,False,False,False,0.0
0063d26078f725bdf3df,grid,train,d9dd723c23a03115ed5a,902ba421b29046d01372669d,740cc64c3d4cbd903386f7f9,9/20,C1,1,2,50,13,True,True,False,False,discovery_grid_train,denoising,740cc64c3d4cbd903386f7f9,902ba421b29046d01372669d,answer_prefix,answer_prefix,1,self_patch,a7613cc2fcbe73db59d42655,-1.625,-1.625,-1.625,-1.625,0.0,0.0,False,False,False,False,False,False,False,False,False,False,False,0.0
0063d26078f725bdf3df,grid,train,d9dd723c23a03115ed5a,902ba421b29046d01372669d,740cc64c3d4cbd903386f7f9,9/20,C1,1,2,50,13,True,True,False,False,discovery_grid_train,denoising,740cc64c3d4cbd903386f7f9,902ba421b29046d01372669d,answer_prefix,answer_prefix,2,cross_patch,1430ea16f398a3ffcea7c11d,-1.625,-1.625,-1.625,-1.625,0.0,0.0,False,False,False,False,False,False,False,False,False,False,False,0.0
0063d26078f725bdf3df,grid,train,d9dd723c23a03115ed5a,902ba421b29046d01372669d,740cc64c3d4cbd903386f7f9,9/20,C1,1,2,50,13,True,True,False,False,discovery_grid_train,denoising,740cc64c3d4cbd903386f7f9,902ba421b29046d01372669d,answer_prefix,answer_prefix,2,self_patch,5d1fc8932b7787f0dd33746b,-1.625,-1.625,-1.625,-1.625,0.0,0.0,False,False,False,False,False,False,False,False,False,False,False,0.0
0063d26078f725bdf3df,grid,train,d9dd723c23a03115ed5a,902ba421b29046d01372669d,740cc64c3d4cbd903386f7f9,9/20,C1,1,2,50,13,True,True,False,False,discovery_grid_train,denoising,740cc64c3d4cbd903386f7f9,902ba421b29046d01372669d,answer_prefix,answer_prefix,3,cross_patch,f29864cd07081a3707af9c6a,-1.625,-1.5,-1.625,-1.5,0.125,0.125,False,False,False,False,False,False,False,False,False,False,False,0.125
0063d26078f725bdf3df,grid,train,d9dd723c23a03115ed5a,902ba421b29046d01372669d,740cc64c3d4cbd903386f7f9,9/20,C1,1,2,50,13,True,True,False,False,discovery_grid_train,denoising,740cc64c3d4cbd903386f7f9,902ba421b29046d01372669d,answer_prefix,answer_prefix,3,self_patch,bfeafb3e51b03d55bc75e5d7,-1.625,-1.625,-1.625,-1.625,0.0,0.0,False,False,False,False,False,False,False,False,False,False,False,0.0
0063d26078f725bdf3df,grid,train,d9dd723c23a03115ed5a,902ba421b29046d01372669d,740cc64c3d4cbd903386f7f9,9/20,C1,1,2,50,13,True,True,False,False,discovery_grid_train,denoising,740cc64c3d4cbd903386f7f9,902ba421b29046d01372669d,answer_prefix,answer_prefix,4,cross_patch,0a2c53d493d9abcbf2688121,-1.625,-1.625,-1.625,-1.625,0.0,0.0,False,False,False,False,False,False,False,False,False,False,False,0.0
0063d26078f725bdf3df,grid,train,d9dd723c23a03115ed5a,902ba421b29046d01372669d,740cc64c3d4cbd903386f7f9,9/20,C1,1,2,50,13,True,True,False,False,discovery_grid_train,denoising,740cc64c3d4cbd903386f7f9,902ba421b29046d01372669d,answer_prefix,answer_prefix,4,self_patch,ae9d87bfb06f1d75cf5d150c,-1.625,-1.625,-1.625,-1.625,0.0,0.0,False,False,False,False,False,False,False,False,False,False,False,0.0
0063d26078f725bdf3df,grid,train,d9dd723c23a03115ed5a,902ba421b29046d01372669d,740cc64c3d4cbd903386f7f9,9/20,C1,1,2,50,13,True,True,False,False,discovery_grid_train,denoising,740cc64c3d4cbd903386f7f9,902ba421b29046d01372669d,answer_prefix,answer_prefix,5,cross_patch,f5373a8e12e1ebdfa953a3ad,-1.625,-1.625,-1.625,-1.625,0.0,0.0,False,False,False,False,False,False,False,False,False,False,False,0.0
0063d26078f725bdf3df,grid,train,d9dd723c23a03115ed5a,902ba421b29046d01372669d,740cc64c3d4cbd903386f7f9,9/20,C1,1,2,50,13,True,True,False,False,discovery_grid_train,denoising,740cc64c3d4cbd903386f7f9,902ba421b29046d01372669d,answer_prefix,answer_prefix,5,self_patch,ef4d9632ffa7760bc823ae4f,-1.625,-1.625,-1.625,-1.625,0.0,0.0,False,False,False,False,False,False,False,False,False,False,False,0.0
0063d26078f725bdf3df,grid,train,d9dd723c23a03115ed5a,902ba421b29046d01372669d,740cc64c3d4cbd903386f7f9,9/20,C1,1,2,50,13,True,True,False,False,discovery_grid_train,denoising,740cc64c3d4cbd903386f7f9,902ba421b29046d01372669d,answer_prefix,answer_prefix,6,cross_patch,249d21d1b79f928c9fd6f2f4,-1.625,-1.625,-1.625,-1.625,0.0,0.0,False,False,False,False,False,False,False,False,False,False,False,0.0
0063d26078f725bdf3df,grid,train,d9dd723c23a03115ed5a,902ba421b29046d01372669d,740cc64c3d4cbd903386f7f9,9/20,C1,1,2,50,13,True,True,False,False,discovery_grid_train,denoising,740cc64c3d4cbd903386f7f9,902ba421b29046d01372669d,answer_prefix,answer_prefix,6,self_patch,d74e1d4f97014471800d8e2b,-1.625,-1.625,-1.625,-1.625,0.0,0.0,False,False,False,False,False,False,False,False,False,False,False,0.0
0063d26078f725bdf3df,grid,train,d9dd723c23a03115ed5a,902ba421b29046d01372669d,740cc64c3d4cbd903386f7f9,9/20,C1,1,2,50,13,True,True,False,False,discovery_grid_train,denoising,740cc64c3d4cbd903386f7f9,902ba421b29046d01372669d,answer_prefix,answer_prefix,7,cross_patch,09132950998875605e23d851,-1.625,-1.5,-1.625,-1.5,0.125,0.125,False,False,False,False,False,False,False,False,False,False,False,0.125
0063d26078f725bdf3df,grid,train,d9dd723c23a03115ed5a,902ba421b29046d01372669d,740cc64c3d4cbd903386f7f9,9/20,C1,1,2,50,13,True,True,False,False,discovery_grid_train,denoising,740cc64c3d4cbd903386f7f9,902ba421b29046d01372669d,answer_prefix,answer_prefix,7,self_patch,a8dde6dd50ba0617429c029b,-1.625,-1.625,-1.625,-1.625,0.0,0.0,False,False,False,False,False,False,False,False,False,False,False,0.0
0063d26078f725bdf3df,grid,train,d9dd723c23a03115ed5a,902ba421b29046d01372669d,740cc64c3d4cbd903386f7f9,9/20,C1,1,2,50,13,True,True,False,False,discovery_grid_train,denoising,740cc64c3d4cbd903386f7f9,902ba421b29046d01372669d,answer_prefix,answer_prefix,8,cross_patch,398794707c37806ddbb270bd,-1.625,-1.625,-1.625,-1.625,0.0,0.0,False,False,False,False,False,False,False,False,False,False,False,0.0
0063d26078f725bdf3df,grid,train,d9dd723c23a03115ed5a,902ba421b29046d01372669d,740cc64c3d4cbd903386f7f9,9/20,C1,1,2,50,13,True,True,False,False,discovery_grid_train,denoising,740cc64c3d4cbd903386f7f9,902ba421b29046d01372669d,answer_prefix,answer_prefix,8,self_patch,f6b5c4b0debba69aeb33ad91,-1.625,-1.625,-1.625,-1.625,0.0,0.0,False,False,False,False,False,False,False,False,False,False,False,0.0
0063d26078f725bdf3df,grid,train,d9dd723c23a03115ed5a,902ba421b29046d01372669d,740cc64c3d4cbd903386f7f9,9/20,C1,1,2,50,13,True,True,False,False,discovery_grid_train,denoising,740cc64c3d4cbd903386f7f9,902ba421b29046d01372669d,answer_prefix,answer_prefix,9,cross_patch,002a0f5d28909fde12856e66,-1.625,-1.5,-1.625,-1.5,0.125,0.125,False,False,False,False,False,False,False,False,False,False,False,0.125
0063d26078f725bdf3df,grid,train,d9dd723c23a03115ed5a,902ba421b29046d01372669d,740cc64c3d4cbd903386f7f9,9/20,C1,1,2,50,13,True,True,False,False,discovery_grid_train,denoising,740cc64c3d4cbd903386f7f9,902ba421b29046d01372669d,answer_prefix,answer_prefix,9,self_patch,09382f4f126ecb8bccf9e52e,-1.625,-1.625,-1.625,-1.625,0.0,0.0,False,False,False,False,False,False,False,False,False,False,False,0.0
0063d26078f725bdf3df,grid,train,d9dd723c23a03115ed5a,902ba421b29046d01372669d,740cc64c3d4cbd903386f7f9,9/20,C1,1,2,50,13,True,True,False,False,discovery_grid_train,denoising,740cc64c3d4cbd903386f7f9,902ba421b29046d01372669d,answer_prefix,answer_prefix,10,cross_patch,42d56d01c772e4b0cd281e31,-1.625,-1.625,-1.625,-1.625,0.0,0.0,False,False,False,False,False,False,False,False,False,False,False,0.0
0063d26078f725bdf3df,grid,train,d9dd723c23a03115ed5a,902ba421b29046d01372669d,740cc64c3d4cbd903386f7f9,9/20,C1,1,2,50,13,True,True,False,False,discovery_grid_train,denoising,740cc64c3d4cbd903386f7f9,902ba421b29046d01372669d,answer_prefix,answer_prefix,10,self_patch,df6e03d34ccfdbd6ff27d710,-1.625,-1.625,-1.625,-1.625,0.0,0.0,False,False,False,False,False,False,False,False,False,False,False,0.0
0063d26078f725bdf3df,grid,train,d9dd723c23a03115ed5a,902ba421b29046d01372669d,740cc64c3d4cbd903386f7f9,9/20,C1,1,2,50,13,True,True,False,False,discovery_grid_train,denoising,740cc64c3d4cbd903386f7f9,902ba421b29046d01372669d,answer_prefix,answer_prefix,11,cross_patch,b5f216a0047102d174be851c,-1.625,-1.625,-1.625,-1.625,0.0,0.0,False,False,False,False,False,False,False,False,False,False,False,0.0
0063d26078f725bdf3df,grid,train,d9dd723c23a03115ed5a,902ba421b29046d01372669d,740cc64c3d4cbd903386f7f9,9/20,C1,1,2,50,13,True,True,False,False,discovery_grid_train,denoising,740cc64c3d4cbd903386f7f9,902ba421b29046d01372669d,answer_prefix,answer_prefix,11,self_patch,209ed2c4ad35e4b1d30989ed,-1.625,-1.625,-1.625,-1.625,0.0,0.0,False,False,False,False,False,False,False,False,False,False,False,0.0
0063d26078f725bdf3df,grid,train,d9dd723c23a03115ed5a,902ba421b29046d01372669d,740cc64c3d4cbd903386f7f9,9/20,C1,1,2,50,13,True,True,False,False,discovery_grid_train,denoising,740cc64c3d4cbd903386f7f9,902ba421b29046d01372669d,answer_prefix,answer_prefix,12,cross_patch,0e61aa136562daf2091d197e,-1.625,-1.5,-1.625,-1.5,0.125,0.125,False,False,False,False,False,False,False,False,False,False,False,0.125
0063d26078f725bdf3df,grid,train,d9dd723c23a03115ed5a,902ba421b29046d01372669d,740cc64c3d4cbd903386f7f9,9/20,C1,1,2,50,13,True,True,False,False,discovery_grid_train,denoising,740cc64c3d4cbd903386f7f9,902ba421b29046d01372669d,answer_prefix,answer_prefix,12,self_patch,7a3fba883e6686a52bd51dd0,-1.625,-1.625,-1.625,-1.625,0.0,0.0,False,False,False,False,False,False,False,False,False,False,False,0.0
0063d26078f725bdf3df,grid,train,d9dd723c23a03115ed5a,902ba421b29046d01372669d,740cc64c3d4cbd903386f7f9,9/20,C1,1,2,50,13,True,True,False,False,discovery_grid_train,denoising,740cc64c3d4cbd903386f7f9,902ba421b29046d01372669d,answer_prefix,answer_prefix,13,cross_patch,4b4fc44cf01119e343130427,-1.625,-1.625,-1.625,-1.625,0.0,0.0,False,False,False,False,False,False,False,False,False,False,False,0.0
0063d26078f725bdf3df,grid,train,d9dd723c23a03115ed5a,902ba421b29046d01372669d,740cc64c3d4cbd903386f7f9,9/20,C1,1,2,50,13,True,True,False,False,discovery_grid_train,denoising,740cc64c3d4cbd903386f7f9,902ba421b29046d01372669d,answer_prefix,answer_prefix,13,self_patch,24f7bbd6465e272bf4480ac7,-1.625,-1.625,-1.625,-1.625,0.0,0.0,False,False,False,False,False,False,False,False,False,False,False,0.0
0063d26078f725bdf3df,grid,train,d9dd723c23a03115ed5a,902ba421b29046d01372669d,740cc64c3d4cbd903386f7f9,9/20,C1,1,2,50,13,True,True,False,False,discovery_grid_train,denoising,740cc64c3d4cbd903386f7f9,902ba421b29046d01372669d,answer_prefix,answer_prefix,14,cross_patch,fd4c53c5a01e5601245ce85e,-1.625,-1.625,-1.625,-1.625,0.0,0.0,False,False,False,False,False,False,False,False,False,False,False,0.0
0063d26078f725bdf3df,grid,train,d9dd723c23a03115ed5a,902ba421b29046d01372669d,740cc64c3d4cbd903386f7f9,9/20,C1,1,2,50,13,True,True,False,False,discovery_grid_train,denoising,740cc64c3d4cbd903386f7f9,902ba421b29046d01372669d,answer_prefix,answer_prefix,14,self_patch,8253699e235a64a12b4ed7ef,-1.625,-1.625,-1.625,-1.625,0.0,0.0,False,False,False,False,False,False,False,False,False,False,False,0.0
0063d26078f725bdf3df,grid,train,d9dd723c23a03115ed5a,902ba421b29046d01372669d,740cc64c3d4cbd903386f7f9,9/20,C1,1,2,50,13,True,True,False,False,discovery_grid_train,denoising,740cc64c3d4cbd903386f7f9,902ba421b29046d01372669d,answer_prefix,answer_prefix,15,cross_patch,441d977b7017bd583eb9c340,-1.625,-1.625,-1.625,-1.625,0.0,0.0,False,False,False,False,False,False,False,False,False,False,False,0.0
0063d26078f725bdf3df,grid,train,d9dd723c23a03115ed5a,902ba421b29046d01372669d,740cc64c3d4cbd903386f7f9,9/20,C1,1,2,50,13,True,True,False,False,discovery_grid_train,denoising,740cc64c3d4cbd903386f7f9,902ba421b29046d01372669d,answer_prefix,answer_prefix,15,self_patch,27f0006e1dbcc47786c7d97c,-1.625,-1.625,-1.625,-1.625,0.0,0.0,False,False,False,False,False,False,False,False,False,False,False,0.0
0063d26078f725bdf3df,grid,train,d9dd723c23a03115ed5a,902ba421b29046d01372669d,740cc64c3d4cbd903386f7f9,9/20,C1,1,2,50,13,True,True,False,False,discovery_grid_train,denoising,740cc64c3d4cbd903386f7f9,902ba421b29046d01372669d,answer_prefix,answer_prefix,16,cross_patch,7e640bcfa59e9c2051587c77,-1.625,-1.625,-1.625,-1.625,0.0,0.0,False,False,False,False,False,False,False,False,False,False,False,0.0
0063d26078f725bdf3df,grid,train,d9dd723c23a03115ed5a,902ba421b29046d01372669d,740cc64c3d4cbd903386f7f9,9/20,C1,1,2,50,13,True,True,False,False,discovery_grid_train,denoising,740cc64c3d4cbd903386f7f9,902ba421b29046d01372669d,answer_prefix,answer_prefix,16,self_patch,1b59ff34a20935301d75386e,-1.625,-1.625,-1.625,-1.625,0.0,0.0,False,False,False,False,False,False,False,False,False,False,False,0.0
0063d26078f725bdf3df,grid,train,d9dd723c23a03115ed5a,902ba421b29046d01372669d,740cc64c3d4cbd903386f7f9,9/20,C1,1,2,50,13,True,True,False,False,discovery_grid_train,denoising,740cc64c3d4cbd903386f7f9,902ba421b29046d01372669d,answer_prefix,answer_prefix,17,cross_patch,73d0cedb480d3c68ae43f249,-1.625,-1.625,-1.625,-1.625,0.0,0.0,False,False,False,False,False,False,False,False,False,False,False,0.0
0063d26078f725bdf3df,grid,train,d9dd723c23a03115ed5a,902ba421b29046d01372669d,740cc64c3d4cbd903386f7f9,9/20,C1,1,2,50,13,True,True,False,False,discovery_grid_train,denoising,740cc64c3d4cbd903386f7f9,902ba421b29046d01372669d,answer_prefix,answer_prefix,17,self_patch,91355d61a531e772df3490c1,-1.625,-1.625,-1.625,-1.625,0.0,0.0,False,False,False,False,False,False,False,False,False,False,False,0.0
0063d26078f725bdf3df,grid,train,d9dd723c23a03115ed5a,902ba421b29046d01372669d,740cc64c3d4cbd903386f7f9,9/20,C1,1,2,50,13,True,True,False,False,discovery_grid_train,denoising,740cc64c3d4cbd903386f7f9,902ba421b29046d01372669d,answer_prefix,answer_prefix,18,cross_patch,0b456279dd0cb9d4051b849f,-1.625,-1.625,-1.625,-1.625,0.0,0.0,False,False,False,False,False,False,False,False,False,False,False,0.0
0063d26078f725bdf3df,grid,train,d9dd723c23a03115ed5a,902ba421b29046d01372669d,740cc64c3d4cbd903386f7f9,9/20,C1,1,2,50,13,True,True,False,False,discovery_grid_train,denoising,740cc64c3d4cbd903386f7f9,902ba421b29046d01372669d,answer_prefix,answer_prefix,18,self_patch,07f35e5409c54170ecce6ae3,-1.625,-1.625,-1.625,-1.625,0.0,0.0,False,False,False,False,False,False,False,False,False,False,False,0.0
0063d26078f725bdf3df,grid,train,d9dd723c23a03115ed5a,902ba421b29046d01372669d,740cc64c3d4cbd903386f7f9,9/20,C1,1,2,50,13,True,True,False,False,discovery_grid_train,denoising,740cc64c3d4cbd903386f7f9,902ba421b29046d01372669d,answer_prefix,answer_prefix,19,cross_patch,cca4a88437faa1d251ca8198,-1.625,-1.625,-1.625,-1.625,0.0,0.0,False,False,False,False,False,False,False,False,False,False,False,0.0
0063d26078f725bdf3df,grid,train,d9dd723c23a03115ed5a,902ba421b29046d01372669d,740cc64c3d4cbd903386f7f9,9/20,C1,1,2,50,13,True,True,False,False,discovery_grid_train,denoising,740cc64c3d4cbd903386f7f9,902ba421b29046d01372669d,answer_prefix,answer_prefix,19,self_patch,6d0fd015a9f4218689fa5970,-1.625,-1.625,-1.625,-1.625,0.0,0.0,False,False,False,False,False,False,False,False,False,False,False,0.0
0063d26078f725bdf3df,grid,train,d9dd723c23a03115ed5a,902ba421b29046d01372669d,740cc64c3d4cbd903386f7f9,9/20,C1,1,2,50,13,True,True,False,False,discovery_grid_train,denoising,740cc64c3d4cbd903386f7f9,902ba421b29046d01372669d,answer_prefix,answer_prefix,20,cross_patch,d9e03eb6437ce021a732a4c3,-1.625,-1.5,-1.625,-1.5,0.125,0.125,False,False,False,False,False,False,False,False,False,False,False,0.125
0063d26078f725bdf3df,grid,train,d9dd723c23a03115ed5a,902ba421b29046d01372669d,740cc64c3d4cbd903386f7f9,9/20,C1,1,2,50,13,True,True,False,False,discovery_grid_train,denoising,740cc64c3d4cbd903386f7f9,902ba421b29046d01372669d,answer_prefix,answer_prefix,20,self_patch,fc6f06b7f380fbe4d55c2bcf,-1.625,-1.625,-1.625,-1.625,0.0,0.0,False,False,False,False,False,False,False,False,False,False,False,0.0
0063d26078f725bdf3df,grid,train,d9dd723c23a03115ed5a,902ba421b29046d01372669d,740cc64c3d4cbd903386f7f9,9/20,C1,1,2,50,13,True,True,False,False,discovery_grid_train,denoising,740cc64c3d4cbd903386f7f9,902ba421b29046d01372669d,answer_prefix,answer_prefix,21,cross_patch,098114a1ee68d5298bdb2b92,-1.625,-1.625,-1.625,-1.625,0.0,0.0,False,False,False,False,False,False,False,False,False,False,False,0.0
0063d26078f725bdf3df,grid,train,d9dd723c23a03115ed5a,902ba421b29046d01372669d,740cc64c3d4cbd903386f7f9,9/20,C1,1,2,50,13,True,True,False,False,discovery_grid_train,denoising,740cc64c3d4cbd903386f7f9,902ba421b29046d01372669d,answer_prefix,answer_prefix,21,self_patch,63ad1df17cfc5a9686ee3dc9,-1.625,-1.625,-1.625,-1.625,0.0,0.0,False,False,False,False,False,False,False,False,False,False,False,0.0
0063d26078f725bdf3df,grid,train,d9dd723c23a03115ed5a,902ba421b29046d01372669d,740cc64c3d4cbd903386f7f9,9/20,C1,1,2,50,13,True,True,False,False,discovery_grid_train,denoising,740cc64c3d4cbd903386f7f9,902ba421b29046d01372669d,answer_prefix,answer_prefix,22,cross_patch,6d66a291ec737f26de16b62d,-1.625,-1.5,-1.625,-1.5,0.125,0.125,False,False,False,False,False,False,False,False,False,False,False,0.125
0063d26078f725bdf3df,grid,train,d9dd723c23a03115ed5a,902ba421b29046d01372669d,740cc64c3d4cbd903386f7f9,9/20,C1,1,2,50,13,True,True,False,False,discovery_grid_train,denoising,740cc64c3d4cbd903386f7f9,902ba421b29046d01372669d,answer_prefix,answer_prefix,22,self_patch,0cadc4ff86a3ba8312355228,-1.625,-1.625,-1.625,-1.625,0.0,0.0,False,False,False,False,False,False,False,False,False,False,False,0.0
0063d26078f725bdf3df,grid,train,d9dd723c23a03115ed5a,902ba421b29046d01372669d,740cc64c3d4cbd903386f7f9,9/20,C1,1,2,50,13,True,True,False,False,discovery_grid_train,denoising,740cc64c3d4cbd903386f7f9,902ba421b29046d01372669d,answer_prefix,answer_prefix,23,cross_patch,8635131e96a998487cb75daf,-1.625,-1.5,-1.625,-1.5,0.125,0.125,False,False,False,False,False,False,False,False,False,False,False,0.125
0063d26078f725bdf3df,grid,train,d9dd723c23a03115ed5a,902ba421b29046d01372669d,740cc64c3d4cbd903386f7f9,9/20,C1,1,2,50,13,True,True,False,False,discovery_grid_train,denoising,740cc64c3d4cbd903386f7f9,902ba421b29046d01372669d,answer_prefix,answer_prefix,23,self_patch,beb31a30bff447b009bf7125,-1.625,-1.625,-1.625,-1.625,0.0,0.0,False,False,False,False,False,False,False,False,False,False,False,0.0
0063d26078f725bdf3df,grid,train,d9dd723c23a03115ed5a,902ba421b29046d01372669d,740cc64c3d4cbd903386f7f9,9/20,C1,1,2,50,13,True,True,False,False,discovery_grid_train,denoising,740cc64c3d4cbd903386f7f9,902ba421b29046d01372669d,answer_prefix,answer_prefix,24,cross_patch,98f577fe2d21e14eb0aa4f54,-1.625,-1.375,-1.625,-1.375,0.25,0.25,False,False,False,False,False,False,False,False,False,False,False,0.25
0063d26078f725bdf3df,grid,train,d9dd723c23a03115ed5a,902ba421b29046d01372669d,740cc64c3d4cbd903386f7f9,9/20,C1,1,2,50,13,True,True,False,False,discovery_grid_train,denoising,740cc64c3d4cbd903386f7f9,902ba421b29046d01372669d,answer_prefix,answer_prefix,24,self_patch,e447c430246c0004b968fac4,-1.625,-1.625,-1.625,-1.625,0.0,0.0,False,False,False,False,False,False,False,False,False,False,False,0.0
0063d26078f725bdf3df,grid,train,d9dd723c23a03115ed5a,902ba421b29046d01372669d,740cc64c3d4cbd903386f7f9,9/20,C1,1,2,50,13,True,True,False,False,discovery_grid_train,denoising,740cc64c3d4cbd903386f7f9,902ba421b29046d01372669d,answer_prefix,answer_prefix,25,cross_patch,0efeee2ae3eb33d9ca88ffc1,-1.625,-1.5,-1.625,-1.5,0.125,0.125,False,False,False,False,False,False,False,False,False,False,False,0.125
0063d26078f725bdf3df,grid,train,d9dd723c23a03115ed5a,902ba421b29046d01372669d,740cc64c3d4cbd903386f7f9,9/20,C1,1,2,50,13,True,True,False,False,discovery_grid_train,denoising,740cc64c3d4cbd903386f7f9,902ba421b29046d01372669d,answer_prefix,answer_prefix,25,self_patch,edef184d4f3d448cf6413249,-1.625,-1.625,-1.625,-1.625,0.0,0.0,False,False,False,False,False,False,False,False,False,False,False,0.0
0063d26078f725bdf3df,grid,train,d9dd723c23a03115ed5a,902ba421b29046d01372669d,740cc64c3d4cbd903386f7f9,9/20,C1,1,2,50,13,True,True,False,False,discovery_grid_train,denoising,740cc64c3d4cbd903386f7f9,902ba421b29046d01372669d,answer_prefix,answer_prefix,26,cross_patch,85873541e7870d26bbde0a7e,-1.625,-1.375,-1.625,-1.375,0.25,0.25,False,False,False,False,False,False,False,False,False,False,False,0.25
0063d26078f725bdf3df,grid,train,d9dd723c23a03115ed5a,902ba421b29046d01372669d,740cc64c3d4cbd903386f7f9,9/20,C1,1,2,50,13,True,True,False,False,discovery_grid_train,denoising,740cc64c3d4cbd903386f7f9,902ba421b29046d01372669d,answer_prefix,answer_prefix,26,self_patch,2612c5509526e9e7a39b439c,-1.625,-1.625,-1.625,-1.625,0.0,0.0,False,False,False,False,False,False,False,False,False,False,False,0.0
0063d26078f725bdf3df,grid,train,d9dd723c23a03115ed5a,902ba421b29046d01372669d,740cc64c3d4cbd903386f7f9,9/20,C1,1,2,50,13,True,True,False,False,discovery_grid_train,denoising,740cc64c3d4cbd903386f7f9,902ba421b29046d01372669d,answer_prefix,answer_prefix,27,cross_patch,30ed1a79a683ba8f746bd7fc,-1.625,-1.375,-1.625,-1.375,0.25,0.25,False,False,False,False,False,False,False,False,False,False,False,0.25
0063d26078f725bdf3df,grid,train,d9dd723c23a03115ed5a,902ba421b29046d01372669d,740cc64c3d4cbd903386f7f9,9/20,C1,1,2,50,13,True,True,False,False,discovery_grid_train,denoising,740cc64c3d4cbd903386f7f9,902ba421b29046d01372669d,answer_prefix,answer_prefix,27,self_patch,6937bd89e3e971215e48d47c,-1.625,-1.625,-1.625,-1.625,0.0,0.0,False,False,False,False,False,False,False,False,False,False,False,0.0
0063d26078f725bdf3df,grid,train,d9dd723c23a03115ed5a,902ba421b29046d01372669d,740cc64c3d4cbd903386f7f9,9/20,C1,1,2,50,13,True,True,False,False,discovery_grid_train,denoising,740cc64c3d4cbd903386f7f9,902ba421b29046d01372669d,answer_prefix,answer_prefix,28,cross_patch,5749f3e5ad3e19f08a21330b,-1.625,-1.375,-1.625,-1.375,0.25,0.25,False,False,False,False,False,False,False,False,False,False,False,0.25
0063d26078f725bdf3df,grid,train,d9dd723c23a03115ed5a,902ba421b29046d01372669d,740cc64c3d4cbd903386f7f9,9/20,C1,1,2,50,13,True,True,False,False,discovery_grid_train,denoising,740cc64c3d4cbd903386f7f9,902ba421b29046d01372669d,answer_prefix,answer_prefix,28,self_patch,7c0ef79e9fd886153e9634cf,-1.625,-1.625,-1.625,-1.625,0.0,0.0,False,False,False,False,False,False,False,False,False,False,False,0.0
0063d26078f725bdf3df,grid,train,d9dd723c23a03115ed5a,902ba421b29046d01372669d,740cc64c3d4cbd903386f7f9,9/20,C1,1,2,50,13,True,True,False,False,discovery_grid_train,denoising,740cc64c3d4cbd903386f7f9,902ba421b29046d01372669d,answer_prefix,answer_prefix,29,cross_patch,903085d223ca124530c84a7c,-1.625,-1.125,-1.625,-1.125,0.5,0.5,False,False,False,False,False,False,False,False,False,False,False,0.5
0063d26078f725bdf3df,grid,train,d9dd723c23a03115ed5a,902ba421b29046d01372669d,740cc64c3d4cbd903386f7f9,9/20,C1,1,2,50,13,True,True,False,False,discovery_grid_train,denoising,740cc64c3d4cbd903386f7f9,902ba421b29046d01372669d,answer_prefix,answer_prefix,29,self_patch,2e6fbbf03fb2aa92fefae8f9,-1.625,-1.625,-1.625,-1.625,0.0,0.0,False,False,False,False,False,False,False,False,False,False,False,0.0
0063d26078f725bdf3df,grid,train,d9dd723c23a03115ed5a,902ba421b29046d01372669d,740cc64c3d4cbd903386f7f9,9/20,C1,1,2,50,13,True,True,False,False,discovery_grid_train,denoising,740cc64c3d4cbd903386f7f9,902ba421b29046d01372669d,answer_prefix,answer_prefix,30,cross_patch,590d4dadd6ad111e3ef39b4c,-1.625,0.25,-1.625,0.25,1.875,1.875,False,True,False,True,True,False,True,False,True,True,False,1.875
0063d26078f725bdf3df,grid,train,d9dd723c23a03115ed5a,902ba421b29046d01372669d,740cc64c3d4cbd903386f7f9,9/20,C1,1,2,50,13,True,True,False,False,discovery_grid_train,denoising,740cc64c3d4cbd903386f7f9,902ba421b29046d01372669d,answer_prefix,answer_prefix,30,self_patch,1709f85052c30c50639019e6,-1.625,-1.625,-1.625,-1.625,0.0,0.0,False,False,False,False,False,False,False,False,False,False,False,0.0
0063d26078f725bdf3df,grid,train,d9dd723c23a03115ed5a,902ba421b29046d01372669d,740cc64c3d4cbd903386f7f9,9/20,C1,1,2,50,13,True,True,False,False,discovery_grid_train,denoising,740cc64c3d4cbd903386f7f9,902ba421b29046d01372669d,answer_prefix,answer_prefix,31,cross_patch,6d6f9b60619ae1e5a849f8f3,-1.625,0.5,-1.625,0.5,2.125,2.125,False,True,False,True,True,False,True,False,True,True,False,2.125
0063d26078f725bdf3df,grid,train,d9dd723c23a03115ed5a,902ba421b29046d01372669d,740cc64c3d4cbd903386f7f9,9/20,C1,1,2,50,13,True,True,False,False,discovery_grid_train,denoising,740cc64c3d4cbd903386f7f9,902ba421b29046d01372669d,answer_prefix,answer_prefix,31,self_patch,d81a89c6de8fbb0b771187cc,-1.625,-1.625,-1.625,-1.625,0.0,0.0,False,False,False,False,False,False,False,False,False,False,False,0.0
0063d26078f725bdf3df,grid,train,d9dd723c23a03115ed5a,902ba421b29046d01372669d,740cc64c3d4cbd903386f7f9,9/20,C1,1,2,50,13,True,True,False,False,discovery_grid_train,noising,902ba421b29046d01372669d,740cc64c3d4cbd903386f7f9,final_prompt,final_prompt,0,cross_patch,7ad96c6da86b14c706029929,0.5,0.5,0.5,0.5,0.0,0.0,True,True,True,True,False,False,False,False,False,False,False,-0.0
0063d26078f725bdf3df,grid,train,d9dd723c23a03115ed5a,902ba421b29046d01372669d,740cc64c3d4cbd903386f7f9,9/20,C1,1,2,50,13,True,True,False,False,discovery_grid_train,noising,902ba421b29046d01372669d,740cc64c3d4cbd903386f7f9,final_prompt,final_prompt,0,self_patch,64c870bd883af9764c3b85e6,0.5,0.5,0.5,0.5,0.0,0.0,True,True,True,True,False,False,False,False,False,False,False,-0.0
0063d26078f725bdf3df,grid,train,d9dd723c23a03115ed5a,902ba421b29046d01372669d,740cc64c3d4cbd903386f7f9,9/20,C1,1,2,50,13,True,True,False,False,discovery_grid_train,noising,902ba421b29046d01372669d,740cc64c3d4cbd903386f7f9,final_prompt,final_prompt,1,cross_patch,84077f678cdc468993a3f349,0.5,0.5,0.5,0.5,0.0,0.0,True,True,True,True,False,False,False,False,False,False,False,-0.0
0063d26078f725bdf3df,grid,train,d9dd723c23a03115ed5a,902ba421b29046d01372669d,740cc64c3d4cbd903386f7f9,9/20,C1,1,2,50,13,True,True,False,False,discovery_grid_train,noising,902ba421b29046d01372669d,740cc64c3d4cbd903386f7f9,final_prompt,final_prompt,1,self_patch,11f52717fb910b17074e94dd,0.5,0.5,0.5,0.5,0.0,0.0,True,True,True,True,False,False,False,False,False,False,False,-0.0
0063d26078f725bdf3df,grid,train,d9dd723c23a03115ed5a,902ba421b29046d01372669d,740cc64c3d4cbd903386f7f9,9/20,C1,1,2,50,13,True,True,False,False,discovery_grid_train,noising,902ba421b29046d01372669d,740cc64c3d4cbd903386f7f9,final_prompt,final_prompt,2,cross_patch,dbfab74bd61ef6d82d80c35d,0.5,0.5,0.5,0.5,0.0,0.0,True,True,True,True,False,False,False,False,False,False,False,-0.0
0063d26078f725bdf3df,grid,train,d9dd723c23a03115ed5a,902ba421b29046d01372669d,740cc64c3d4cbd903386f7f9,9/20,C1,1,2,50,13,True,True,False,False,discovery_grid_train,noising,902ba421b29046d01372669d,740cc64c3d4cbd903386f7f9,final_prompt,final_prompt,2,self_patch,6d056c48681042c977ac3a06,0.5,0.5,0.5,0.5,0.0,0.0,True,True,True,True,False,False,False,False,False,False,False,-0.0
0063d26078f725bdf3df,grid,train,d9dd723c23a03115ed5a,902ba421b29046d01372669d,740cc64c3d4cbd903386f7f9,9/20,C1,1,2,50,13,True,True,False,False,discovery_grid_train,noising,902ba421b29046d01372669d,740cc64c3d4cbd903386f7f9,final_prompt,final_prompt,3,cross_patch,4f9202720ac49198f080fc30,0.5,0.5,0.5,0.5,0.0,0.0,True,True,True,True,False,False,False,False,False,False,False,-0.0
0063d26078f725bdf3df,grid,train,d9dd723c23a03115ed5a,902ba421b29046d01372669d,740cc64c3d4cbd903386f7f9,9/20,C1,1,2,50,13,True,True,False,False,discovery_grid_train,noising,902ba421b29046d01372669d,740cc64c3d4cbd903386f7f9,final_prompt,final_prompt,3,self_patch,c1e8f3c988d5a74bbd36b31c,0.5,0.5,0.5,0.5,0.0,0.0,True,True,True,True,False,False,False,False,False,False,False,-0.0
0063d26078f725bdf3df,grid,train,d9dd723c23a03115ed5a,902ba421b29046d01372669d,740cc64c3d4cbd903386f7f9,9/20,C1,1,2,50,13,True,True,False,False,discovery_grid_train,noising,902ba421b29046d01372669d,740cc64c3d4cbd903386f7f9,final_prompt,final_prompt,4,cross_patch,dccb1922519b4101d0b937c8,0.5,0.5,0.5,0.5,0.0,0.0,True,True,True,True,False,False,False,False,False,False,False,-0.0
0063d26078f725bdf3df,grid,train,d9dd723c23a03115ed5a,902ba421b29046d01372669d,740cc64c3d4cbd903386f7f9,9/20,C1,1,2,50,13,True,True,False,False,discovery_grid_train,noising,902ba421b29046d01372669d,740cc64c3d4cbd903386f7f9,final_prompt,final_prompt,4,self_patch,70693a144d89001740eda6c6,0.5,0.5,0.5,0.5,0.0,0.0,True,True,True,True,False,False,False,False,False,False,False,-0.0
0063d26078f725bdf3df,grid,train,d9dd723c23a03115ed5a,902ba421b29046d01372669d,740cc64c3d4cbd903386f7f9,9/20,C1,1,2,50,13,True,True,False,False,discovery_grid_train,noising,902ba421b29046d01372669d,740cc64c3d4cbd903386f7f9,final_prompt,final_prompt,5,cross_patch,568895074a6b9f29eb86873e,0.5,0.375,0.5,0.375,-0.125,-0.125,True,True,True,True,False,False,False,False,False,False,False,0.125
0063d26078f725bdf3df,grid,train,d9dd723c23a03115ed5a,902ba421b29046d01372669d,740cc64c3d4cbd903386f7f9,9/20,C1,1,2,50,13,True,True,False,False,discovery_grid_train,noising,902ba421b29046d01372669d,740cc64c3d4cbd903386f7f9,final_prompt,final_prompt,5,self_patch,231e5fd8175c9c2983637654,0.5,0.5,0.5,0.5,0.0,0.0,True,True,True,True,False,False,False,False,False,False,False,-0.0
0063d26078f725bdf3df,grid,train,d9dd723c23a03115ed5a,902ba421b29046d01372669d,740cc64c3d4cbd903386f7f9,9/20,C1,1,2,50,13,True,True,False,False,discovery_grid_train,noising,902ba421b29046d01372669d,740cc64c3d4cbd903386f7f9,final_prompt,final_prompt,6,cross_patch,1cd0c9f91e06aeccfbd79c92,0.5,0.5,0.5,0.5,0.0,0.0,True,True,True,True,False,False,False,False,False,False,False,-0.0
0063d26078f725bdf3df,grid,train,d9dd723c23a03115ed5a,902ba421b29046d01372669d,740cc64c3d4cbd903386f7f9,9/20,C1,1,2,50,13,True,True,False,False,discovery_grid_train,noising,902ba421b29046d01372669d,740cc64c3d4cbd903386f7f9,final_prompt,final_prompt,6,self_patch,57d9d057e2cf74247912f018,0.5,0.5,0.5,0.5,0.0,0.0,True,True,True,True,False,False,False,False,False,False,False,-0.0
0063d26078f725bdf3df,grid,train,d9dd723c23a03115ed5a,902ba421b29046d01372669d,740cc64c3d4cbd903386f7f9,9/20,C1,1,2,50,13,True,True,False,False,discovery_grid_train,noising,902ba421b29046d01372669d,740cc64c3d4cbd903386f7f9,final_prompt,final_prompt,7,cross_patch,eeebb780d47c40d2ae1bb659,0.5,0.5,0.5,0.5,0.0,0.0,True,True,True,True,False,False,False,False,False,False,False,-0.0
0063d26078f725bdf3df,grid,train,d9dd723c23a03115ed5a,902ba421b29046d01372669d,740cc64c3d4cbd903386f7f9,9/20,C1,1,2,50,13,True,True,False,False,discovery_grid_train,noising,902ba421b29046d01372669d,740cc64c3d4cbd903386f7f9,final_prompt,final_prompt,7,self_patch,a0edf2bad5e1a975d89f33ed,0.5,0.5,0.5,0.5,0.0,0.0,True,True,True,True,False,False,False,False,False,False,False,-0.0
0063d26078f725bdf3df,grid,train,d9dd723c23a03115ed5a,902ba421b29046d01372669d,740cc64c3d4cbd903386f7f9,9/20,C1,1,2,50,13,True,True,False,False,discovery_grid_train,noising,902ba421b29046d01372669d,740cc64c3d4cbd903386f7f9,final_prompt,final_prompt,8,cross_patch,b76d4256d2d6a67204854424,0.5,0.5,0.5,0.5,0.0,0.0,True,True,True,True,False,False,False,False,False,False,False,-0.0
0063d26078f725bdf3df,grid,train,d9dd723c23a03115ed5a,902ba421b29046d01372669d,740cc64c3d4cbd903386f7f9,9/20,C1,1,2,50,13,True,True,False,False,discovery_grid_train,noising,902ba421b29046d01372669d,740cc64c3d4cbd903386f7f9,final_prompt,final_prompt,8,self_patch,2246f02c50af4ca1ebaa1ddf,0.5,0.5,0.5,0.5,0.0,0.0,True,True,True,True,False,False,False,False,False,False,False,-0.0
0063d26078f725bdf3df,grid,train,d9dd723c23a03115ed5a,902ba421b29046d01372669d,740cc64c3d4cbd903386f7f9,9/20,C1,1,2,50,13,True,True,False,False,discovery_grid_train,noising,902ba421b29046d01372669d,740cc64c3d4cbd903386f7f9,final_prompt,final_prompt,9,cross_patch,d460db348c17678036bc28e8,0.5,0.5,0.5,0.5,0.0,0.0,True,True,True,True,False,False,False,False,False,False,False,-0.0
0063d26078f725bdf3df,grid,train,d9dd723c23a03115ed5a,902ba421b29046d01372669d,740cc64c3d4cbd903386f7f9,9/20,C1,1,2,50,13,True,True,False,False,discovery_grid_train,noising,902ba421b29046d01372669d,740cc64c3d4cbd903386f7f9,final_prompt,final_prompt,9,self_patch,e89662360b9b485d178ce944,0.5,0.5,0.5,0.5,0.0,0.0,True,True,True,True,False,False,False,False,False,False,False,-0.0
0063d26078f725bdf3df,grid,train,d9dd723c23a03115ed5a,902ba421b29046d01372669d,740cc64c3d4cbd903386f7f9,9/20,C1,1,2,50,13,True,True,False,False,discovery_grid_train,noising,902ba421b29046d01372669d,740cc64c3d4cbd903386f7f9,final_prompt,final_prompt,10,cross_patch,c9ac0e78b6dba01b34b7f776,0.5,0.5,0.5,0.5,0.0,0.0,True,True,True,True,False,False,False,False,False,False,False,-0.0
0063d26078f725bdf3df,grid,train,d9dd723c23a03115ed5a,902ba421b29046d01372669d,740cc64c3d4cbd903386f7f9,9/20,C1,1,2,50,13,True,True,False,False,discovery_grid_train,noising,902ba421b29046d01372669d,740cc64c3d4cbd903386f7f9,final_prompt,final_prompt,10,self_patch,b1502d8d713c9f2efd3b2939,0.5,0.5,0.5,0.5,0.0,0.0,True,True,True,True,False,False,False,False,False,False,False,-0.0
0063d26078f725bdf3df,grid,train,d9dd723c23a03115ed5a,902ba421b29046d01372669d,740cc64c3d4cbd903386f7f9,9/20,C1,1,2,50,13,True,True,False,False,discovery_grid_train,noising,902ba421b29046d01372669d,740cc64c3d4cbd903386f7f9,final_prompt,final_prompt,11,cross_patch,691c64aaefbf700202a980bc,0.5,0.5,0.5,0.5,0.0,0.0,True,True,True,True,False,False,False,False,False,False,False,-0.0
0063d26078f725bdf3df,grid,train,d9dd723c23a03115ed5a,902ba421b29046d01372669d,740cc64c3d4cbd903386f7f9,9/20,C1,1,2,50,13,True,True,False,False,discovery_grid_train,noising,902ba421b29046d01372669d,740cc64c3d4cbd903386f7f9,final_prompt,final_prompt,11,self_patch,67a80bc390706a5e5cd7931d,0.5,0.5,0.5,0.5,0.0,0.0,True,True,True,True,False,False,False,False,False,False,False,-0.0
0063d26078f725bdf3df,grid,train,d9dd723c23a03115ed5a,902ba421b29046d01372669d,740cc64c3d4cbd903386f7f9,9/20,C1,1,2,50,13,True,True,False,False,discovery_grid_train,noising,902ba421b29046d01372669d,740cc64c3d4cbd903386f7f9,final_prompt,final_prompt,12,cross_patch,caf862a6d97432fc78d72154,0.5,0.5,0.5,0.5,0.0,0.0,True,True,True,True,False,False,False,False,False,False,False,-0.0
0063d26078f725bdf3df,grid,train,d9dd723c23a03115ed5a,902ba421b29046d01372669d,740cc64c3d4cbd903386f7f9,9/20,C1,1,2,50,13,True,True,False,False,discovery_grid_train,noising,902ba421b29046d01372669d,740cc64c3d4cbd903386f7f9,final_prompt,final_prompt,12,self_patch,e90dac19c5ee1153a38a90c8,0.5,0.5,0.5,0.5,0.0,0.0,True,True,True,True,False,False,False,False,False,False,False,-0.0
0063d26078f725bdf3df,grid,train,d9dd723c23a03115ed5a,902ba421b29046d01372669d,740cc64c3d4cbd903386f7f9,9/20,C1,1,2,50,13,True,True,False,False,discovery_grid_train,noising,902ba421b29046d01372669d,740cc64c3d4cbd903386f7f9,final_prompt,final_prompt,13,cross_patch,85fd333c1390cb32930a2f8b,0.5,0.375,0.5,0.375,-0.125,-0.125,True,True,True,True,False,False,False,False,False,False,False,0.125
0063d26078f725bdf3df,grid,train,d9dd723c23a03115ed5a,902ba421b29046d01372669d,740cc64c3d4cbd903386f7f9,9/20,C1,1,2,50,13,True,True,False,False,discovery_grid_train,noising,902ba421b29046d01372669d,740cc64c3d4cbd903386f7f9,final_prompt,final_prompt,13,self_patch,59c359cab70c25c4d277f024,0.5,0.5,0.5,0.5,0.0,0.0,True,True,True,True,False,False,False,False,False,False,False,-0.0
0063d26078f725bdf3df,grid,train,d9dd723c23a03115ed5a,902ba421b29046d01372669d,740cc64c3d4cbd903386f7f9,9/20,C1,1,2,50,13,True,True,False,False,discovery_grid_train,noising,902ba421b29046d01372669d,740cc64c3d4cbd903386f7f9,final_prompt,final_prompt,14,cross_patch,bfdd924aa8a303aa9a2efee6,0.5,0.5,0.5,0.5,0.0,0.0,True,True,True,True,False,False,False,False,False,False,False,-0.0
0063d26078f725bdf3df,grid,train,d9dd723c23a03115ed5a,902ba421b29046d01372669d,740cc64c3d4cbd903386f7f9,9/20,C1,1,2,50,13,True,True,False,False,discovery_grid_train,noising,902ba421b29046d01372669d,740cc64c3d4cbd903386f7f9,final_prompt,final_prompt,14,self_patch,72a464a83fea22c4d84b55d3,0.5,0.5,0.5,0.5,0.0,0.0,True,True,True,True,False,False,False,False,False,False,False,-0.0
0063d26078f725bdf3df,grid,train,d9dd723c23a03115ed5a,902ba421b29046d01372669d,740cc64c3d4cbd903386f7f9,9/20,C1,1,2,50,13,True,True,False,False,discovery_grid_train,noising,902ba421b29046d01372669d,740cc64c3d4cbd903386f7f9,final_prompt,final_prompt,15,cross_patch,f050ff328c524a9c0073d967,0.5,0.5,0.5,0.5,0.0,0.0,True,True,True,True,False,False,False,False,False,False,False,-0.0
0063d26078f725bdf3df,grid,train,d9dd723c23a03115ed5a,902ba421b29046d01372669d,740cc64c3d4cbd903386f7f9,9/20,C1,1,2,50,13,True,True,False,False,discovery_grid_train,noising,902ba421b29046d01372669d,740cc64c3d4cbd903386f7f9,final_prompt,final_prompt,15,self_patch,c79d63d30835ab5ca0f44f45,0.5,0.5,0.5,0.5,0.0,0.0,True,True,True,True,False,False,False,False,False,False,False,-0.0
0063d26078f725bdf3df,grid,train,d9dd723c23a03115ed5a,902ba421b29046d01372669d,740cc64c3d4cbd903386f7f9,9/20,C1,1,2,50,13,True,True,False,False,discovery_grid_train,noising,902ba421b29046d01372669d,740cc64c3d4cbd903386f7f9,final_prompt,final_prompt,16,cross_patch,55542b737519cdae9a587b92,0.5,0.5,0.5,0.5,0.0,0.0,True,True,True,True,False,False,False,False,False,False,False,-0.0
0063d26078f725bdf3df,grid,train,d9dd723c23a03115ed5a,902ba421b29046d01372669d,740cc64c3d4cbd903386f7f9,9/20,C1,1,2,50,13,True,True,False,False,discovery_grid_train,noising,902ba421b29046d01372669d,740cc64c3d4cbd903386f7f9,final_prompt,final_prompt,16,self_patch,563c78126d9b893beea35bad,0.5,0.5,0.5,0.5,0.0,0.0,True,True,True,True,False,False,False,False,False,False,False,-0.0
0063d26078f725bdf3df,grid,train,d9dd723c23a03115ed5a,902ba421b29046d01372669d,740cc64c3d4cbd903386f7f9,9/20,C1,1,2,50,13,True,True,False,False,discovery_grid_train,noising,902ba421b29046d01372669d,740cc64c3d4cbd903386f7f9,final_prompt,final_prompt,17,cross_patch,af456245c80ba141f8971800,0.5,0.5,0.5,0.5,0.0,0.0,True,True,True,True,False,False,False,False,False,False,False,-0.0
0063d26078f725bdf3df,grid,train,d9dd723c23a03115ed5a,902ba421b29046d01372669d,740cc64c3d4cbd903386f7f9,9/20,C1,1,2,50,13,True,True,False,False,discovery_grid_train,noising,902ba421b29046d01372669d,740cc64c3d4cbd903386f7f9,final_prompt,final_prompt,17,self_patch,885872bd376100383d84fc60,0.5,0.5,0.5,0.5,0.0,0.0,True,True,True,True,False,False,False,False,False,False,False,-0.0
0063d26078f725bdf3df,grid,train,d9dd723c23a03115ed5a,902ba421b29046d01372669d,740cc64c3d4cbd903386f7f9,9/20,C1,1,2,50,13,True,True,False,False,discovery_grid_train,noising,902ba421b29046d01372669d,740cc64c3d4cbd903386f7f9,final_prompt,final_prompt,18,cross_patch,b7b6dd5d536dbd11dea4dbd3,0.5,0.5,0.5,0.5,0.0,0.0,True,True,True,True,False,False,False,False,False,False,False,-0.0
0063d26078f725bdf3df,grid,train,d9dd723c23a03115ed5a,902ba421b29046d01372669d,740cc64c3d4cbd903386f7f9,9/20,C1,1,2,50,13,True,True,False,False,discovery_grid_train,noising,902ba421b29046d01372669d,740cc64c3d4cbd903386f7f9,final_prompt,final_prompt,18,self_patch,616121fa34fbef2d323b2d48,0.5,0.5,0.5,0.5,0.0,0.0,True,True,True,True,False,False,False,False,False,False,False,-0.0
0063d26078f725bdf3df,grid,train,d9dd723c23a03115ed5a,902ba421b29046d01372669d,740cc64c3d4cbd903386f7f9,9/20,C1,1,2,50,13,True,True,False,False,discovery_grid_train,noising,902ba421b29046d01372669d,740cc64c3d4cbd903386f7f9,final_prompt,final_prompt,19,cross_patch,881c01275946257caa49f3b8,0.5,0.5,0.5,0.5,0.0,0.0,True,True,True,True,False,False,False,False,False,False,False,-0.0
0063d26078f725bdf3df,grid,train,d9dd723c23a03115ed5a,902ba421b29046d01372669d,740cc64c3d4cbd903386f7f9,9/20,C1,1,2,50,13,True,True,False,False,discovery_grid_train,noising,902ba421b29046d01372669d,740cc64c3d4cbd903386f7f9,final_prompt,final_prompt,19,self_patch,6715a00a7f98202a15e67c14,0.5,0.5,0.5,0.5,0.0,0.0,True,True,True,True,False,False,False,False,False,False,False,-0.0
0063d26078f725bdf3df,grid,train,d9dd723c23a03115ed5a,902ba421b29046d01372669d,740cc64c3d4cbd903386f7f9,9/20,C1,1,2,50,13,True,True,False,False,discovery_grid_train,noising,902ba421b29046d01372669d,740cc64c3d4cbd903386f7f9,final_prompt,final_prompt,20,cross_patch,451e8972f5fce2461959cfdf,0.5,0.5,0.5,0.5,0.0,0.0,True,True,True,True,False,False,False,False,False,False,False,-0.0
0063d26078f725bdf3df,grid,train,d9dd723c23a03115ed5a,902ba421b29046d01372669d,740cc64c3d4cbd903386f7f9,9/20,C1,1,2,50,13,True,True,False,False,discovery_grid_train,noising,902ba421b29046d01372669d,740cc64c3d4cbd903386f7f9,final_prompt,final_prompt,20,self_patch,241dc94054373fd6ff3c9ae3,0.5,0.5,0.5,0.5,0.0,0.0,True,True,True,True,False,False,False,False,False,False,False,-0.0
0063d26078f725bdf3df,grid,train,d9dd723c23a03115ed5a,902ba421b29046d01372669d,740cc64c3d4cbd903386f7f9,9/20,C1,1,2,50,13,True,True,False,False,discovery_grid_train,noising,902ba421b29046d01372669d,740cc64c3d4cbd903386f7f9,final_prompt,final_prompt,21,cross_patch,a77fb7bec4c03c34d235dbaf,0.5,0.5,0.5,0.5,0.0,0.0,True,True,True,True,False,False,False,False,False,False,False,-0.0
0063d26078f725bdf3df,grid,train,d9dd723c23a03115ed5a,902ba421b29046d01372669d,740cc64c3d4cbd903386f7f9,9/20,C1,1,2,50,13,True,True,False,False,discovery_grid_train,noising,902ba421b29046d01372669d,740cc64c3d4cbd903386f7f9,final_prompt,final_prompt,21,self_patch,a2e68123c9d872437d39d3c3,0.5,0.5,0.5,0.5,0.0,0.0,True,True,True,True,False,False,False,False,False,False,False,-0.0
0063d26078f725bdf3df,grid,train,d9dd723c23a03115ed5a,902ba421b29046d01372669d,740cc64c3d4cbd903386f7f9,9/20,C1,1,2,50,13,True,True,False,False,discovery_grid_train,noising,902ba421b29046d01372669d,740cc64c3d4cbd903386f7f9,final_prompt,final_prompt,22,cross_patch,c99df6f0a26ffdedb5c4134a,0.5,0.5,0.5,0.5,0.0,0.0,True,True,True,True,False,False,False,False,False,False,False,-0.0
0063d26078f725bdf3df,grid,train,d9dd723c23a03115ed5a,902ba421b29046d01372669d,740cc64c3d4cbd903386f7f9,9/20,C1,1,2,50,13,True,True,False,False,discovery_grid_train,noising,902ba421b29046d01372669d,740cc64c3d4cbd903386f7f9,final_prompt,final_prompt,22,self_patch,7ba4ee3d7e348f96241ff0ca,0.5,0.5,0.5,0.5,0.0,0.0,True,True,True,True,False,False,False,False,False,False,False,-0.0
0063d26078f725bdf3df,grid,train,d9dd723c23a03115ed5a,902ba421b29046d01372669d,740cc64c3d4cbd903386f7f9,9/20,C1,1,2,50,13,True,True,False,False,discovery_grid_train,noising,902ba421b29046d01372669d,740cc64c3d4cbd903386f7f9,final_prompt,final_prompt,23,cross_patch,74c937a288ce62b5bdf66cb2,0.5,0.5,0.5,0.5,0.0,0.0,True,True,True,True,False,False,False,False,False,False,False,-0.0
0063d26078f725bdf3df,grid,train,d9dd723c23a03115ed5a,902ba421b29046d01372669d,740cc64c3d4cbd903386f7f9,9/20,C1,1,2,50,13,True,True,False,False,discovery_grid_train,noising,902ba421b29046d01372669d,740cc64c3d4cbd903386f7f9,final_prompt,final_prompt,23,self_patch,eef1c624a59691c70721c6c2,0.5,0.5,0.5,0.5,0.0,0.0,True,True,True,True,False,False,False,False,False,False,False,-0.0
0063d26078f725bdf3df,grid,train,d9dd723c23a03115ed5a,902ba421b29046d01372669d,740cc64c3d4cbd903386f7f9,9/20,C1,1,2,50,13,True,True,False,False,discovery_grid_train,noising,902ba421b29046d01372669d,740cc64c3d4cbd903386f7f9,final_prompt,final_prompt,24,cross_patch,30deecd5e0b3e2015c648b9a,0.5,0.375,0.5,0.375,-0.125,-0.125,True,True,True,True,False,False,False,False,False,False,False,0.125
0063d26078f725bdf3df,grid,train,d9dd723c23a03115ed5a,902ba421b29046d01372669d,740cc64c3d4cbd903386f7f9,9/20,C1,1,2,50,13,True,True,False,False,discovery_grid_train,noising,902ba421b29046d01372669d,740cc64c3d4cbd903386f7f9,final_prompt,final_prompt,24,self_patch,d783b315eb46591363b4dce9,0.5,0.5,0.5,0.5,0.0,0.0,True,True,True,True,False,False,False,False,False,False,False,-0.0
0063d26078f725bdf3df,grid,train,d9dd723c23a03115ed5a,902ba421b29046d01372669d,740cc64c3d4cbd903386f7f9,9/20,C1,1,2,50,13,True,True,False,False,discovery_grid_train,noising,902ba421b29046d01372669d,740cc64c3d4cbd903386f7f9,final_prompt,final_prompt,25,cross_patch,bcee8b31f767644c729fe2a2,0.5,0.5,0.5,0.5,0.0,0.0,True,True,True,True,False,False,False,False,False,False,False,-0.0
0063d26078f725bdf3df,grid,train,d9dd723c23a03115ed5a,902ba421b29046d01372669d,740cc64c3d4cbd903386f7f9,9/20,C1,1,2,50,13,True,True,False,False,discovery_grid_train,noising,902ba421b29046d01372669d,740cc64c3d4cbd903386f7f9,final_prompt,final_prompt,25,self_patch,3a12faf6424c6354abe4d02c,0.5,0.5,0.5,0.5,0.0,0.0,True,True,True,True,False,False,False,False,False,False,False,-0.0
0063d26078f725bdf3df,grid,train,d9dd723c23a03115ed5a,902ba421b29046d01372669d,740cc64c3d4cbd903386f7f9,9/20,C1,1,2,50,13,True,True,False,False,discovery_grid_train,noising,902ba421b29046d01372669d,740cc64c3d4cbd903386f7f9,final_prompt,final_prompt,26,cross_patch,5ea84304a6d972db1fc9b63b,0.5,0.375,0.5,0.375,-0.125,-0.125,True,True,True,True,False,False,False,False,False,False,False,0.125
0063d26078f725bdf3df,grid,train,d9dd723c23a03115ed5a,902ba421b29046d01372669d,740cc64c3d4cbd903386f7f9,9/20,C1,1,2,50,13,True,True,False,False,discovery_grid_train,noising,902ba421b29046d01372669d,740cc64c3d4cbd903386f7f9,final_prompt,final_prompt,26,self_patch,e42caf5970badae9671b6245,0.5,0.5,0.5,0.5,0.0,0.0,True,True,True,True,False,False,False,False,False,False,False,-0.0
0063d26078f725bdf3df,grid,train,d9dd723c23a03115ed5a,902ba421b29046d01372669d,740cc64c3d4cbd903386f7f9,9/20,C1,1,2,50,13,True,True,False,False,discovery_grid_train,noising,902ba421b29046d01372669d,740cc64c3d4cbd903386f7f9,final_prompt,final_prompt,27,cross_patch,782604f2f32a6755552eee33,0.5,0.375,0.5,0.375,-0.125,-0.125,True,True,True,True,False,False,False,False,False,False,False,0.125
0063d26078f725bdf3df,grid,train,d9dd723c23a03115ed5a,902ba421b29046d01372669d,740cc64c3d4cbd903386f7f9,9/20,C1,1,2,50,13,True,True,False,False,discovery_grid_train,noising,902ba421b29046d01372669d,740cc64c3d4cbd903386f7f9,final_prompt,final_prompt,27,self_patch,be5f66b9d5ab0560e242ffa1,0.5,0.5,0.5,0.5,0.0,0.0,True,True,True,True,False,False,False,False,False,False,False,-0.0
0063d26078f725bdf3df,grid,train,d9dd723c23a03115ed5a,902ba421b29046d01372669d,740cc64c3d4cbd903386f7f9,9/20,C1,1,2,50,13,True,True,False,False,discovery_grid_train,noising,902ba421b29046d01372669d,740cc64c3d4cbd903386f7f9,final_prompt,final_prompt,28,cross_patch,433dc6089081415f6d863c8f,0.5,0.375,0.5,0.375,-0.125,-0.125,True,True,True,True,False,False,False,False,False,False,False,0.125
0063d26078f725bdf3df,grid,train,d9dd723c23a03115ed5a,902ba421b29046d01372669d,740cc64c3d4cbd903386f7f9,9/20,C1,1,2,50,13,True,True,False,False,discovery_grid_train,noising,902ba421b29046d01372669d,740cc64c3d4cbd903386f7f9,final_prompt,final_prompt,28,self_patch,1bd7bd0dd9a34253b5ba5b22,0.5,0.5,0.5,0.5,0.0,0.0,True,True,True,True,False,False,False,False,False,False,False,-0.0
0063d26078f725bdf3df,grid,train,d9dd723c23a03115ed5a,902ba421b29046d01372669d,740cc64c3d4cbd903386f7f9,9/20,C1,1,2,50,13,True,True,False,False,discovery_grid_train,noising,902ba421b29046d01372669d,740cc64c3d4cbd903386f7f9,final_prompt,final_prompt,29,cross_patch,946a8156e1a77055e3fb24f1,0.5,0.5,0.5,0.5,0.0,0.0,True,True,True,True,False,False,False,False,False,False,False,-0.0
0063d26078f725bdf3df,grid,train,d9dd723c23a03115ed5a,902ba421b29046d01372669d,740cc64c3d4cbd903386f7f9,9/20,C1,1,2,50,13,True,True,False,False,discovery_grid_train,noising,902ba421b29046d01372669d,740cc64c3d4cbd903386f7f9,final_prompt,final_prompt,29,self_patch,ffa7beed06c9480eda988d65,0.5,0.5,0.5,0.5,0.0,0.0,True,True,True,True,False,False,False,False,False,False,False,-0.0
0063d26078f725bdf3df,grid,train,d9dd723c23a03115ed5a,902ba421b29046d01372669d,740cc64c3d4cbd903386f7f9,9/20,C1,1,2,50,13,True,True,False,False,discovery_grid_train,noising,902ba421b29046d01372669d,740cc64c3d4cbd903386f7f9,final_prompt,final_prompt,30,cross_patch,7a28787bca44ccee8b79ee19,0.5,0.5,0.5,0.5,0.0,0.0,True,True,True,True,False,False,False,False,False,False,False,-0.0
0063d26078f725bdf3df,grid,train,d9dd723c23a03115ed5a,902ba421b29046d01372669d,740cc64c3d4cbd903386f7f9,9/20,C1,1,2,50,13,True,True,False,False,discovery_grid_train,noising,902ba421b29046d01372669d,740cc64c3d4cbd903386f7f9,final_prompt,final_prompt,30,self_patch,0278b56a439ad0ed16ad613c,0.5,0.5,0.5,0.5,0.0,0.0,True,True,True,True,False,False,False,False,False,False,False,-0.0
0063d26078f725bdf3df,grid,train,d9dd723c23a03115ed5a,902ba421b29046d01372669d,740cc64c3d4cbd903386f7f9,9/20,C1,1,2,50,13,True,True,False,False,discovery_grid_train,noising,902ba421b29046d01372669d,740cc64c3d4cbd903386f7f9,final_prompt,final_prompt,31,cross_patch,df37310ae81683679c8000f0,0.5,0.5,0.5,0.5,0.0,0.0,True,True,True,True,False,False,False,False,False,False,False,-0.0
0063d26078f725bdf3df,grid,train,d9dd723c23a03115ed5a,902ba421b29046d01372669d,740cc64c3d4cbd903386f7f9,9/20,C1,1,2,50,13,True,True,False,False,discovery_grid_train,noising,902ba421b29046d01372669d,740cc64c3d4cbd903386f7f9,final_prompt,final_prompt,31,self_patch,440c7c75f4fee8afd2da25e5,0.5,0.5,0.5,0.5,0.0,0.0,True,True,True,True,False,False,False,False,False,False,False,-0.0
0063d26078f725bdf3df,grid,train,d9dd723c23a03115ed5a,902ba421b29046d01372669d,740cc64c3d4cbd903386f7f9,9/20,C1,1,2,50,13,True,True,False,False,discovery_grid_train,noising,902ba421b29046d01372669d,740cc64c3d4cbd903386f7f9,answer_prefix,answer_prefix,0,cross_patch,3f4802d1311d7193a8b2271b,0.5,0.5,0.5,0.5,0.0,0.0,True,True,True,True,False,False,False,False,False,False,False,-0.0
0063d26078f725bdf3df,grid,train,d9dd723c23a03115ed5a,902ba421b29046d01372669d,740cc64c3d4cbd903386f7f9,9/20,C1,1,2,50,13,True,True,False,False,discovery_grid_train,noising,902ba421b29046d01372669d,740cc64c3d4cbd903386f7f9,answer_prefix,answer_prefix,0,self_patch,798498ba7a4696e8dc1ce4a0,0.5,0.5,0.5,0.5,0.0,0.0,True,True,True,True,False,False,False,False,False,False,False,-0.0
0063d26078f725bdf3df,grid,train,d9dd723c23a03115ed5a,902ba421b29046d01372669d,740cc64c3d4cbd903386f7f9,9/20,C1,1,2,50,13,True,True,False,False,discovery_grid_train,noising,902ba421b29046d01372669d,740cc64c3d4cbd903386f7f9,answer_prefix,answer_prefix,1,cross_patch,6f2407cfbe89970b6dd0b66a,0.5,0.5,0.5,0.5,0.0,0.0,True,True,True,True,False,False,False,False,False,False,False,-0.0
0063d26078f725bdf3df,grid,train,d9dd723c23a03115ed5a,902ba421b29046d01372669d,740cc64c3d4cbd903386f7f9,9/20,C1,1,2,50,13,True,True,False,False,discovery_grid_train,noising,902ba421b29046d01372669d,740cc64c3d4cbd903386f7f9,answer_prefix,answer_prefix,1,self_patch,d05f055b5fb8c8dcaa8289ea,0.5,0.5,0.5,0.5,0.0,0.0,True,True,True,True,False,False,False,False,False,False,False,-0.0
0063d26078f725bdf3df,grid,train,d9dd723c23a03115ed5a,902ba421b29046d01372669d,740cc64c3d4cbd903386f7f9,9/20,C1,1,2,50,13,True,True,False,False,discovery_grid_train,noising,902ba421b29046d01372669d,740cc64c3d4cbd903386f7f9,answer_prefix,answer_prefix,2,cross_patch,24b14f408cbfc74739dde193,0.5,0.5,0.5,0.5,0.0,0.0,True,True,True,True,False,False,False,False,False,False,False,-0.0
0063d26078f725bdf3df,grid,train,d9dd723c23a03115ed5a,902ba421b29046d01372669d,740cc64c3d4cbd903386f7f9,9/20,C1,1,2,50,13,True,True,False,False,discovery_grid_train,noising,902ba421b29046d01372669d,740cc64c3d4cbd903386f7f9,answer_prefix,answer_prefix,2,self_patch,e308654acf8de275ee108d34,0.5,0.5,0.5,0.5,0.0,0.0,True,True,True,True,False,False,False,False,False,False,False,-0.0
0063d26078f725bdf3df,grid,train,d9dd723c23a03115ed5a,902ba421b29046d01372669d,740cc64c3d4cbd903386f7f9,9/20,C1,1,2,50,13,True,True,False,False,discovery_grid_train,noising,902ba421b29046d01372669d,740cc64c3d4cbd903386f7f9,answer_prefix,answer_prefix,3,cross_patch,80155e1c7ef13f9af103c895,0.5,0.5,0.5,0.5,0.0,0.0,True,True,True,True,False,False,False,False,False,False,False,-0.0
0063d26078f725bdf3df,grid,train,d9dd723c23a03115ed5a,902ba421b29046d01372669d,740cc64c3d4cbd903386f7f9,9/20,C1,1,2,50,13,True,True,False,False,discovery_grid_train,noising,902ba421b29046d01372669d,740cc64c3d4cbd903386f7f9,answer_prefix,answer_prefix,3,self_patch,29b066cf098f61514de2a32e,0.5,0.5,0.5,0.5,0.0,0.0,True,True,True,True,False,False,False,False,False,False,False,-0.0
0063d26078f725bdf3df,grid,train,d9dd723c23a03115ed5a,902ba421b29046d01372669d,740cc64c3d4cbd903386f7f9,9/20,C1,1,2,50,13,True,True,False,False,discovery_grid_train,noising,902ba421b29046d01372669d,740cc64c3d4cbd903386f7f9,answer_prefix,answer_prefix,4,cross_patch,38dafc1c4ac122e0fced237a,0.5,0.5,0.5,0.5,0.0,0.0,True,True,True,True,False,False,False,False,False,False,False,-0.0
0063d26078f725bdf3df,grid,train,d9dd723c23a03115ed5a,902ba421b29046d01372669d,740cc64c3d4cbd903386f7f9,9/20,C1,1,2,50,13,True,True,False,False,discovery_grid_train,noising,902ba421b29046d01372669d,740cc64c3d4cbd903386f7f9,answer_prefix,answer_prefix,4,self_patch,7a3e924b183fba0679e536f8,0.5,0.5,0.5,0.5,0.0,0.0,True,True,True,True,False,False,False,False,False,False,False,-0.0
0063d26078f725bdf3df,grid,train,d9dd723c23a03115ed5a,902ba421b29046d01372669d,740cc64c3d4cbd903386f7f9,9/20,C1,1,2,50,13,True,True,False,False,discovery_grid_train,noising,902ba421b29046d01372669d,740cc64c3d4cbd903386f7f9,answer_prefix,answer_prefix,5,cross_patch,6f733b3243faf8072d28f483,0.5,0.375,0.5,0.375,-0.125,-0.125,True,True,True,True,False,False,False,False,False,False,False,0.125
0063d26078f725bdf3df,grid,train,d9dd723c23a03115ed5a,902ba421b29046d01372669d,740cc64c3d4cbd903386f7f9,9/20,C1,1,2,50,13,True,True,False,False,discovery_grid_train,noising,902ba421b29046d01372669d,740cc64c3d4cbd903386f7f9,answer_prefix,answer_prefix,5,self_patch,78c4d73b1468e4f17e63b5f8,0.5,0.5,0.5,0.5,0.0,0.0,True,True,True,True,False,False,False,False,False,False,False,-0.0
0063d26078f725bdf3df,grid,train,d9dd723c23a03115ed5a,902ba421b29046d01372669d,740cc64c3d4cbd903386f7f9,9/20,C1,1,2,50,13,True,True,False,False,discovery_grid_train,noising,902ba421b29046d01372669d,740cc64c3d4cbd903386f7f9,answer_prefix,answer_prefix,6,cross_patch,d68de4397ff05abe0f0dd894,0.5,0.5,0.5,0.5,0.0,0.0,True,True,True,True,False,False,False,False,False,False,False,-0.0
0063d26078f725bdf3df,grid,train,d9dd723c23a03115ed5a,902ba421b29046d01372669d,740cc64c3d4cbd903386f7f9,9/20,C1,1,2,50,13,True,True,False,False,discovery_grid_train,noising,902ba421b29046d01372669d,740cc64c3d4cbd903386f7f9,answer_prefix,answer_prefix,6,self_patch,935fcedb8dbe91780f22bfae,0.5,0.5,0.5,0.5,0.0,0.0,True,True,True,True,False,False,False,False,False,False,False,-0.0
0063d26078f725bdf3df,grid,train,d9dd723c23a03115ed5a,902ba421b29046d01372669d,740cc64c3d4cbd903386f7f9,9/20,C1,1,2,50,13,True,True,False,False,discovery_grid_train,noising,902ba421b29046d01372669d,740cc64c3d4cbd903386f7f9,answer_prefix,answer_prefix,7,cross_patch,5bb5ac815c6256a1003f3737,0.5,0.5,0.5,0.5,0.0,0.0,True,True,True,True,False,False,False,False,False,False,False,-0.0
0063d26078f725bdf3df,grid,train,d9dd723c23a03115ed5a,902ba421b29046d01372669d,740cc64c3d4cbd903386f7f9,9/20,C1,1,2,50,13,True,True,False,False,discovery_grid_train,noising,902ba421b29046d01372669d,740cc64c3d4cbd903386f7f9,answer_prefix,answer_prefix,7,self_patch,2a476b15e7e89d93167d528f,0.5,0.5,0.5,0.5,0.0,0.0,True,True,True,True,False,False,False,False,False,False,False,-0.0
0063d26078f725bdf3df,grid,train,d9dd723c23a03115ed5a,902ba421b29046d01372669d,740cc64c3d4cbd903386f7f9,9/20,C1,1,2,50,13,True,True,False,False,discovery_grid_train,noising,902ba421b29046d01372669d,740cc64c3d4cbd903386f7f9,answer_prefix,answer_prefix,8,cross_patch,7b69af4b6651fc757dfb5d76,0.5,0.5,0.5,0.5,0.0,0.0,True,True,True,True,False,False,False,False,False,False,False,-0.0
0063d26078f725bdf3df,grid,train,d9dd723c23a03115ed5a,902ba421b29046d01372669d,740cc64c3d4cbd903386f7f9,9/20,C1,1,2,50,13,True,True,False,False,discovery_grid_train,noising,902ba421b29046d01372669d,740cc64c3d4cbd903386f7f9,answer_prefix,answer_prefix,8,self_patch,1c59387882dbe3062d5f0aac,0.5,0.5,0.5,0.5,0.0,0.0,True,True,True,True,False,False,False,False,False,False,False,-0.0
0063d26078f725bdf3df,grid,train,d9dd723c23a03115ed5a,902ba421b29046d01372669d,740cc64c3d4cbd903386f7f9,9/20,C1,1,2,50,13,True,True,False,False,discovery_grid_train,noising,902ba421b29046d01372669d,740cc64c3d4cbd903386f7f9,answer_prefix,answer_prefix,9,cross_patch,31e1a842184caa193b7d7d06,0.5,0.625,0.5,0.625,0.125,0.125,True,True,True,True,False,False,False,False,False,False,False,-0.125
0063d26078f725bdf3df,grid,train,d9dd723c23a03115ed5a,902ba421b29046d01372669d,740cc64c3d4cbd903386f7f9,9/20,C1,1,2,50,13,True,True,False,False,discovery_grid_train,noising,902ba421b29046d01372669d,740cc64c3d4cbd903386f7f9,answer_prefix,answer_prefix,9,self_patch,eaa2a6d38efb51303fa8009e,0.5,0.5,0.5,0.5,0.0,0.0,True,True,True,True,False,False,False,False,False,False,False,-0.0
0063d26078f725bdf3df,grid,train,d9dd723c23a03115ed5a,902ba421b29046d01372669d,740cc64c3d4cbd903386f7f9,9/20,C1,1,2,50,13,True,True,False,False,discovery_grid_train,noising,902ba421b29046d01372669d,740cc64c3d4cbd903386f7f9,answer_prefix,answer_prefix,10,cross_patch,36eecd48d810e2f2890a8942,0.5,0.5,0.5,0.5,0.0,0.0,True,True,True,True,False,False,False,False,False,False,False,-0.0
0063d26078f725bdf3df,grid,train,d9dd723c23a03115ed5a,902ba421b29046d01372669d,740cc64c3d4cbd903386f7f9,9/20,C1,1,2,50,13,True,True,False,False,discovery_grid_train,noising,902ba421b29046d01372669d,740cc64c3d4cbd903386f7f9,answer_prefix,answer_prefix,10,self_patch,a01461ea4b4af5824b7bbecd,0.5,0.5,0.5,0.5,0.0,0.0,True,True,True,True,False,False,False,False,False,False,False,-0.0
0063d26078f725bdf3df,grid,train,d9dd723c23a03115ed5a,902ba421b29046d01372669d,740cc64c3d4cbd903386f7f9,9/20,C1,1,2,50,13,True,True,False,False,discovery_grid_train,noising,902ba421b29046d01372669d,740cc64c3d4cbd903386f7f9,answer_prefix,answer_prefix,11,cross_patch,1e2a0e1013e5a495bf774ad2,0.5,0.5,0.5,0.5,0.0,0.0,True,True,True,True,False,False,False,False,False,False,False,-0.0
0063d26078f725bdf3df,grid,train,d9dd723c23a03115ed5a,902ba421b29046d01372669d,740cc64c3d4cbd903386f7f9,9/20,C1,1,2,50,13,True,True,False,False,discovery_grid_train,noising,902ba421b29046d01372669d,740cc64c3d4cbd903386f7f9,answer_prefix,answer_prefix,11,self_patch,1ef2fcfb02545f1dae2bc4b1,0.5,0.5,0.5,0.5,0.0,0.0,True,True,True,True,False,False,False,False,False,False,False,-0.0
0063d26078f725bdf3df,grid,train,d9dd723c23a03115ed5a,902ba421b29046d01372669d,740cc64c3d4cbd903386f7f9,9/20,C1,1,2,50,13,True,True,False,False,discovery_grid_train,noising,902ba421b29046d01372669d,740cc64c3d4cbd903386f7f9,answer_prefix,answer_prefix,12,cross_patch,1d932f4fb3a6b4fd8507ea63,0.5,0.5,0.5,0.5,0.0,0.0,True,True,True,True,False,False,False,False,False,False,False,-0.0
0063d26078f725bdf3df,grid,train,d9dd723c23a03115ed5a,902ba421b29046d01372669d,740cc64c3d4cbd903386f7f9,9/20,C1,1,2,50,13,True,True,False,False,discovery_grid_train,noising,902ba421b29046d01372669d,740cc64c3d4cbd903386f7f9,answer_prefix,answer_prefix,12,self_patch,93c48ffdbe4b55c017fe1365,0.5,0.5,0.5,0.5,0.0,0.0,True,True,True,True,False,False,False,False,False,False,False,-0.0
0063d26078f725bdf3df,grid,train,d9dd723c23a03115ed5a,902ba421b29046d01372669d,740cc64c3d4cbd903386f7f9,9/20,C1,1,2,50,13,True,True,False,False,discovery_grid_train,noising,902ba421b29046d01372669d,740cc64c3d4cbd903386f7f9,answer_prefix,answer_prefix,13,cross_patch,8c30b6ea28a1d02f7428e1d1,0.5,0.5,0.5,0.5,0.0,0.0,True,True,True,True,False,False,False,False,False,False,False,-0.0
0063d26078f725bdf3df,grid,train,d9dd723c23a03115ed5a,902ba421b29046d01372669d,740cc64c3d4cbd903386f7f9,9/20,C1,1,2,50,13,True,True,False,False,discovery_grid_train,noising,902ba421b29046d01372669d,740cc64c3d4cbd903386f7f9,answer_prefix,answer_prefix,13,self_patch,90ea486e91a9afc774ce4dd2,0.5,0.5,0.5,0.5,0.0,0.0,True,True,True,True,False,False,False,False,False,False,False,-0.0
0063d26078f725bdf3df,grid,train,d9dd723c23a03115ed5a,902ba421b29046d01372669d,740cc64c3d4cbd903386f7f9,9/20,C1,1,2,50,13,True,True,False,False,discovery_grid_train,noising,902ba421b29046d01372669d,740cc64c3d4cbd903386f7f9,answer_prefix,answer_prefix,14,cross_patch,cd0be3736bed0e7938d17f8f,0.5,0.5,0.5,0.5,0.0,0.0,True,True,True,True,False,False,False,False,False,False,False,-0.0
0063d26078f725bdf3df,grid,train,d9dd723c23a03115ed5a,902ba421b29046d01372669d,740cc64c3d4cbd903386f7f9,9/20,C1,1,2,50,13,True,True,False,False,discovery_grid_train,noising,902ba421b29046d01372669d,740cc64c3d4cbd903386f7f9,answer_prefix,answer_prefix,14,self_patch,0c74a13cf18e15227183dd5e,0.5,0.5,0.5,0.5,0.0,0.0,True,True,True,True,False,False,False,False,False,False,False,-0.0
0063d26078f725bdf3df,grid,train,d9dd723c23a03115ed5a,902ba421b29046d01372669d,740cc64c3d4cbd903386f7f9,9/20,C1,1,2,50,13,True,True,False,False,discovery_grid_train,noising,902ba421b29046d01372669d,740cc64c3d4cbd903386f7f9,answer_prefix,answer_prefix,15,cross_patch,148eb807c8f3de0b245ac42c,0.5,0.5,0.5,0.5,0.0,0.0,True,True,True,True,False,False,False,False,False,False,False,-0.0
0063d26078f725bdf3df,grid,train,d9dd723c23a03115ed5a,902ba421b29046d01372669d,740cc64c3d4cbd903386f7f9,9/20,C1,1,2,50,13,True,True,False,False,discovery_grid_train,noising,902ba421b29046d01372669d,740cc64c3d4cbd903386f7f9,answer_prefix,answer_prefix,15,self_patch,44108cb10cc27c09a382a1bb,0.5,0.5,0.5,0.5,0.0,0.0,True,True,True,True,False,False,False,False,False,False,False,-0.0
0063d26078f725bdf3df,grid,train,d9dd723c23a03115ed5a,902ba421b29046d01372669d,740cc64c3d4cbd903386f7f9,9/20,C1,1,2,50,13,True,True,False,False,discovery_grid_train,noising,902ba421b29046d01372669d,740cc64c3d4cbd903386f7f9,answer_prefix,answer_prefix,16,cross_patch,d266b6dca86c2caa752c1135,0.5,0.5,0.5,0.5,0.0,0.0,True,True,True,True,False,False,False,False,False,False,False,-0.0
0063d26078f725bdf3df,grid,train,d9dd723c23a03115ed5a,902ba421b29046d01372669d,740cc64c3d4cbd903386f7f9,9/20,C1,1,2,50,13,True,True,False,False,discovery_grid_train,noising,902ba421b29046d01372669d,740cc64c3d4cbd903386f7f9,answer_prefix,answer_prefix,16,self_patch,b4ac2d2d3bf00971282cbbb8,0.5,0.5,0.5,0.5,0.0,0.0,True,True,True,True,False,False,False,False,False,False,False,-0.0
0063d26078f725bdf3df,grid,train,d9dd723c23a03115ed5a,902ba421b29046d01372669d,740cc64c3d4cbd903386f7f9,9/20,C1,1,2,50,13,True,True,False,False,discovery_grid_train,noising,902ba421b29046d01372669d,740cc64c3d4cbd903386f7f9,answer_prefix,answer_prefix,17,cross_patch,8bb78f0f67a466a9e06448b0,0.5,0.5,0.5,0.5,0.0,0.0,True,True,True,True,False,False,False,False,False,False,False,-0.0
0063d26078f725bdf3df,grid,train,d9dd723c23a03115ed5a,902ba421b29046d01372669d,740cc64c3d4cbd903386f7f9,9/20,C1,1,2,50,13,True,True,False,False,discovery_grid_train,noising,902ba421b29046d01372669d,740cc64c3d4cbd903386f7f9,answer_prefix,answer_prefix,17,self_patch,2566b44e66b1cb3c94db0f68,0.5,0.5,0.5,0.5,0.0,0.0,True,True,True,True,False,False,False,False,False,False,False,-0.0
0063d26078f725bdf3df,grid,train,d9dd723c23a03115ed5a,902ba421b29046d01372669d,740cc64c3d4cbd903386f7f9,9/20,C1,1,2,50,13,True,True,False,False,discovery_grid_train,noising,902ba421b29046d01372669d,740cc64c3d4cbd903386f7f9,answer_prefix,answer_prefix,18,cross_patch,5e32c11cfd40bf475aa746a8,0.5,0.5,0.5,0.5,0.0,0.0,True,True,True,True,False,False,False,False,False,False,False,-0.0
0063d26078f725bdf3df,grid,train,d9dd723c23a03115ed5a,902ba421b29046d01372669d,740cc64c3d4cbd903386f7f9,9/20,C1,1,2,50,13,True,True,False,False,discovery_grid_train,noising,902ba421b29046d01372669d,740cc64c3d4cbd903386f7f9,answer_prefix,answer_prefix,18,self_patch,47481525c4a7155e93920cfa,0.5,0.5,0.5,0.5,0.0,0.0,True,True,True,True,False,False,False,False,False,False,False,-0.0
0063d26078f725bdf3df,grid,train,d9dd723c23a03115ed5a,902ba421b29046d01372669d,740cc64c3d4cbd903386f7f9,9/20,C1,1,2,50,13,True,True,False,False,discovery_grid_train,noising,902ba421b29046d01372669d,740cc64c3d4cbd903386f7f9,answer_prefix,answer_prefix,19,cross_patch,1dccb1faa01b17796bb7e41e,0.5,0.5,0.5,0.5,0.0,0.0,True,True,True,True,False,False,False,False,False,False,False,-0.0
0063d26078f725bdf3df,grid,train,d9dd723c23a03115ed5a,902ba421b29046d01372669d,740cc64c3d4cbd903386f7f9,9/20,C1,1,2,50,13,True,True,False,False,discovery_grid_train,noising,902ba421b29046d01372669d,740cc64c3d4cbd903386f7f9,answer_prefix,answer_prefix,19,self_patch,85694ca04e4cfaf03b16b875,0.5,0.5,0.5,0.5,0.0,0.0,True,True,True,True,False,False,False,False,False,False,False,-0.0
0063d26078f725bdf3df,grid,train,d9dd723c23a03115ed5a,902ba421b29046d01372669d,740cc64c3d4cbd903386f7f9,9/20,C1,1,2,50,13,True,True,False,False,discovery_grid_train,noising,902ba421b29046d01372669d,740cc64c3d4cbd903386f7f9,answer_prefix,answer_prefix,20,cross_patch,07dbb3cc8e0ead9280163953,0.5,0.375,0.5,0.375,-0.125,-0.125,True,True,True,True,False,False,False,False,False,False,False,0.125
0063d26078f725bdf3df,grid,train,d9dd723c23a03115ed5a,902ba421b29046d01372669d,740cc64c3d4cbd903386f7f9,9/20,C1,1,2,50,13,True,True,False,False,discovery_grid_train,noising,902ba421b29046d01372669d,740cc64c3d4cbd903386f7f9,answer_prefix,answer_prefix,20,self_patch,f8b64e87745ed1862deb228a,0.5,0.5,0.5,0.5,0.0,0.0,True,True,True,True,False,False,False,False,False,False,False,-0.0
0063d26078f725bdf3df,grid,train,d9dd723c23a03115ed5a,902ba421b29046d01372669d,740cc64c3d4cbd903386f7f9,9/20,C1,1,2,50,13,True,True,False,False,discovery_grid_train,noising,902ba421b29046d01372669d,740cc64c3d4cbd903386f7f9,answer_prefix,answer_prefix,21,cross_patch,504b67a0b13799da9d96da3f,0.5,0.5,0.5,0.5,0.0,0.0,True,True,True,True,False,False,False,False,False,False,False,-0.0
0063d26078f725bdf3df,grid,train,d9dd723c23a03115ed5a,902ba421b29046d01372669d,740cc64c3d4cbd903386f7f9,9/20,C1,1,2,50,13,True,True,False,False,discovery_grid_train,noising,902ba421b29046d01372669d,740cc64c3d4cbd903386f7f9,answer_prefix,answer_prefix,21,self_patch,bba8d3c4fa97f8888d6ad58f,0.5,0.5,0.5,0.5,0.0,0.0,True,True,True,True,False,False,False,False,False,False,False,-0.0
0063d26078f725bdf3df,grid,train,d9dd723c23a03115ed5a,902ba421b29046d01372669d,740cc64c3d4cbd903386f7f9,9/20,C1,1,2,50,13,True,True,False,False,discovery_grid_train,noising,902ba421b29046d01372669d,740cc64c3d4cbd903386f7f9,answer_prefix,answer_prefix,22,cross_patch,d881125c3b26697188e6e5cb,0.5,0.375,0.5,0.375,-0.125,-0.125,True,True,True,True,False,False,False,False,False,False,False,0.125
0063d26078f725bdf3df,grid,train,d9dd723c23a03115ed5a,902ba421b29046d01372669d,740cc64c3d4cbd903386f7f9,9/20,C1,1,2,50,13,True,True,False,False,discovery_grid_train,noising,902ba421b29046d01372669d,740cc64c3d4cbd903386f7f9,answer_prefix,answer_prefix,22,self_patch,ff9a9e0234465c94296ff8c2,0.5,0.5,0.5,0.5,0.0,0.0,True,True,True,True,False,False,False,False,False,False,False,-0.0
0063d26078f725bdf3df,grid,train,d9dd723c23a03115ed5a,902ba421b29046d01372669d,740cc64c3d4cbd903386f7f9,9/20,C1,1,2,50,13,True,True,False,False,discovery_grid_train,noising,902ba421b29046d01372669d,740cc64c3d4cbd903386f7f9,answer_prefix,answer_prefix,23,cross_patch,2bbf315a4d0adaae014d9818,0.5,0.375,0.5,0.375,-0.125,-0.125,True,True,True,True,False,False,False,False,False,False,False,0.125
0063d26078f725bdf3df,grid,train,d9dd723c23a03115ed5a,902ba421b29046d01372669d,740cc64c3d4cbd903386f7f9,9/20,C1,1,2,50,13,True,True,False,False,discovery_grid_train,noising,902ba421b29046d01372669d,740cc64c3d4cbd903386f7f9,answer_prefix,answer_prefix,23,self_patch,6fe1283f5374c6fcbe9ed722,0.5,0.5,0.5,0.5,0.0,0.0,True,True,True,True,False,False,False,False,False,False,False,-0.0
0063d26078f725bdf3df,grid,train,d9dd723c23a03115ed5a,902ba421b29046d01372669d,740cc64c3d4cbd903386f7f9,9/20,C1,1,2,50,13,True,True,False,False,discovery_grid_train,noising,902ba421b29046d01372669d,740cc64c3d4cbd903386f7f9,answer_prefix,answer_prefix,24,cross_patch,7c0be9b2a2c452b6ad742b54,0.5,0.25,0.5,0.25,-0.25,-0.25,True,True,True,True,False,False,False,False,False,False,False,0.25
0063d26078f725bdf3df,grid,train,d9dd723c23a03115ed5a,902ba421b29046d01372669d,740cc64c3d4cbd903386f7f9,9/20,C1,1,2,50,13,True,True,False,False,discovery_grid_train,noising,902ba421b29046d01372669d,740cc64c3d4cbd903386f7f9,answer_prefix,answer_prefix,24,self_patch,ecd5fe089600065b7270dbc1,0.5,0.5,0.5,0.5,0.0,0.0,True,True,True,True,False,False,False,False,False,False,False,-0.0
0063d26078f725bdf3df,grid,train,d9dd723c23a03115ed5a,902ba421b29046d01372669d,740cc64c3d4cbd903386f7f9,9/20,C1,1,2,50,13,True,True,False,False,discovery_grid_train,noising,902ba421b29046d01372669d,740cc64c3d4cbd903386f7f9,answer_prefix,answer_prefix,25,cross_patch,aef5e801036f68927b507f71,0.5,0.25,0.5,0.25,-0.25,-0.25,True,True,True,True,False,False,False,False,False,False,False,0.25
0063d26078f725bdf3df,grid,train,d9dd723c23a03115ed5a,902ba421b29046d01372669d,740cc64c3d4cbd903386f7f9,9/20,C1,1,2,50,13,True,True,False,False,discovery_grid_train,noising,902ba421b29046d01372669d,740cc64c3d4cbd903386f7f9,answer_prefix,answer_prefix,25,self_patch,3d129eb542f081ff9631b3c5,0.5,0.5,0.5,0.5,0.0,0.0,True,True,True,True,False,False,False,False,False,False,False,-0.0
0063d26078f725bdf3df,grid,train,d9dd723c23a03115ed5a,902ba421b29046d01372669d,740cc64c3d4cbd903386f7f9,9/20,C1,1,2,50,13,True,True,False,False,discovery_grid_train,noising,902ba421b29046d01372669d,740cc64c3d4cbd903386f7f9,answer_prefix,answer_prefix,26,cross_patch,2c73017ec3f85fb81a27a730,0.5,0.375,0.5,0.375,-0.125,-0.125,True,True,True,True,False,False,False,False,False,False,False,0.125
0063d26078f725bdf3df,grid,train,d9dd723c23a03115ed5a,902ba421b29046d01372669d,740cc64c3d4cbd903386f7f9,9/20,C1,1,2,50,13,True,True,False,False,discovery_grid_train,noising,902ba421b29046d01372669d,740cc64c3d4cbd903386f7f9,answer_prefix,answer_prefix,26,self_patch,ecbcea908163625df7034b7b,0.5,0.5,0.5,0.5,0.0,0.0,True,True,True,True,False,False,False,False,False,False,False,-0.0
0063d26078f725bdf3df,grid,train,d9dd723c23a03115ed5a,902ba421b29046d01372669d,740cc64c3d4cbd903386f7f9,9/20,C1,1,2,50,13,True,True,False,False,discovery_grid_train,noising,902ba421b29046d01372669d,740cc64c3d4cbd903386f7f9,answer_prefix,answer_prefix,27,cross_patch,c9fe8b5b3ff7e2eae9dd0506,0.5,0.25,0.5,0.25,-0.25,-0.25,True,True,True,True,False,False,False,False,False,False,False,0.25
0063d26078f725bdf3df,grid,train,d9dd723c23a03115ed5a,902ba421b29046d01372669d,740cc64c3d4cbd903386f7f9,9/20,C1,1,2,50,13,True,True,False,False,discovery_grid_train,noising,902ba421b29046d01372669d,740cc64c3d4cbd903386f7f9,answer_prefix,answer_prefix,27,self_patch,5ff2e362b6e9d365622d5776,0.5,0.5,0.5,0.5,0.0,0.0,True,True,True,True,False,False,False,False,False,False,False,-0.0
0063d26078f725bdf3df,grid,train,d9dd723c23a03115ed5a,902ba421b29046d01372669d,740cc64c3d4cbd903386f7f9,9/20,C1,1,2,50,13,True,True,False,False,discovery_grid_train,noising,902ba421b29046d01372669d,740cc64c3d4cbd903386f7f9,answer_prefix,answer_prefix,28,cross_patch,8b1d35e6a2f82eff430d0680,0.5,0.125,0.5,0.125,-0.375,-0.375,True,True,True,True,False,False,False,False,False,False,False,0.375
0063d26078f725bdf3df,grid,train,d9dd723c23a03115ed5a,902ba421b29046d01372669d,740cc64c3d4cbd903386f7f9,9/20,C1,1,2,50,13,True,True,False,False,discovery_grid_train,noising,902ba421b29046d01372669d,740cc64c3d4cbd903386f7f9,answer_prefix,answer_prefix,28,self_patch,789b4c6b79df23333e5087d4,0.5,0.5,0.5,0.5,0.0,0.0,True,True,True,True,False,False,False,False,False,False,False,-0.0
0063d26078f725bdf3df,grid,train,d9dd723c23a03115ed5a,902ba421b29046d01372669d,740cc64c3d4cbd903386f7f9,9/20,C1,1,2,50,13,True,True,False,False,discovery_grid_train,noising,902ba421b29046d01372669d,740cc64c3d4cbd903386f7f9,answer_prefix,answer_prefix,29,cross_patch,ddfcf10847d75a5da24ecb52,0.5,0.125,0.5,0.125,-0.375,-0.375,True,True,True,True,False,False,False,False,False,False,False,0.375
0063d26078f725bdf3df,grid,train,d9dd723c23a03115ed5a,902ba421b29046d01372669d,740cc64c3d4cbd903386f7f9,9/20,C1,1,2,50,13,True,True,False,False,discovery_grid_train,noising,902ba421b29046d01372669d,740cc64c3d4cbd903386f7f9,answer_prefix,answer_prefix,29,self_patch,32138314fc6e159d9b7549f0,0.5,0.5,0.5,0.5,0.0,0.0,True,True,True,True,False,False,False,False,False,False,False,-0.0
0063d26078f725bdf3df,grid,train,d9dd723c23a03115ed5a,902ba421b29046d01372669d,740cc64c3d4cbd903386f7f9,9/20,C1,1,2,50,13,True,True,False,False,discovery_grid_train,noising,902ba421b29046d01372669d,740cc64c3d4cbd903386f7f9,answer_prefix,answer_prefix,30,cross_patch,f1ed38ed47a5e949abe2c65a,0.5,-1.375,0.5,-1.375,-1.875,-1.875,True,False,True,False,False,True,False,True,True,False,True,1.875
0063d26078f725bdf3df,grid,train,d9dd723c23a03115ed5a,902ba421b29046d01372669d,740cc64c3d4cbd903386f7f9,9/20,C1,1,2,50,13,True,True,False,False,discovery_grid_train,noising,902ba421b29046d01372669d,740cc64c3d4cbd903386f7f9,answer_prefix,answer_prefix,30,self_patch,a7483b03a6097fea6eb788ff,0.5,0.5,0.5,0.5,0.0,0.0,True,True,True,True,False,False,False,False,False,False,False,-0.0
0063d26078f725bdf3df,grid,train,d9dd723c23a03115ed5a,902ba421b29046d01372669d,740cc64c3d4cbd903386f7f9,9/20,C1,1,2,50,13,True,True,False,False,discovery_grid_train,noising,902ba421b29046d01372669d,740cc64c3d4cbd903386f7f9,answer_prefix,answer_prefix,31,cross_patch,a4e9ba2c2a97e8941912ba44,0.5,-1.625,0.5,-1.625,-2.125,-2.125,True,False,True,False,False,True,False,True,True,False,True,2.125
0063d26078f725bdf3df,grid,train,d9dd723c23a03115ed5a,902ba421b29046d01372669d,740cc64c3d4cbd903386f7f9,9/20,C1,1,2,50,13,True,True,False,False,discovery_grid_train,noising,902ba421b29046d01372669d,740cc64c3d4cbd903386f7f9,answer_prefix,answer_prefix,31,self_patch,ab6bc03a81374a8426015521,0.5,0.5,0.5,0.5,0.0,0.0,True,True,True,True,False,False,False,False,False,False,False,-0.0
00310c2ffa3e084c1fea,grid,train,914fd5f0daec106ff700,76f6d5c4569053810379ff8f,f3ca790e7f33b00fa1d83a9d,9/20,C2,2,1,36,42,True,True,False,False,discovery_grid_train,denoising,f3ca790e7f33b00fa1d83a9d,76f6d5c4569053810379ff8f,final_prompt,final_prompt,0,cross_patch,efa1379a84409cf09e78107d,0.25,0.25,-0.25,-0.25,-0.0,0.0,False,False,False,False,False,False,False,False,False,False,False,-0.0
00310c2ffa3e084c1fea,grid,train,914fd5f0daec106ff700,76f6d5c4569053810379ff8f,f3ca790e7f33b00fa1d83a9d,9/20,C2,2,1,36,42,True,True,False,False,discovery_grid_train,denoising,f3ca790e7f33b00fa1d83a9d,76f6d5c4569053810379ff8f,final_prompt,final_prompt,0,self_patch,e5416b96d04a5502519460b7,0.25,0.25,-0.25,-0.25,-0.0,0.0,False,False,False,False,False,False,False,False,False,False,False,-0.0
00310c2ffa3e084c1fea,grid,train,914fd5f0daec106ff700,76f6d5c4569053810379ff8f,f3ca790e7f33b00fa1d83a9d,9/20,C2,2,1,36,42,True,True,False,False,discovery_grid_train,denoising,f3ca790e7f33b00fa1d83a9d,76f6d5c4569053810379ff8f,final_prompt,final_prompt,1,cross_patch,ac2b6b58d6c120e8aa8a4193,0.25,0.25,-0.25,-0.25,-0.0,0.0,False,False,False,False,False,False,False,False,False,False,False,-0.0
00310c2ffa3e084c1fea,grid,train,914fd5f0daec106ff700,76f6d5c4569053810379ff8f,f3ca790e7f33b00fa1d83a9d,9/20,C2,2,1,36,42,True,True,False,False,discovery_grid_train,denoising,f3ca790e7f33b00fa1d83a9d,76f6d5c4569053810379ff8f,final_prompt,final_prompt,1,self_patch,706f328ca18bb0741267155c,0.25,0.25,-0.25,-0.25,-0.0,0.0,False,False,False,False,False,False,False,False,False,False,False,-0.0
00310c2ffa3e084c1fea,grid,train,914fd5f0daec106ff700,76f6d5c4569053810379ff8f,f3ca790e7f33b00fa1d83a9d,9/20,C2,2,1,36,42,True,True,False,False,discovery_grid_train,denoising,f3ca790e7f33b00fa1d83a9d,76f6d5c4569053810379ff8f,final_prompt,final_prompt,2,cross_patch,5a129c6885dd85dba8c37c0d,0.25,0.25,-0.25,-0.25,-0.0,0.0,False,False,False,False,False,False,False,False,False,False,False,-0.0
00310c2ffa3e084c1fea,grid,train,914fd5f0daec106ff700,76f6d5c4569053810379ff8f,f3ca790e7f33b00fa1d83a9d,9/20,C2,2,1,36,42,True,True,False,False,discovery_grid_train,denoising,f3ca790e7f33b00fa1d83a9d,76f6d5c4569053810379ff8f,final_prompt,final_prompt,2,self_patch,1fd28d2af6a74407f5e441f0,0.25,0.25,-0.25,-0.25,-0.0,0.0,False,False,False,False,False,False,False,False,False,False,False,-0.0
00310c2ffa3e084c1fea,grid,train,914fd5f0daec106ff700,76f6d5c4569053810379ff8f,f3ca790e7f33b00fa1d83a9d,9/20,C2,2,1,36,42,True,True,False,False,discovery_grid_train,denoising,f3ca790e7f33b00fa1d83a9d,76f6d5c4569053810379ff8f,final_prompt,final_prompt,3,cross_patch,326ffc8ad69cc21a185e8b0a,0.25,0.125,-0.25,-0.125,0.125,-0.125,False,False,False,False,False,False,False,False,False,False,False,0.125
00310c2ffa3e084c1fea,grid,train,914fd5f0daec106ff700,76f6d5c4569053810379ff8f,f3ca790e7f33b00fa1d83a9d,9/20,C2,2,1,36,42,True,True,False,False,discovery_grid_train,denoising,f3ca790e7f33b00fa1d83a9d,76f6d5c4569053810379ff8f,final_prompt,final_prompt,3,self_patch,006096a28e6d05356b750d13,0.25,0.25,-0.25,-0.25,-0.0,0.0,False,False,False,False,False,False,False,False,False,False,False,-0.0
00310c2ffa3e084c1fea,grid,train,914fd5f0daec106ff700,76f6d5c4569053810379ff8f,f3ca790e7f33b00fa1d83a9d,9/20,C2,2,1,36,42,True,True,False,False,discovery_grid_train,denoising,f3ca790e7f33b00fa1d83a9d,76f6d5c4569053810379ff8f,final_prompt,final_prompt,4,cross_patch,f659a4e8185d7a2f3354ee44,0.25,0.125,-0.25,-0.125,0.125,-0.125,False,False,False,False,False,False,False,False,False,False,False,0.125
00310c2ffa3e084c1fea,grid,train,914fd5f0daec106ff700,76f6d5c4569053810379ff8f,f3ca790e7f33b00fa1d83a9d,9/20,C2,2,1,36,42,True,True,False,False,discovery_grid_train,denoising,f3ca790e7f33b00fa1d83a9d,76f6d5c4569053810379ff8f,final_prompt,final_prompt,4,self_patch,80436e1e00e65fa45bcb731b,0.25,0.25,-0.25,-0.25,-0.0,0.0,False,False,False,False,False,False,False,False,False,False,False,-0.0
00310c2ffa3e084c1fea,grid,train,914fd5f0daec106ff700,76f6d5c4569053810379ff8f,f3ca790e7f33b00fa1d83a9d,9/20,C2,2,1,36,42,True,True,False,False,discovery_grid_train,denoising,f3ca790e7f33b00fa1d83a9d,76f6d5c4569053810379ff8f,final_prompt,final_prompt,5,cross_patch,ec2e0bf778705e027dab1045,0.25,0.25,-0.25,-0.25,-0.0,0.0,False,False,False,False,False,False,False,False,False,False,False,-0.0
00310c2ffa3e084c1fea,grid,train,914fd5f0daec106ff700,76f6d5c4569053810379ff8f,f3ca790e7f33b00fa1d83a9d,9/20,C2,2,1,36,42,True,True,False,False,discovery_grid_train,denoising,f3ca790e7f33b00fa1d83a9d,76f6d5c4569053810379ff8f,final_prompt,final_prompt,5,self_patch,655d2ba9c125e6a43ba570d2,0.25,0.25,-0.25,-0.25,-0.0,0.0,False,False,False,False,False,False,False,False,False,False,False,-0.0
00310c2ffa3e084c1fea,grid,train,914fd5f0daec106ff700,76f6d5c4569053810379ff8f,f3ca790e7f33b00fa1d83a9d,9/20,C2,2,1,36,42,True,True,False,False,discovery_grid_train,denoising,f3ca790e7f33b00fa1d83a9d,76f6d5c4569053810379ff8f,final_prompt,final_prompt,6,cross_patch,3fa52be275cb664e4dfd1cd0,0.25,0.25,-0.25,-0.25,-0.0,0.0,False,False,False,False,False,False,False,False,False,False,False,-0.0
00310c2ffa3e084c1fea,grid,train,914fd5f0daec106ff700,76f6d5c4569053810379ff8f,f3ca790e7f33b00fa1d83a9d,9/20,C2,2,1,36,42,True,True,False,False,discovery_grid_train,denoising,f3ca790e7f33b00fa1d83a9d,76f6d5c4569053810379ff8f,final_prompt,final_prompt,6,self_patch,f19e6c73fa554ea81b5a7428,0.25,0.25,-0.25,-0.25,-0.0,0.0,False,False,False,False,False,False,False,False,False,False,False,-0.0
00310c2ffa3e084c1fea,grid,train,914fd5f0daec106ff700,76f6d5c4569053810379ff8f,f3ca790e7f33b00fa1d83a9d,9/20,C2,2,1,36,42,True,True,False,False,discovery_grid_train,denoising,f3ca790e7f33b00fa1d83a9d,76f6d5c4569053810379ff8f,final_prompt,final_prompt,7,cross_patch,60040dd35ce70126101b6bef,0.25,0.25,-0.25,-0.25,-0.0,0.0,False,False,False,False,False,False,False,False,False,False,False,-0.0
00310c2ffa3e084c1fea,grid,train,914fd5f0daec106ff700,76f6d5c4569053810379ff8f,f3ca790e7f33b00fa1d83a9d,9/20,C2,2,1,36,42,True,True,False,False,discovery_grid_train,denoising,f3ca790e7f33b00fa1d83a9d,76f6d5c4569053810379ff8f,final_prompt,final_prompt,7,self_patch,9a911e37ea9ff147274579ce,0.25,0.25,-0.25,-0.25,-0.0,0.0,False,False,False,False,False,False,False,False,False,False,False,-0.0
00310c2ffa3e084c1fea,grid,train,914fd5f0daec106ff700,76f6d5c4569053810379ff8f,f3ca790e7f33b00fa1d83a9d,9/20,C2,2,1,36,42,True,True,False,False,discovery_grid_train,denoising,f3ca790e7f33b00fa1d83a9d,76f6d5c4569053810379ff8f,final_prompt,final_prompt,8,cross_patch,0f815b109dddf2d313124116,0.25,0.25,-0.25,-0.25,-0.0,0.0,False,False,False,False,False,False,False,False,False,False,False,-0.0
00310c2ffa3e084c1fea,grid,train,914fd5f0daec106ff700,76f6d5c4569053810379ff8f,f3ca790e7f33b00fa1d83a9d,9/20,C2,2,1,36,42,True,True,False,False,discovery_grid_train,denoising,f3ca790e7f33b00fa1d83a9d,76f6d5c4569053810379ff8f,final_prompt,final_prompt,8,self_patch,6e447d8ccf12dee490441620,0.25,0.25,-0.25,-0.25,-0.0,0.0,False,False,False,False,False,False,False,False,False,False,False,-0.0
00310c2ffa3e084c1fea,grid,train,914fd5f0daec106ff700,76f6d5c4569053810379ff8f,f3ca790e7f33b00fa1d83a9d,9/20,C2,2,1,36,42,True,True,False,False,discovery_grid_train,denoising,f3ca790e7f33b00fa1d83a9d,76f6d5c4569053810379ff8f,final_prompt,final_prompt,9,cross_patch,615002b50faaf8ecc6c80a65,0.25,0.25,-0.25,-0.25,-0.0,0.0,False,False,False,False,False,False,False,False,False,False,False,-0.0
00310c2ffa3e084c1fea,grid,train,914fd5f0daec106ff700,76f6d5c4569053810379ff8f,f3ca790e7f33b00fa1d83a9d,9/20,C2,2,1,36,42,True,True,False,False,discovery_grid_train,denoising,f3ca790e7f33b00fa1d83a9d,76f6d5c4569053810379ff8f,final_prompt,final_prompt,9,self_patch,91554742f9a95d949b675214,0.25,0.25,-0.25,-0.25,-0.0,0.0,False,False,False,False,False,False,False,False,False,False,False,-0.0
00310c2ffa3e084c1fea,grid,train,914fd5f0daec106ff700,76f6d5c4569053810379ff8f,f3ca790e7f33b00fa1d83a9d,9/20,C2,2,1,36,42,True,True,False,False,discovery_grid_train,denoising,f3ca790e7f33b00fa1d83a9d,76f6d5c4569053810379ff8f,final_prompt,final_prompt,10,cross_patch,2952f6ec285dd65c6efd12ca,0.25,0.25,-0.25,-0.25,-0.0,0.0,False,False,False,False,False,False,False,False,False,False,False,-0.0
00310c2ffa3e084c1fea,grid,train,914fd5f0daec106ff700,76f6d5c4569053810379ff8f,f3ca790e7f33b00fa1d83a9d,9/20,C2,2,1,36,42,True,True,False,False,discovery_grid_train,denoising,f3ca790e7f33b00fa1d83a9d,76f6d5c4569053810379ff8f,final_prompt,final_prompt,10,self_patch,d4fac40e0aeb05d68d9ce65e,0.25,0.25,-0.25,-0.25,-0.0,0.0,False,False,False,False,False,False,False,False,False,False,False,-0.0
00310c2ffa3e084c1fea,grid,train,914fd5f0daec106ff700,76f6d5c4569053810379ff8f,f3ca790e7f33b00fa1d83a9d,9/20,C2,2,1,36,42,True,True,False,False,discovery_grid_train,denoising,f3ca790e7f33b00fa1d83a9d,76f6d5c4569053810379ff8f,final_prompt,final_prompt,11,cross_patch,2f633880be4adac629c0b5c9,0.25,0.25,-0.25,-0.25,-0.0,0.0,False,False,False,False,False,False,False,False,False,False,False,-0.0
00310c2ffa3e084c1fea,grid,train,914fd5f0daec106ff700,76f6d5c4569053810379ff8f,f3ca790e7f33b00fa1d83a9d,9/20,C2,2,1,36,42,True,True,False,False,discovery_grid_train,denoising,f3ca790e7f33b00fa1d83a9d,76f6d5c4569053810379ff8f,final_prompt,final_prompt,11,self_patch,26743b803dfde42ecc92bb9d,0.25,0.25,-0.25,-0.25,-0.0,0.0,False,False,False,False,False,False,False,False,False,False,False,-0.0
00310c2ffa3e084c1fea,grid,train,914fd5f0daec106ff700,76f6d5c4569053810379ff8f,f3ca790e7f33b00fa1d83a9d,9/20,C2,2,1,36,42,True,True,False,False,discovery_grid_train,denoising,f3ca790e7f33b00fa1d83a9d,76f6d5c4569053810379ff8f,final_prompt,final_prompt,12,cross_patch,bb6397feae67ba6139096ba7,0.25,0.25,-0.25,-0.25,-0.0,0.0,False,False,False,False,False,False,False,False,False,False,False,-0.0
00310c2ffa3e084c1fea,grid,train,914fd5f0daec106ff700,76f6d5c4569053810379ff8f,f3ca790e7f33b00fa1d83a9d,9/20,C2,2,1,36,42,True,True,False,False,discovery_grid_train,denoising,f3ca790e7f33b00fa1d83a9d,76f6d5c4569053810379ff8f,final_prompt,final_prompt,12,self_patch,0bfbe450381d81722d9a94ea,0.25,0.25,-0.25,-0.25,-0.0,0.0,False,False,False,False,False,False,False,False,False,False,False,-0.0
00310c2ffa3e084c1fea,grid,train,914fd5f0daec106ff700,76f6d5c4569053810379ff8f,f3ca790e7f33b00fa1d83a9d,9/20,C2,2,1,36,42,True,True,False,False,discovery_grid_train,denoising,f3ca790e7f33b00fa1d83a9d,76f6d5c4569053810379ff8f,final_prompt,final_prompt,13,cross_patch,466ff5bb39795bad134dc265,0.25,0.25,-0.25,-0.25,-0.0,0.0,False,False,False,False,False,False,False,False,False,False,False,-0.0
00310c2ffa3e084c1fea,grid,train,914fd5f0daec106ff700,76f6d5c4569053810379ff8f,f3ca790e7f33b00fa1d83a9d,9/20,C2,2,1,36,42,True,True,False,False,discovery_grid_train,denoising,f3ca790e7f33b00fa1d83a9d,76f6d5c4569053810379ff8f,final_prompt,final_prompt,13,self_patch,96c7c59b42fb27f330e589ae,0.25,0.25,-0.25,-0.25,-0.0,0.0,False,False,False,False,False,False,False,False,False,False,False,-0.0
00310c2ffa3e084c1fea,grid,train,914fd5f0daec106ff700,76f6d5c4569053810379ff8f,f3ca790e7f33b00fa1d83a9d,9/20,C2,2,1,36,42,True,True,False,False,discovery_grid_train,denoising,f3ca790e7f33b00fa1d83a9d,76f6d5c4569053810379ff8f,final_prompt,final_prompt,14,cross_patch,869f0e1b27b247724274a74d,0.25,0.25,-0.25,-0.25,-0.0,0.0,False,False,False,False,False,False,False,False,False,False,False,-0.0
00310c2ffa3e084c1fea,grid,train,914fd5f0daec106ff700,76f6d5c4569053810379ff8f,f3ca790e7f33b00fa1d83a9d,9/20,C2,2,1,36,42,True,True,False,False,discovery_grid_train,denoising,f3ca790e7f33b00fa1d83a9d,76f6d5c4569053810379ff8f,final_prompt,final_prompt,14,self_patch,465934097ecbca0726d3c6d0,0.25,0.25,-0.25,-0.25,-0.0,0.0,False,False,False,False,False,False,False,False,False,False,False,-0.0
00310c2ffa3e084c1fea,grid,train,914fd5f0daec106ff700,76f6d5c4569053810379ff8f,f3ca790e7f33b00fa1d83a9d,9/20,C2,2,1,36,42,True,True,False,False,discovery_grid_train,denoising,f3ca790e7f33b00fa1d83a9d,76f6d5c4569053810379ff8f,final_prompt,final_prompt,15,cross_patch,5e76169797f11d907979bb61,0.25,0.125,-0.25,-0.125,0.125,-0.125,False,False,False,False,False,False,False,False,False,False,False,0.125
00310c2ffa3e084c1fea,grid,train,914fd5f0daec106ff700,76f6d5c4569053810379ff8f,f3ca790e7f33b00fa1d83a9d,9/20,C2,2,1,36,42,True,True,False,False,discovery_grid_train,denoising,f3ca790e7f33b00fa1d83a9d,76f6d5c4569053810379ff8f,final_prompt,final_prompt,15,self_patch,def746228a2e4facf1db4b56,0.25,0.25,-0.25,-0.25,-0.0,0.0,False,False,False,False,False,False,False,False,False,False,False,-0.0
00310c2ffa3e084c1fea,grid,train,914fd5f0daec106ff700,76f6d5c4569053810379ff8f,f3ca790e7f33b00fa1d83a9d,9/20,C2,2,1,36,42,True,True,False,False,discovery_grid_train,denoising,f3ca790e7f33b00fa1d83a9d,76f6d5c4569053810379ff8f,final_prompt,final_prompt,16,cross_patch,75edde40cd7bd0e40a224bc1,0.25,0.25,-0.25,-0.25,-0.0,0.0,False,False,False,False,False,False,False,False,False,False,False,-0.0
00310c2ffa3e084c1fea,grid,train,914fd5f0daec106ff700,76f6d5c4569053810379ff8f,f3ca790e7f33b00fa1d83a9d,9/20,C2,2,1,36,42,True,True,False,False,discovery_grid_train,denoising,f3ca790e7f33b00fa1d83a9d,76f6d5c4569053810379ff8f,final_prompt,final_prompt,16,self_patch,6e6fa928215586437c95600e,0.25,0.25,-0.25,-0.25,-0.0,0.0,False,False,False,False,False,False,False,False,False,False,False,-0.0
00310c2ffa3e084c1fea,grid,train,914fd5f0daec106ff700,76f6d5c4569053810379ff8f,f3ca790e7f33b00fa1d83a9d,9/20,C2,2,1,36,42,True,True,False,False,discovery_grid_train,denoising,f3ca790e7f33b00fa1d83a9d,76f6d5c4569053810379ff8f,final_prompt,final_prompt,17,cross_patch,7769a97a843c7784e637e919,0.25,0.25,-0.25,-0.25,-0.0,0.0,False,False,False,False,False,False,False,False,False,False,False,-0.0
00310c2ffa3e084c1fea,grid,train,914fd5f0daec106ff700,76f6d5c4569053810379ff8f,f3ca790e7f33b00fa1d83a9d,9/20,C2,2,1,36,42,True,True,False,False,discovery_grid_train,denoising,f3ca790e7f33b00fa1d83a9d,76f6d5c4569053810379ff8f,final_prompt,final_prompt,17,self_patch,a5d8aa66b730e0e615eb1a77,0.25,0.25,-0.25,-0.25,-0.0,0.0,False,False,False,False,False,False,False,False,False,False,False,-0.0
00310c2ffa3e084c1fea,grid,train,914fd5f0daec106ff700,76f6d5c4569053810379ff8f,f3ca790e7f33b00fa1d83a9d,9/20,C2,2,1,36,42,True,True,False,False,discovery_grid_train,denoising,f3ca790e7f33b00fa1d83a9d,76f6d5c4569053810379ff8f,final_prompt,final_prompt,18,cross_patch,a5d6ca0513847bbb04d0bd78,0.25,0.25,-0.25,-0.25,-0.0,0.0,False,False,False,False,False,False,False,False,False,False,False,-0.0
00310c2ffa3e084c1fea,grid,train,914fd5f0daec106ff700,76f6d5c4569053810379ff8f,f3ca790e7f33b00fa1d83a9d,9/20,C2,2,1,36,42,True,True,False,False,discovery_grid_train,denoising,f3ca790e7f33b00fa1d83a9d,76f6d5c4569053810379ff8f,final_prompt,final_prompt,18,self_patch,de9699efcb0fe542901ee055,0.25,0.25,-0.25,-0.25,-0.0,0.0,False,False,False,False,False,False,False,False,False,False,False,-0.0
00310c2ffa3e084c1fea,grid,train,914fd5f0daec106ff700,76f6d5c4569053810379ff8f,f3ca790e7f33b00fa1d83a9d,9/20,C2,2,1,36,42,True,True,False,False,discovery_grid_train,denoising,f3ca790e7f33b00fa1d83a9d,76f6d5c4569053810379ff8f,final_prompt,final_prompt,19,cross_patch,ad2f54d98928c3dc98923106,0.25,0.125,-0.25,-0.125,0.125,-0.125,False,False,False,False,False,False,False,False,False,False,False,0.125
00310c2ffa3e084c1fea,grid,train,914fd5f0daec106ff700,76f6d5c4569053810379ff8f,f3ca790e7f33b00fa1d83a9d,9/20,C2,2,1,36,42,True,True,False,False,discovery_grid_train,denoising,f3ca790e7f33b00fa1d83a9d,76f6d5c4569053810379ff8f,final_prompt,final_prompt,19,self_patch,02b61af3c40fc894115a39f8,0.25,0.25,-0.25,-0.25,-0.0,0.0,False,False,False,False,False,False,False,False,False,False,False,-0.0
00310c2ffa3e084c1fea,grid,train,914fd5f0daec106ff700,76f6d5c4569053810379ff8f,f3ca790e7f33b00fa1d83a9d,9/20,C2,2,1,36,42,True,True,False,False,discovery_grid_train,denoising,f3ca790e7f33b00fa1d83a9d,76f6d5c4569053810379ff8f,final_prompt,final_prompt,20,cross_patch,d4eff1352470f4e3d896dd23,0.25,0.125,-0.25,-0.125,0.125,-0.125,False,False,False,False,False,False,False,False,False,False,False,0.125
00310c2ffa3e084c1fea,grid,train,914fd5f0daec106ff700,76f6d5c4569053810379ff8f,f3ca790e7f33b00fa1d83a9d,9/20,C2,2,1,36,42,True,True,False,False,discovery_grid_train,denoising,f3ca790e7f33b00fa1d83a9d,76f6d5c4569053810379ff8f,final_prompt,final_prompt,20,self_patch,d03ca9c65504fbdf87fa8690,0.25,0.25,-0.25,-0.25,-0.0,0.0,False,False,False,False,False,False,False,False,False,False,False,-0.0
00310c2ffa3e084c1fea,grid,train,914fd5f0daec106ff700,76f6d5c4569053810379ff8f,f3ca790e7f33b00fa1d83a9d,9/20,C2,2,1,36,42,True,True,False,False,discovery_grid_train,denoising,f3ca790e7f33b00fa1d83a9d,76f6d5c4569053810379ff8f,final_prompt,final_prompt,21,cross_patch,a4544fff902668b7445d040e,0.25,0.125,-0.25,-0.125,0.125,-0.125,False,False,False,False,False,False,False,False,False,False,False,0.125
00310c2ffa3e084c1fea,grid,train,914fd5f0daec106ff700,76f6d5c4569053810379ff8f,f3ca790e7f33b00fa1d83a9d,9/20,C2,2,1,36,42,True,True,False,False,discovery_grid_train,denoising,f3ca790e7f33b00fa1d83a9d,76f6d5c4569053810379ff8f,final_prompt,final_prompt,21,self_patch,ffd928ac843ce8883252c5b9,0.25,0.25,-0.25,-0.25,-0.0,0.0,False,False,False,False,False,False,False,False,False,False,False,-0.0
00310c2ffa3e084c1fea,grid,train,914fd5f0daec106ff700,76f6d5c4569053810379ff8f,f3ca790e7f33b00fa1d83a9d,9/20,C2,2,1,36,42,True,True,False,False,discovery_grid_train,denoising,f3ca790e7f33b00fa1d83a9d,76f6d5c4569053810379ff8f,final_prompt,final_prompt,22,cross_patch,c45009b2fe3ce449b58159a8,0.25,0.125,-0.25,-0.125,0.125,-0.125,False,False,False,False,False,False,False,False,False,False,False,0.125
00310c2ffa3e084c1fea,grid,train,914fd5f0daec106ff700,76f6d5c4569053810379ff8f,f3ca790e7f33b00fa1d83a9d,9/20,C2,2,1,36,42,True,True,False,False,discovery_grid_train,denoising,f3ca790e7f33b00fa1d83a9d,76f6d5c4569053810379ff8f,final_prompt,final_prompt,22,self_patch,ffc49d4ffb57d2628fa2d021,0.25,0.25,-0.25,-0.25,-0.0,0.0,False,False,False,False,False,False,False,False,False,False,False,-0.0
00310c2ffa3e084c1fea,grid,train,914fd5f0daec106ff700,76f6d5c4569053810379ff8f,f3ca790e7f33b00fa1d83a9d,9/20,C2,2,1,36,42,True,True,False,False,discovery_grid_train,denoising,f3ca790e7f33b00fa1d83a9d,76f6d5c4569053810379ff8f,final_prompt,final_prompt,23,cross_patch,def49b7893e1fd40ce4981d8,0.25,0.25,-0.25,-0.25,-0.0,0.0,False,False,False,False,False,False,False,False,False,False,False,-0.0
00310c2ffa3e084c1fea,grid,train,914fd5f0daec106ff700,76f6d5c4569053810379ff8f,f3ca790e7f33b00fa1d83a9d,9/20,C2,2,1,36,42,True,True,False,False,discovery_grid_train,denoising,f3ca790e7f33b00fa1d83a9d,76f6d5c4569053810379ff8f,final_prompt,final_prompt,23,self_patch,0a23d5f3fe203a1a243218df,0.25,0.25,-0.25,-0.25,-0.0,0.0,False,False,False,False,False,False,False,False,False,False,False,-0.0
00310c2ffa3e084c1fea,grid,train,914fd5f0daec106ff700,76f6d5c4569053810379ff8f,f3ca790e7f33b00fa1d83a9d,9/20,C2,2,1,36,42,True,True,False,False,discovery_grid_train,denoising,f3ca790e7f33b00fa1d83a9d,76f6d5c4569053810379ff8f,final_prompt,final_prompt,24,cross_patch,47076aeec4d72aec237a0999,0.25,0.125,-0.25,-0.125,0.125,-0.125,False,False,False,False,False,False,False,False,False,False,False,0.125
00310c2ffa3e084c1fea,grid,train,914fd5f0daec106ff700,76f6d5c4569053810379ff8f,f3ca790e7f33b00fa1d83a9d,9/20,C2,2,1,36,42,True,True,False,False,discovery_grid_train,denoising,f3ca790e7f33b00fa1d83a9d,76f6d5c4569053810379ff8f,final_prompt,final_prompt,24,self_patch,e2911fee52e35d19013db988,0.25,0.25,-0.25,-0.25,-0.0,0.0,False,False,False,False,False,False,False,False,False,False,False,-0.0
00310c2ffa3e084c1fea,grid,train,914fd5f0daec106ff700,76f6d5c4569053810379ff8f,f3ca790e7f33b00fa1d83a9d,9/20,C2,2,1,36,42,True,True,False,False,discovery_grid_train,denoising,f3ca790e7f33b00fa1d83a9d,76f6d5c4569053810379ff8f,final_prompt,final_prompt,25,cross_patch,18534f19d05c696fab062fa1,0.25,0.25,-0.25,-0.25,-0.0,0.0,False,False,False,False,False,False,False,False,False,False,False,-0.0
00310c2ffa3e084c1fea,grid,train,914fd5f0daec106ff700,76f6d5c4569053810379ff8f,f3ca790e7f33b00fa1d83a9d,9/20,C2,2,1,36,42,True,True,False,False,discovery_grid_train,denoising,f3ca790e7f33b00fa1d83a9d,76f6d5c4569053810379ff8f,final_prompt,final_prompt,25,self_patch,065879d03c5cb712368635e6,0.25,0.25,-0.25,-0.25,-0.0,0.0,False,False,False,False,False,False,False,False,False,False,False,-0.0
00310c2ffa3e084c1fea,grid,train,914fd5f0daec106ff700,76f6d5c4569053810379ff8f,f3ca790e7f33b00fa1d83a9d,9/20,C2,2,1,36,42,True,True,False,False,discovery_grid_train,denoising,f3ca790e7f33b00fa1d83a9d,76f6d5c4569053810379ff8f,final_prompt,final_prompt,26,cross_patch,79dcda7c6d864a4a0c23ad00,0.25,0.25,-0.25,-0.25,-0.0,0.0,False,False,False,False,False,False,False,False,False,False,False,-0.0
00310c2ffa3e084c1fea,grid,train,914fd5f0daec106ff700,76f6d5c4569053810379ff8f,f3ca790e7f33b00fa1d83a9d,9/20,C2,2,1,36,42,True,True,False,False,discovery_grid_train,denoising,f3ca790e7f33b00fa1d83a9d,76f6d5c4569053810379ff8f,final_prompt,final_prompt,26,self_patch,a745a90ce28513563265d363,0.25,0.25,-0.25,-0.25,-0.0,0.0,False,False,False,False,False,False,False,False,False,False,False,-0.0
00310c2ffa3e084c1fea,grid,train,914fd5f0daec106ff700,76f6d5c4569053810379ff8f,f3ca790e7f33b00fa1d83a9d,9/20,C2,2,1,36,42,True,True,False,False,discovery_grid_train,denoising,f3ca790e7f33b00fa1d83a9d,76f6d5c4569053810379ff8f,final_prompt,final_prompt,27,cross_patch,74227841ab3ecf576aa5eae2,0.25,0.125,-0.25,-0.125,0.125,-0.125,False,False,False,False,False,False,False,False,False,False,False,0.125
00310c2ffa3e084c1fea,grid,train,914fd5f0daec106ff700,76f6d5c4569053810379ff8f,f3ca790e7f33b00fa1d83a9d,9/20,C2,2,1,36,42,True,True,False,False,discovery_grid_train,denoising,f3ca790e7f33b00fa1d83a9d,76f6d5c4569053810379ff8f,final_prompt,final_prompt,27,self_patch,ee2d08283e693d5937ef133c,0.25,0.25,-0.25,-0.25,-0.0,0.0,False,False,False,False,False,False,False,False,False,False,False,-0.0
00310c2ffa3e084c1fea,grid,train,914fd5f0daec106ff700,76f6d5c4569053810379ff8f,f3ca790e7f33b00fa1d83a9d,9/20,C2,2,1,36,42,True,True,False,False,discovery_grid_train,denoising,f3ca790e7f33b00fa1d83a9d,76f6d5c4569053810379ff8f,final_prompt,final_prompt,28,cross_patch,c4243adbfe35b02b5e033e1c,0.25,0.125,-0.25,-0.125,0.125,-0.125,False,False,False,False,False,False,False,False,False,False,False,0.125
00310c2ffa3e084c1fea,grid,train,914fd5f0daec106ff700,76f6d5c4569053810379ff8f,f3ca790e7f33b00fa1d83a9d,9/20,C2,2,1,36,42,True,True,False,False,discovery_grid_train,denoising,f3ca790e7f33b00fa1d83a9d,76f6d5c4569053810379ff8f,final_prompt,final_prompt,28,self_patch,bc81cc65aa66690a71d666aa,0.25,0.25,-0.25,-0.25,-0.0,0.0,False,False,False,False,False,False,False,False,False,False,False,-0.0
00310c2ffa3e084c1fea,grid,train,914fd5f0daec106ff700,76f6d5c4569053810379ff8f,f3ca790e7f33b00fa1d83a9d,9/20,C2,2,1,36,42,True,True,False,False,discovery_grid_train,denoising,f3ca790e7f33b00fa1d83a9d,76f6d5c4569053810379ff8f,final_prompt,final_prompt,29,cross_patch,ac90c7a7dd2bbf3ca1320146,0.25,0.125,-0.25,-0.125,0.125,-0.125,False,False,False,False,False,False,False,False,False,False,False,0.125
00310c2ffa3e084c1fea,grid,train,914fd5f0daec106ff700,76f6d5c4569053810379ff8f,f3ca790e7f33b00fa1d83a9d,9/20,C2,2,1,36,42,True,True,False,False,discovery_grid_train,denoising,f3ca790e7f33b00fa1d83a9d,76f6d5c4569053810379ff8f,final_prompt,final_prompt,29,self_patch,3f8331013bff0f0636f42c42,0.25,0.25,-0.25,-0.25,-0.0,0.0,False,False,False,False,False,False,False,False,False,False,False,-0.0
00310c2ffa3e084c1fea,grid,train,914fd5f0daec106ff700,76f6d5c4569053810379ff8f,f3ca790e7f33b00fa1d83a9d,9/20,C2,2,1,36,42,True,True,False,False,discovery_grid_train,denoising,f3ca790e7f33b00fa1d83a9d,76f6d5c4569053810379ff8f,final_prompt,final_prompt,30,cross_patch,90b208a1cdaec64a8deda70d,0.25,0.125,-0.25,-0.125,0.125,-0.125,False,False,False,False,False,False,False,False,False,False,False,0.125
00310c2ffa3e084c1fea,grid,train,914fd5f0daec106ff700,76f6d5c4569053810379ff8f,f3ca790e7f33b00fa1d83a9d,9/20,C2,2,1,36,42,True,True,False,False,discovery_grid_train,denoising,f3ca790e7f33b00fa1d83a9d,76f6d5c4569053810379ff8f,final_prompt,final_prompt,30,self_patch,12dc5a24e58faf57c9f268a3,0.25,0.25,-0.25,-0.25,-0.0,0.0,False,False,False,False,False,False,False,False,False,False,False,-0.0
00310c2ffa3e084c1fea,grid,train,914fd5f0daec106ff700,76f6d5c4569053810379ff8f,f3ca790e7f33b00fa1d83a9d,9/20,C2,2,1,36,42,True,True,False,False,discovery_grid_train,denoising,f3ca790e7f33b00fa1d83a9d,76f6d5c4569053810379ff8f,final_prompt,final_prompt,31,cross_patch,c7a69a42ac59b421d0a115f1,0.25,0.25,-0.25,-0.25,-0.0,0.0,False,False,False,False,False,False,False,False,False,False,False,-0.0
00310c2ffa3e084c1fea,grid,train,914fd5f0daec106ff700,76f6d5c4569053810379ff8f,f3ca790e7f33b00fa1d83a9d,9/20,C2,2,1,36,42,True,True,False,False,discovery_grid_train,denoising,f3ca790e7f33b00fa1d83a9d,76f6d5c4569053810379ff8f,final_prompt,final_prompt,31,self_patch,dd89e1875900c030917fa45a,0.25,0.25,-0.25,-0.25,-0.0,0.0,False,False,False,False,False,False,False,False,False,False,False,-0.0
00310c2ffa3e084c1fea,grid,train,914fd5f0daec106ff700,76f6d5c4569053810379ff8f,f3ca790e7f33b00fa1d83a9d,9/20,C2,2,1,36,42,True,True,False,False,discovery_grid_train,denoising,f3ca790e7f33b00fa1d83a9d,76f6d5c4569053810379ff8f,answer_prefix,answer_prefix,0,cross_patch,c150c92f0dcd38ae0cf1f3f0,0.25,0.25,-0.25,-0.25,-0.0,0.0,False,False,False,False,False,False,False,False,False,False,False,-0.0
00310c2ffa3e084c1fea,grid,train,914fd5f0daec106ff700,76f6d5c4569053810379ff8f,f3ca790e7f33b00fa1d83a9d,9/20,C2,2,1,36,42,True,True,False,False,discovery_grid_train,denoising,f3ca790e7f33b00fa1d83a9d,76f6d5c4569053810379ff8f,answer_prefix,answer_prefix,0,self_patch,e60f56afd5a7d90b6498a34a,0.25,0.25,-0.25,-0.25,-0.0,0.0,False,False,False,False,False,False,False,False,False,False,False,-0.0
00310c2ffa3e084c1fea,grid,train,914fd5f0daec106ff700,76f6d5c4569053810379ff8f,f3ca790e7f33b00fa1d83a9d,9/20,C2,2,1,36,42,True,True,False,False,discovery_grid_train,denoising,f3ca790e7f33b00fa1d83a9d,76f6d5c4569053810379ff8f,answer_prefix,answer_prefix,1,cross_patch,ea85e1b824acd4a78e83daa4,0.25,0.25,-0.25,-0.25,-0.0,0.0,False,False,False,False,False,False,False,False,False,False,False,-0.0
00310c2ffa3e084c1fea,grid,train,914fd5f0daec106ff700,76f6d5c4569053810379ff8f,f3ca790e7f33b00fa1d83a9d,9/20,C2,2,1,36,42,True,True,False,False,discovery_grid_train,denoising,f3ca790e7f33b00fa1d83a9d,76f6d5c4569053810379ff8f,answer_prefix,answer_prefix,1,self_patch,c3bc8b2a8216ba9206f9609d,0.25,0.25,-0.25,-0.25,-0.0,0.0,False,False,False,False,False,False,False,False,False,False,False,-0.0
00310c2ffa3e084c1fea,grid,train,914fd5f0daec106ff700,76f6d5c4569053810379ff8f,f3ca790e7f33b00fa1d83a9d,9/20,C2,2,1,36,42,True,True,False,False,discovery_grid_train,denoising,f3ca790e7f33b00fa1d83a9d,76f6d5c4569053810379ff8f,answer_prefix,answer_prefix,2,cross_patch,1a9d376d730b0d665d4bd171,0.25,0.25,-0.25,-0.25,-0.0,0.0,False,False,False,False,False,False,False,False,False,False,False,-0.0
00310c2ffa3e084c1fea,grid,train,914fd5f0daec106ff700,76f6d5c4569053810379ff8f,f3ca790e7f33b00fa1d83a9d,9/20,C2,2,1,36,42,True,True,False,False,discovery_grid_train,denoising,f3ca790e7f33b00fa1d83a9d,76f6d5c4569053810379ff8f,answer_prefix,answer_prefix,2,self_patch,53f65f2e0385d8e5109de3e6,0.25,0.25,-0.25,-0.25,-0.0,0.0,False,False,False,False,False,False,False,False,False,False,False,-0.0
00310c2ffa3e084c1fea,grid,train,914fd5f0daec106ff700,76f6d5c4569053810379ff8f,f3ca790e7f33b00fa1d83a9d,9/20,C2,2,1,36,42,True,True,False,False,discovery_grid_train,denoising,f3ca790e7f33b00fa1d83a9d,76f6d5c4569053810379ff8f,answer_prefix,answer_prefix,3,cross_patch,4d716ec12ae60602a8c97ad6,0.25,0.25,-0.25,-0.25,-0.0,0.0,False,False,False,False,False,False,False,False,False,False,False,-0.0
00310c2ffa3e084c1fea,grid,train,914fd5f0daec106ff700,76f6d5c4569053810379ff8f,f3ca790e7f33b00fa1d83a9d,9/20,C2,2,1,36,42,True,True,False,False,discovery_grid_train,denoising,f3ca790e7f33b00fa1d83a9d,76f6d5c4569053810379ff8f,answer_prefix,answer_prefix,3,self_patch,a0cdbe64be2344eb661936f0,0.25,0.25,-0.25,-0.25,-0.0,0.0,False,False,False,False,False,False,False,False,False,False,False,-0.0
00310c2ffa3e084c1fea,grid,train,914fd5f0daec106ff700,76f6d5c4569053810379ff8f,f3ca790e7f33b00fa1d83a9d,9/20,C2,2,1,36,42,True,True,False,False,discovery_grid_train,denoising,f3ca790e7f33b00fa1d83a9d,76f6d5c4569053810379ff8f,answer_prefix,answer_prefix,4,cross_patch,8b1dbed434102c7b1be188dc,0.25,0.25,-0.25,-0.25,-0.0,0.0,False,False,False,False,False,False,False,False,False,False,False,-0.0
00310c2ffa3e084c1fea,grid,train,914fd5f0daec106ff700,76f6d5c4569053810379ff8f,f3ca790e7f33b00fa1d83a9d,9/20,C2,2,1,36,42,True,True,False,False,discovery_grid_train,denoising,f3ca790e7f33b00fa1d83a9d,76f6d5c4569053810379ff8f,answer_prefix,answer_prefix,4,self_patch,b6a97ce06ce52a20f09cf8d4,0.25,0.25,-0.25,-0.25,-0.0,0.0,False,False,False,False,False,False,False,False,False,False,False,-0.0
00310c2ffa3e084c1fea,grid,train,914fd5f0daec106ff700,76f6d5c4569053810379ff8f,f3ca790e7f33b00fa1d83a9d,9/20,C2,2,1,36,42,True,True,False,False,discovery_grid_train,denoising,f3ca790e7f33b00fa1d83a9d,76f6d5c4569053810379ff8f,answer_prefix,answer_prefix,5,cross_patch,dc0505b142661b07f902b077,0.25,0.25,-0.25,-0.25,-0.0,0.0,False,False,False,False,False,False,False,False,False,False,False,-0.0
00310c2ffa3e084c1fea,grid,train,914fd5f0daec106ff700,76f6d5c4569053810379ff8f,f3ca790e7f33b00fa1d83a9d,9/20,C2,2,1,36,42,True,True,False,False,discovery_grid_train,denoising,f3ca790e7f33b00fa1d83a9d,76f6d5c4569053810379ff8f,answer_prefix,answer_prefix,5,self_patch,af4dee45a9633b6fc431e673,0.25,0.25,-0.25,-0.25,-0.0,0.0,False,False,False,False,False,False,False,False,False,False,False,-0.0
00310c2ffa3e084c1fea,grid,train,914fd5f0daec106ff700,76f6d5c4569053810379ff8f,f3ca790e7f33b00fa1d83a9d,9/20,C2,2,1,36,42,True,True,False,False,discovery_grid_train,denoising,f3ca790e7f33b00fa1d83a9d,76f6d5c4569053810379ff8f,answer_prefix,answer_prefix,6,cross_patch,ec19b9242103438c94c84aee,0.25,0.25,-0.25,-0.25,-0.0,0.0,False,False,False,False,False,False,False,False,False,False,False,-0.0
00310c2ffa3e084c1fea,grid,train,914fd5f0daec106ff700,76f6d5c4569053810379ff8f,f3ca790e7f33b00fa1d83a9d,9/20,C2,2,1,36,42,True,True,False,False,discovery_grid_train,denoising,f3ca790e7f33b00fa1d83a9d,76f6d5c4569053810379ff8f,answer_prefix,answer_prefix,6,self_patch,5206c06e77d6e48b86f44001,0.25,0.25,-0.25,-0.25,-0.0,0.0,False,False,False,False,False,False,False,False,False,False,False,-0.0
00310c2ffa3e084c1fea,grid,train,914fd5f0daec106ff700,76f6d5c4569053810379ff8f,f3ca790e7f33b00fa1d83a9d,9/20,C2,2,1,36,42,True,True,False,False,discovery_grid_train,denoising,f3ca790e7f33b00fa1d83a9d,76f6d5c4569053810379ff8f,answer_prefix,answer_prefix,7,cross_patch,10b12ce0a82b698a98bb8b7c,0.25,0.25,-0.25,-0.25,-0.0,0.0,False,False,False,False,False,False,False,False,False,False,False,-0.0
00310c2ffa3e084c1fea,grid,train,914fd5f0daec106ff700,76f6d5c4569053810379ff8f,f3ca790e7f33b00fa1d83a9d,9/20,C2,2,1,36,42,True,True,False,False,discovery_grid_train,denoising,f3ca790e7f33b00fa1d83a9d,76f6d5c4569053810379ff8f,answer_prefix,answer_prefix,7,self_patch,638b251f11fee5edf70534bd,0.25,0.25,-0.25,-0.25,-0.0,0.0,False,False,False,False,False,False,False,False,False,False,False,-0.0
00310c2ffa3e084c1fea,grid,train,914fd5f0daec106ff700,76f6d5c4569053810379ff8f,f3ca790e7f33b00fa1d83a9d,9/20,C2,2,1,36,42,True,True,False,False,discovery_grid_train,denoising,f3ca790e7f33b00fa1d83a9d,76f6d5c4569053810379ff8f,answer_prefix,answer_prefix,8,cross_patch,5fe0bc7ac00ff9de3aef61d6,0.25,0.25,-0.25,-0.25,-0.0,0.0,False,False,False,False,False,False,False,False,False,False,False,-0.0
00310c2ffa3e084c1fea,grid,train,914fd5f0daec106ff700,76f6d5c4569053810379ff8f,f3ca790e7f33b00fa1d83a9d,9/20,C2,2,1,36,42,True,True,False,False,discovery_grid_train,denoising,f3ca790e7f33b00fa1d83a9d,76f6d5c4569053810379ff8f,answer_prefix,answer_prefix,8,self_patch,73fea428d051ae69b932a005,0.25,0.25,-0.25,-0.25,-0.0,0.0,False,False,False,False,False,False,False,False,False,False,False,-0.0
00310c2ffa3e084c1fea,grid,train,914fd5f0daec106ff700,76f6d5c4569053810379ff8f,f3ca790e7f33b00fa1d83a9d,9/20,C2,2,1,36,42,True,True,False,False,discovery_grid_train,denoising,f3ca790e7f33b00fa1d83a9d,76f6d5c4569053810379ff8f,answer_prefix,answer_prefix,9,cross_patch,59386a929bc5c9163a2933e3,0.25,0.25,-0.25,-0.25,-0.0,0.0,False,False,False,False,False,False,False,False,False,False,False,-0.0
00310c2ffa3e084c1fea,grid,train,914fd5f0daec106ff700,76f6d5c4569053810379ff8f,f3ca790e7f33b00fa1d83a9d,9/20,C2,2,1,36,42,True,True,False,False,discovery_grid_train,denoising,f3ca790e7f33b00fa1d83a9d,76f6d5c4569053810379ff8f,answer_prefix,answer_prefix,9,self_patch,9aca8ce87059d0e73b50ada0,0.25,0.25,-0.25,-0.25,-0.0,0.0,False,False,False,False,False,False,False,False,False,False,False,-0.0
00310c2ffa3e084c1fea,grid,train,914fd5f0daec106ff700,76f6d5c4569053810379ff8f,f3ca790e7f33b00fa1d83a9d,9/20,C2,2,1,36,42,True,True,False,False,discovery_grid_train,denoising,f3ca790e7f33b00fa1d83a9d,76f6d5c4569053810379ff8f,answer_prefix,answer_prefix,10,cross_patch,0b635198e8a047fc28a7eb75,0.25,0.25,-0.25,-0.25,-0.0,0.0,False,False,False,False,False,False,False,False,False,False,False,-0.0
00310c2ffa3e084c1fea,grid,train,914fd5f0daec106ff700,76f6d5c4569053810379ff8f,f3ca790e7f33b00fa1d83a9d,9/20,C2,2,1,36,42,True,True,False,False,discovery_grid_train,denoising,f3ca790e7f33b00fa1d83a9d,76f6d5c4569053810379ff8f,answer_prefix,answer_prefix,10,self_patch,226b8cfb07b55855f536e1e7,0.25,0.25,-0.25,-0.25,-0.0,0.0,False,False,False,False,False,False,False,False,False,False,False,-0.0
00310c2ffa3e084c1fea,grid,train,914fd5f0daec106ff700,76f6d5c4569053810379ff8f,f3ca790e7f33b00fa1d83a9d,9/20,C2,2,1,36,42,True,True,False,False,discovery_grid_train,denoising,f3ca790e7f33b00fa1d83a9d,76f6d5c4569053810379ff8f,answer_prefix,answer_prefix,11,cross_patch,c7c1aad6fbbe955bafaf445f,0.25,0.125,-0.25,-0.125,0.125,-0.125,False,False,False,False,False,False,False,False,False,False,False,0.125
00310c2ffa3e084c1fea,grid,train,914fd5f0daec106ff700,76f6d5c4569053810379ff8f,f3ca790e7f33b00fa1d83a9d,9/20,C2,2,1,36,42,True,True,False,False,discovery_grid_train,denoising,f3ca790e7f33b00fa1d83a9d,76f6d5c4569053810379ff8f,answer_prefix,answer_prefix,11,self_patch,8adfbd6911243acaec2b06fb,0.25,0.25,-0.25,-0.25,-0.0,0.0,False,False,False,False,False,False,False,False,False,False,False,-0.0
00310c2ffa3e084c1fea,grid,train,914fd5f0daec106ff700,76f6d5c4569053810379ff8f,f3ca790e7f33b00fa1d83a9d,9/20,C2,2,1,36,42,True,True,False,False,discovery_grid_train,denoising,f3ca790e7f33b00fa1d83a9d,76f6d5c4569053810379ff8f,answer_prefix,answer_prefix,12,cross_patch,5790c482a62791b04017e2e2,0.25,0.125,-0.25,-0.125,0.125,-0.125,False,False,False,False,False,False,False,False,False,False,False,0.125
00310c2ffa3e084c1fea,grid,train,914fd5f0daec106ff700,76f6d5c4569053810379ff8f,f3ca790e7f33b00fa1d83a9d,9/20,C2,2,1,36,42,True,True,False,False,discovery_grid_train,denoising,f3ca790e7f33b00fa1d83a9d,76f6d5c4569053810379ff8f,answer_prefix,answer_prefix,12,self_patch,4041682cdeeea47c50b14a79,0.25,0.25,-0.25,-0.25,-0.0,0.0,False,False,False,False,False,False,False,False,False,False,False,-0.0
00310c2ffa3e084c1fea,grid,train,914fd5f0daec106ff700,76f6d5c4569053810379ff8f,f3ca790e7f33b00fa1d83a9d,9/20,C2,2,1,36,42,True,True,False,False,discovery_grid_train,denoising,f3ca790e7f33b00fa1d83a9d,76f6d5c4569053810379ff8f,answer_prefix,answer_prefix,13,cross_patch,3acabe4a5daf3f00cb7c25dc,0.25,0.25,-0.25,-0.25,-0.0,0.0,False,False,False,False,False,False,False,False,False,False,False,-0.0
00310c2ffa3e084c1fea,grid,train,914fd5f0daec106ff700,76f6d5c4569053810379ff8f,f3ca790e7f33b00fa1d83a9d,9/20,C2,2,1,36,42,True,True,False,False,discovery_grid_train,denoising,f3ca790e7f33b00fa1d83a9d,76f6d5c4569053810379ff8f,answer_prefix,answer_prefix,13,self_patch,0dba84c4514a0d23ab01f05e,0.25,0.25,-0.25,-0.25,-0.0,0.0,False,False,False,False,False,False,False,False,False,False,False,-0.0
00310c2ffa3e084c1fea,grid,train,914fd5f0daec106ff700,76f6d5c4569053810379ff8f,f3ca790e7f33b00fa1d83a9d,9/20,C2,2,1,36,42,True,True,False,False,discovery_grid_train,denoising,f3ca790e7f33b00fa1d83a9d,76f6d5c4569053810379ff8f,answer_prefix,answer_prefix,14,cross_patch,a2c3505fad488f6dfaa94c4f,0.25,0.25,-0.25,-0.25,-0.0,0.0,False,False,False,False,False,False,False,False,False,False,False,-0.0
00310c2ffa3e084c1fea,grid,train,914fd5f0daec106ff700,76f6d5c4569053810379ff8f,f3ca790e7f33b00fa1d83a9d,9/20,C2,2,1,36,42,True,True,False,False,discovery_grid_train,denoising,f3ca790e7f33b00fa1d83a9d,76f6d5c4569053810379ff8f,answer_prefix,answer_prefix,14,self_patch,a6afc9143dde10bbb2dfc8f5,0.25,0.25,-0.25,-0.25,-0.0,0.0,False,False,False,False,False,False,False,False,False,False,False,-0.0
00310c2ffa3e084c1fea,grid,train,914fd5f0daec106ff700,76f6d5c4569053810379ff8f,f3ca790e7f33b00fa1d83a9d,9/20,C2,2,1,36,42,True,True,False,False,discovery_grid_train,denoising,f3ca790e7f33b00fa1d83a9d,76f6d5c4569053810379ff8f,answer_prefix,answer_prefix,15,cross_patch,35fe3a1e6278e2de2af6ad67,0.25,0.25,-0.25,-0.25,-0.0,0.0,False,False,False,False,False,False,False,False,False,False,False,-0.0
00310c2ffa3e084c1fea,grid,train,914fd5f0daec106ff700,76f6d5c4569053810379ff8f,f3ca790e7f33b00fa1d83a9d,9/20,C2,2,1,36,42,True,True,False,False,discovery_grid_train,denoising,f3ca790e7f33b00fa1d83a9d,76f6d5c4569053810379ff8f,answer_prefix,answer_prefix,15,self_patch,044b359c6f38230da32e13db,0.25,0.25,-0.25,-0.25,-0.0,0.0,False,False,False,False,False,False,False,False,False,False,False,-0.0
00310c2ffa3e084c1fea,grid,train,914fd5f0daec106ff700,76f6d5c4569053810379ff8f,f3ca790e7f33b00fa1d83a9d,9/20,C2,2,1,36,42,True,True,False,False,discovery_grid_train,denoising,f3ca790e7f33b00fa1d83a9d,76f6d5c4569053810379ff8f,answer_prefix,answer_prefix,16,cross_patch,f762c3d330b3243301766cb4,0.25,0.125,-0.25,-0.125,0.125,-0.125,False,False,False,False,False,False,False,False,False,False,False,0.125
00310c2ffa3e084c1fea,grid,train,914fd5f0daec106ff700,76f6d5c4569053810379ff8f,f3ca790e7f33b00fa1d83a9d,9/20,C2,2,1,36,42,True,True,False,False,discovery_grid_train,denoising,f3ca790e7f33b00fa1d83a9d,76f6d5c4569053810379ff8f,answer_prefix,answer_prefix,16,self_patch,df6c33a7790511c348b8ffeb,0.25,0.25,-0.25,-0.25,-0.0,0.0,False,False,False,False,False,False,False,False,False,False,False,-0.0
00310c2ffa3e084c1fea,grid,train,914fd5f0daec106ff700,76f6d5c4569053810379ff8f,f3ca790e7f33b00fa1d83a9d,9/20,C2,2,1,36,42,True,True,False,False,discovery_grid_train,denoising,f3ca790e7f33b00fa1d83a9d,76f6d5c4569053810379ff8f,answer_prefix,answer_prefix,17,cross_patch,dccc66c180aee34432de0432,0.25,0.125,-0.25,-0.125,0.125,-0.125,False,False,False,False,False,False,False,False,False,False,False,0.125
00310c2ffa3e084c1fea,grid,train,914fd5f0daec106ff700,76f6d5c4569053810379ff8f,f3ca790e7f33b00fa1d83a9d,9/20,C2,2,1,36,42,True,True,False,False,discovery_grid_train,denoising,f3ca790e7f33b00fa1d83a9d,76f6d5c4569053810379ff8f,answer_prefix,answer_prefix,17,self_patch,cad66be17e537a2ea3e0b040,0.25,0.25,-0.25,-0.25,-0.0,0.0,False,False,False,False,False,False,False,False,False,False,False,-0.0
00310c2ffa3e084c1fea,grid,train,914fd5f0daec106ff700,76f6d5c4569053810379ff8f,f3ca790e7f33b00fa1d83a9d,9/20,C2,2,1,36,42,True,True,False,False,discovery_grid_train,denoising,f3ca790e7f33b00fa1d83a9d,76f6d5c4569053810379ff8f,answer_prefix,answer_prefix,18,cross_patch,45f546a886e011fdffa112e5,0.25,0.125,-0.25,-0.125,0.125,-0.125,False,False,False,False,False,False,False,False,False,False,False,0.125
00310c2ffa3e084c1fea,grid,train,914fd5f0daec106ff700,76f6d5c4569053810379ff8f,f3ca790e7f33b00fa1d83a9d,9/20,C2,2,1,36,42,True,True,False,False,discovery_grid_train,denoising,f3ca790e7f33b00fa1d83a9d,76f6d5c4569053810379ff8f,answer_prefix,answer_prefix,18,self_patch,290e26855597232575e51140,0.25,0.25,-0.25,-0.25,-0.0,0.0,False,False,False,False,False,False,False,False,False,False,False,-0.0
00310c2ffa3e084c1fea,grid,train,914fd5f0daec106ff700,76f6d5c4569053810379ff8f,f3ca790e7f33b00fa1d83a9d,9/20,C2,2,1,36,42,True,True,False,False,discovery_grid_train,denoising,f3ca790e7f33b00fa1d83a9d,76f6d5c4569053810379ff8f,answer_prefix,answer_prefix,19,cross_patch,35e2e5453dcc439ca0ae949e,0.25,0.125,-0.25,-0.125,0.125,-0.125,False,False,False,False,False,False,False,False,False,False,False,0.125
00310c2ffa3e084c1fea,grid,train,914fd5f0daec106ff700,76f6d5c4569053810379ff8f,f3ca790e7f33b00fa1d83a9d,9/20,C2,2,1,36,42,True,True,False,False,discovery_grid_train,denoising,f3ca790e7f33b00fa1d83a9d,76f6d5c4569053810379ff8f,answer_prefix,answer_prefix,19,self_patch,13a744bfe891d85e13581df6,0.25,0.25,-0.25,-0.25,-0.0,0.0,False,False,False,False,False,False,False,False,False,False,False,-0.0
00310c2ffa3e084c1fea,grid,train,914fd5f0daec106ff700,76f6d5c4569053810379ff8f,f3ca790e7f33b00fa1d83a9d,9/20,C2,2,1,36,42,True,True,False,False,discovery_grid_train,denoising,f3ca790e7f33b00fa1d83a9d,76f6d5c4569053810379ff8f,answer_prefix,answer_prefix,20,cross_patch,086f1ff87819e6a3cf2ae7df,0.25,0.125,-0.25,-0.125,0.125,-0.125,False,False,False,False,False,False,False,False,False,False,False,0.125
00310c2ffa3e084c1fea,grid,train,914fd5f0daec106ff700,76f6d5c4569053810379ff8f,f3ca790e7f33b00fa1d83a9d,9/20,C2,2,1,36,42,True,True,False,False,discovery_grid_train,denoising,f3ca790e7f33b00fa1d83a9d,76f6d5c4569053810379ff8f,answer_prefix,answer_prefix,20,self_patch,86af1cc2a5f4e9b19f82d0c4,0.25,0.25,-0.25,-0.25,-0.0,0.0,False,False,False,False,False,False,False,False,False,False,False,-0.0
00310c2ffa3e084c1fea,grid,train,914fd5f0daec106ff700,76f6d5c4569053810379ff8f,f3ca790e7f33b00fa1d83a9d,9/20,C2,2,1,36,42,True,True,False,False,discovery_grid_train,denoising,f3ca790e7f33b00fa1d83a9d,76f6d5c4569053810379ff8f,answer_prefix,answer_prefix,21,cross_patch,039251065b9e863c24b4ae44,0.25,0.125,-0.25,-0.125,0.125,-0.125,False,False,False,False,False,False,False,False,False,False,False,0.125
00310c2ffa3e084c1fea,grid,train,914fd5f0daec106ff700,76f6d5c4569053810379ff8f,f3ca790e7f33b00fa1d83a9d,9/20,C2,2,1,36,42,True,True,False,False,discovery_grid_train,denoising,f3ca790e7f33b00fa1d83a9d,76f6d5c4569053810379ff8f,answer_prefix,answer_prefix,21,self_patch,5d87179f629a3897a70499e9,0.25,0.25,-0.25,-0.25,-0.0,0.0,False,False,False,False,False,False,False,False,False,False,False,-0.0
00310c2ffa3e084c1fea,grid,train,914fd5f0daec106ff700,76f6d5c4569053810379ff8f,f3ca790e7f33b00fa1d83a9d,9/20,C2,2,1,36,42,True,True,False,False,discovery_grid_train,denoising,f3ca790e7f33b00fa1d83a9d,76f6d5c4569053810379ff8f,answer_prefix,answer_prefix,22,cross_patch,c8a643b10b0b0522c5601964,0.25,0.125,-0.25,-0.125,0.125,-0.125,False,False,False,False,False,False,False,False,False,False,False,0.125
00310c2ffa3e084c1fea,grid,train,914fd5f0daec106ff700,76f6d5c4569053810379ff8f,f3ca790e7f33b00fa1d83a9d,9/20,C2,2,1,36,42,True,True,False,False,discovery_grid_train,denoising,f3ca790e7f33b00fa1d83a9d,76f6d5c4569053810379ff8f,answer_prefix,answer_prefix,22,self_patch,cdcc576e06e18fda8efcf37f,0.25,0.25,-0.25,-0.25,-0.0,0.0,False,False,False,False,False,False,False,False,False,False,False,-0.0
00310c2ffa3e084c1fea,grid,train,914fd5f0daec106ff700,76f6d5c4569053810379ff8f,f3ca790e7f33b00fa1d83a9d,9/20,C2,2,1,36,42,True,True,False,False,discovery_grid_train,denoising,f3ca790e7f33b00fa1d83a9d,76f6d5c4569053810379ff8f,answer_prefix,answer_prefix,23,cross_patch,e0eadf6a779494170d91950b,0.25,0.125,-0.25,-0.125,0.125,-0.125,False,False,False,False,False,False,False,False,False,False,False,0.125
00310c2ffa3e084c1fea,grid,train,914fd5f0daec106ff700,76f6d5c4569053810379ff8f,f3ca790e7f33b00fa1d83a9d,9/20,C2,2,1,36,42,True,True,False,False,discovery_grid_train,denoising,f3ca790e7f33b00fa1d83a9d,76f6d5c4569053810379ff8f,answer_prefix,answer_prefix,23,self_patch,4a3a89e6f9a91b453528f169,0.25,0.25,-0.25,-0.25,-0.0,0.0,False,False,False,False,False,False,False,False,False,False,False,-0.0
00310c2ffa3e084c1fea,grid,train,914fd5f0daec106ff700,76f6d5c4569053810379ff8f,f3ca790e7f33b00fa1d83a9d,9/20,C2,2,1,36,42,True,True,False,False,discovery_grid_train,denoising,f3ca790e7f33b00fa1d83a9d,76f6d5c4569053810379ff8f,answer_prefix,answer_prefix,24,cross_patch,b24587c4052941908a49feca,0.25,0.125,-0.25,-0.125,0.125,-0.125,False,False,False,False,False,False,False,False,False,False,False,0.125
00310c2ffa3e084c1fea,grid,train,914fd5f0daec106ff700,76f6d5c4569053810379ff8f,f3ca790e7f33b00fa1d83a9d,9/20,C2,2,1,36,42,True,True,False,False,discovery_grid_train,denoising,f3ca790e7f33b00fa1d83a9d,76f6d5c4569053810379ff8f,answer_prefix,answer_prefix,24,self_patch,debb724855f3ead27206074b,0.25,0.25,-0.25,-0.25,-0.0,0.0,False,False,False,False,False,False,False,False,False,False,False,-0.0
00310c2ffa3e084c1fea,grid,train,914fd5f0daec106ff700,76f6d5c4569053810379ff8f,f3ca790e7f33b00fa1d83a9d,9/20,C2,2,1,36,42,True,True,False,False,discovery_grid_train,denoising,f3ca790e7f33b00fa1d83a9d,76f6d5c4569053810379ff8f,answer_prefix,answer_prefix,25,cross_patch,47989b346799635ad46083fa,0.25,0.0,-0.25,-0.0,0.25,-0.25,False,False,False,False,False,False,False,False,True,False,False,0.25
00310c2ffa3e084c1fea,grid,train,914fd5f0daec106ff700,76f6d5c4569053810379ff8f,f3ca790e7f33b00fa1d83a9d,9/20,C2,2,1,36,42,True,True,False,False,discovery_grid_train,denoising,f3ca790e7f33b00fa1d83a9d,76f6d5c4569053810379ff8f,answer_prefix,answer_prefix,25,self_patch,a0b0f94ae8760d49f451a447,0.25,0.25,-0.25,-0.25,-0.0,0.0,False,False,False,False,False,False,False,False,False,False,False,-0.0
00310c2ffa3e084c1fea,grid,train,914fd5f0daec106ff700,76f6d5c4569053810379ff8f,f3ca790e7f33b00fa1d83a9d,9/20,C2,2,1,36,42,True,True,False,False,discovery_grid_train,denoising,f3ca790e7f33b00fa1d83a9d,76f6d5c4569053810379ff8f,answer_prefix,answer_prefix,26,cross_patch,1e9ad35144a7f246c55f448d,0.25,0.125,-0.25,-0.125,0.125,-0.125,False,False,False,False,False,False,False,False,False,False,False,0.125
00310c2ffa3e084c1fea,grid,train,914fd5f0daec106ff700,76f6d5c4569053810379ff8f,f3ca790e7f33b00fa1d83a9d,9/20,C2,2,1,36,42,True,True,False,False,discovery_grid_train,denoising,f3ca790e7f33b00fa1d83a9d,76f6d5c4569053810379ff8f,answer_prefix,answer_prefix,26,self_patch,232b73be197b044be41a372d,0.25,0.25,-0.25,-0.25,-0.0,0.0,False,False,False,False,False,False,False,False,False,False,False,-0.0
00310c2ffa3e084c1fea,grid,train,914fd5f0daec106ff700,76f6d5c4569053810379ff8f,f3ca790e7f33b00fa1d83a9d,9/20,C2,2,1,36,42,True,True,False,False,discovery_grid_train,denoising,f3ca790e7f33b00fa1d83a9d,76f6d5c4569053810379ff8f,answer_prefix,answer_prefix,27,cross_patch,f3db538b17c84b248046aa30,0.25,0.125,-0.25,-0.125,0.125,-0.125,False,False,False,False,False,False,False,False,False,False,False,0.125
00310c2ffa3e084c1fea,grid,train,914fd5f0daec106ff700,76f6d5c4569053810379ff8f,f3ca790e7f33b00fa1d83a9d,9/20,C2,2,1,36,42,True,True,False,False,discovery_grid_train,denoising,f3ca790e7f33b00fa1d83a9d,76f6d5c4569053810379ff8f,answer_prefix,answer_prefix,27,self_patch,5f713fd4c0a0b90bef7557eb,0.25,0.25,-0.25,-0.25,-0.0,0.0,False,False,False,False,False,False,False,False,False,False,False,-0.0
00310c2ffa3e084c1fea,grid,train,914fd5f0daec106ff700,76f6d5c4569053810379ff8f,f3ca790e7f33b00fa1d83a9d,9/20,C2,2,1,36,42,True,True,False,False,discovery_grid_train,denoising,f3ca790e7f33b00fa1d83a9d,76f6d5c4569053810379ff8f,answer_prefix,answer_prefix,28,cross_patch,8dd16e6779142023b4fd4940,0.25,0.125,-0.25,-0.125,0.125,-0.125,False,False,False,False,False,False,False,False,False,False,False,0.125
00310c2ffa3e084c1fea,grid,train,914fd5f0daec106ff700,76f6d5c4569053810379ff8f,f3ca790e7f33b00fa1d83a9d,9/20,C2,2,1,36,42,True,True,False,False,discovery_grid_train,denoising,f3ca790e7f33b00fa1d83a9d,76f6d5c4569053810379ff8f,answer_prefix,answer_prefix,28,self_patch,741b27e11d4c31ca7fd69be4,0.25,0.25,-0.25,-0.25,-0.0,0.0,False,False,False,False,False,False,False,False,False,False,False,-0.0
00310c2ffa3e084c1fea,grid,train,914fd5f0daec106ff700,76f6d5c4569053810379ff8f,f3ca790e7f33b00fa1d83a9d,9/20,C2,2,1,36,42,True,True,False,False,discovery_grid_train,denoising,f3ca790e7f33b00fa1d83a9d,76f6d5c4569053810379ff8f,answer_prefix,answer_prefix,29,cross_patch,790072931138848bc1a7ef28,0.25,0.125,-0.25,-0.125,0.125,-0.125,False,False,False,False,False,False,False,False,False,False,False,0.125
00310c2ffa3e084c1fea,grid,train,914fd5f0daec106ff700,76f6d5c4569053810379ff8f,f3ca790e7f33b00fa1d83a9d,9/20,C2,2,1,36,42,True,True,False,False,discovery_grid_train,denoising,f3ca790e7f33b00fa1d83a9d,76f6d5c4569053810379ff8f,answer_prefix,answer_prefix,29,self_patch,7dcdd559ba4c5e1894248431,0.25,0.25,-0.25,-0.25,-0.0,0.0,False,False,False,False,False,False,False,False,False,False,False,-0.0
00310c2ffa3e084c1fea,grid,train,914fd5f0daec106ff700,76f6d5c4569053810379ff8f,f3ca790e7f33b00fa1d83a9d,9/20,C2,2,1,36,42,True,True,False,False,discovery_grid_train,denoising,f3ca790e7f33b00fa1d83a9d,76f6d5c4569053810379ff8f,answer_prefix,answer_prefix,30,cross_patch,3aef6374c4fb9dc3a1925e38,0.25,-0.5,-0.25,0.5,0.75,-0.75,False,True,False,True,True,False,True,False,True,True,False,0.75
00310c2ffa3e084c1fea,grid,train,914fd5f0daec106ff700,76f6d5c4569053810379ff8f,f3ca790e7f33b00fa1d83a9d,9/20,C2,2,1,36,42,True,True,False,False,discovery_grid_train,denoising,f3ca790e7f33b00fa1d83a9d,76f6d5c4569053810379ff8f,answer_prefix,answer_prefix,30,self_patch,b5362822650ebf36da3016a3,0.25,0.25,-0.25,-0.25,-0.0,0.0,False,False,False,False,False,False,False,False,False,False,False,-0.0
00310c2ffa3e084c1fea,grid,train,914fd5f0daec106ff700,76f6d5c4569053810379ff8f,f3ca790e7f33b00fa1d83a9d,9/20,C2,2,1,36,42,True,True,False,False,discovery_grid_train,denoising,f3ca790e7f33b00fa1d83a9d,76f6d5c4569053810379ff8f,answer_prefix,answer_prefix,31,cross_patch,21007dee26aab7b16bb16def,0.25,-0.625,-0.25,0.625,0.875,-0.875,False,True,False,True,True,False,True,False,True,True,False,0.875
00310c2ffa3e084c1fea,grid,train,914fd5f0daec106ff700,76f6d5c4569053810379ff8f,f3ca790e7f33b00fa1d83a9d,9/20,C2,2,1,36,42,True,True,False,False,discovery_grid_train,denoising,f3ca790e7f33b00fa1d83a9d,76f6d5c4569053810379ff8f,answer_prefix,answer_prefix,31,self_patch,2b7b4a0c09ffcc28cdd9917b,0.25,0.25,-0.25,-0.25,-0.0,0.0,False,False,False,False,False,False,False,False,False,False,False,-0.0
00310c2ffa3e084c1fea,grid,train,914fd5f0daec106ff700,76f6d5c4569053810379ff8f,f3ca790e7f33b00fa1d83a9d,9/20,C2,2,1,36,42,True,True,False,False,discovery_grid_train,noising,76f6d5c4569053810379ff8f,f3ca790e7f33b00fa1d83a9d,final_prompt,final_prompt,0,cross_patch,6f0b938466bbd8472661a9ea,-0.625,-0.5,0.625,0.5,-0.125,0.125,True,True,True,True,False,False,False,False,False,False,False,0.125
00310c2ffa3e084c1fea,grid,train,914fd5f0daec106ff700,76f6d5c4569053810379ff8f,f3ca790e7f33b00fa1d83a9d,9/20,C2,2,1,36,42,True,True,False,False,discovery_grid_train,noising,76f6d5c4569053810379ff8f,f3ca790e7f33b00fa1d83a9d,final_prompt,final_prompt,0,self_patch,e6546203e62e5024fb5f2688,-0.625,-0.625,0.625,0.625,-0.0,0.0,True,True,True,True,False,False,False,False,False,False,False,0.0
00310c2ffa3e084c1fea,grid,train,914fd5f0daec106ff700,76f6d5c4569053810379ff8f,f3ca790e7f33b00fa1d83a9d,9/20,C2,2,1,36,42,True,True,False,False,discovery_grid_train,noising,76f6d5c4569053810379ff8f,f3ca790e7f33b00fa1d83a9d,final_prompt,final_prompt,1,cross_patch,b336e1063bc0492afd3a9de6,-0.625,-0.5,0.625,0.5,-0.125,0.125,True,True,True,True,False,False,False,False,False,False,False,0.125
00310c2ffa3e084c1fea,grid,train,914fd5f0daec106ff700,76f6d5c4569053810379ff8f,f3ca790e7f33b00fa1d83a9d,9/20,C2,2,1,36,42,True,True,False,False,discovery_grid_train,noising,76f6d5c4569053810379ff8f,f3ca790e7f33b00fa1d83a9d,final_prompt,final_prompt,1,self_patch,02b91b55f070bf49d1d6a541,-0.625,-0.625,0.625,0.625,-0.0,0.0,True,True,True,True,False,False,False,False,False,False,False,0.0
00310c2ffa3e084c1fea,grid,train,914fd5f0daec106ff700,76f6d5c4569053810379ff8f,f3ca790e7f33b00fa1d83a9d,9/20,C2,2,1,36,42,True,True,False,False,discovery_grid_train,noising,76f6d5c4569053810379ff8f,f3ca790e7f33b00fa1d83a9d,final_prompt,final_prompt,2,cross_patch,70ddc98bc8ee00b4ad4440f2,-0.625,-0.5,0.625,0.5,-0.125,0.125,True,True,True,True,False,False,False,False,False,False,False,0.125
00310c2ffa3e084c1fea,grid,train,914fd5f0daec106ff700,76f6d5c4569053810379ff8f,f3ca790e7f33b00fa1d83a9d,9/20,C2,2,1,36,42,True,True,False,False,discovery_grid_train,noising,76f6d5c4569053810379ff8f,f3ca790e7f33b00fa1d83a9d,final_prompt,final_prompt,2,self_patch,aae79a9ef7f3256ff1116a44,-0.625,-0.625,0.625,0.625,-0.0,0.0,True,True,True,True,False,False,False,False,False,False,False,0.0
00310c2ffa3e084c1fea,grid,train,914fd5f0daec106ff700,76f6d5c4569053810379ff8f,f3ca790e7f33b00fa1d83a9d,9/20,C2,2,1,36,42,True,True,False,False,discovery_grid_train,noising,76f6d5c4569053810379ff8f,f3ca790e7f33b00fa1d83a9d,final_prompt,final_prompt,3,cross_patch,ccbb07404bd1d3fb8c55ef63,-0.625,-0.5,0.625,0.5,-0.125,0.125,True,True,True,True,False,False,False,False,False,False,False,0.125
00310c2ffa3e084c1fea,grid,train,914fd5f0daec106ff700,76f6d5c4569053810379ff8f,f3ca790e7f33b00fa1d83a9d,9/20,C2,2,1,36,42,True,True,False,False,discovery_grid_train,noising,76f6d5c4569053810379ff8f,f3ca790e7f33b00fa1d83a9d,final_prompt,final_prompt,3,self_patch,4ab3bef30ae6f1a60805c49a,-0.625,-0.625,0.625,0.625,-0.0,0.0,True,True,True,True,False,False,False,False,False,False,False,0.0
00310c2ffa3e084c1fea,grid,train,914fd5f0daec106ff700,76f6d5c4569053810379ff8f,f3ca790e7f33b00fa1d83a9d,9/20,C2,2,1,36,42,True,True,False,False,discovery_grid_train,noising,76f6d5c4569053810379ff8f,f3ca790e7f33b00fa1d83a9d,final_prompt,final_prompt,4,cross_patch,ea3665d9e2b07450800c03de,-0.625,-0.5,0.625,0.5,-0.125,0.125,True,True,True,True,False,False,False,False,False,False,False,0.125
00310c2ffa3e084c1fea,grid,train,914fd5f0daec106ff700,76f6d5c4569053810379ff8f,f3ca790e7f33b00fa1d83a9d,9/20,C2,2,1,36,42,True,True,False,False,discovery_grid_train,noising,76f6d5c4569053810379ff8f,f3ca790e7f33b00fa1d83a9d,final_prompt,final_prompt,4,self_patch,912eec2ce44c57e7954a5a01,-0.625,-0.625,0.625,0.625,-0.0,0.0,True,True,True,True,False,False,False,False,False,False,False,0.0
00310c2ffa3e084c1fea,grid,train,914fd5f0daec106ff700,76f6d5c4569053810379ff8f,f3ca790e7f33b00fa1d83a9d,9/20,C2,2,1,36,42,True,True,False,False,discovery_grid_train,noising,76f6d5c4569053810379ff8f,f3ca790e7f33b00fa1d83a9d,final_prompt,final_prompt,5,cross_patch,a7d34321428bf0e0d9705be7,-0.625,-0.625,0.625,0.625,-0.0,0.0,True,True,True,True,False,False,False,False,False,False,False,0.0
00310c2ffa3e084c1fea,grid,train,914fd5f0daec106ff700,76f6d5c4569053810379ff8f,f3ca790e7f33b00fa1d83a9d,9/20,C2,2,1,36,42,True,True,False,False,discovery_grid_train,noising,76f6d5c4569053810379ff8f,f3ca790e7f33b00fa1d83a9d,final_prompt,final_prompt,5,self_patch,efffbad21210b3f02d92029e,-0.625,-0.625,0.625,0.625,-0.0,0.0,True,True,True,True,False,False,False,False,False,False,False,0.0
00310c2ffa3e084c1fea,grid,train,914fd5f0daec106ff700,76f6d5c4569053810379ff8f,f3ca790e7f33b00fa1d83a9d,9/20,C2,2,1,36,42,True,True,False,False,discovery_grid_train,noising,76f6d5c4569053810379ff8f,f3ca790e7f33b00fa1d83a9d,final_prompt,final_prompt,6,cross_patch,2dc586424811f7819877a1ce,-0.625,-0.625,0.625,0.625,-0.0,0.0,True,True,True,True,False,False,False,False,False,False,False,0.0
00310c2ffa3e084c1fea,grid,train,914fd5f0daec106ff700,76f6d5c4569053810379ff8f,f3ca790e7f33b00fa1d83a9d,9/20,C2,2,1,36,42,True,True,False,False,discovery_grid_train,noising,76f6d5c4569053810379ff8f,f3ca790e7f33b00fa1d83a9d,final_prompt,final_prompt,6,self_patch,6e2a8d7dd2cde5650bf103db,-0.625,-0.625,0.625,0.625,-0.0,0.0,True,True,True,True,False,False,False,False,False,False,False,0.0
00310c2ffa3e084c1fea,grid,train,914fd5f0daec106ff700,76f6d5c4569053810379ff8f,f3ca790e7f33b00fa1d83a9d,9/20,C2,2,1,36,42,True,True,False,False,discovery_grid_train,noising,76f6d5c4569053810379ff8f,f3ca790e7f33b00fa1d83a9d,final_prompt,final_prompt,7,cross_patch,5a0493df0be2973ce259b0aa,-0.625,-0.5,0.625,0.5,-0.125,0.125,True,True,True,True,False,False,False,False,False,False,False,0.125
00310c2ffa3e084c1fea,grid,train,914fd5f0daec106ff700,76f6d5c4569053810379ff8f,f3ca790e7f33b00fa1d83a9d,9/20,C2,2,1,36,42,True,True,False,False,discovery_grid_train,noising,76f6d5c4569053810379ff8f,f3ca790e7f33b00fa1d83a9d,final_prompt,final_prompt,7,self_patch,70a08713541a67fc96950399,-0.625,-0.625,0.625,0.625,-0.0,0.0,True,True,True,True,False,False,False,False,False,False,False,0.0
00310c2ffa3e084c1fea,grid,train,914fd5f0daec106ff700,76f6d5c4569053810379ff8f,f3ca790e7f33b00fa1d83a9d,9/20,C2,2,1,36,42,True,True,False,False,discovery_grid_train,noising,76f6d5c4569053810379ff8f,f3ca790e7f33b00fa1d83a9d,final_prompt,final_prompt,8,cross_patch,b82cd498aa761c123e240a85,-0.625,-0.5,0.625,0.5,-0.125,0.125,True,True,True,True,False,False,False,False,False,False,False,0.125
00310c2ffa3e084c1fea,grid,train,914fd5f0daec106ff700,76f6d5c4569053810379ff8f,f3ca790e7f33b00fa1d83a9d,9/20,C2,2,1,36,42,True,True,False,False,discovery_grid_train,noising,76f6d5c4569053810379ff8f,f3ca790e7f33b00fa1d83a9d,final_prompt,final_prompt,8,self_patch,02842aafae2df921cf600946,-0.625,-0.625,0.625,0.625,-0.0,0.0,True,True,True,True,False,False,False,False,False,False,False,0.0
00310c2ffa3e084c1fea,grid,train,914fd5f0daec106ff700,76f6d5c4569053810379ff8f,f3ca790e7f33b00fa1d83a9d,9/20,C2,2,1,36,42,True,True,False,False,discovery_grid_train,noising,76f6d5c4569053810379ff8f,f3ca790e7f33b00fa1d83a9d,final_prompt,final_prompt,9,cross_patch,96381f29818bde7c299b8f1d,-0.625,-0.5,0.625,0.5,-0.125,0.125,True,True,True,True,False,False,False,False,False,False,False,0.125
00310c2ffa3e084c1fea,grid,train,914fd5f0daec106ff700,76f6d5c4569053810379ff8f,f3ca790e7f33b00fa1d83a9d,9/20,C2,2,1,36,42,True,True,False,False,discovery_grid_train,noising,76f6d5c4569053810379ff8f,f3ca790e7f33b00fa1d83a9d,final_prompt,final_prompt,9,self_patch,ead56603f00614fc82da7367,-0.625,-0.625,0.625,0.625,-0.0,0.0,True,True,True,True,False,False,False,False,False,False,False,0.0
00310c2ffa3e084c1fea,grid,train,914fd5f0daec106ff700,76f6d5c4569053810379ff8f,f3ca790e7f33b00fa1d83a9d,9/20,C2,2,1,36,42,True,True,False,False,discovery_grid_train,noising,76f6d5c4569053810379ff8f,f3ca790e7f33b00fa1d83a9d,final_prompt,final_prompt,10,cross_patch,b10357613bf103b52a91e4a5,-0.625,-0.5,0.625,0.5,-0.125,0.125,True,True,True,True,False,False,False,False,False,False,False,0.125
00310c2ffa3e084c1fea,grid,train,914fd5f0daec106ff700,76f6d5c4569053810379ff8f,f3ca790e7f33b00fa1d83a9d,9/20,C2,2,1,36,42,True,True,False,False,discovery_grid_train,noising,76f6d5c4569053810379ff8f,f3ca790e7f33b00fa1d83a9d,final_prompt,final_prompt,10,self_patch,27a263b4308e40ba1c1758ef,-0.625,-0.625,0.625,0.625,-0.0,0.0,True,True,True,True,False,False,False,False,False,False,False,0.0
00310c2ffa3e084c1fea,grid,train,914fd5f0daec106ff700,76f6d5c4569053810379ff8f,f3ca790e7f33b00fa1d83a9d,9/20,C2,2,1,36,42,True,True,False,False,discovery_grid_train,noising,76f6d5c4569053810379ff8f,f3ca790e7f33b00fa1d83a9d,final_prompt,final_prompt,11,cross_patch,5dd6586a6607bf0f7dea7d63,-0.625,-0.5,0.625,0.5,-0.125,0.125,True,True,True,True,False,False,False,False,False,False,False,0.125
00310c2ffa3e084c1fea,grid,train,914fd5f0daec106ff700,76f6d5c4569053810379ff8f,f3ca790e7f33b00fa1d83a9d,9/20,C2,2,1,36,42,True,True,False,False,discovery_grid_train,noising,76f6d5c4569053810379ff8f,f3ca790e7f33b00fa1d83a9d,final_prompt,final_prompt,11,self_patch,238fb8f947417afb1b403320,-0.625,-0.625,0.625,0.625,-0.0,0.0,True,True,True,True,False,False,False,False,False,False,False,0.0
00310c2ffa3e084c1fea,grid,train,914fd5f0daec106ff700,76f6d5c4569053810379ff8f,f3ca790e7f33b00fa1d83a9d,9/20,C2,2,1,36,42,True,True,False,False,discovery_grid_train,noising,76f6d5c4569053810379ff8f,f3ca790e7f33b00fa1d83a9d,final_prompt,final_prompt,12,cross_patch,e51d9b2f6cd8062326b25eb8,-0.625,-0.625,0.625,0.625,-0.0,0.0,True,True,True,True,False,False,False,False,False,False,False,0.0
00310c2ffa3e084c1fea,grid,train,914fd5f0daec106ff700,76f6d5c4569053810379ff8f,f3ca790e7f33b00fa1d83a9d,9/20,C2,2,1,36,42,True,True,False,False,discovery_grid_train,noising,76f6d5c4569053810379ff8f,f3ca790e7f33b00fa1d83a9d,final_prompt,final_prompt,12,self_patch,091c625bbc893a357411f9a1,-0.625,-0.625,0.625,0.625,-0.0,0.0,True,True,True,True,False,False,False,False,False,False,False,0.0
00310c2ffa3e084c1fea,grid,train,914fd5f0daec106ff700,76f6d5c4569053810379ff8f,f3ca790e7f33b00fa1d83a9d,9/20,C2,2,1,36,42,True,True,False,False,discovery_grid_train,noising,76f6d5c4569053810379ff8f,f3ca790e7f33b00fa1d83a9d,final_prompt,final_prompt,13,cross_patch,3983d4cb0eaa961f83f129cc,-0.625,-0.5,0.625,0.5,-0.125,0.125,True,True,True,True,False,False,False,False,False,False,False,0.125
00310c2ffa3e084c1fea,grid,train,914fd5f0daec106ff700,76f6d5c4569053810379ff8f,f3ca790e7f33b00fa1d83a9d,9/20,C2,2,1,36,42,True,True,False,False,discovery_grid_train,noising,76f6d5c4569053810379ff8f,f3ca790e7f33b00fa1d83a9d,final_prompt,final_prompt,13,self_patch,7cd73656155170e6867848f9,-0.625,-0.625,0.625,0.625,-0.0,0.0,True,True,True,True,False,False,False,False,False,False,False,0.0
00310c2ffa3e084c1fea,grid,train,914fd5f0daec106ff700,76f6d5c4569053810379ff8f,f3ca790e7f33b00fa1d83a9d,9/20,C2,2,1,36,42,True,True,False,False,discovery_grid_train,noising,76f6d5c4569053810379ff8f,f3ca790e7f33b00fa1d83a9d,final_prompt,final_prompt,14,cross_patch,33f7bbff30955b2660f53fbe,-0.625,-0.5,0.625,0.5,-0.125,0.125,True,True,True,True,False,False,False,False,False,False,False,0.125
00310c2ffa3e084c1fea,grid,train,914fd5f0daec106ff700,76f6d5c4569053810379ff8f,f3ca790e7f33b00fa1d83a9d,9/20,C2,2,1,36,42,True,True,False,False,discovery_grid_train,noising,76f6d5c4569053810379ff8f,f3ca790e7f33b00fa1d83a9d,final_prompt,final_prompt,14,self_patch,c2accc1fa38f56bb2173ac52,-0.625,-0.625,0.625,0.625,-0.0,0.0,True,True,True,True,False,False,False,False,False,False,False,0.0
00310c2ffa3e084c1fea,grid,train,914fd5f0daec106ff700,76f6d5c4569053810379ff8f,f3ca790e7f33b00fa1d83a9d,9/20,C2,2,1,36,42,True,True,False,False,discovery_grid_train,noising,76f6d5c4569053810379ff8f,f3ca790e7f33b00fa1d83a9d,final_prompt,final_prompt,15,cross_patch,d8ee95aa05bfa904a0887ea2,-0.625,-0.625,0.625,0.625,-0.0,0.0,True,True,True,True,False,False,False,False,False,False,False,0.0
00310c2ffa3e084c1fea,grid,train,914fd5f0daec106ff700,76f6d5c4569053810379ff8f,f3ca790e7f33b00fa1d83a9d,9/20,C2,2,1,36,42,True,True,False,False,discovery_grid_train,noising,76f6d5c4569053810379ff8f,f3ca790e7f33b00fa1d83a9d,final_prompt,final_prompt,15,self_patch,2cf4455a6872be77211120b7,-0.625,-0.625,0.625,0.625,-0.0,0.0,True,True,True,True,False,False,False,False,False,False,False,0.0
00310c2ffa3e084c1fea,grid,train,914fd5f0daec106ff700,76f6d5c4569053810379ff8f,f3ca790e7f33b00fa1d83a9d,9/20,C2,2,1,36,42,True,True,False,False,discovery_grid_train,noising,76f6d5c4569053810379ff8f,f3ca790e7f33b00fa1d83a9d,final_prompt,final_prompt,16,cross_patch,da03701b37392b84cdaa1350,-0.625,-0.5,0.625,0.5,-0.125,0.125,True,True,True,True,False,False,False,False,False,False,False,0.125
00310c2ffa3e084c1fea,grid,train,914fd5f0daec106ff700,76f6d5c4569053810379ff8f,f3ca790e7f33b00fa1d83a9d,9/20,C2,2,1,36,42,True,True,False,False,discovery_grid_train,noising,76f6d5c4569053810379ff8f,f3ca790e7f33b00fa1d83a9d,final_prompt,final_prompt,16,self_patch,3e95bb3189c1c46bf988c6c8,-0.625,-0.625,0.625,0.625,-0.0,0.0,True,True,True,True,False,False,False,False,False,False,False,0.0
00310c2ffa3e084c1fea,grid,train,914fd5f0daec106ff700,76f6d5c4569053810379ff8f,f3ca790e7f33b00fa1d83a9d,9/20,C2,2,1,36,42,True,True,False,False,discovery_grid_train,noising,76f6d5c4569053810379ff8f,f3ca790e7f33b00fa1d83a9d,final_prompt,final_prompt,17,cross_patch,08688678931323b2b92894b9,-0.625,-0.5,0.625,0.5,-0.125,0.125,True,True,True,True,False,False,False,False,False,False,False,0.125
00310c2ffa3e084c1fea,grid,train,914fd5f0daec106ff700,76f6d5c4569053810379ff8f,f3ca790e7f33b00fa1d83a9d,9/20,C2,2,1,36,42,True,True,False,False,discovery_grid_train,noising,76f6d5c4569053810379ff8f,f3ca790e7f33b00fa1d83a9d,final_prompt,final_prompt,17,self_patch,7e126fb49cb6d993f20b5dba,-0.625,-0.625,0.625,0.625,-0.0,0.0,True,True,True,True,False,False,False,False,False,False,False,0.0
00310c2ffa3e084c1fea,grid,train,914fd5f0daec106ff700,76f6d5c4569053810379ff8f,f3ca790e7f33b00fa1d83a9d,9/20,C2,2,1,36,42,True,True,False,False,discovery_grid_train,noising,76f6d5c4569053810379ff8f,f3ca790e7f33b00fa1d83a9d,final_prompt,final_prompt,18,cross_patch,d07a15d7bb19044c784ba9ee,-0.625,-0.5,0.625,0.5,-0.125,0.125,True,True,True,True,False,False,False,False,False,False,False,0.125
00310c2ffa3e084c1fea,grid,train,914fd5f0daec106ff700,76f6d5c4569053810379ff8f,f3ca790e7f33b00fa1d83a9d,9/20,C2,2,1,36,42,True,True,False,False,discovery_grid_train,noising,76f6d5c4569053810379ff8f,f3ca790e7f33b00fa1d83a9d,final_prompt,final_prompt,18,self_patch,838ac01067d9dbe222bd5e3b,-0.625,-0.625,0.625,0.625,-0.0,0.0,True,True,True,True,False,False,False,False,False,False,False,0.0
00310c2ffa3e084c1fea,grid,train,914fd5f0daec106ff700,76f6d5c4569053810379ff8f,f3ca790e7f33b00fa1d83a9d,9/20,C2,2,1,36,42,True,True,False,False,discovery_grid_train,noising,76f6d5c4569053810379ff8f,f3ca790e7f33b00fa1d83a9d,final_prompt,final_prompt,19,cross_patch,16faf0e81bcdc7ca728b755c,-0.625,-0.5,0.625,0.5,-0.125,0.125,True,True,True,True,False,False,False,False,False,False,False,0.125
00310c2ffa3e084c1fea,grid,train,914fd5f0daec106ff700,76f6d5c4569053810379ff8f,f3ca790e7f33b00fa1d83a9d,9/20,C2,2,1,36,42,True,True,False,False,discovery_grid_train,noising,76f6d5c4569053810379ff8f,f3ca790e7f33b00fa1d83a9d,final_prompt,final_prompt,19,self_patch,74dc05467fe1f2a9bcf440c1,-0.625,-0.625,0.625,0.625,-0.0,0.0,True,True,True,True,False,False,False,False,False,False,False,0.0
00310c2ffa3e084c1fea,grid,train,914fd5f0daec106ff700,76f6d5c4569053810379ff8f,f3ca790e7f33b00fa1d83a9d,9/20,C2,2,1,36,42,True,True,False,False,discovery_grid_train,noising,76f6d5c4569053810379ff8f,f3ca790e7f33b00fa1d83a9d,final_prompt,final_prompt,20,cross_patch,3f0c85628dcdf05398db744c,-0.625,-0.625,0.625,0.625,-0.0,0.0,True,True,True,True,False,False,False,False,False,False,False,0.0
00310c2ffa3e084c1fea,grid,train,914fd5f0daec106ff700,76f6d5c4569053810379ff8f,f3ca790e7f33b00fa1d83a9d,9/20,C2,2,1,36,42,True,True,False,False,discovery_grid_train,noising,76f6d5c4569053810379ff8f,f3ca790e7f33b00fa1d83a9d,final_prompt,final_prompt,20,self_patch,c0b34e7a544660e3c6b7a3e3,-0.625,-0.625,0.625,0.625,-0.0,0.0,True,True,True,True,False,False,False,False,False,False,False,0.0
00310c2ffa3e084c1fea,grid,train,914fd5f0daec106ff700,76f6d5c4569053810379ff8f,f3ca790e7f33b00fa1d83a9d,9/20,C2,2,1,36,42,True,True,False,False,discovery_grid_train,noising,76f6d5c4569053810379ff8f,f3ca790e7f33b00fa1d83a9d,final_prompt,final_prompt,21,cross_patch,7c978b26500573f22c449ff6,-0.625,-0.5,0.625,0.5,-0.125,0.125,True,True,True,True,False,False,False,False,False,False,False,0.125
00310c2ffa3e084c1fea,grid,train,914fd5f0daec106ff700,76f6d5c4569053810379ff8f,f3ca790e7f33b00fa1d83a9d,9/20,C2,2,1,36,42,True,True,False,False,discovery_grid_train,noising,76f6d5c4569053810379ff8f,f3ca790e7f33b00fa1d83a9d,final_prompt,final_prompt,21,self_patch,dd336f225ffae68850e032b8,-0.625,-0.625,0.625,0.625,-0.0,0.0,True,True,True,True,False,False,False,False,False,False,False,0.0
00310c2ffa3e084c1fea,grid,train,914fd5f0daec106ff700,76f6d5c4569053810379ff8f,f3ca790e7f33b00fa1d83a9d,9/20,C2,2,1,36,42,True,True,False,False,discovery_grid_train,noising,76f6d5c4569053810379ff8f,f3ca790e7f33b00fa1d83a9d,final_prompt,final_prompt,22,cross_patch,5a0490b2f1f4cff03b18e661,-0.625,-0.5,0.625,0.5,-0.125,0.125,True,True,True,True,False,False,False,False,False,False,False,0.125
00310c2ffa3e084c1fea,grid,train,914fd5f0daec106ff700,76f6d5c4569053810379ff8f,f3ca790e7f33b00fa1d83a9d,9/20,C2,2,1,36,42,True,True,False,False,discovery_grid_train,noising,76f6d5c4569053810379ff8f,f3ca790e7f33b00fa1d83a9d,final_prompt,final_prompt,22,self_patch,089aae463d0c9e265a0fc1bd,-0.625,-0.625,0.625,0.625,-0.0,0.0,True,True,True,True,False,False,False,False,False,False,False,0.0
00310c2ffa3e084c1fea,grid,train,914fd5f0daec106ff700,76f6d5c4569053810379ff8f,f3ca790e7f33b00fa1d83a9d,9/20,C2,2,1,36,42,True,True,False,False,discovery_grid_train,noising,76f6d5c4569053810379ff8f,f3ca790e7f33b00fa1d83a9d,final_prompt,final_prompt,23,cross_patch,fa5118c7ded7de23d51e78c2,-0.625,-0.5,0.625,0.5,-0.125,0.125,True,True,True,True,False,False,False,False,False,False,False,0.125
00310c2ffa3e084c1fea,grid,train,914fd5f0daec106ff700,76f6d5c4569053810379ff8f,f3ca790e7f33b00fa1d83a9d,9/20,C2,2,1,36,42,True,True,False,False,discovery_grid_train,noising,76f6d5c4569053810379ff8f,f3ca790e7f33b00fa1d83a9d,final_prompt,final_prompt,23,self_patch,b22bfb57e2cd6de4b7489c67,-0.625,-0.625,0.625,0.625,-0.0,0.0,True,True,True,True,False,False,False,False,False,False,False,0.0
00310c2ffa3e084c1fea,grid,train,914fd5f0daec106ff700,76f6d5c4569053810379ff8f,f3ca790e7f33b00fa1d83a9d,9/20,C2,2,1,36,42,True,True,False,False,discovery_grid_train,noising,76f6d5c4569053810379ff8f,f3ca790e7f33b00fa1d83a9d,final_prompt,final_prompt,24,cross_patch,ddb140af95ef43cbbe33bd13,-0.625,-0.5,0.625,0.5,-0.125,0.125,True,True,True,True,False,False,False,False,False,False,False,0.125
00310c2ffa3e084c1fea,grid,train,914fd5f0daec106ff700,76f6d5c4569053810379ff8f,f3ca790e7f33b00fa1d83a9d,9/20,C2,2,1,36,42,True,True,False,False,discovery_grid_train,noising,76f6d5c4569053810379ff8f,f3ca790e7f33b00fa1d83a9d,final_prompt,final_prompt,24,self_patch,74bc9414857140e727dff8c5,-0.625,-0.625,0.625,0.625,-0.0,0.0,True,True,True,True,False,False,False,False,False,False,False,0.0
00310c2ffa3e084c1fea,grid,train,914fd5f0daec106ff700,76f6d5c4569053810379ff8f,f3ca790e7f33b00fa1d83a9d,9/20,C2,2,1,36,42,True,True,False,False,discovery_grid_train,noising,76f6d5c4569053810379ff8f,f3ca790e7f33b00fa1d83a9d,final_prompt,final_prompt,25,cross_patch,5f23efdae8ac08e7803ad2dc,-0.625,-0.5,0.625,0.5,-0.125,0.125,True,True,True,True,False,False,False,False,False,False,False,0.125
00310c2ffa3e084c1fea,grid,train,914fd5f0daec106ff700,76f6d5c4569053810379ff8f,f3ca790e7f33b00fa1d83a9d,9/20,C2,2,1,36,42,True,True,False,False,discovery_grid_train,noising,76f6d5c4569053810379ff8f,f3ca790e7f33b00fa1d83a9d,final_prompt,final_prompt,25,self_patch,76ab30c32b202d699026ca09,-0.625,-0.625,0.625,0.625,-0.0,0.0,True,True,True,True,False,False,False,False,False,False,False,0.0
00310c2ffa3e084c1fea,grid,train,914fd5f0daec106ff700,76f6d5c4569053810379ff8f,f3ca790e7f33b00fa1d83a9d,9/20,C2,2,1,36,42,True,True,False,False,discovery_grid_train,noising,76f6d5c4569053810379ff8f,f3ca790e7f33b00fa1d83a9d,final_prompt,final_prompt,26,cross_patch,26f0645c1db81c75306ef3e9,-0.625,-0.625,0.625,0.625,-0.0,0.0,True,True,True,True,False,False,False,False,False,False,False,0.0
00310c2ffa3e084c1fea,grid,train,914fd5f0daec106ff700,76f6d5c4569053810379ff8f,f3ca790e7f33b00fa1d83a9d,9/20,C2,2,1,36,42,True,True,False,False,discovery_grid_train,noising,76f6d5c4569053810379ff8f,f3ca790e7f33b00fa1d83a9d,final_prompt,final_prompt,26,self_patch,fcf40909a1552c2e4805889b,-0.625,-0.625,0.625,0.625,-0.0,0.0,True,True,True,True,False,False,False,False,False,False,False,0.0
00310c2ffa3e084c1fea,grid,train,914fd5f0daec106ff700,76f6d5c4569053810379ff8f,f3ca790e7f33b00fa1d83a9d,9/20,C2,2,1,36,42,True,True,False,False,discovery_grid_train,noising,76f6d5c4569053810379ff8f,f3ca790e7f33b00fa1d83a9d,final_prompt,final_prompt,27,cross_patch,2ea0604f3efd6177f2449b9b,-0.625,-0.625,0.625,0.625,-0.0,0.0,True,True,True,True,False,False,False,False,False,False,False,0.0
00310c2ffa3e084c1fea,grid,train,914fd5f0daec106ff700,76f6d5c4569053810379ff8f,f3ca790e7f33b00fa1d83a9d,9/20,C2,2,1,36,42,True,True,False,False,discovery_grid_train,noising,76f6d5c4569053810379ff8f,f3ca790e7f33b00fa1d83a9d,final_prompt,final_prompt,27,self_patch,f2d071699b873644c4139e4f,-0.625,-0.625,0.625,0.625,-0.0,0.0,True,True,True,True,False,False,False,False,False,False,False,0.0
00310c2ffa3e084c1fea,grid,train,914fd5f0daec106ff700,76f6d5c4569053810379ff8f,f3ca790e7f33b00fa1d83a9d,9/20,C2,2,1,36,42,True,True,False,False,discovery_grid_train,noising,76f6d5c4569053810379ff8f,f3ca790e7f33b00fa1d83a9d,final_prompt,final_prompt,28,cross_patch,0f29a759049b3534e76c3917,-0.625,-0.5,0.625,0.5,-0.125,0.125,True,True,True,True,False,False,False,False,False,False,False,0.125
00310c2ffa3e084c1fea,grid,train,914fd5f0daec106ff700,76f6d5c4569053810379ff8f,f3ca790e7f33b00fa1d83a9d,9/20,C2,2,1,36,42,True,True,False,False,discovery_grid_train,noising,76f6d5c4569053810379ff8f,f3ca790e7f33b00fa1d83a9d,final_prompt,final_prompt,28,self_patch,1c72973cdde90a68103d5b9b,-0.625,-0.625,0.625,0.625,-0.0,0.0,True,True,True,True,False,False,False,False,False,False,False,0.0
00310c2ffa3e084c1fea,grid,train,914fd5f0daec106ff700,76f6d5c4569053810379ff8f,f3ca790e7f33b00fa1d83a9d,9/20,C2,2,1,36,42,True,True,False,False,discovery_grid_train,noising,76f6d5c4569053810379ff8f,f3ca790e7f33b00fa1d83a9d,final_prompt,final_prompt,29,cross_patch,727a0b3db40d9be4e1ced085,-0.625,-0.5,0.625,0.5,-0.125,0.125,True,True,True,True,False,False,False,False,False,False,False,0.125
00310c2ffa3e084c1fea,grid,train,914fd5f0daec106ff700,76f6d5c4569053810379ff8f,f3ca790e7f33b00fa1d83a9d,9/20,C2,2,1,36,42,True,True,False,False,discovery_grid_train,noising,76f6d5c4569053810379ff8f,f3ca790e7f33b00fa1d83a9d,final_prompt,final_prompt,29,self_patch,4c7b4239f8f8c685f99f2ecd,-0.625,-0.625,0.625,0.625,-0.0,0.0,True,True,True,True,False,False,False,False,False,False,False,0.0
00310c2ffa3e084c1fea,grid,train,914fd5f0daec106ff700,76f6d5c4569053810379ff8f,f3ca790e7f33b00fa1d83a9d,9/20,C2,2,1,36,42,True,True,False,False,discovery_grid_train,noising,76f6d5c4569053810379ff8f,f3ca790e7f33b00fa1d83a9d,final_prompt,final_prompt,30,cross_patch,10bba9f1bf49ebf37dabfa23,-0.625,-0.625,0.625,0.625,-0.0,0.0,True,True,True,True,False,False,False,False,False,False,False,0.0
00310c2ffa3e084c1fea,grid,train,914fd5f0daec106ff700,76f6d5c4569053810379ff8f,f3ca790e7f33b00fa1d83a9d,9/20,C2,2,1,36,42,True,True,False,False,discovery_grid_train,noising,76f6d5c4569053810379ff8f,f3ca790e7f33b00fa1d83a9d,final_prompt,final_prompt,30,self_patch,86f2985cc172763615979814,-0.625,-0.625,0.625,0.625,-0.0,0.0,True,True,True,True,False,False,False,False,False,False,False,0.0
00310c2ffa3e084c1fea,grid,train,914fd5f0daec106ff700,76f6d5c4569053810379ff8f,f3ca790e7f33b00fa1d83a9d,9/20,C2,2,1,36,42,True,True,False,False,discovery_grid_train,noising,76f6d5c4569053810379ff8f,f3ca790e7f33b00fa1d83a9d,final_prompt,final_prompt,31,cross_patch,19bc50c5d876213e28f416b5,-0.625,-0.625,0.625,0.625,-0.0,0.0,True,True,True,True,False,False,False,False,False,False,False,0.0
00310c2ffa3e084c1fea,grid,train,914fd5f0daec106ff700,76f6d5c4569053810379ff8f,f3ca790e7f33b00fa1d83a9d,9/20,C2,2,1,36,42,True,True,False,False,discovery_grid_train,noising,76f6d5c4569053810379ff8f,f3ca790e7f33b00fa1d83a9d,final_prompt,final_prompt,31,self_patch,a2b6b27460cace9ac381aa4f,-0.625,-0.625,0.625,0.625,-0.0,0.0,True,True,True,True,False,False,False,False,False,False,False,0.0
00310c2ffa3e084c1fea,grid,train,914fd5f0daec106ff700,76f6d5c4569053810379ff8f,f3ca790e7f33b00fa1d83a9d,9/20,C2,2,1,36,42,True,True,False,False,discovery_grid_train,noising,76f6d5c4569053810379ff8f,f3ca790e7f33b00fa1d83a9d,answer_prefix,answer_prefix,0,cross_patch,6e71fe45fc4fd4ed334b4e3c,-0.625,-0.5,0.625,0.5,-0.125,0.125,True,True,True,True,False,False,False,False,False,False,False,0.125
00310c2ffa3e084c1fea,grid,train,914fd5f0daec106ff700,76f6d5c4569053810379ff8f,f3ca790e7f33b00fa1d83a9d,9/20,C2,2,1,36,42,True,True,False,False,discovery_grid_train,noising,76f6d5c4569053810379ff8f,f3ca790e7f33b00fa1d83a9d,answer_prefix,answer_prefix,0,self_patch,9ad441d8e0d84dc115777714,-0.625,-0.625,0.625,0.625,-0.0,0.0,True,True,True,True,False,False,False,False,False,False,False,0.0
00310c2ffa3e084c1fea,grid,train,914fd5f0daec106ff700,76f6d5c4569053810379ff8f,f3ca790e7f33b00fa1d83a9d,9/20,C2,2,1,36,42,True,True,False,False,discovery_grid_train,noising,76f6d5c4569053810379ff8f,f3ca790e7f33b00fa1d83a9d,answer_prefix,answer_prefix,1,cross_patch,4ed7408ec4760c385b86ecf3,-0.625,-0.625,0.625,0.625,-0.0,0.0,True,True,True,True,False,False,False,False,False,False,False,0.0
00310c2ffa3e084c1fea,grid,train,914fd5f0daec106ff700,76f6d5c4569053810379ff8f,f3ca790e7f33b00fa1d83a9d,9/20,C2,2,1,36,42,True,True,False,False,discovery_grid_train,noising,76f6d5c4569053810379ff8f,f3ca790e7f33b00fa1d83a9d,answer_prefix,answer_prefix,1,self_patch,e9dcded74b91f008100b357d,-0.625,-0.625,0.625,0.625,-0.0,0.0,True,True,True,True,False,False,False,False,False,False,False,0.0
00310c2ffa3e084c1fea,grid,train,914fd5f0daec106ff700,76f6d5c4569053810379ff8f,f3ca790e7f33b00fa1d83a9d,9/20,C2,2,1,36,42,True,True,False,False,discovery_grid_train,noising,76f6d5c4569053810379ff8f,f3ca790e7f33b00fa1d83a9d,answer_prefix,answer_prefix,2,cross_patch,22fa5e70a6b60887c93da580,-0.625,-0.625,0.625,0.625,-0.0,0.0,True,True,True,True,False,False,False,False,False,False,False,0.0
00310c2ffa3e084c1fea,grid,train,914fd5f0daec106ff700,76f6d5c4569053810379ff8f,f3ca790e7f33b00fa1d83a9d,9/20,C2,2,1,36,42,True,True,False,False,discovery_grid_train,noising,76f6d5c4569053810379ff8f,f3ca790e7f33b00fa1d83a9d,answer_prefix,answer_prefix,2,self_patch,d67f21ea779074ba95ea344a,-0.625,-0.625,0.625,0.625,-0.0,0.0,True,True,True,True,False,False,False,False,False,False,False,0.0
00310c2ffa3e084c1fea,grid,train,914fd5f0daec106ff700,76f6d5c4569053810379ff8f,f3ca790e7f33b00fa1d83a9d,9/20,C2,2,1,36,42,True,True,False,False,discovery_grid_train,noising,76f6d5c4569053810379ff8f,f3ca790e7f33b00fa1d83a9d,answer_prefix,answer_prefix,3,cross_patch,58e2749616416eeef8334473,-0.625,-0.5,0.625,0.5,-0.125,0.125,True,True,True,True,False,False,False,False,False,False,False,0.125
00310c2ffa3e084c1fea,grid,train,914fd5f0daec106ff700,76f6d5c4569053810379ff8f,f3ca790e7f33b00fa1d83a9d,9/20,C2,2,1,36,42,True,True,False,False,discovery_grid_train,noising,76f6d5c4569053810379ff8f,f3ca790e7f33b00fa1d83a9d,answer_prefix,answer_prefix,3,self_patch,9494a19280646e63fa740aa9,-0.625,-0.625,0.625,0.625,-0.0,0.0,True,True,True,True,False,False,False,False,False,False,False,0.0
00310c2ffa3e084c1fea,grid,train,914fd5f0daec106ff700,76f6d5c4569053810379ff8f,f3ca790e7f33b00fa1d83a9d,9/20,C2,2,1,36,42,True,True,False,False,discovery_grid_train,noising,76f6d5c4569053810379ff8f,f3ca790e7f33b00fa1d83a9d,answer_prefix,answer_prefix,4,cross_patch,49537948de37534e0718895d,-0.625,-0.625,0.625,0.625,-0.0,0.0,True,True,True,True,False,False,False,False,False,False,False,0.0
00310c2ffa3e084c1fea,grid,train,914fd5f0daec106ff700,76f6d5c4569053810379ff8f,f3ca790e7f33b00fa1d83a9d,9/20,C2,2,1,36,42,True,True,False,False,discovery_grid_train,noising,76f6d5c4569053810379ff8f,f3ca790e7f33b00fa1d83a9d,answer_prefix,answer_prefix,4,self_patch,52f47ba5db6682c159d8f93c,-0.625,-0.625,0.625,0.625,-0.0,0.0,True,True,True,True,False,False,False,False,False,False,False,0.0
00310c2ffa3e084c1fea,grid,train,914fd5f0daec106ff700,76f6d5c4569053810379ff8f,f3ca790e7f33b00fa1d83a9d,9/20,C2,2,1,36,42,True,True,False,False,discovery_grid_train,noising,76f6d5c4569053810379ff8f,f3ca790e7f33b00fa1d83a9d,answer_prefix,answer_prefix,5,cross_patch,2fb94e0ecfd042569af05fad,-0.625,-0.625,0.625,0.625,-0.0,0.0,True,True,True,True,False,False,False,False,False,False,False,0.0
00310c2ffa3e084c1fea,grid,train,914fd5f0daec106ff700,76f6d5c4569053810379ff8f,f3ca790e7f33b00fa1d83a9d,9/20,C2,2,1,36,42,True,True,False,False,discovery_grid_train,noising,76f6d5c4569053810379ff8f,f3ca790e7f33b00fa1d83a9d,answer_prefix,answer_prefix,5,self_patch,914291448a8bc7487f47ec0e,-0.625,-0.625,0.625,0.625,-0.0,0.0,True,True,True,True,False,False,False,False,False,False,False,0.0
00310c2ffa3e084c1fea,grid,train,914fd5f0daec106ff700,76f6d5c4569053810379ff8f,f3ca790e7f33b00fa1d83a9d,9/20,C2,2,1,36,42,True,True,False,False,discovery_grid_train,noising,76f6d5c4569053810379ff8f,f3ca790e7f33b00fa1d83a9d,answer_prefix,answer_prefix,6,cross_patch,4b57d040844a5fbba45e5400,-0.625,-0.5,0.625,0.5,-0.125,0.125,True,True,True,True,False,False,False,False,False,False,False,0.125
00310c2ffa3e084c1fea,grid,train,914fd5f0daec106ff700,76f6d5c4569053810379ff8f,f3ca790e7f33b00fa1d83a9d,9/20,C2,2,1,36,42,True,True,False,False,discovery_grid_train,noising,76f6d5c4569053810379ff8f,f3ca790e7f33b00fa1d83a9d,answer_prefix,answer_prefix,6,self_patch,7ef4fe0242e8037d183d8343,-0.625,-0.625,0.625,0.625,-0.0,0.0,True,True,True,True,False,False,False,False,False,False,False,0.0
00310c2ffa3e084c1fea,grid,train,914fd5f0daec106ff700,76f6d5c4569053810379ff8f,f3ca790e7f33b00fa1d83a9d,9/20,C2,2,1,36,42,True,True,False,False,discovery_grid_train,noising,76f6d5c4569053810379ff8f,f3ca790e7f33b00fa1d83a9d,answer_prefix,answer_prefix,7,cross_patch,a1e54dbd005a8b88457ce434,-0.625,-0.625,0.625,0.625,-0.0,0.0,True,True,True,True,False,False,False,False,False,False,False,0.0
00310c2ffa3e084c1fea,grid,train,914fd5f0daec106ff700,76f6d5c4569053810379ff8f,f3ca790e7f33b00fa1d83a9d,9/20,C2,2,1,36,42,True,True,False,False,discovery_grid_train,noising,76f6d5c4569053810379ff8f,f3ca790e7f33b00fa1d83a9d,answer_prefix,answer_prefix,7,self_patch,7167cf9978e6268f8c7db948,-0.625,-0.625,0.625,0.625,-0.0,0.0,True,True,True,True,False,False,False,False,False,False,False,0.0
00310c2ffa3e084c1fea,grid,train,914fd5f0daec106ff700,76f6d5c4569053810379ff8f,f3ca790e7f33b00fa1d83a9d,9/20,C2,2,1,36,42,True,True,False,False,discovery_grid_train,noising,76f6d5c4569053810379ff8f,f3ca790e7f33b00fa1d83a9d,answer_prefix,answer_prefix,8,cross_patch,2c0ac08ebfa373bc29dda23e,-0.625,-0.5,0.625,0.5,-0.125,0.125,True,True,True,True,False,False,False,False,False,False,False,0.125
00310c2ffa3e084c1fea,grid,train,914fd5f0daec106ff700,76f6d5c4569053810379ff8f,f3ca790e7f33b00fa1d83a9d,9/20,C2,2,1,36,42,True,True,False,False,discovery_grid_train,noising,76f6d5c4569053810379ff8f,f3ca790e7f33b00fa1d83a9d,answer_prefix,answer_prefix,8,self_patch,0975e192a9409491d50a6fcf,-0.625,-0.625,0.625,0.625,-0.0,0.0,True,True,True,True,False,False,False,False,False,False,False,0.0
00310c2ffa3e084c1fea,grid,train,914fd5f0daec106ff700,76f6d5c4569053810379ff8f,f3ca790e7f33b00fa1d83a9d,9/20,C2,2,1,36,42,True,True,False,False,discovery_grid_train,noising,76f6d5c4569053810379ff8f,f3ca790e7f33b00fa1d83a9d,answer_prefix,answer_prefix,9,cross_patch,633fc0aa08edb25b911e7c38,-0.625,-0.5,0.625,0.5,-0.125,0.125,True,True,True,True,False,False,False,False,False,False,False,0.125
00310c2ffa3e084c1fea,grid,train,914fd5f0daec106ff700,76f6d5c4569053810379ff8f,f3ca790e7f33b00fa1d83a9d,9/20,C2,2,1,36,42,True,True,False,False,discovery_grid_train,noising,76f6d5c4569053810379ff8f,f3ca790e7f33b00fa1d83a9d,answer_prefix,answer_prefix,9,self_patch,63e0cd7664d6ab4e3c13ac02,-0.625,-0.625,0.625,0.625,-0.0,0.0,True,True,True,True,False,False,False,False,False,False,False,0.0
00310c2ffa3e084c1fea,grid,train,914fd5f0daec106ff700,76f6d5c4569053810379ff8f,f3ca790e7f33b00fa1d83a9d,9/20,C2,2,1,36,42,True,True,False,False,discovery_grid_train,noising,76f6d5c4569053810379ff8f,f3ca790e7f33b00fa1d83a9d,answer_prefix,answer_prefix,10,cross_patch,5716b1ef64c7ac92dd2c1848,-0.625,-0.5,0.625,0.5,-0.125,0.125,True,True,True,True,False,False,False,False,False,False,False,0.125
00310c2ffa3e084c1fea,grid,train,914fd5f0daec106ff700,76f6d5c4569053810379ff8f,f3ca790e7f33b00fa1d83a9d,9/20,C2,2,1,36,42,True,True,False,False,discovery_grid_train,noising,76f6d5c4569053810379ff8f,f3ca790e7f33b00fa1d83a9d,answer_prefix,answer_prefix,10,self_patch,b7c8b06cf15368b144ff2d6d,-0.625,-0.625,0.625,0.625,-0.0,0.0,True,True,True,True,False,False,False,False,False,False,False,0.0
00310c2ffa3e084c1fea,grid,train,914fd5f0daec106ff700,76f6d5c4569053810379ff8f,f3ca790e7f33b00fa1d83a9d,9/20,C2,2,1,36,42,True,True,False,False,discovery_grid_train,noising,76f6d5c4569053810379ff8f,f3ca790e7f33b00fa1d83a9d,answer_prefix,answer_prefix,11,cross_patch,b7f765ed238ed11b156bd809,-0.625,-0.625,0.625,0.625,-0.0,0.0,True,True,True,True,False,False,False,False,False,False,False,0.0
00310c2ffa3e084c1fea,grid,train,914fd5f0daec106ff700,76f6d5c4569053810379ff8f,f3ca790e7f33b00fa1d83a9d,9/20,C2,2,1,36,42,True,True,False,False,discovery_grid_train,noising,76f6d5c4569053810379ff8f,f3ca790e7f33b00fa1d83a9d,answer_prefix,answer_prefix,11,self_patch,12aed3fc33e96b145da4bafd,-0.625,-0.625,0.625,0.625,-0.0,0.0,True,True,True,True,False,False,False,False,False,False,False,0.0
00310c2ffa3e084c1fea,grid,train,914fd5f0daec106ff700,76f6d5c4569053810379ff8f,f3ca790e7f33b00fa1d83a9d,9/20,C2,2,1,36,42,True,True,False,False,discovery_grid_train,noising,76f6d5c4569053810379ff8f,f3ca790e7f33b00fa1d83a9d,answer_prefix,answer_prefix,12,cross_patch,4c8a202ce567d0a8d8335660,-0.625,-0.5,0.625,0.5,-0.125,0.125,True,True,True,True,False,False,False,False,False,False,False,0.125
00310c2ffa3e084c1fea,grid,train,914fd5f0daec106ff700,76f6d5c4569053810379ff8f,f3ca790e7f33b00fa1d83a9d,9/20,C2,2,1,36,42,True,True,False,False,discovery_grid_train,noising,76f6d5c4569053810379ff8f,f3ca790e7f33b00fa1d83a9d,answer_prefix,answer_prefix,12,self_patch,c0083fb6ace219a0c09d9b01,-0.625,-0.625,0.625,0.625,-0.0,0.0,True,True,True,True,False,False,False,False,False,False,False,0.0
00310c2ffa3e084c1fea,grid,train,914fd5f0daec106ff700,76f6d5c4569053810379ff8f,f3ca790e7f33b00fa1d83a9d,9/20,C2,2,1,36,42,True,True,False,False,discovery_grid_train,noising,76f6d5c4569053810379ff8f,f3ca790e7f33b00fa1d83a9d,answer_prefix,answer_prefix,13,cross_patch,44e7924bbf9e489dfe6f7e16,-0.625,-0.625,0.625,0.625,-0.0,0.0,True,True,True,True,False,False,False,False,False,False,False,0.0
00310c2ffa3e084c1fea,grid,train,914fd5f0daec106ff700,76f6d5c4569053810379ff8f,f3ca790e7f33b00fa1d83a9d,9/20,C2,2,1,36,42,True,True,False,False,discovery_grid_train,noising,76f6d5c4569053810379ff8f,f3ca790e7f33b00fa1d83a9d,answer_prefix,answer_prefix,13,self_patch,fdeb78cfd42aac212064e59f,-0.625,-0.625,0.625,0.625,-0.0,0.0,True,True,True,True,False,False,False,False,False,False,False,0.0
00310c2ffa3e084c1fea,grid,train,914fd5f0daec106ff700,76f6d5c4569053810379ff8f,f3ca790e7f33b00fa1d83a9d,9/20,C2,2,1,36,42,True,True,False,False,discovery_grid_train,noising,76f6d5c4569053810379ff8f,f3ca790e7f33b00fa1d83a9d,answer_prefix,answer_prefix,14,cross_patch,25690d1ac89302c290884386,-0.625,-0.5,0.625,0.5,-0.125,0.125,True,True,True,True,False,False,False,False,False,False,False,0.125
00310c2ffa3e084c1fea,grid,train,914fd5f0daec106ff700,76f6d5c4569053810379ff8f,f3ca790e7f33b00fa1d83a9d,9/20,C2,2,1,36,42,True,True,False,False,discovery_grid_train,noising,76f6d5c4569053810379ff8f,f3ca790e7f33b00fa1d83a9d,answer_prefix,answer_prefix,14,self_patch,24d534c52b517f8c43769b4b,-0.625,-0.625,0.625,0.625,-0.0,0.0,True,True,True,True,False,False,False,False,False,False,False,0.0
00310c2ffa3e084c1fea,grid,train,914fd5f0daec106ff700,76f6d5c4569053810379ff8f,f3ca790e7f33b00fa1d83a9d,9/20,C2,2,1,36,42,True,True,False,False,discovery_grid_train,noising,76f6d5c4569053810379ff8f,f3ca790e7f33b00fa1d83a9d,answer_prefix,answer_prefix,15,cross_patch,d3e4390971fe4c46b3443bb5,-0.625,-0.625,0.625,0.625,-0.0,0.0,True,True,True,True,False,False,False,False,False,False,False,0.0
00310c2ffa3e084c1fea,grid,train,914fd5f0daec106ff700,76f6d5c4569053810379ff8f,f3ca790e7f33b00fa1d83a9d,9/20,C2,2,1,36,42,True,True,False,False,discovery_grid_train,noising,76f6d5c4569053810379ff8f,f3ca790e7f33b00fa1d83a9d,answer_prefix,answer_prefix,15,self_patch,fac46122fb9dfd6568a0c116,-0.625,-0.625,0.625,0.625,-0.0,0.0,True,True,True,True,False,False,False,False,False,False,False,0.0
00310c2ffa3e084c1fea,grid,train,914fd5f0daec106ff700,76f6d5c4569053810379ff8f,f3ca790e7f33b00fa1d83a9d,9/20,C2,2,1,36,42,True,True,False,False,discovery_grid_train,noising,76f6d5c4569053810379ff8f,f3ca790e7f33b00fa1d83a9d,answer_prefix,answer_prefix,16,cross_patch,9de46ac24f1356a81b2eb68c,-0.625,-0.5,0.625,0.5,-0.125,0.125,True,True,True,True,False,False,False,False,False,False,False,0.125
00310c2ffa3e084c1fea,grid,train,914fd5f0daec106ff700,76f6d5c4569053810379ff8f,f3ca790e7f33b00fa1d83a9d,9/20,C2,2,1,36,42,True,True,False,False,discovery_grid_train,noising,76f6d5c4569053810379ff8f,f3ca790e7f33b00fa1d83a9d,answer_prefix,answer_prefix,16,self_patch,d0b7679f059bc7d832a6f4b3,-0.625,-0.625,0.625,0.625,-0.0,0.0,True,True,True,True,False,False,False,False,False,False,False,0.0
00310c2ffa3e084c1fea,grid,train,914fd5f0daec106ff700,76f6d5c4569053810379ff8f,f3ca790e7f33b00fa1d83a9d,9/20,C2,2,1,36,42,True,True,False,False,discovery_grid_train,noising,76f6d5c4569053810379ff8f,f3ca790e7f33b00fa1d83a9d,answer_prefix,answer_prefix,17,cross_patch,a19897cafaaf0d0005a8f4be,-0.625,-0.5,0.625,0.5,-0.125,0.125,True,True,True,True,False,False,False,False,False,False,False,0.125
00310c2ffa3e084c1fea,grid,train,914fd5f0daec106ff700,76f6d5c4569053810379ff8f,f3ca790e7f33b00fa1d83a9d,9/20,C2,2,1,36,42,True,True,False,False,discovery_grid_train,noising,76f6d5c4569053810379ff8f,f3ca790e7f33b00fa1d83a9d,answer_prefix,answer_prefix,17,self_patch,7153cc7b2089e2c89c6528bf,-0.625,-0.625,0.625,0.625,-0.0,0.0,True,True,True,True,False,False,False,False,False,False,False,0.0
00310c2ffa3e084c1fea,grid,train,914fd5f0daec106ff700,76f6d5c4569053810379ff8f,f3ca790e7f33b00fa1d83a9d,9/20,C2,2,1,36,42,True,True,False,False,discovery_grid_train,noising,76f6d5c4569053810379ff8f,f3ca790e7f33b00fa1d83a9d,answer_prefix,answer_prefix,18,cross_patch,73c003d14fe2d4071bac0812,-0.625,-0.5,0.625,0.5,-0.125,0.125,True,True,True,True,False,False,False,False,False,False,False,0.125
00310c2ffa3e084c1fea,grid,train,914fd5f0daec106ff700,76f6d5c4569053810379ff8f,f3ca790e7f33b00fa1d83a9d,9/20,C2,2,1,36,42,True,True,False,False,discovery_grid_train,noising,76f6d5c4569053810379ff8f,f3ca790e7f33b00fa1d83a9d,answer_prefix,answer_prefix,18,self_patch,cbf48d7941223b91441a0525,-0.625,-0.625,0.625,0.625,-0.0,0.0,True,True,True,True,False,False,False,False,False,False,False,0.0
00310c2ffa3e084c1fea,grid,train,914fd5f0daec106ff700,76f6d5c4569053810379ff8f,f3ca790e7f33b00fa1d83a9d,9/20,C2,2,1,36,42,True,True,False,False,discovery_grid_train,noising,76f6d5c4569053810379ff8f,f3ca790e7f33b00fa1d83a9d,answer_prefix,answer_prefix,19,cross_patch,75edbc6cbe1ed326fb3a01d5,-0.625,-0.5,0.625,0.5,-0.125,0.125,True,True,True,True,False,False,False,False,False,False,False,0.125
00310c2ffa3e084c1fea,grid,train,914fd5f0daec106ff700,76f6d5c4569053810379ff8f,f3ca790e7f33b00fa1d83a9d,9/20,C2,2,1,36,42,True,True,False,False,discovery_grid_train,noising,76f6d5c4569053810379ff8f,f3ca790e7f33b00fa1d83a9d,answer_prefix,answer_prefix,19,self_patch,55ef6af44b307d1bf51657f9,-0.625,-0.625,0.625,0.625,-0.0,0.0,True,True,True,True,False,False,False,False,False,False,False,0.0
00310c2ffa3e084c1fea,grid,train,914fd5f0daec106ff700,76f6d5c4569053810379ff8f,f3ca790e7f33b00fa1d83a9d,9/20,C2,2,1,36,42,True,True,False,False,discovery_grid_train,noising,76f6d5c4569053810379ff8f,f3ca790e7f33b00fa1d83a9d,answer_prefix,answer_prefix,20,cross_patch,51bdecc80ab359e789d507c9,-0.625,-0.5,0.625,0.5,-0.125,0.125,True,True,True,True,False,False,False,False,False,False,False,0.125
00310c2ffa3e084c1fea,grid,train,914fd5f0daec106ff700,76f6d5c4569053810379ff8f,f3ca790e7f33b00fa1d83a9d,9/20,C2,2,1,36,42,True,True,False,False,discovery_grid_train,noising,76f6d5c4569053810379ff8f,f3ca790e7f33b00fa1d83a9d,answer_prefix,answer_prefix,20,self_patch,1f6e8348cc7270386e982145,-0.625,-0.625,0.625,0.625,-0.0,0.0,True,True,True,True,False,False,False,False,False,False,False,0.0
00310c2ffa3e084c1fea,grid,train,914fd5f0daec106ff700,76f6d5c4569053810379ff8f,f3ca790e7f33b00fa1d83a9d,9/20,C2,2,1,36,42,True,True,False,False,discovery_grid_train,noising,76f6d5c4569053810379ff8f,f3ca790e7f33b00fa1d83a9d,answer_prefix,answer_prefix,21,cross_patch,65bf38d1a63b25fb90d78be0,-0.625,-0.5,0.625,0.5,-0.125,0.125,True,True,True,True,False,False,False,False,False,False,False,0.125
00310c2ffa3e084c1fea,grid,train,914fd5f0daec106ff700,76f6d5c4569053810379ff8f,f3ca790e7f33b00fa1d83a9d,9/20,C2,2,1,36,42,True,True,False,False,discovery_grid_train,noising,76f6d5c4569053810379ff8f,f3ca790e7f33b00fa1d83a9d,answer_prefix,answer_prefix,21,self_patch,d9386ab7fcd1aa07a8384d27,-0.625,-0.625,0.625,0.625,-0.0,0.0,True,True,True,True,False,False,False,False,False,False,False,0.0
00310c2ffa3e084c1fea,grid,train,914fd5f0daec106ff700,76f6d5c4569053810379ff8f,f3ca790e7f33b00fa1d83a9d,9/20,C2,2,1,36,42,True,True,False,False,discovery_grid_train,noising,76f6d5c4569053810379ff8f,f3ca790e7f33b00fa1d83a9d,answer_prefix,answer_prefix,22,cross_patch,e35fd5f2c4cf21997ae44d7f,-0.625,-0.5,0.625,0.5,-0.125,0.125,True,True,True,True,False,False,False,False,False,False,False,0.125
00310c2ffa3e084c1fea,grid,train,914fd5f0daec106ff700,76f6d5c4569053810379ff8f,f3ca790e7f33b00fa1d83a9d,9/20,C2,2,1,36,42,True,True,False,False,discovery_grid_train,noising,76f6d5c4569053810379ff8f,f3ca790e7f33b00fa1d83a9d,answer_prefix,answer_prefix,22,self_patch,2f63acb0aed78bd001e26de6,-0.625,-0.625,0.625,0.625,-0.0,0.0,True,True,True,True,False,False,False,False,False,False,False,0.0
00310c2ffa3e084c1fea,grid,train,914fd5f0daec106ff700,76f6d5c4569053810379ff8f,f3ca790e7f33b00fa1d83a9d,9/20,C2,2,1,36,42,True,True,False,False,discovery_grid_train,noising,76f6d5c4569053810379ff8f,f3ca790e7f33b00fa1d83a9d,answer_prefix,answer_prefix,23,cross_patch,82d857c536e104cbf8a41fd6,-0.625,-0.5,0.625,0.5,-0.125,0.125,True,True,True,True,False,False,False,False,False,False,False,0.125
00310c2ffa3e084c1fea,grid,train,914fd5f0daec106ff700,76f6d5c4569053810379ff8f,f3ca790e7f33b00fa1d83a9d,9/20,C2,2,1,36,42,True,True,False,False,discovery_grid_train,noising,76f6d5c4569053810379ff8f,f3ca790e7f33b00fa1d83a9d,answer_prefix,answer_prefix,23,self_patch,9f9c76f19b23ea2261f9d1ce,-0.625,-0.625,0.625,0.625,-0.0,0.0,True,True,True,True,False,False,False,False,False,False,False,0.0
00310c2ffa3e084c1fea,grid,train,914fd5f0daec106ff700,76f6d5c4569053810379ff8f,f3ca790e7f33b00fa1d83a9d,9/20,C2,2,1,36,42,True,True,False,False,discovery_grid_train,noising,76f6d5c4569053810379ff8f,f3ca790e7f33b00fa1d83a9d,answer_prefix,answer_prefix,24,cross_patch,8ac7493636a3351333d60b8f,-0.625,-0.5,0.625,0.5,-0.125,0.125,True,True,True,True,False,False,False,False,False,False,False,0.125
00310c2ffa3e084c1fea,grid,train,914fd5f0daec106ff700,76f6d5c4569053810379ff8f,f3ca790e7f33b00fa1d83a9d,9/20,C2,2,1,36,42,True,True,False,False,discovery_grid_train,noising,76f6d5c4569053810379ff8f,f3ca790e7f33b00fa1d83a9d,answer_prefix,answer_prefix,24,self_patch,3aa1e508b90b705443839ec2,-0.625,-0.625,0.625,0.625,-0.0,0.0,True,True,True,True,False,False,False,False,False,False,False,0.0
00310c2ffa3e084c1fea,grid,train,914fd5f0daec106ff700,76f6d5c4569053810379ff8f,f3ca790e7f33b00fa1d83a9d,9/20,C2,2,1,36,42,True,True,False,False,discovery_grid_train,noising,76f6d5c4569053810379ff8f,f3ca790e7f33b00fa1d83a9d,answer_prefix,answer_prefix,25,cross_patch,924b849d3cd8a95dd1af9c74,-0.625,-0.5,0.625,0.5,-0.125,0.125,True,True,True,True,False,False,False,False,False,False,False,0.125
00310c2ffa3e084c1fea,grid,train,914fd5f0daec106ff700,76f6d5c4569053810379ff8f,f3ca790e7f33b00fa1d83a9d,9/20,C2,2,1,36,42,True,True,False,False,discovery_grid_train,noising,76f6d5c4569053810379ff8f,f3ca790e7f33b00fa1d83a9d,answer_prefix,answer_prefix,25,self_patch,67ffc9350ea011a5d9f05797,-0.625,-0.625,0.625,0.625,-0.0,0.0,True,True,True,True,False,False,False,False,False,False,False,0.0
00310c2ffa3e084c1fea,grid,train,914fd5f0daec106ff700,76f6d5c4569053810379ff8f,f3ca790e7f33b00fa1d83a9d,9/20,C2,2,1,36,42,True,True,False,False,discovery_grid_train,noising,76f6d5c4569053810379ff8f,f3ca790e7f33b00fa1d83a9d,answer_prefix,answer_prefix,26,cross_patch,00159f09b5e4f7858158ea1f,-0.625,-0.5,0.625,0.5,-0.125,0.125,True,True,True,True,False,False,False,False,False,False,False,0.125
00310c2ffa3e084c1fea,grid,train,914fd5f0daec106ff700,76f6d5c4569053810379ff8f,f3ca790e7f33b00fa1d83a9d,9/20,C2,2,1,36,42,True,True,False,False,discovery_grid_train,noising,76f6d5c4569053810379ff8f,f3ca790e7f33b00fa1d83a9d,answer_prefix,answer_prefix,26,self_patch,b6494ebced9c5abd50b77a57,-0.625,-0.625,0.625,0.625,-0.0,0.0,True,True,True,True,False,False,False,False,False,False,False,0.0
00310c2ffa3e084c1fea,grid,train,914fd5f0daec106ff700,76f6d5c4569053810379ff8f,f3ca790e7f33b00fa1d83a9d,9/20,C2,2,1,36,42,True,True,False,False,discovery_grid_train,noising,76f6d5c4569053810379ff8f,f3ca790e7f33b00fa1d83a9d,answer_prefix,answer_prefix,27,cross_patch,e5011e0bfd2f1499d2c36e31,-0.625,-0.5,0.625,0.5,-0.125,0.125,True,True,True,True,False,False,False,False,False,False,False,0.125
00310c2ffa3e084c1fea,grid,train,914fd5f0daec106ff700,76f6d5c4569053810379ff8f,f3ca790e7f33b00fa1d83a9d,9/20,C2,2,1,36,42,True,True,False,False,discovery_grid_train,noising,76f6d5c4569053810379ff8f,f3ca790e7f33b00fa1d83a9d,answer_prefix,answer_prefix,27,self_patch,530502ecc640e363039310f3,-0.625,-0.625,0.625,0.625,-0.0,0.0,True,True,True,True,False,False,False,False,False,False,False,0.0
00310c2ffa3e084c1fea,grid,train,914fd5f0daec106ff700,76f6d5c4569053810379ff8f,f3ca790e7f33b00fa1d83a9d,9/20,C2,2,1,36,42,True,True,False,False,discovery_grid_train,noising,76f6d5c4569053810379ff8f,f3ca790e7f33b00fa1d83a9d,answer_prefix,answer_prefix,28,cross_patch,fed47e4720c1d3d28f051b72,-0.625,-0.5,0.625,0.5,-0.125,0.125,True,True,True,True,False,False,False,False,False,False,False,0.125
00310c2ffa3e084c1fea,grid,train,914fd5f0daec106ff700,76f6d5c4569053810379ff8f,f3ca790e7f33b00fa1d83a9d,9/20,C2,2,1,36,42,True,True,False,False,discovery_grid_train,noising,76f6d5c4569053810379ff8f,f3ca790e7f33b00fa1d83a9d,answer_prefix,answer_prefix,28,self_patch,f3e5ece10bf1af6e23332ca6,-0.625,-0.625,0.625,0.625,-0.0,0.0,True,True,True,True,False,False,False,False,False,False,False,0.0
00310c2ffa3e084c1fea,grid,train,914fd5f0daec106ff700,76f6d5c4569053810379ff8f,f3ca790e7f33b00fa1d83a9d,9/20,C2,2,1,36,42,True,True,False,False,discovery_grid_train,noising,76f6d5c4569053810379ff8f,f3ca790e7f33b00fa1d83a9d,answer_prefix,answer_prefix,29,cross_patch,7879396f369d875b0848916f,-0.625,-0.375,0.625,0.375,-0.25,0.25,True,True,True,True,False,False,False,False,False,False,False,0.25
00310c2ffa3e084c1fea,grid,train,914fd5f0daec106ff700,76f6d5c4569053810379ff8f,f3ca790e7f33b00fa1d83a9d,9/20,C2,2,1,36,42,True,True,False,False,discovery_grid_train,noising,76f6d5c4569053810379ff8f,f3ca790e7f33b00fa1d83a9d,answer_prefix,answer_prefix,29,self_patch,b0881e6271f39b744298f530,-0.625,-0.625,0.625,0.625,-0.0,0.0,True,True,True,True,False,False,False,False,False,False,False,0.0
00310c2ffa3e084c1fea,grid,train,914fd5f0daec106ff700,76f6d5c4569053810379ff8f,f3ca790e7f33b00fa1d83a9d,9/20,C2,2,1,36,42,True,True,False,False,discovery_grid_train,noising,76f6d5c4569053810379ff8f,f3ca790e7f33b00fa1d83a9d,answer_prefix,answer_prefix,30,cross_patch,b063b80cd893b7cbf8592b16,-0.625,0.125,0.625,-0.125,-0.75,0.75,True,False,True,False,False,True,False,True,True,False,False,0.75
00310c2ffa3e084c1fea,grid,train,914fd5f0daec106ff700,76f6d5c4569053810379ff8f,f3ca790e7f33b00fa1d83a9d,9/20,C2,2,1,36,42,True,True,False,False,discovery_grid_train,noising,76f6d5c4569053810379ff8f,f3ca790e7f33b00fa1d83a9d,answer_prefix,answer_prefix,30,self_patch,b599b82a7d47d64fd8aecd92,-0.625,-0.625,0.625,0.625,-0.0,0.0,True,True,True,True,False,False,False,False,False,False,False,0.0
00310c2ffa3e084c1fea,grid,train,914fd5f0daec106ff700,76f6d5c4569053810379ff8f,f3ca790e7f33b00fa1d83a9d,9/20,C2,2,1,36,42,True,True,False,False,discovery_grid_train,noising,76f6d5c4569053810379ff8f,f3ca790e7f33b00fa1d83a9d,answer_prefix,answer_prefix,31,cross_patch,5efe0422a67edc8de804017f,-0.625,0.25,0.625,-0.25,-0.875,0.875,True,False,True,False,False,True,False,True,True,False,True,0.875
00310c2ffa3e084c1fea,grid,train,914fd5f0daec106ff700,76f6d5c4569053810379ff8f,f3ca790e7f33b00fa1d83a9d,9/20,C2,2,1,36,42,True,True,False,False,discovery_grid_train,noising,76f6d5c4569053810379ff8f,f3ca790e7f33b00fa1d83a9d,answer_prefix,answer_prefix,31,self_patch,9414ec1fe861345c4fb7d92a,-0.625,-0.625,0.625,0.625,-0.0,0.0,True,True,True,True,False,False,False,False,False,False,False,0.0
