row_id,schedule,split,reliability,reliability_exact,delta_a,z_bayes,z_heuristic,margin,emitted_choice,emitted_correct,non_tie,logit_choice,logit_correct,emitted_logit_disagree
47f89f048506582277f19c76,0,test,0.05,1/20,2.0,-5.888877958332881,5.888877958332881,-0.5,C2,True,True,C2,True,False
05f90bb0a9a77a751a36a3a2,0,test,0.05,1/20,0.0,-0.0,0.0,-0.75,C2,,False,C2,False,False
488fc59b80e9d7ab593e7470,0,test,0.05,1/20,2.0,-5.888877958332881,5.888877958332881,-0.5,C2,True,True,C2,True,False
abea235d25b9e1bd8de634b9,0,test,0.05,1/20,0.0,-0.0,0.0,-1.125,C2,,False,C2,False,False
fba8dad10e502c60c91d1bb7,0,test,0.05,1/20,0.0,-0.0,0.0,-1.375,C2,,False,C2,False,False
4bf5fdce5f1a32ba2618fabe,0,test,0.05,1/20,-2.0,5.888877958332881,-5.888877958332881,-1.25,C2,False,True,C2,False,False
0c415284a90940501320a4bb,0,test,0.05,1/20,0.0,-0.0,0.0,-1.375,C2,,False,C2,False,False
1732f186cb49c0978d3b61cd,0,test,0.05,1/20,-2.0,5.888877958332881,-5.888877958332881,-1.75,C2,False,True,C2,False,False
5767ab1fd8ea4fbc02782e42,1,test,0.05,1/20,1.0,-2.9444389791664407,2.9444389791664407,-0.125,C2,True,True,C2,True,False
f6376686f6dc7a67f6cbd530,1,test,0.05,1/20,1.0,-2.9444389791664407,2.9444389791664407,0.0,C1,False,True,TIE,False,True
81fea19b85a6734ac2bbb60b,1,test,0.05,1/20,1.0,-2.9444389791664407,2.9444389791664407,0.125,C1,False,True,C1,False,False
1212f7b2d4f2941fda61ce93,1,test,0.05,1/20,1.0,-2.9444389791664407,2.9444389791664407,0.125,C1,False,True,C1,False,False
5db482b5311be9c87ef74af1,1,test,0.05,1/20,-1.0,2.9444389791664407,-2.9444389791664407,-0.875,C2,False,True,C2,False,False
b99f92d0b0996d66127b62f8,1,test,0.05,1/20,-1.0,2.9444389791664407,-2.9444389791664407,-0.625,C2,False,True,C2,False,False
328512ae916fce455fd2a196,1,test,0.05,1/20,-1.0,2.9444389791664407,-2.9444389791664407,-0.375,C2,False,True,C2,False,False
6a6826fae082779a7533600c,1,test,0.05,1/20,-1.0,2.9444389791664407,-2.9444389791664407,0.0,C2,False,True,TIE,False,True
88f6af18be9a5bf9d7ec2fb5,2,test,0.05,1/20,0.0,-0.0,0.0,-0.875,C2,,False,C2,False,False
be498d596d001a27e59354b4,2,test,0.05,1/20,0.0,-0.0,0.0,-0.75,C2,,False,C2,False,False
aceb0d3593c700af4adbcc8d,2,test,0.05,1/20,0.0,-0.0,0.0,-0.75,C2,,False,C2,False,False
5ae9686b2322cc014d0e8632,2,test,0.05,1/20,0.0,-0.0,0.0,-0.375,C2,,False,C2,False,False
c24b5f29892d1ccf8422f763,2,test,0.05,1/20,0.0,-0.0,0.0,-0.5,C2,,False,C2,False,False
e407ee5e11f0ff289c34efd5,2,test,0.05,1/20,0.0,-0.0,0.0,-0.375,C2,,False,C2,False,False
9cd485e07946aad52a7cc147,2,test,0.05,1/20,0.0,-0.0,0.0,-0.375,C2,,False,C2,False,False
e9f05fe75c88441b733a09d4,2,test,0.05,1/20,0.0,-0.0,0.0,0.0,C1,,False,TIE,False,True
e63c2679ab3e89d4e802d84a,3,test,0.05,1/20,0.0,-0.0,0.0,-0.75,C2,,False,C2,False,False
442e60d8d0d535f4b573c7a7,3,test,0.05,1/20,-2.0,5.888877958332881,-5.888877958332881,-0.75,C2,False,True,C2,False,False
0ff72b047691745774c51423,3,test,0.05,1/20,2.0,-5.888877958332881,5.888877958332881,-0.375,C2,True,True,C2,True,False
f2f48ded9f910ae2ff431d0a,3,test,0.05,1/20,0.0,-0.0,0.0,-0.625,C2,,False,C2,False,False
db34ad68f359ace57c6e02a7,3,test,0.05,1/20,0.0,-0.0,0.0,-0.375,C2,,False,C2,False,False
bfb5c79b1bee5317106f707a,3,test,0.05,1/20,-2.0,5.888877958332881,-5.888877958332881,-0.375,C2,False,True,C2,False,False
7a2f6af2e28a399d121d8f5d,3,test,0.05,1/20,2.0,-5.888877958332881,5.888877958332881,-0.125,C2,True,True,C2,True,False
78fe6c8ac2e64f73f4eadf0b,3,test,0.05,1/20,0.0,-0.0,0.0,0.125,C1,,False,C1,False,False
0aa7584e700c6761e6b03603,4,test,0.05,1/20,0.0,-0.0,0.0,-0.25,C2,,False,C2,False,False
537b5a8884c01b5f458be72a,4,test,0.05,1/20,0.0,-0.0,0.0,0.0,C1,,False,TIE,False,True
72c3186e597a179ead4dd104,4,test,0.05,1/20,2.0,-5.888877958332881,5.888877958332881,0.125,C1,False,True,C1,False,False
ef778b5250db7ef73d6e01e6,4,test,0.05,1/20,2.0,-5.888877958332881,5.888877958332881,0.125,C1,False,True,C1,False,False
37848971fe38d5f4df1fb0b3,4,test,0.05,1/20,-2.0,5.888877958332881,-5.888877958332881,-1.375,C2,False,True,C2,False,False
8e4304eb5365ba9aede0f654,4,test,0.05,1/20,-2.0,5.888877958332881,-5.888877958332881,-0.625,C2,False,True,C2,False,False
b3b257eafb2b6f3770a7d50d,4,test,0.05,1/20,0.0,-0.0,0.0,-0.5,C2,,False,C2,False,False
d67da2359491963372320c55,4,test,0.05,1/20,0.0,-0.0,0.0,0.625,C1,,False,C1,False,False
4f5c0fec9da9f44c818f7527,5,train,0.05,1/20,0.0,-0.0,0.0,-0.875,C2,,False,C2,False,False
653b9da113fade42c7215909,5,train,0.05,1/20,-2.0,5.888877958332881,-5.888877958332881,-0.875,C2,False,True,C2,False,False
18ab60c16dad6b086b0e7acd,5,train,0.05,1/20,2.0,-5.888877958332881,5.888877958332881,-0.625,C2,True,True,C2,True,False
aec08b19983cb07876d04f5e,5,train,0.05,1/20,0.0,-0.0,0.0,-0.875,C2,,False,C2,False,False
f253ebc2637063f47c79c921,5,train,0.05,1/20,0.0,-0.0,0.0,-0.625,C2,,False,C2,False,False
9f89e5dab26888085b4668b6,5,train,0.05,1/20,-2.0,5.888877958332881,-5.888877958332881,-0.5,C2,False,True,C2,False,False
a9f3fd4ebd0a2bb1084d31b7,5,train,0.05,1/20,2.0,-5.888877958332881,5.888877958332881,-0.125,C2,True,True,C2,True,False
cb88b0b3afde7359cbde58e3,5,train,0.05,1/20,0.0,-0.0,0.0,-0.25,C2,,False,C2,False,False
28543c4735035178196382f6,6,test,0.05,1/20,-3.0,8.833316937499323,-8.833316937499323,-1.125,C2,False,True,C2,False,False
2aacc93133885847ae0b9f66,6,test,0.05,1/20,-1.0,2.9444389791664407,-2.9444389791664407,-0.5,C2,False,True,C2,False,False
9b5a509498b4c5e41172a9f0,6,test,0.05,1/20,-1.0,2.9444389791664407,-2.9444389791664407,-0.375,C2,False,True,C2,False,False
24861fdec7dd8c29a79eafc3,6,test,0.05,1/20,1.0,-2.9444389791664407,2.9444389791664407,0.5,C1,False,True,C1,False,False
6c0d8719d9911c38a91b149e,6,test,0.05,1/20,-1.0,2.9444389791664407,-2.9444389791664407,-0.125,C1,True,True,C2,False,True
3e13caf29258ae256e7a1d9f,6,test,0.05,1/20,1.0,-2.9444389791664407,2.9444389791664407,1.125,C1,False,True,C1,False,False
f8fb956dd2335b6f02e6f273,6,test,0.05,1/20,1.0,-2.9444389791664407,2.9444389791664407,0.75,C1,False,True,C1,False,False
ae107a48f002253e63637b64,6,test,0.05,1/20,3.0,-8.833316937499323,8.833316937499323,2.0,C1,False,True,C1,False,False
1ccb29f9f45ba28fb3e3ee22,7,train,0.05,1/20,0.0,-0.0,0.0,-0.25,C2,,False,C2,False,False
c612b241346957c63c30cddd,7,train,0.05,1/20,0.0,-0.0,0.0,-0.5,C2,,False,C2,False,False
1bfde7a9acc8d8b791ad497d,7,train,0.05,1/20,0.0,-0.0,0.0,-0.625,C2,,False,C2,False,False
773003da3a629b841e5eb075,7,train,0.05,1/20,0.0,-0.0,0.0,-0.625,C2,,False,C2,False,False
588bd41f0a2119ea1f062445,7,train,0.05,1/20,0.0,-0.0,0.0,-0.875,C2,,False,C2,False,False
a79c8bb589a1c330d941b480,7,train,0.05,1/20,0.0,-0.0,0.0,-0.875,C2,,False,C2,False,False
8359e696ba9d48b35e703936,7,train,0.05,1/20,0.0,-0.0,0.0,-0.75,C2,,False,C2,False,False
331aa4e4c1fcad2cf76b51ef,7,train,0.05,1/20,0.0,-0.0,0.0,-0.125,C2,,False,C2,False,False
33715a54c6a55de59b4fd91d,8,train,0.05,1/20,-1.0,2.9444389791664407,-2.9444389791664407,-1.25,C2,False,True,C2,False,False
57f7754a63741d946b5219e4,8,train,0.05,1/20,-3.0,8.833316937499323,-8.833316937499323,-1.25,C2,False,True,C2,False,False
044ddb56d1563b7beaf103ae,8,train,0.05,1/20,1.0,-2.9444389791664407,2.9444389791664407,-0.875,C2,True,True,C2,True,False
a89093bd27d0aae9260f6a3f,8,train,0.05,1/20,-1.0,2.9444389791664407,-2.9444389791664407,-0.875,C2,False,True,C2,False,False
a34597cc41db4fa733c3b01d,8,train,0.05,1/20,1.0,-2.9444389791664407,2.9444389791664407,-0.125,C2,True,True,C2,True,False
06f00870f28f77644346f6b6,8,train,0.05,1/20,-1.0,2.9444389791664407,-2.9444389791664407,-0.25,C2,False,True,C2,False,False
5595a5e8e3b6211d1b1d13de,8,train,0.05,1/20,3.0,-8.833316937499323,8.833316937499323,0.375,C1,False,True,C1,False,False
178f61927a1e0e40d95a76fe,8,train,0.05,1/20,1.0,-2.9444389791664407,2.9444389791664407,0.375,C1,False,True,C1,False,False
98915ab2569b43ee4a646743,9,test,0.05,1/20,1.0,-2.9444389791664407,2.9444389791664407,-0.625,C2,True,True,C2,True,False
832240c5df7b71a6a17114be,9,test,0.05,1/20,-1.0,2.9444389791664407,-2.9444389791664407,-0.75,C2,False,True,C2,False,False
178492e64d76229929c9fbce,9,test,0.05,1/20,1.0,-2.9444389791664407,2.9444389791664407,-0.5,C2,True,True,C2,True,False
46c1717695988798e77a81c5,9,test,0.05,1/20,-1.0,2.9444389791664407,-2.9444389791664407,-0.625,C2,False,True,C2,False,False
ff4818fcca8bc0f487931052,9,test,0.05,1/20,1.0,-2.9444389791664407,2.9444389791664407,-0.5,C2,True,True,C2,True,False
0253452e5c5c1cb9f9c94521,9,test,0.05,1/20,-1.0,2.9444389791664407,-2.9444389791664407,-0.625,C2,False,True,C2,False,False
54b3407f0220575e40e26fa8,9,test,0.05,1/20,1.0,-2.9444389791664407,2.9444389791664407,-0.375,C2,True,True,C2,True,False
9070eedcc52903c9d1ac91d5,9,test,0.05,1/20,-1.0,2.9444389791664407,-2.9444389791664407,-0.375,C2,False,True,C2,False,False
b338682d46fec21d909f4028,10,test,0.05,1/20,1.0,-2.9444389791664407,2.9444389791664407,-0.375,C2,True,True,C2,True,False
6caf87dee39a0005f47cdcc2,10,test,0.05,1/20,-1.0,2.9444389791664407,-2.9444389791664407,-0.5,C2,False,True,C2,False,False
1faf73f810f9452c7f3ebab9,10,test,0.05,1/20,1.0,-2.9444389791664407,2.9444389791664407,-0.5,C2,True,True,C2,True,False
c4739a9131bc9339258d6f3b,10,test,0.05,1/20,-1.0,2.9444389791664407,-2.9444389791664407,-0.75,C2,False,True,C2,False,False
7c8f7175dcb95cda66c01806,10,test,0.05,1/20,1.0,-2.9444389791664407,2.9444389791664407,-0.5,C2,True,True,C2,True,False
ffa92d4b520d5693fea72264,10,test,0.05,1/20,-1.0,2.9444389791664407,-2.9444389791664407,-0.625,C2,False,True,C2,False,False
9ac9c5bd7bdd61d273e2afd2,10,test,0.05,1/20,1.0,-2.9444389791664407,2.9444389791664407,-0.5,C2,True,True,C2,True,False
847159cb85316adf0ec0df1c,10,test,0.05,1/20,-1.0,2.9444389791664407,-2.9444389791664407,-0.5,C2,False,True,C2,False,False
17bf3ecf7272959eeb9f5144,11,train,0.05,1/20,0.0,-0.0,0.0,-0.875,C2,,False,C2,False,False
9c60896a65b10cd100a822f6,11,train,0.05,1/20,0.0,-0.0,0.0,-0.75,C2,,False,C2,False,False
46d23561ee7318860050769d,11,train,0.05,1/20,-2.0,5.888877958332881,-5.888877958332881,-1.375,C2,False,True,C2,False,False
1a120a8f87e5b60a5abea752,11,train,0.05,1/20,-2.0,5.888877958332881,-5.888877958332881,-0.5,C2,False,True,C2,False,False
d9cc5fa77788df28c31252cc,11,train,0.05,1/20,2.0,-5.888877958332881,5.888877958332881,-0.25,C2,True,True,C2,True,False
90ca559c49e8eb9e089491ee,11,train,0.05,1/20,2.0,-5.888877958332881,5.888877958332881,-0.375,C2,True,True,C2,True,False
49b52633b6592c01c9d9f847,11,train,0.05,1/20,0.0,-0.0,0.0,-0.875,C2,,False,C2,False,False
93b9d1374292eecf44725c92,11,train,0.05,1/20,0.0,-0.0,0.0,-0.125,C2,,False,C2,False,False
8b5cd9d50c4076894703130a,12,train,0.05,1/20,0.0,-0.0,0.0,-0.5,C2,,False,C2,False,False
5338aab69c5ccffe57de19cb,12,train,0.05,1/20,2.0,-5.888877958332881,5.888877958332881,-0.375,C2,True,True,C2,True,False
ddb3a8410bb98c72591a40bf,12,train,0.05,1/20,-2.0,5.888877958332881,-5.888877958332881,-0.875,C2,False,True,C2,False,False
03e4836d166e4a7a492da822,12,train,0.05,1/20,0.0,-0.0,0.0,-0.125,C1,,False,C2,False,True
3542c9d838c428cf8bb1975d,12,train,0.05,1/20,0.0,-0.0,0.0,-0.625,C2,,False,C2,False,False
96fd7c4ccac5f8f3d7b9da20,12,train,0.05,1/20,2.0,-5.888877958332881,5.888877958332881,-0.375,C2,True,True,C2,True,False
b9526b15297f9bc1a88fd210,12,train,0.05,1/20,-2.0,5.888877958332881,-5.888877958332881,-1.25,C2,False,True,C2,False,False
af559d2cb4d3d47cfac83e9d,12,train,0.05,1/20,0.0,-0.0,0.0,0.25,C1,,False,C1,False,False
e83aba19acf66a410a4aa4c3,13,train,0.05,1/20,3.0,-8.833316937499323,8.833316937499323,-0.5,C2,True,True,C2,True,False
358734fefcb56e3ffdb24059,13,train,0.05,1/20,1.0,-2.9444389791664407,2.9444389791664407,-1.0,C2,True,True,C2,True,False
db03f1fad5e2b4b4a0c60ca7,13,train,0.05,1/20,1.0,-2.9444389791664407,2.9444389791664407,-1.0,C2,True,True,C2,True,False
f977beafa0c112ff6a37dcfc,13,train,0.05,1/20,-1.0,2.9444389791664407,-2.9444389791664407,-1.375,C2,False,True,C2,False,False
0621464711a7ce30e565de18,13,train,0.05,1/20,1.0,-2.9444389791664407,2.9444389791664407,-1.375,C2,True,True,C2,True,False
69abefc56c7f74d6a926f1e8,13,train,0.05,1/20,-1.0,2.9444389791664407,-2.9444389791664407,-1.75,C2,False,True,C2,False,False
e06f3a756b173b5c7bc227f9,13,train,0.05,1/20,-1.0,2.9444389791664407,-2.9444389791664407,-1.5,C2,False,True,C2,False,False
24dc18fec269ef39963c1cc5,13,train,0.05,1/20,-3.0,8.833316937499323,-8.833316937499323,-2.0,C2,False,True,C2,False,False
7561103876054cf0167de9bb,14,train,0.05,1/20,-1.0,2.9444389791664407,-2.9444389791664407,-0.75,C2,False,True,C2,False,False
f5b6d8659c8e3ad240422faa,14,train,0.05,1/20,-3.0,8.833316937499323,-8.833316937499323,-0.25,C2,False,True,C2,False,False
81505704655b1194ed25893b,14,train,0.05,1/20,1.0,-2.9444389791664407,2.9444389791664407,-0.125,C2,True,True,C2,True,False
a36ae2ae244f4fbcc62df19d,14,train,0.05,1/20,-1.0,2.9444389791664407,-2.9444389791664407,0.0,C1,True,True,TIE,False,True
cea2ee940ce836773c2f0119,14,train,0.05,1/20,1.0,-2.9444389791664407,2.9444389791664407,0.625,C1,False,True,C1,False,False
080315e512c1c1a9d8b60a7a,14,train,0.05,1/20,-1.0,2.9444389791664407,-2.9444389791664407,0.5,C1,True,True,C1,True,False
e9ca52221022715fee2e208e,14,train,0.05,1/20,3.0,-8.833316937499323,8.833316937499323,1.25,C1,False,True,C1,False,False
93d2f8cb8d95dd8a861c98d9,14,train,0.05,1/20,1.0,-2.9444389791664407,2.9444389791664407,1.25,C1,False,True,C1,False,False
f9fd59f135a9cacdfce04091,15,train,0.05,1/20,-1.0,2.9444389791664407,-2.9444389791664407,-1.0,C2,False,True,C2,False,False
d0575943ad59d7a2790d73e9,15,train,0.05,1/20,-1.0,2.9444389791664407,-2.9444389791664407,-1.0,C2,False,True,C2,False,False
e8efc6b3872e2604e84b6168,15,train,0.05,1/20,1.0,-2.9444389791664407,2.9444389791664407,-0.75,C2,True,True,C2,True,False
4f4c86f9d2dbec741ad809d6,15,train,0.05,1/20,1.0,-2.9444389791664407,2.9444389791664407,-0.625,C2,True,True,C2,True,False
161e48d32c2c62fa502c43b3,15,train,0.05,1/20,-1.0,2.9444389791664407,-2.9444389791664407,-0.625,C2,False,True,C2,False,False
8442f6f47bc17e371b095670,15,train,0.05,1/20,-1.0,2.9444389791664407,-2.9444389791664407,-0.25,C2,False,True,C2,False,False
679ea9cf1a96c0c0ee45a70b,15,train,0.05,1/20,1.0,-2.9444389791664407,2.9444389791664407,0.0,C2,True,True,TIE,False,True
8fc9a281a5c5a94b3efe308e,15,train,0.05,1/20,1.0,-2.9444389791664407,2.9444389791664407,0.25,C1,False,True,C1,False,False
ce478c9e26662ac483477091,16,train,0.05,1/20,-1.0,2.9444389791664407,-2.9444389791664407,-1.625,C2,False,True,C2,False,False
2fc22564467e8cce3870ca4d,16,train,0.05,1/20,-3.0,8.833316937499323,-8.833316937499323,-1.0,C2,False,True,C2,False,False
a3a6b9420271f465ac340db0,16,train,0.05,1/20,1.0,-2.9444389791664407,2.9444389791664407,-0.875,C2,True,True,C2,True,False
87ae9fb257e91b4de59ca6e6,16,train,0.05,1/20,-1.0,2.9444389791664407,-2.9444389791664407,-0.5,C2,False,True,C2,False,False
7626f805eb465f344da1496e,16,train,0.05,1/20,1.0,-2.9444389791664407,2.9444389791664407,-0.125,C1,False,True,C2,True,True
bb299bf076f0a80af4e15d61,16,train,0.05,1/20,-1.0,2.9444389791664407,-2.9444389791664407,0.25,C1,True,True,C1,True,False
b3ddf661f12fe2179e47619a,16,train,0.05,1/20,3.0,-8.833316937499323,8.833316937499323,0.625,C1,False,True,C1,False,False
f8c382f11662b11064eec3a7,16,train,0.05,1/20,1.0,-2.9444389791664407,2.9444389791664407,1.0,C1,False,True,C1,False,False
57ab7f1105f61d949ba85f9b,17,train,0.05,1/20,1.0,-2.9444389791664407,2.9444389791664407,-0.375,C2,True,True,C2,True,False
c68d43f6b573151bd264de08,17,train,0.05,1/20,1.0,-2.9444389791664407,2.9444389791664407,-0.25,C2,True,True,C2,True,False
a3e672f098dc670b58db63c3,17,train,0.05,1/20,1.0,-2.9444389791664407,2.9444389791664407,-0.625,C2,True,True,C2,True,False
6ba7e2b74a8510ec30d38c8f,17,train,0.05,1/20,1.0,-2.9444389791664407,2.9444389791664407,-0.25,C2,True,True,C2,True,False
e5eb12a014c81fd99d8b941e,17,train,0.05,1/20,-1.0,2.9444389791664407,-2.9444389791664407,-0.75,C2,False,True,C2,False,False
9558d08f9e99595bd725154a,17,train,0.05,1/20,-1.0,2.9444389791664407,-2.9444389791664407,-0.5,C2,False,True,C2,False,False
8d28f4a7f1d1f5b1d7a36ab4,17,train,0.05,1/20,-1.0,2.9444389791664407,-2.9444389791664407,-0.625,C2,False,True,C2,False,False
085e1253fd78603563be73e5,17,train,0.05,1/20,-1.0,2.9444389791664407,-2.9444389791664407,-0.125,C2,False,True,C2,False,False
5f8f2ff1bb6860336b718268,18,train,0.05,1/20,0.0,-0.0,0.0,-0.5,C2,,False,C2,False,False
97553adeb7acc20ae3d02fb4,18,train,0.05,1/20,-2.0,5.888877958332881,-5.888877958332881,-0.625,C2,False,True,C2,False,False
6bec3e0c564922d32228abae,18,train,0.05,1/20,2.0,-5.888877958332881,5.888877958332881,-0.125,C2,True,True,C2,True,False
783dcb4d143de2507f2337fb,18,train,0.05,1/20,0.0,-0.0,0.0,-0.5,C2,,False,C2,False,False
5ac8041a991ab64e7d40b0dd,18,train,0.05,1/20,0.0,-0.0,0.0,-0.5,C2,,False,C2,False,False
3fe23a8dd4865accfe5b0b94,18,train,0.05,1/20,-2.0,5.888877958332881,-5.888877958332881,-0.625,C2,False,True,C2,False,False
00d0c165578792c68ff05a3b,18,train,0.05,1/20,2.0,-5.888877958332881,5.888877958332881,0.25,C1,False,True,C1,False,False
93e97c664459cdc679a4eda8,18,train,0.05,1/20,0.0,-0.0,0.0,0.25,C1,,False,C1,False,False
9bc51bc6aed23736d3b4e422,19,train,0.05,1/20,-2.0,5.888877958332881,-5.888877958332881,-1.0,C2,False,True,C2,False,False
b7a358a72a3a8b8a546ba2c5,19,train,0.05,1/20,0.0,-0.0,0.0,-0.375,C2,,False,C2,False,False
5a69f27211fa75cb2792338d,19,train,0.05,1/20,-2.0,5.888877958332881,-5.888877958332881,-0.875,C2,False,True,C2,False,False
4c4b7fdf63e29ba65a49f77f,19,train,0.05,1/20,0.0,-0.0,0.0,0.375,C1,,False,C1,False,False
dfec19d9cfeb1de676bf8527,19,train,0.05,1/20,0.0,-0.0,0.0,0.375,C1,,False,C1,False,False
502d945d050e8ccb8d5d0278,19,train,0.05,1/20,2.0,-5.888877958332881,5.888877958332881,0.625,C1,False,True,C1,False,False
969692f1619589dc534787fe,19,train,0.05,1/20,0.0,-0.0,0.0,0.125,C1,,False,C1,False,False
2bd61dcd8ad7c9ab232e04a3,19,train,0.05,1/20,2.0,-5.888877958332881,5.888877958332881,1.75,C1,False,True,C1,False,False
5c600246ccf165885b49a1d8,20,train,0.05,1/20,0.0,-0.0,0.0,-1.0,C2,,False,C2,False,False
b85b347c1319d64a0220978b,20,train,0.05,1/20,0.0,-0.0,0.0,-1.0,C2,,False,C2,False,False
6ea5e479e5421d7ac7e78df6,20,train,0.05,1/20,0.0,-0.0,0.0,-1.125,C2,,False,C2,False,False
b997379d5ed3cdd974d3f6de,20,train,0.05,1/20,0.0,-0.0,0.0,-0.75,C2,,False,C2,False,False
9113b406b2e14c68c12be3a6,20,train,0.05,1/20,0.0,-0.0,0.0,-0.875,C2,,False,C2,False,False
71ebd85f5a56adfc074eaef0,20,train,0.05,1/20,0.0,-0.0,0.0,-0.75,C2,,False,C2,False,False
6ee4145a6ec5f809824c08d2,20,train,0.05,1/20,0.0,-0.0,0.0,-1.0,C2,,False,C2,False,False
06fbbd698a8a2d64c75123f8,20,train,0.05,1/20,0.0,-0.0,0.0,-0.5,C2,,False,C2,False,False
1da6f205e7ab52fcd83074c8,21,train,0.05,1/20,0.0,-0.0,0.0,-1.0,C2,,False,C2,False,False
5cf7626d1d5a9cb58532a25a,21,train,0.05,1/20,0.0,-0.0,0.0,-1.0,C2,,False,C2,False,False
436682e541943c23120737a3,21,train,0.05,1/20,0.0,-0.0,0.0,-0.75,C2,,False,C2,False,False
6a9bf043d1bd9be38e61ea73,21,train,0.05,1/20,0.0,-0.0,0.0,-0.625,C2,,False,C2,False,False
ffec720cc886214e4e59b9d7,21,train,0.05,1/20,0.0,-0.0,0.0,-0.75,C2,,False,C2,False,False
e9c3210159cf76a692442415,21,train,0.05,1/20,0.0,-0.0,0.0,-0.625,C2,,False,C2,False,False
225c69b44bef919433b34649,21,train,0.05,1/20,0.0,-0.0,0.0,-0.5,C2,,False,C2,False,False
3100ed281c32f5547b48c2e5,21,train,0.05,1/20,0.0,-0.0,0.0,-0.25,C2,,False,C2,False,False
7bad3505c690678d2f924177,22,train,0.05,1/20,0.0,-0.0,0.0,-1.0,C2,,False,C2,False,False
1bd0e6a692e37c26937eb734,22,train,0.05,1/20,0.0,-0.0,0.0,-0.75,C2,,False,C2,False,False
4971559d4347e5b744849b4f,22,train,0.05,1/20,0.0,-0.0,0.0,-0.875,C2,,False,C2,False,False
8fa006edda298ab921c69022,22,train,0.05,1/20,0.0,-0.0,0.0,-0.625,C2,,False,C2,False,False
f471447ab1a67b8b8102d54f,22,train,0.05,1/20,0.0,-0.0,0.0,-0.625,C2,,False,C2,False,False
fda51bc77ad8fa0cec6ec161,22,train,0.05,1/20,0.0,-0.0,0.0,-0.5,C2,,False,C2,False,False
3a6796bd421d0cfec6de91b5,22,train,0.05,1/20,0.0,-0.0,0.0,-0.625,C2,,False,C2,False,False
c6359fbc07c942fc510bf793,22,train,0.05,1/20,0.0,-0.0,0.0,0.0,C1,,False,TIE,False,True
62e5b38c4ed177b679b4cb9b,23,train,0.05,1/20,-2.0,5.888877958332881,-5.888877958332881,-1.125,C2,False,True,C2,False,False
8b0550fbb906220226c30644,23,train,0.05,1/20,-2.0,5.888877958332881,-5.888877958332881,-0.375,C2,False,True,C2,False,False
29881a4a8ccb17fedb682b0e,23,train,0.05,1/20,0.0,-0.0,0.0,-0.125,C2,,False,C2,False,False
0a2ae181acb9aea25b940a68,23,train,0.05,1/20,0.0,-0.0,0.0,0.375,C1,,False,C1,False,False
cb3b54bcfdf7d1b91466c8db,23,train,0.05,1/20,0.0,-0.0,0.0,0.25,C1,,False,C1,False,False
ec3141321631f3a679b70351,23,train,0.05,1/20,0.0,-0.0,0.0,0.625,C1,,False,C1,False,False
c3a11bf4c1002e611252a050,23,train,0.05,1/20,2.0,-5.888877958332881,5.888877958332881,1.25,C1,False,True,C1,False,False
bfc056c7384cd18137d367fa,23,train,0.05,1/20,2.0,-5.888877958332881,5.888877958332881,1.75,C1,False,True,C1,False,False
1f9dc5b3516c36ca7a76820e,24,train,0.05,1/20,0.0,-0.0,0.0,0.0,C2,,False,TIE,False,True
8941de00a1a0e3fccbe92854,24,train,0.05,1/20,2.0,-5.888877958332881,5.888877958332881,-0.125,C2,True,True,C2,True,False
446dfab9d7274a303b822a5d,24,train,0.05,1/20,0.0,-0.0,0.0,0.0,C2,,False,TIE,False,True
6ff60512a7550d680eb1cbaa,24,train,0.05,1/20,2.0,-5.888877958332881,5.888877958332881,-0.25,C2,True,True,C2,True,False
eca4db08c18ebe1e46332b49,24,train,0.05,1/20,-2.0,5.888877958332881,-5.888877958332881,-1.0,C2,False,True,C2,False,False
3e36454a92680080af24327d,24,train,0.05,1/20,0.0,-0.0,0.0,-0.875,C2,,False,C2,False,False
66a37715bdd78acc4dd57978,24,train,0.05,1/20,-2.0,5.888877958332881,-5.888877958332881,-0.875,C2,False,True,C2,False,False
78401c813f2c6d0058f491ca,24,train,0.05,1/20,0.0,-0.0,0.0,-0.125,C2,,False,C2,False,False
f3bfe493c828218e2f49c009,25,train,0.05,1/20,2.0,-5.888877958332881,5.888877958332881,-0.5,C2,True,True,C2,True,False
1b259305c5ebbdb27eac95e7,25,train,0.05,1/20,2.0,-5.888877958332881,5.888877958332881,-0.875,C2,True,True,C2,True,False
e505a28cf358620d3ee81397,25,train,0.05,1/20,0.0,-0.0,0.0,-1.125,C2,,False,C2,False,False
263b4522cea81c453167e21c,25,train,0.05,1/20,0.0,-0.0,0.0,-1.0,C2,,False,C2,False,False
ca6156176603e2c43fb4f411,25,train,0.05,1/20,0.0,-0.0,0.0,-1.375,C2,,False,C2,False,False
41dd1b5f7f504ff56e49ec67,25,train,0.05,1/20,0.0,-0.0,0.0,-1.25,C2,,False,C2,False,False
6dfa4a771cb9aa98428248ee,25,train,0.05,1/20,-2.0,5.888877958332881,-5.888877958332881,-1.5,C2,False,True,C2,False,False
cd183226e1a4a7f78708eca6,25,train,0.05,1/20,-2.0,5.888877958332881,-5.888877958332881,-1.5,C2,False,True,C2,False,False
22b41636e31876cb0c0bdce3,26,train,0.05,1/20,-1.0,2.9444389791664407,-2.9444389791664407,-1.0,C2,False,True,C2,False,False
daba13a26c8e555b6031e094,26,train,0.05,1/20,-1.0,2.9444389791664407,-2.9444389791664407,-0.75,C2,False,True,C2,False,False
0bbdaa3a55bac0c3fee2425b,26,train,0.05,1/20,1.0,-2.9444389791664407,2.9444389791664407,-0.625,C2,True,True,C2,True,False
72cbbabda4008c684ad9d565,26,train,0.05,1/20,1.0,-2.9444389791664407,2.9444389791664407,-0.5,C2,True,True,C2,True,False
ac6b27ea6748ad5419aeb03a,26,train,0.05,1/20,-1.0,2.9444389791664407,-2.9444389791664407,-0.625,C2,False,True,C2,False,False
22c1c3326f4f5f17615fa4aa,26,train,0.05,1/20,-1.0,2.9444389791664407,-2.9444389791664407,-0.375,C2,False,True,C2,False,False
405e5946df3854435fd87f1a,26,train,0.05,1/20,1.0,-2.9444389791664407,2.9444389791664407,0.0,C2,True,True,TIE,False,True
991674061a9b542d181e8199,26,train,0.05,1/20,1.0,-2.9444389791664407,2.9444389791664407,0.375,C1,False,True,C1,False,False
c36813139ce7dc62f4501bba,27,train,0.05,1/20,0.0,-0.0,0.0,-1.0,C2,,False,C2,False,False
11999ac18604a41807c03972,27,train,0.05,1/20,2.0,-5.888877958332881,5.888877958332881,-0.875,C2,True,True,C2,True,False
3bb06c2e61b42db15b3dd379,27,train,0.05,1/20,-2.0,5.888877958332881,-5.888877958332881,-1.125,C2,False,True,C2,False,False
5a341e359504e0d3443ddd56,27,train,0.05,1/20,0.0,-0.0,0.0,-0.625,C2,,False,C2,False,False
de976b0bd51d125388f8316e,27,train,0.05,1/20,0.0,-0.0,0.0,-0.75,C2,,False,C2,False,False
4f4ef2f35a77d6a9d0550ec2,27,train,0.05,1/20,2.0,-5.888877958332881,5.888877958332881,-0.375,C2,True,True,C2,True,False
5881e26f97699fb3eb77f7a6,27,train,0.05,1/20,-2.0,5.888877958332881,-5.888877958332881,-1.125,C2,False,True,C2,False,False
fa533e541c1dbf013f455ee1,27,train,0.05,1/20,0.0,-0.0,0.0,-0.25,C2,,False,C2,False,False
06d7fe8248df54d6cbffe493,28,train,0.05,1/20,0.0,-0.0,0.0,-0.875,C2,,False,C2,False,False
9984083b1988844e10ed5755,28,train,0.05,1/20,0.0,-0.0,0.0,-0.75,C2,,False,C2,False,False
3644937b27d8c79e903be52c,28,train,0.05,1/20,-2.0,5.888877958332881,-5.888877958332881,-1.0,C2,False,True,C2,False,False
b5357772bcd0b5bb5a89ae90,28,train,0.05,1/20,-2.0,5.888877958332881,-5.888877958332881,-0.75,C2,False,True,C2,False,False
d2c121a2470b99bb43d2953a,28,train,0.05,1/20,2.0,-5.888877958332881,5.888877958332881,-0.375,C2,True,True,C2,True,False
cb726b116d3a494ee2c3a335,28,train,0.05,1/20,2.0,-5.888877958332881,5.888877958332881,-0.375,C2,True,True,C2,True,False
d4e9c605ac614bca9a47534f,28,train,0.05,1/20,0.0,-0.0,0.0,-0.625,C2,,False,C2,False,False
5a6d26fbcad3ebde92236138,28,train,0.05,1/20,0.0,-0.0,0.0,-0.125,C2,,False,C2,False,False
9385153109fe04c0640033a3,29,train,0.05,1/20,-1.0,2.9444389791664407,-2.9444389791664407,-1.25,C2,False,True,C2,False,False
785cdfe3678e46fe877af3de,29,train,0.05,1/20,-1.0,2.9444389791664407,-2.9444389791664407,-1.0,C2,False,True,C2,False,False
4fbaf9a78f26b5609a9dcdd6,29,train,0.05,1/20,-1.0,2.9444389791664407,-2.9444389791664407,-1.125,C2,False,True,C2,False,False
58253f3e7f4face3aaca73af,29,train,0.05,1/20,-1.0,2.9444389791664407,-2.9444389791664407,-0.625,C2,False,True,C2,False,False
1f7577b3ddf3832c916a13f5,29,train,0.05,1/20,1.0,-2.9444389791664407,2.9444389791664407,-0.25,C2,True,True,C2,True,False
666430986d835931fb8cf3d6,29,train,0.05,1/20,1.0,-2.9444389791664407,2.9444389791664407,-0.125,C2,True,True,C2,True,False
bc46cefe341f30d19ab05940,29,train,0.05,1/20,1.0,-2.9444389791664407,2.9444389791664407,-0.375,C2,True,True,C2,True,False
d695d20f12cd3fcfcb7c8e31,29,train,0.05,1/20,1.0,-2.9444389791664407,2.9444389791664407,0.125,C1,False,True,C1,False,False
f4e071c0dee879a369fe19ab,30,train,0.05,1/20,3.0,-8.833316937499323,8.833316937499323,-0.25,C2,True,True,C2,True,False
e8a4923ba311b50fd508bae8,30,train,0.05,1/20,1.0,-2.9444389791664407,2.9444389791664407,-0.75,C2,True,True,C2,True,False
d4c0168eb832a75fde0ebbc0,30,train,0.05,1/20,1.0,-2.9444389791664407,2.9444389791664407,-1.125,C2,True,True,C2,True,False
4db24010eb2531ba4c548141,30,train,0.05,1/20,-1.0,2.9444389791664407,-2.9444389791664407,-1.25,C2,False,True,C2,False,False
5dd590ce92f4a1fe945c754d,30,train,0.05,1/20,1.0,-2.9444389791664407,2.9444389791664407,-1.125,C2,True,True,C2,True,False
29040321f76d0bf959c22ce3,30,train,0.05,1/20,-1.0,2.9444389791664407,-2.9444389791664407,-1.5,C2,False,True,C2,False,False
76ab6aaa68aa54b0359dcc0b,30,train,0.05,1/20,-1.0,2.9444389791664407,-2.9444389791664407,-2.0,C2,False,True,C2,False,False
6e9196f032ac620944fec9c1,30,train,0.05,1/20,-3.0,8.833316937499323,-8.833316937499323,-2.0,C2,False,True,C2,False,False
1ddd6b4531e6536ed5cabbae,31,train,0.05,1/20,-1.0,2.9444389791664407,-2.9444389791664407,-1.375,C2,False,True,C2,False,False
595bdb835926ba3e2f982415,31,train,0.05,1/20,1.0,-2.9444389791664407,2.9444389791664407,-0.625,C2,True,True,C2,True,False
aee8702a3035a0b90bf52798,31,train,0.05,1/20,-1.0,2.9444389791664407,-2.9444389791664407,-1.25,C2,False,True,C2,False,False
a0156fc871a104c6ff56db84,31,train,0.05,1/20,1.0,-2.9444389791664407,2.9444389791664407,0.125,C1,False,True,C1,False,False
616b4dbfbf2f3349569460b5,31,train,0.05,1/20,-1.0,2.9444389791664407,-2.9444389791664407,-0.125,C2,False,True,C2,False,False
d3687fe93df3e893e5fb1a17,31,train,0.05,1/20,1.0,-2.9444389791664407,2.9444389791664407,0.375,C1,False,True,C1,False,False
68150b7c1cd8b70b6f014d84,31,train,0.05,1/20,-1.0,2.9444389791664407,-2.9444389791664407,-0.375,C2,False,True,C2,False,False
e9f5fc68701dc45ccfb69380,31,train,0.05,1/20,1.0,-2.9444389791664407,2.9444389791664407,1.25,C1,False,True,C1,False,False
151b6acfe1c10e0ebd6f9ed2,32,train,0.05,1/20,-1.0,2.9444389791664407,-2.9444389791664407,-1.0,C2,False,True,C2,False,False
672c80b2c6e841bb03e4e303,32,train,0.05,1/20,1.0,-2.9444389791664407,2.9444389791664407,-0.625,C2,True,True,C2,True,False
c393dc13c285d4690174dc0f,32,train,0.05,1/20,-1.0,2.9444389791664407,-2.9444389791664407,-1.0,C2,False,True,C2,False,False
3b6fadb0ef275d233b958afd,32,train,0.05,1/20,1.0,-2.9444389791664407,2.9444389791664407,-0.5,C2,True,True,C2,True,False
7cd57ea1ad17366ce4ece54d,32,train,0.05,1/20,-1.0,2.9444389791664407,-2.9444389791664407,-0.625,C2,False,True,C2,False,False
f99d44e7d30204b1a49acc55,32,train,0.05,1/20,1.0,-2.9444389791664407,2.9444389791664407,-0.25,C2,True,True,C2,True,False
7803459e65a3ca6d041c541b,32,train,0.05,1/20,-1.0,2.9444389791664407,-2.9444389791664407,-0.625,C2,False,True,C2,False,False
776059ea2411f1feba97f69d,32,train,0.05,1/20,1.0,-2.9444389791664407,2.9444389791664407,0.5,C1,False,True,C1,False,False
d6ab8e3434d97ab9092308f3,33,train,0.05,1/20,-3.0,8.833316937499323,-8.833316937499323,-0.875,C2,False,True,C2,False,False
9eb6fc43721d437b5578f381,33,train,0.05,1/20,-1.0,2.9444389791664407,-2.9444389791664407,-0.25,C2,False,True,C2,False,False
21d26639fa261c4da411a689,33,train,0.05,1/20,-1.0,2.9444389791664407,-2.9444389791664407,-0.125,C2,False,True,C2,False,False
3aa03bb57fb407cfd28d9ba6,33,train,0.05,1/20,1.0,-2.9444389791664407,2.9444389791664407,0.375,C1,False,True,C1,False,False
a8ffa1593a09763953950b1d,33,train,0.05,1/20,-1.0,2.9444389791664407,-2.9444389791664407,0.375,C1,True,True,C1,True,False
b6d6fcc0d393e01437fb5765,33,train,0.05,1/20,1.0,-2.9444389791664407,2.9444389791664407,0.75,C1,False,True,C1,False,False
bcc04163dfaae6cbedec6809,33,train,0.05,1/20,1.0,-2.9444389791664407,2.9444389791664407,0.875,C1,False,True,C1,False,False
03fa179c7ce097a4fd1c1cc4,33,train,0.05,1/20,3.0,-8.833316937499323,8.833316937499323,1.625,C1,False,True,C1,False,False
fa88ffd2263a3b982a72601e,34,train,0.05,1/20,1.0,-2.9444389791664407,2.9444389791664407,0.125,C1,False,True,C1,False,False
1c0cbd8c75df8eb39401791b,34,train,0.05,1/20,1.0,-2.9444389791664407,2.9444389791664407,-0.125,C2,True,True,C2,True,False
ee6f6ea72d1adfa42609ccd2,34,train,0.05,1/20,1.0,-2.9444389791664407,2.9444389791664407,0.125,C1,False,True,C1,False,False
503ae96b07979b8c6d899d36,34,train,0.05,1/20,1.0,-2.9444389791664407,2.9444389791664407,0.0,C2,True,True,TIE,False,True
238d419efd8ba9203150a83e,34,train,0.05,1/20,-1.0,2.9444389791664407,-2.9444389791664407,-1.0,C2,False,True,C2,False,False
a8f068136022b0caa56296e3,34,train,0.05,1/20,-1.0,2.9444389791664407,-2.9444389791664407,-0.75,C2,False,True,C2,False,False
d1fb28d363df20ef3fb3ba13,34,train,0.05,1/20,-1.0,2.9444389791664407,-2.9444389791664407,-0.625,C2,False,True,C2,False,False
94a665efd5f9bcc86468b4a6,34,train,0.05,1/20,-1.0,2.9444389791664407,-2.9444389791664407,-0.125,C2,False,True,C2,False,False
e38c91258d523c27658db0c0,35,train,0.05,1/20,0.0,-0.0,0.0,-0.875,C2,,False,C2,False,False
660ab83adebd320c74c6aba9,35,train,0.05,1/20,0.0,-0.0,0.0,-0.75,C2,,False,C2,False,False
84aee25291a70ba6d3b46be4,35,train,0.05,1/20,0.0,-0.0,0.0,-0.875,C2,,False,C2,False,False
cd6e572525a39d25774f16b6,35,train,0.05,1/20,0.0,-0.0,0.0,-0.625,C2,,False,C2,False,False
45494a30d05dea9bb9611b20,35,train,0.05,1/20,0.0,-0.0,0.0,-0.75,C2,,False,C2,False,False
a6ef348b610db3582611fe16,35,train,0.05,1/20,0.0,-0.0,0.0,-0.5,C2,,False,C2,False,False
fbc06919e4a361b6930d89ce,35,train,0.05,1/20,0.0,-0.0,0.0,-0.5,C2,,False,C2,False,False
4f3f43357cf89633751a3800,35,train,0.05,1/20,0.0,-0.0,0.0,-0.125,C2,,False,C2,False,False
e74061f51e56034cd098f6f2,36,train,0.05,1/20,-1.0,2.9444389791664407,-2.9444389791664407,-1.375,C2,False,True,C2,False,False
7234958c8845a6358b0c0a35,36,train,0.05,1/20,-1.0,2.9444389791664407,-2.9444389791664407,-1.125,C2,False,True,C2,False,False
024e2da3e7a8ade3c672e128,36,train,0.05,1/20,1.0,-2.9444389791664407,2.9444389791664407,-0.875,C2,True,True,C2,True,False
701932a44f8c759049cdb6e9,36,train,0.05,1/20,1.0,-2.9444389791664407,2.9444389791664407,-0.75,C2,True,True,C2,True,False
ab2cfc091dc96505af23ef7a,36,train,0.05,1/20,-1.0,2.9444389791664407,-2.9444389791664407,-1.0,C2,False,True,C2,False,False
0151c9b52fd7da3b89f4623b,36,train,0.05,1/20,-1.0,2.9444389791664407,-2.9444389791664407,-0.75,C2,False,True,C2,False,False
01d7be265fd075779b4839fd,36,train,0.05,1/20,1.0,-2.9444389791664407,2.9444389791664407,-0.5,C2,True,True,C2,True,False
8632c975d046694c22a51546,36,train,0.05,1/20,1.0,-2.9444389791664407,2.9444389791664407,0.0,C2,True,True,TIE,False,True
60df3004c34392c8c0d3e748,37,train,0.05,1/20,0.0,-0.0,0.0,-0.75,C2,,False,C2,False,False
17f24359f2ade4d0de2ca140,37,train,0.05,1/20,0.0,-0.0,0.0,-0.75,C2,,False,C2,False,False
13371684cdc8d8ee24e88be7,37,train,0.05,1/20,0.0,-0.0,0.0,-0.875,C2,,False,C2,False,False
45c1001731046ac81c9abc95,37,train,0.05,1/20,0.0,-0.0,0.0,-0.5,C2,,False,C2,False,False
2e5573753087e22ea15ad9c6,37,train,0.05,1/20,0.0,-0.0,0.0,-0.75,C2,,False,C2,False,False
dee0bb8baac9034029097a68,37,train,0.05,1/20,0.0,-0.0,0.0,-0.625,C2,,False,C2,False,False
ee6a6df2766688cd14e2bb4c,37,train,0.05,1/20,0.0,-0.0,0.0,-0.75,C2,,False,C2,False,False
96f71ae50e4d3910cc2ae685,37,train,0.05,1/20,0.0,-0.0,0.0,-0.25,C2,,False,C2,False,False
ae315303cd3f1a714734d5ec,38,train,0.05,1/20,1.0,-2.9444389791664407,2.9444389791664407,-0.625,C2,True,True,C2,True,False
fd70283c65a92730d02509f0,38,train,0.05,1/20,-1.0,2.9444389791664407,-2.9444389791664407,-0.75,C2,False,True,C2,False,False
daa96108c24ecb502d60f9a3,38,train,0.05,1/20,-1.0,2.9444389791664407,-2.9444389791664407,-1.25,C2,False,True,C2,False,False
677d52ef2534c30f13eabd76,38,train,0.05,1/20,-3.0,8.833316937499323,-8.833316937499323,-0.875,C2,False,True,C2,False,False
03dfdcef5908b4b4aa292801,38,train,0.05,1/20,3.0,-8.833316937499323,8.833316937499323,0.0,C1,False,True,TIE,False,True
4791ccaf79a25bea80bc2fa6,38,train,0.05,1/20,1.0,-2.9444389791664407,2.9444389791664407,-0.375,C2,True,True,C2,True,False
5964c67611f5f8a334697084,38,train,0.05,1/20,1.0,-2.9444389791664407,2.9444389791664407,-1.0,C2,True,True,C2,True,False
18ed13d8fb55598d1707d57f,38,train,0.05,1/20,-1.0,2.9444389791664407,-2.9444389791664407,-0.625,C2,False,True,C2,False,False
025b02d8d4255e24d2967817,39,train,0.05,1/20,0.0,-0.0,0.0,-0.625,C2,,False,C2,False,False
aece6ec4b2de38e7ba9ccc10,39,train,0.05,1/20,0.0,-0.0,0.0,-0.625,C2,,False,C2,False,False
c1d604685a71e4a67622e9b0,39,train,0.05,1/20,0.0,-0.0,0.0,-0.75,C2,,False,C2,False,False
edb3d09c44959133f754fa9c,39,train,0.05,1/20,0.0,-0.0,0.0,-0.5,C2,,False,C2,False,False
daf11e6091ec7c8489c6cf06,39,train,0.05,1/20,0.0,-0.0,0.0,-0.625,C2,,False,C2,False,False
df58de3d46d72be2ddc71bd0,39,train,0.05,1/20,0.0,-0.0,0.0,-0.375,C2,,False,C2,False,False
d0d3cb06b0e2fcfe4cd1b865,39,train,0.05,1/20,0.0,-0.0,0.0,-0.625,C2,,False,C2,False,False
b16795da2bb8142b49856edc,39,train,0.05,1/20,0.0,-0.0,0.0,0.125,C1,,False,C1,False,False
0ef3a4c104374ee7e00a869f,40,train,0.05,1/20,2.0,-5.888877958332881,5.888877958332881,0.125,C1,False,True,C1,False,False
514f26a90e5f9f1408c90447,40,train,0.05,1/20,0.0,-0.0,0.0,-0.375,C2,,False,C2,False,False
deb69efdbc1f025e533c7d2a,40,train,0.05,1/20,2.0,-5.888877958332881,5.888877958332881,-0.125,C1,False,True,C2,True,True
ecc4dd0aff593b8bea9139bc,40,train,0.05,1/20,0.0,-0.0,0.0,-0.5,C2,,False,C2,False,False
17a0e0df754ae069e204fb83,40,train,0.05,1/20,0.0,-0.0,0.0,-1.0,C2,,False,C2,False,False
0b8e41aa71d0d3f0c78ba81e,40,train,0.05,1/20,-2.0,5.888877958332881,-5.888877958332881,-1.125,C2,False,True,C2,False,False
13d42d31b09b94b76130f425,40,train,0.05,1/20,0.0,-0.0,0.0,-1.0,C2,,False,C2,False,False
a42a92b6a1caf465178f9278,40,train,0.05,1/20,-2.0,5.888877958332881,-5.888877958332881,-1.125,C2,False,True,C2,False,False
d93d6e1b9b1040f9da311d0e,41,train,0.05,1/20,0.0,-0.0,0.0,-1.375,C2,,False,C2,False,False
ac96c5627a974fe55951d43f,41,train,0.05,1/20,-2.0,5.888877958332881,-5.888877958332881,-1.25,C2,False,True,C2,False,False
c5ed519744104a74ac11a427,41,train,0.05,1/20,0.0,-0.0,0.0,-1.25,C2,,False,C2,False,False
ce3f2572af4cc00f354623f8,41,train,0.05,1/20,-2.0,5.888877958332881,-5.888877958332881,-1.125,C2,False,True,C2,False,False
f43a1e49e3b9ab596dabc7e8,41,train,0.05,1/20,2.0,-5.888877958332881,5.888877958332881,-0.625,C2,True,True,C2,True,False
b3971612760b3ddcb7ae48c4,41,train,0.05,1/20,0.0,-0.0,0.0,-0.875,C2,,False,C2,False,False
f49ba7f96a36b99215933f14,41,train,0.05,1/20,2.0,-5.888877958332881,5.888877958332881,-0.625,C2,True,True,C2,True,False
158912e10714e705f2e689f1,41,train,0.05,1/20,0.0,-0.0,0.0,-0.5,C2,,False,C2,False,False
715304b4b88a016d8bf07446,42,train,0.05,1/20,-1.0,2.9444389791664407,-2.9444389791664407,-1.0,C2,False,True,C2,False,False
95258af8921895a24c05fe0d,42,train,0.05,1/20,-1.0,2.9444389791664407,-2.9444389791664407,-0.75,C2,False,True,C2,False,False
ce612704965c862f631d1a17,42,train,0.05,1/20,1.0,-2.9444389791664407,2.9444389791664407,-0.625,C2,True,True,C2,True,False
3f56aa7ced7be438cdf8abda,42,train,0.05,1/20,1.0,-2.9444389791664407,2.9444389791664407,-0.25,C2,True,True,C2,True,False
d6b8d21ba63ae81846f03414,42,train,0.05,1/20,-1.0,2.9444389791664407,-2.9444389791664407,-0.75,C2,False,True,C2,False,False
8b24a02bb400578025897f3e,42,train,0.05,1/20,-1.0,2.9444389791664407,-2.9444389791664407,-0.5,C2,False,True,C2,False,False
915005ce874520d869097660,42,train,0.05,1/20,1.0,-2.9444389791664407,2.9444389791664407,-0.375,C2,True,True,C2,True,False
0ea40f678ef62940e7f3a449,42,train,0.05,1/20,1.0,-2.9444389791664407,2.9444389791664407,0.25,C1,False,True,C1,False,False
ccf1fcd47fdc403e99a53c9b,43,train,0.05,1/20,0.0,-0.0,0.0,-1.125,C2,,False,C2,False,False
d60b28a290354e54e1d3c473,43,train,0.05,1/20,-2.0,5.888877958332881,-5.888877958332881,-0.875,C2,False,True,C2,False,False
4dd9995b4dc9b698ae040e6f,43,train,0.05,1/20,0.0,-0.0,0.0,-0.625,C2,,False,C2,False,False
9bf5e78c6563d3d2381b8d1f,43,train,0.05,1/20,-2.0,5.888877958332881,-5.888877958332881,-0.5,C2,False,True,C2,False,False
b0534ad311d0e229db40b27a,43,train,0.05,1/20,2.0,-5.888877958332881,5.888877958332881,0.0,C1,False,True,TIE,False,True
2664c63bd20269b41d5b556a,43,train,0.05,1/20,0.0,-0.0,0.0,-0.125,C1,,False,C2,False,True
8673b66afe493ae178be0d40,43,train,0.05,1/20,2.0,-5.888877958332881,5.888877958332881,0.25,C1,False,True,C1,False,False
532466957754110da3aaa07d,43,train,0.05,1/20,0.0,-0.0,0.0,0.5,C1,,False,C1,False,False
9cf6ab60ebaf51fe310c00fc,44,train,0.05,1/20,-1.0,2.9444389791664407,-2.9444389791664407,-1.25,C2,False,True,C2,False,False
9fd30040fa1729af2700bd17,44,train,0.05,1/20,-1.0,2.9444389791664407,-2.9444389791664407,-0.75,C2,False,True,C2,False,False
10cb88c3ccee53582b338cfc,44,train,0.05,1/20,-1.0,2.9444389791664407,-2.9444389791664407,-0.875,C2,False,True,C2,False,False
bd06a32799a457569aaf21e9,44,train,0.05,1/20,-1.0,2.9444389791664407,-2.9444389791664407,-0.25,C2,False,True,C2,False,False
428649d0ebaba6fce6ea581e,44,train,0.05,1/20,1.0,-2.9444389791664407,2.9444389791664407,0.0,C1,False,True,TIE,False,True
ac1549d552ede308af1b76fc,44,train,0.05,1/20,1.0,-2.9444389791664407,2.9444389791664407,0.25,C1,False,True,C1,False,False
b5c6213388bd057272382fba,44,train,0.05,1/20,1.0,-2.9444389791664407,2.9444389791664407,0.125,C1,False,True,C1,False,False
65232de7a72cf4608d8feee8,44,train,0.05,1/20,1.0,-2.9444389791664407,2.9444389791664407,0.875,C1,False,True,C1,False,False
8d6a64a0b1d059f29ff59278,45,train,0.05,1/20,0.0,-0.0,0.0,-1.0,C2,,False,C2,False,False
e27a3df21674e6400c1d2eca,45,train,0.05,1/20,0.0,-0.0,0.0,-0.75,C2,,False,C2,False,False
d38cf7d6fc251c72edbd63a3,45,train,0.05,1/20,0.0,-0.0,0.0,-0.75,C2,,False,C2,False,False
27c629a77676527a8d91a624,45,train,0.05,1/20,0.0,-0.0,0.0,-0.5,C2,,False,C2,False,False
d593068428f972a43147a3da,45,train,0.05,1/20,0.0,-0.0,0.0,-0.625,C2,,False,C2,False,False
dc65c3fabb73b44cdf732640,45,train,0.05,1/20,0.0,-0.0,0.0,-0.5,C2,,False,C2,False,False
4c4c80b4db05c14cfcc73bcd,45,train,0.05,1/20,0.0,-0.0,0.0,-0.5,C2,,False,C2,False,False
c81e3cab79337a0e2214fbca,45,train,0.05,1/20,0.0,-0.0,0.0,0.0,C1,,False,TIE,False,True
a02dd747f01191c3ef21fa17,46,train,0.05,1/20,-2.0,5.888877958332881,-5.888877958332881,-1.375,C2,False,True,C2,False,False
077188005987b76ea07780e3,46,train,0.05,1/20,-2.0,5.888877958332881,-5.888877958332881,-1.0,C2,False,True,C2,False,False
c6e4924de0d217c8e51d6cfc,46,train,0.05,1/20,0.0,-0.0,0.0,-0.75,C2,,False,C2,False,False
080139f79b2516d3e3b786bf,46,train,0.05,1/20,0.0,-0.0,0.0,-0.375,C2,,False,C2,False,False
a2fca434bc6c1069225a218b,46,train,0.05,1/20,0.0,-0.0,0.0,-0.125,C2,,False,C2,False,False
9402c80419689a2d255a80a7,46,train,0.05,1/20,0.0,-0.0,0.0,0.0,C1,,False,TIE,False,True
585b01fd91b4625bd93c4423,46,train,0.05,1/20,2.0,-5.888877958332881,5.888877958332881,0.375,C1,False,True,C1,False,False
3c8c537b37eb98c0873d9346,46,train,0.05,1/20,2.0,-5.888877958332881,5.888877958332881,1.125,C1,False,True,C1,False,False
e782d5ae8d1b8c8a09c80517,47,train,0.05,1/20,1.0,-2.9444389791664407,2.9444389791664407,-0.5,C2,True,True,C2,True,False
79d8723e4b15f0e8b35db7f3,47,train,0.05,1/20,1.0,-2.9444389791664407,2.9444389791664407,-0.625,C2,True,True,C2,True,False
2a9727c8e7dbb46695fc199e,47,train,0.05,1/20,-1.0,2.9444389791664407,-2.9444389791664407,-1.0,C2,False,True,C2,False,False
11698654c6e1670e263ffe47,47,train,0.05,1/20,-1.0,2.9444389791664407,-2.9444389791664407,-0.625,C2,False,True,C2,False,False
5ac3e526a7fe4c5b0fc40800,47,train,0.05,1/20,1.0,-2.9444389791664407,2.9444389791664407,-0.25,C2,True,True,C2,True,False
078832a62d4d2bcd44d2dee6,47,train,0.05,1/20,1.0,-2.9444389791664407,2.9444389791664407,-0.625,C2,True,True,C2,True,False
7be5a3f875f1ed21f20128e3,47,train,0.05,1/20,-1.0,2.9444389791664407,-2.9444389791664407,-1.125,C2,False,True,C2,False,False
d83dc8f221739a5ac9fe397b,47,train,0.05,1/20,-1.0,2.9444389791664407,-2.9444389791664407,-0.375,C2,False,True,C2,False,False
ec02737e933311c969954663,48,train,0.05,1/20,0.0,-0.0,0.0,-0.625,C2,,False,C2,False,False
8d7dc8142c0dcbeaf4b3d3ab,48,train,0.05,1/20,0.0,-0.0,0.0,-0.5,C2,,False,C2,False,False
d8fa7207a3cb7f3031dd64b5,48,train,0.05,1/20,-2.0,5.888877958332881,-5.888877958332881,-1.125,C2,False,True,C2,False,False
f7e14d01ffbeae8c7f47290d,48,train,0.05,1/20,-2.0,5.888877958332881,-5.888877958332881,-0.125,C2,False,True,C2,False,False
a00bef48c66a910ead0785d9,48,train,0.05,1/20,2.0,-5.888877958332881,5.888877958332881,0.0,C2,True,True,TIE,False,True
8e5f95e0a134e9d787dd838d,48,train,0.05,1/20,2.0,-5.888877958332881,5.888877958332881,0.125,C1,False,True,C1,False,False
e290c5151e57d4bc7c04db7a,48,train,0.05,1/20,0.0,-0.0,0.0,-0.75,C2,,False,C2,False,False
ad33374a4b261a6701299df8,48,train,0.05,1/20,0.0,-0.0,0.0,0.5,C1,,False,C1,False,False
eeaa4e93f5c854ff1cda8c23,49,train,0.05,1/20,0.0,-0.0,0.0,-1.25,C2,,False,C2,False,False
2457fb618a2e10d3a068aa16,49,train,0.05,1/20,0.0,-0.0,0.0,-1.0,C2,,False,C2,False,False
79b273526a9ee5a0d970bd1f,49,train,0.05,1/20,-2.0,5.888877958332881,-5.888877958332881,-1.125,C2,False,True,C2,False,False
263fcac76687e92ddd942c2a,49,train,0.05,1/20,-2.0,5.888877958332881,-5.888877958332881,-0.5,C2,False,True,C2,False,False
673e826022bacfee23dc9b5d,49,train,0.05,1/20,2.0,-5.888877958332881,5.888877958332881,-0.125,C2,True,True,C2,True,False
76cc8ad6abb0daae7ee498af,49,train,0.05,1/20,2.0,-5.888877958332881,5.888877958332881,-0.125,C2,True,True,C2,True,False
0dfa98f04882e03eadb61975,49,train,0.05,1/20,0.0,-0.0,0.0,-0.25,C2,,False,C2,False,False
86b97be958fd58b31850598d,49,train,0.05,1/20,0.0,-0.0,0.0,0.125,C1,,False,C1,False,False
980cb50e51e9fa56a4eb1caa,50,train,0.05,1/20,1.0,-2.9444389791664407,2.9444389791664407,0.125,C1,False,True,C1,False,False
9bebfeb7305031b9e03df256,50,train,0.05,1/20,-1.0,2.9444389791664407,-2.9444389791664407,0.0,C1,True,True,TIE,False,True
42900c8d4619d402e5089f67,50,train,0.05,1/20,3.0,-8.833316937499323,8.833316937499323,0.875,C1,False,True,C1,False,False
fd6f8f643f0cdb50deee8f54,50,train,0.05,1/20,1.0,-2.9444389791664407,2.9444389791664407,0.125,C1,False,True,C1,False,False
f371a10943ebf09fc257e0b8,50,train,0.05,1/20,-1.0,2.9444389791664407,-2.9444389791664407,-1.25,C2,False,True,C2,False,False
969ebbdcf60c396127c80ce6,50,train,0.05,1/20,-3.0,8.833316937499323,-8.833316937499323,-0.875,C2,False,True,C2,False,False
09018ba3f58601d2b4bde8c0,50,train,0.05,1/20,1.0,-2.9444389791664407,2.9444389791664407,0.625,C1,False,True,C1,False,False
580217a66dbbfb1e61fcd15f,50,train,0.05,1/20,-1.0,2.9444389791664407,-2.9444389791664407,0.625,C1,True,True,C1,True,False
32d51c382aa4e077c527e6fd,51,train,0.05,1/20,-1.0,2.9444389791664407,-2.9444389791664407,-0.625,C2,False,True,C2,False,False
46aa381be2ef98f5148199f0,51,train,0.05,1/20,1.0,-2.9444389791664407,2.9444389791664407,-0.5,C2,True,True,C2,True,False
e804e2938b6fee56b39d9513,51,train,0.05,1/20,1.0,-2.9444389791664407,2.9444389791664407,-0.5,C2,True,True,C2,True,False
cf91a2394297ca95ab89168b,51,train,0.05,1/20,3.0,-8.833316937499323,8.833316937499323,-0.25,C2,True,True,C2,True,False
cc87c270efcc395cde327186,51,train,0.05,1/20,-3.0,8.833316937499323,-8.833316937499323,-1.375,C2,False,True,C2,False,False
53e1e41d8b2f06cd0f28cab2,51,train,0.05,1/20,-1.0,2.9444389791664407,-2.9444389791664407,-0.625,C2,False,True,C2,False,False
6d6a23b9bfd4782a20c211da,51,train,0.05,1/20,-1.0,2.9444389791664407,-2.9444389791664407,-0.75,C2,False,True,C2,False,False
85d806cdcf97886b2b7b5ef3,51,train,0.05,1/20,1.0,-2.9444389791664407,2.9444389791664407,0.0,C1,False,True,TIE,False,True
2da4903518d339b493a196a3,52,train,0.05,1/20,-1.0,2.9444389791664407,-2.9444389791664407,-1.125,C2,False,True,C2,False,False
c6488e6211adc9e0b202cc3c,52,train,0.05,1/20,1.0,-2.9444389791664407,2.9444389791664407,-0.75,C2,True,True,C2,True,False
15ce553eea85f98d3250df75,52,train,0.05,1/20,-1.0,2.9444389791664407,-2.9444389791664407,-1.0,C2,False,True,C2,False,False
aee81d09010d75afc52cd137,52,train,0.05,1/20,1.0,-2.9444389791664407,2.9444389791664407,-0.625,C2,True,True,C2,True,False
e17ffaccd06a6bb60c6e0760,52,train,0.05,1/20,-1.0,2.9444389791664407,-2.9444389791664407,-0.75,C2,False,True,C2,False,False
36132a4b9b773c28a79e2a02,52,train,0.05,1/20,1.0,-2.9444389791664407,2.9444389791664407,-0.5,C2,True,True,C2,True,False
a96bda95009cd9ad49da1fab,52,train,0.05,1/20,-1.0,2.9444389791664407,-2.9444389791664407,-0.75,C2,False,True,C2,False,False
1ce8d58ab63d297ae986be9b,52,train,0.05,1/20,1.0,-2.9444389791664407,2.9444389791664407,0.125,C1,False,True,C1,False,False
05ae7e1dfa52e73efd88881c,53,train,0.05,1/20,1.0,-2.9444389791664407,2.9444389791664407,-0.875,C2,True,True,C2,True,False
7d83dcc824eea8711bc2ffcd,53,train,0.05,1/20,-1.0,2.9444389791664407,-2.9444389791664407,-1.0,C2,False,True,C2,False,False
26ac5a33e4711fc5e473fa3a,53,train,0.05,1/20,1.0,-2.9444389791664407,2.9444389791664407,-0.75,C2,True,True,C2,True,False
d6332153a9c3e0d9af52d6df,53,train,0.05,1/20,-1.0,2.9444389791664407,-2.9444389791664407,-0.75,C2,False,True,C2,False,False
92c93e31dab10dc601bfca8b,53,train,0.05,1/20,1.0,-2.9444389791664407,2.9444389791664407,-0.625,C2,True,True,C2,True,False
ae5ff6afa8e460ad76046290,53,train,0.05,1/20,-1.0,2.9444389791664407,-2.9444389791664407,-0.75,C2,False,True,C2,False,False
af1233cc753ee87f24197206,53,train,0.05,1/20,1.0,-2.9444389791664407,2.9444389791664407,-0.625,C2,True,True,C2,True,False
869a595adb2976c8a87261bd,53,train,0.05,1/20,-1.0,2.9444389791664407,-2.9444389791664407,-0.75,C2,False,True,C2,False,False
42741fcdee72ff1b8236ae81,54,train,0.05,1/20,2.0,-5.888877958332881,5.888877958332881,-0.5,C2,True,True,C2,True,False
03a938c3b1ddb5f68e999839,54,train,0.05,1/20,2.0,-5.888877958332881,5.888877958332881,-0.625,C2,True,True,C2,True,False
a5ab4004200601b8a28c0d51,54,train,0.05,1/20,0.0,-0.0,0.0,-1.25,C2,,False,C2,False,False
2c1dd6704e87c04913d2fedc,54,train,0.05,1/20,0.0,-0.0,0.0,-1.0,C2,,False,C2,False,False
59f39b93eee59a9727b86dba,54,train,0.05,1/20,0.0,-0.0,0.0,-1.125,C2,,False,C2,False,False
5939bc8ed57bb14dc9c2505c,54,train,0.05,1/20,0.0,-0.0,0.0,-1.25,C2,,False,C2,False,False
f5a258a780b524bd73bcd56f,54,train,0.05,1/20,-2.0,5.888877958332881,-5.888877958332881,-1.75,C2,False,True,C2,False,False
762bc48c515d4927c0e4748c,54,train,0.05,1/20,-2.0,5.888877958332881,-5.888877958332881,-1.625,C2,False,True,C2,False,False
de7f3ca2e925b6ff8e989f91,55,train,0.05,1/20,2.0,-5.888877958332881,5.888877958332881,0.125,C1,False,True,C1,False,False
39edbe7a3477c5c6b88f4fbe,55,train,0.05,1/20,0.0,-0.0,0.0,-0.25,C2,,False,C2,False,False
41b8505ea2abb99526753344,55,train,0.05,1/20,2.0,-5.888877958332881,5.888877958332881,-0.125,C1,False,True,C2,True,True
fcf5ec0c32541e3a4650414f,55,train,0.05,1/20,0.0,-0.0,0.0,-0.25,C2,,False,C2,False,False
aa7a9b6b04da4ed7fabbb357,55,train,0.05,1/20,0.0,-0.0,0.0,-0.625,C2,,False,C2,False,False
d97e04f553770ac51ee7d547,55,train,0.05,1/20,-2.0,5.888877958332881,-5.888877958332881,-0.625,C2,False,True,C2,False,False
b801284947579fc92924d40b,55,train,0.05,1/20,0.0,-0.0,0.0,-0.75,C2,,False,C2,False,False
14bf8afd3f85a0ec4365836d,55,train,0.05,1/20,-2.0,5.888877958332881,-5.888877958332881,-0.5,C2,False,True,C2,False,False
56dfb1ed9d4fad974c16ac9e,56,train,0.05,1/20,2.0,-5.888877958332881,5.888877958332881,-0.5,C2,True,True,C2,True,False
7a65f751f6092ccf0ab48167,56,train,0.05,1/20,0.0,-0.0,0.0,-0.75,C2,,False,C2,False,False
308307ed6e4c4cb5a81afe42,56,train,0.05,1/20,0.0,-0.0,0.0,-1.0,C2,,False,C2,False,False
5aed59344b454f9dc6fe3c35,56,train,0.05,1/20,-2.0,5.888877958332881,-5.888877958332881,-1.0,C2,False,True,C2,False,False
8569e83096eef4cb12f0290d,56,train,0.05,1/20,2.0,-5.888877958332881,5.888877958332881,-0.625,C2,True,True,C2,True,False
27a19e993d9c2d1e9c9e69d6,56,train,0.05,1/20,0.0,-0.0,0.0,-1.0,C2,,False,C2,False,False
cbe477d4ffea1dbbb105944a,56,train,0.05,1/20,0.0,-0.0,0.0,-1.25,C2,,False,C2,False,False
519ad70bd2f797130c1c3ca3,56,train,0.05,1/20,-2.0,5.888877958332881,-5.888877958332881,-1.25,C2,False,True,C2,False,False
ac62d55d4c927b4dd11d9582,57,train,0.05,1/20,-1.0,2.9444389791664407,-2.9444389791664407,-1.25,C2,False,True,C2,False,False
fae7b90ea8a164084c46282c,57,train,0.05,1/20,-1.0,2.9444389791664407,-2.9444389791664407,-1.0,C2,False,True,C2,False,False
30ebaf92c9839d4491dc4f94,57,train,0.05,1/20,-1.0,2.9444389791664407,-2.9444389791664407,-1.125,C2,False,True,C2,False,False
18d0b88f94a033e1dc6f4e6d,57,train,0.05,1/20,-1.0,2.9444389791664407,-2.9444389791664407,-0.625,C2,False,True,C2,False,False
fba1a1793c08adae92350f34,57,train,0.05,1/20,1.0,-2.9444389791664407,2.9444389791664407,-0.25,C2,True,True,C2,True,False
d012b22867c4a8cdf53e5999,57,train,0.05,1/20,1.0,-2.9444389791664407,2.9444389791664407,-0.25,C2,True,True,C2,True,False
26454be8c294025322acadc0,57,train,0.05,1/20,1.0,-2.9444389791664407,2.9444389791664407,-0.375,C2,True,True,C2,True,False
0bee85075551a214a978468b,57,train,0.05,1/20,1.0,-2.9444389791664407,2.9444389791664407,0.25,C1,False,True,C1,False,False
48b6f025ffaf79f2f946fa48,58,train,0.05,1/20,-2.0,5.888877958332881,-5.888877958332881,-1.625,C2,False,True,C2,False,False
783509a67588968df4e9ee1b,58,train,0.05,1/20,-2.0,5.888877958332881,-5.888877958332881,-1.125,C2,False,True,C2,False,False
584274ec3fb182bf4cbf97a4,58,train,0.05,1/20,0.0,-0.0,0.0,-1.0,C2,,False,C2,False,False
08761dd4caf33ae9a22863ca,58,train,0.05,1/20,0.0,-0.0,0.0,-0.5,C2,,False,C2,False,False
2bdcab132c210b7e8be7c2ef,58,train,0.05,1/20,0.0,-0.0,0.0,-0.625,C2,,False,C2,False,False
ac58def544b92c6f237effd6,58,train,0.05,1/20,0.0,-0.0,0.0,-0.375,C2,,False,C2,False,False
9ddf7156be42a5286b6710ae,58,train,0.05,1/20,2.0,-5.888877958332881,5.888877958332881,-0.125,C2,True,True,C2,True,False
5e119a0099b3f2f41ede96c1,58,train,0.05,1/20,2.0,-5.888877958332881,5.888877958332881,0.5,C1,False,True,C1,False,False
84efed6b66ca1faeccc0ccfa,59,train,0.05,1/20,0.0,-0.0,0.0,-1.375,C2,,False,C2,False,False
e6e304d8b337f448e660ea75,59,train,0.05,1/20,-2.0,5.888877958332881,-5.888877958332881,-1.25,C2,False,True,C2,False,False
70b86c4ae425fdcc5372dc2c,59,train,0.05,1/20,0.0,-0.0,0.0,-1.0,C2,,False,C2,False,False
ff379e0a63fd23ddfd729225,59,train,0.05,1/20,-2.0,5.888877958332881,-5.888877958332881,-1.0,C2,False,True,C2,False,False
2ae540fd5a089bfeaa97710c,59,train,0.05,1/20,2.0,-5.888877958332881,5.888877958332881,-0.25,C2,True,True,C2,True,False
a95994094919640256c2b76a,59,train,0.05,1/20,0.0,-0.0,0.0,-0.25,C2,,False,C2,False,False
a8afaa85362bba17a5c52178,59,train,0.05,1/20,2.0,-5.888877958332881,5.888877958332881,0.125,C1,False,True,C1,False,False
472d0d42668ba7cf0a099ed9,59,train,0.05,1/20,0.0,-0.0,0.0,0.375,C1,,False,C1,False,False
ba38160b9701119212bc4385,60,train,0.05,1/20,-1.0,2.9444389791664407,-2.9444389791664407,-1.0,C2,False,True,C2,False,False
2f00cb9e8cdb44c90e72ac04,60,train,0.05,1/20,-1.0,2.9444389791664407,-2.9444389791664407,-0.375,C2,False,True,C2,False,False
e6c635ec21a5d45bb14589b9,60,train,0.05,1/20,1.0,-2.9444389791664407,2.9444389791664407,-0.25,C2,True,True,C2,True,False
5119ef0ce6822b15e833ff79,60,train,0.05,1/20,1.0,-2.9444389791664407,2.9444389791664407,0.25,C1,False,True,C1,False,False
ca862ebf5bf6fdc9b18be5f7,60,train,0.05,1/20,-1.0,2.9444389791664407,-2.9444389791664407,-0.25,C2,False,True,C2,False,False
67e31d26d43094a7d68f0f60,60,train,0.05,1/20,-1.0,2.9444389791664407,-2.9444389791664407,0.375,C1,True,True,C1,True,False
d06d093aac509b93a1243814,60,train,0.05,1/20,1.0,-2.9444389791664407,2.9444389791664407,0.375,C1,False,True,C1,False,False
a6fc0f28e21a5bdcc51049c4,60,train,0.05,1/20,1.0,-2.9444389791664407,2.9444389791664407,1.0,C1,False,True,C1,False,False
3d4dc0d8d5e9d34e0aacce8b,61,train,0.05,1/20,1.0,-2.9444389791664407,2.9444389791664407,-0.5,C2,True,True,C2,True,False
ad8bc53138b2f6689660a0c6,61,train,0.05,1/20,-1.0,2.9444389791664407,-2.9444389791664407,-0.75,C2,False,True,C2,False,False
df15c17432ff09f9311e12e3,61,train,0.05,1/20,1.0,-2.9444389791664407,2.9444389791664407,-0.625,C2,True,True,C2,True,False
39f0613411afad1e6a14393b,61,train,0.05,1/20,-1.0,2.9444389791664407,-2.9444389791664407,-0.625,C2,False,True,C2,False,False
b21db83dc22966018079c4bd,61,train,0.05,1/20,1.0,-2.9444389791664407,2.9444389791664407,-0.375,C2,True,True,C2,True,False
ee2076726cf706bc07e517d1,61,train,0.05,1/20,-1.0,2.9444389791664407,-2.9444389791664407,-0.75,C2,False,True,C2,False,False
458d640fc32515d196dc60f8,61,train,0.05,1/20,1.0,-2.9444389791664407,2.9444389791664407,-0.375,C2,True,True,C2,True,False
42c021ed237dd0bfe66ee2d0,61,train,0.05,1/20,-1.0,2.9444389791664407,-2.9444389791664407,-0.5,C2,False,True,C2,False,False
c95c880550404177f2f1d030,62,train,0.05,1/20,-2.0,5.888877958332881,-5.888877958332881,-1.0,C2,False,True,C2,False,False
ad048d8a37e9f8d7d55a9880,62,train,0.05,1/20,0.0,-0.0,0.0,-0.25,C2,,False,C2,False,False
a8f3d4893ab18699e844a1c1,62,train,0.05,1/20,0.0,-0.0,0.0,0.0,C1,,False,TIE,False,True
d46de139f727eecbe7620cd7,62,train,0.05,1/20,2.0,-5.888877958332881,5.888877958332881,0.5,C1,False,True,C1,False,False
9513acd4380f9344e62598d0,62,train,0.05,1/20,-2.0,5.888877958332881,-5.888877958332881,0.125,C1,True,True,C1,True,False
500a5bc62e2a9ae84fcaae85,62,train,0.05,1/20,0.0,-0.0,0.0,0.75,C1,,False,C1,False,False
4a6dc5489f799fc93645f0b6,62,train,0.05,1/20,0.0,-0.0,0.0,0.875,C1,,False,C1,False,False
ee757a4b8a360bae4d6777c4,62,train,0.05,1/20,2.0,-5.888877958332881,5.888877958332881,1.625,C1,False,True,C1,False,False
889043833bdb7e49796029f4,63,train,0.05,1/20,0.0,-0.0,0.0,-0.625,C2,,False,C2,False,False
2664f85c9c86123e1fe0ccfa,63,train,0.05,1/20,-2.0,5.888877958332881,-5.888877958332881,-0.75,C2,False,True,C2,False,False
56ce2586d9ac707ed8efb863,63,train,0.05,1/20,2.0,-5.888877958332881,5.888877958332881,-0.625,C2,True,True,C2,True,False
0cb4e21508fadf77c4065106,63,train,0.05,1/20,0.0,-0.0,0.0,-0.875,C2,,False,C2,False,False
8795d8f72c46a17932ea81aa,63,train,0.05,1/20,0.0,-0.0,0.0,-0.625,C2,,False,C2,False,False
efe2ad56d9726965798b83ae,63,train,0.05,1/20,-2.0,5.888877958332881,-5.888877958332881,-0.625,C2,False,True,C2,False,False
2a99bd3cb3b3ad667b6538db,63,train,0.05,1/20,2.0,-5.888877958332881,5.888877958332881,-0.25,C2,True,True,C2,True,False
57b8c1014bc651047b2013e1,63,train,0.05,1/20,0.0,-0.0,0.0,-0.125,C2,,False,C2,False,False
a0b6ff03e2d5ea19787f58e3,0,test,0.15,3/20,2.0,-3.4692021107762128,3.4692021107762128,-0.25,C2,True,True,C2,True,False
7974765f8821903727d0577a,0,test,0.15,3/20,0.0,-0.0,0.0,-0.5,C2,,False,C2,False,False
8d39e55cca8501d0cd4801b1,0,test,0.15,3/20,2.0,-3.4692021107762128,3.4692021107762128,-0.375,C2,True,True,C2,True,False
9f0e5e635103fc3abbcb47df,0,test,0.15,3/20,0.0,-0.0,0.0,-0.875,C2,,False,C2,False,False
753f8fd63477ae11bcf666e3,0,test,0.15,3/20,0.0,-0.0,0.0,-1.125,C2,,False,C2,False,False
aa9fe8b836cd43e1b9513d61,0,test,0.15,3/20,-2.0,3.4692021107762128,-3.4692021107762128,-1.125,C2,False,True,C2,False,False
31c0fdcd86789e34f517a930,0,test,0.15,3/20,0.0,-0.0,0.0,-1.25,C2,,False,C2,False,False
131e38b8fc149cef8e84ccf2,0,test,0.15,3/20,-2.0,3.4692021107762128,-3.4692021107762128,-1.625,C2,False,True,C2,False,False
74f2cee80ef52156cb4a313d,1,test,0.15,3/20,1.0,-1.7346010553881064,1.7346010553881064,0.0,C2,True,True,TIE,False,True
c86612c1634e77d9318d53fb,1,test,0.15,3/20,1.0,-1.7346010553881064,1.7346010553881064,0.0,C1,False,True,TIE,False,True
16884a86bf3c34fd1fb8ac7e,1,test,0.15,3/20,1.0,-1.7346010553881064,1.7346010553881064,0.125,C1,False,True,C1,False,False
8232dadcc4e848e7ca076bbe,1,test,0.15,3/20,1.0,-1.7346010553881064,1.7346010553881064,0.25,C1,False,True,C1,False,False
71d97016001c8795cb0e6029,1,test,0.15,3/20,-1.0,1.7346010553881064,-1.7346010553881064,-0.75,C2,False,True,C2,False,False
a2a5d76dfc82e11d7f5d28e0,1,test,0.15,3/20,-1.0,1.7346010553881064,-1.7346010553881064,-0.5,C2,False,True,C2,False,False
782efd91517a2a0a5f5a19ac,1,test,0.15,3/20,-1.0,1.7346010553881064,-1.7346010553881064,-0.375,C2,False,True,C2,False,False
b02f29039774079a2bf1c977,1,test,0.15,3/20,-1.0,1.7346010553881064,-1.7346010553881064,0.0,C1,True,True,TIE,False,True
662d785902626249fcd75b7c,2,test,0.15,3/20,0.0,-0.0,0.0,-0.75,C2,,False,C2,False,False
a0104b414340e3cf8af70202,2,test,0.15,3/20,0.0,-0.0,0.0,-0.625,C2,,False,C2,False,False
1235e9c1f475cf5949b97c09,2,test,0.15,3/20,0.0,-0.0,0.0,-0.75,C2,,False,C2,False,False
85ac6e9acdffb5c5a598d3c4,2,test,0.15,3/20,0.0,-0.0,0.0,-0.5,C2,,False,C2,False,False
4be1aa282af8fa4654c51c81,2,test,0.15,3/20,0.0,-0.0,0.0,-0.375,C2,,False,C2,False,False
a382180300e5bbaa53bbc45b,2,test,0.15,3/20,0.0,-0.0,0.0,-0.375,C2,,False,C2,False,False
e6891e8da7bf0f5c5f19086f,2,test,0.15,3/20,0.0,-0.0,0.0,-0.375,C2,,False,C2,False,False
2677e58d08031fa3715bf92d,2,test,0.15,3/20,0.0,-0.0,0.0,0.0,C1,,False,TIE,False,True
bec63ea8063fa5b9844379a9,3,test,0.15,3/20,0.0,-0.0,0.0,-0.625,C2,,False,C2,False,False
aeebccd163111a292ec38266,3,test,0.15,3/20,-2.0,3.4692021107762128,-3.4692021107762128,-0.625,C2,False,True,C2,False,False
ee3cc73805bee6309ec94b5e,3,test,0.15,3/20,2.0,-3.4692021107762128,3.4692021107762128,-0.375,C2,True,True,C2,True,False
b580df1a10143dc10b5f0137,3,test,0.15,3/20,0.0,-0.0,0.0,-0.625,C2,,False,C2,False,False
7e7cdc714820d0cc911b5f53,3,test,0.15,3/20,0.0,-0.0,0.0,-0.375,C2,,False,C2,False,False
183075a514060b1ec7b1a91f,3,test,0.15,3/20,-2.0,3.4692021107762128,-3.4692021107762128,-0.25,C2,False,True,C2,False,False
9af818648da3dbd5f6431da4,3,test,0.15,3/20,2.0,-3.4692021107762128,3.4692021107762128,-0.125,C1,False,True,C2,True,True
dc14811743d70123a9e57ad6,3,test,0.15,3/20,0.0,-0.0,0.0,0.125,C1,,False,C1,False,False
bbe639072be8bb6007448588,4,test,0.15,3/20,0.0,-0.0,0.0,-0.125,C2,,False,C2,False,False
4d5357d52aba336f1970d0df,4,test,0.15,3/20,0.0,-0.0,0.0,0.0,C1,,False,TIE,False,True
84743b5da976d5412e81671e,4,test,0.15,3/20,2.0,-3.4692021107762128,3.4692021107762128,0.25,C1,False,True,C1,False,False
9cfbc20b987b9eb99d4968a7,4,test,0.15,3/20,2.0,-3.4692021107762128,3.4692021107762128,0.25,C1,False,True,C1,False,False
65fb6a205e1cfb1c9b073cc3,4,test,0.15,3/20,-2.0,3.4692021107762128,-3.4692021107762128,-1.25,C2,False,True,C2,False,False
9542f3c81ccd517772cb5270,4,test,0.15,3/20,-2.0,3.4692021107762128,-3.4692021107762128,-0.375,C2,False,True,C2,False,False
988c5aca2ebd465d2bcd9dce,4,test,0.15,3/20,0.0,-0.0,0.0,-0.375,C2,,False,C2,False,False
360c32e2ec597dfdcf115a1a,4,test,0.15,3/20,0.0,-0.0,0.0,0.75,C1,,False,C1,False,False
2d0e19f77f2de2ffc1d78f5a,5,train,0.15,3/20,0.0,-0.0,0.0,-0.875,C2,,False,C2,False,False
d04b8eb4a355aebc721ecebc,5,train,0.15,3/20,-2.0,3.4692021107762128,-3.4692021107762128,-0.875,C2,False,True,C2,False,False
418134f3ef75e7b073021a8b,5,train,0.15,3/20,2.0,-3.4692021107762128,3.4692021107762128,-0.5,C2,True,True,C2,True,False
c3bb5ac78cc46f01a3aec9dd,5,train,0.15,3/20,0.0,-0.0,0.0,-0.875,C2,,False,C2,False,False
cb0cc1f8e35c97afb80dec38,5,train,0.15,3/20,0.0,-0.0,0.0,-0.625,C2,,False,C2,False,False
3c53b6ca621f32bc248aaa4a,5,train,0.15,3/20,-2.0,3.4692021107762128,-3.4692021107762128,-0.375,C2,False,True,C2,False,False
806e954dfefab2756093b359,5,train,0.15,3/20,2.0,-3.4692021107762128,3.4692021107762128,-0.125,C2,True,True,C2,True,False
32cb460178504f604c4ce5bb,5,train,0.15,3/20,0.0,-0.0,0.0,-0.25,C2,,False,C2,False,False
f7f2f05608f20698797544b1,6,test,0.15,3/20,-3.0,5.203803166164319,-5.203803166164319,-1.375,C2,False,True,C2,False,False
987999a2d13557259a79b205,6,test,0.15,3/20,-1.0,1.7346010553881064,-1.7346010553881064,-0.625,C2,False,True,C2,False,False
891aa4f6e355325d67117f94,6,test,0.15,3/20,-1.0,1.7346010553881064,-1.7346010553881064,-0.5,C2,False,True,C2,False,False
76c5879054680d22055ce727,6,test,0.15,3/20,1.0,-1.7346010553881064,1.7346010553881064,0.375,C1,False,True,C1,False,False
95cd64ec84d2e23623c6a165,6,test,0.15,3/20,-1.0,1.7346010553881064,-1.7346010553881064,-0.125,C1,True,True,C2,False,True
401dbee0499f2b7ef1df3b3f,6,test,0.15,3/20,1.0,-1.7346010553881064,1.7346010553881064,1.125,C1,False,True,C1,False,False
0c4940ff804bbaddbe04c843,6,test,0.15,3/20,1.0,-1.7346010553881064,1.7346010553881064,0.75,C1,False,True,C1,False,False
50f85b7b2177b68019db4fc3,6,test,0.15,3/20,3.0,-5.203803166164319,5.203803166164319,1.875,C1,False,True,C1,False,False
ae70ed58e593bb0bae65674b,7,train,0.15,3/20,0.0,-0.0,0.0,-0.25,C2,,False,C2,False,False
677353ea12f7d6e4e1d9197b,7,train,0.15,3/20,0.0,-0.0,0.0,-0.375,C2,,False,C2,False,False
be0b5942ed5c8642fa386c67,7,train,0.15,3/20,0.0,-0.0,0.0,-0.625,C2,,False,C2,False,False
a64756591eaadf09ad350089,7,train,0.15,3/20,0.0,-0.0,0.0,-0.5,C2,,False,C2,False,False
cd7e1c8e24ea701cf147b4cc,7,train,0.15,3/20,0.0,-0.0,0.0,-0.75,C2,,False,C2,False,False
e2c28d77984b114c28c8ff83,7,train,0.15,3/20,0.0,-0.0,0.0,-0.75,C2,,False,C2,False,False
3982a2fcd4f83f4505f5b002,7,train,0.15,3/20,0.0,-0.0,0.0,-0.625,C2,,False,C2,False,False
31691fab759c16479a553d16,7,train,0.15,3/20,0.0,-0.0,0.0,-0.125,C2,,False,C2,False,False
883d0973c429de481c0adc74,8,train,0.15,3/20,-1.0,1.7346010553881064,-1.7346010553881064,-1.375,C2,False,True,C2,False,False
73c5f5cc0aca6d21313faa67,8,train,0.15,3/20,-3.0,5.203803166164319,-5.203803166164319,-1.125,C2,False,True,C2,False,False
e46d0e15cc1a36d42917fdfc,8,train,0.15,3/20,1.0,-1.7346010553881064,1.7346010553881064,-0.875,C2,True,True,C2,True,False
096ae9872adcbc98df72e9d1,8,train,0.15,3/20,-1.0,1.7346010553881064,-1.7346010553881064,-0.875,C2,False,True,C2,False,False
2553edc028d0d29bd064b847,8,train,0.15,3/20,1.0,-1.7346010553881064,1.7346010553881064,-0.125,C2,True,True,C2,True,False
e04b635ae1b3ff1472f16f68,8,train,0.15,3/20,-1.0,1.7346010553881064,-1.7346010553881064,-0.25,C2,False,True,C2,False,False
1ca936465609aacee05b335a,8,train,0.15,3/20,3.0,-5.203803166164319,5.203803166164319,0.25,C1,False,True,C1,False,False
a4c30c55303a52b8bcebd6f8,8,train,0.15,3/20,1.0,-1.7346010553881064,1.7346010553881064,0.25,C1,False,True,C1,False,False
92cceac056311cc461300bc5,9,test,0.15,3/20,1.0,-1.7346010553881064,1.7346010553881064,-0.5,C2,True,True,C2,True,False
6e7fef8ac2cf9794e331ab46,9,test,0.15,3/20,-1.0,1.7346010553881064,-1.7346010553881064,-0.625,C2,False,True,C2,False,False
01b4974c4d6fd0c921807112,9,test,0.15,3/20,1.0,-1.7346010553881064,1.7346010553881064,-0.5,C2,True,True,C2,True,False
6ae48bce2d62746e8bbd366c,9,test,0.15,3/20,-1.0,1.7346010553881064,-1.7346010553881064,-0.5,C2,False,True,C2,False,False
16aabd79c5f62d5f2f0d0550,9,test,0.15,3/20,1.0,-1.7346010553881064,1.7346010553881064,-0.5,C2,True,True,C2,True,False
6bffdfe96a380e68f2c0e2d7,9,test,0.15,3/20,-1.0,1.7346010553881064,-1.7346010553881064,-0.5,C2,False,True,C2,False,False
8fc20ff78c7829bbb90bab71,9,test,0.15,3/20,1.0,-1.7346010553881064,1.7346010553881064,-0.375,C2,True,True,C2,True,False
216fbae6cca252ea92e5f123,9,test,0.15,3/20,-1.0,1.7346010553881064,-1.7346010553881064,-0.375,C2,False,True,C2,False,False
c794cb02825b960d3a2e82fe,10,test,0.15,3/20,1.0,-1.7346010553881064,1.7346010553881064,-0.25,C2,True,True,C2,True,False
496f3978f7012ac78b19b4f8,10,test,0.15,3/20,-1.0,1.7346010553881064,-1.7346010553881064,-0.375,C2,False,True,C2,False,False
039a010ca648ef0f745d1ee9,10,test,0.15,3/20,1.0,-1.7346010553881064,1.7346010553881064,-0.25,C2,True,True,C2,True,False
c5edabf8ee3cfe13a015358c,10,test,0.15,3/20,-1.0,1.7346010553881064,-1.7346010553881064,-0.625,C2,False,True,C2,False,False
f36bd3e0fa14f76b0c1dffdc,10,test,0.15,3/20,1.0,-1.7346010553881064,1.7346010553881064,-0.5,C2,True,True,C2,True,False
3aaa4f6e7240d0ff8094793c,10,test,0.15,3/20,-1.0,1.7346010553881064,-1.7346010553881064,-0.5,C2,False,True,C2,False,False
56fd261febc292ce0c73305f,10,test,0.15,3/20,1.0,-1.7346010553881064,1.7346010553881064,-0.5,C2,True,True,C2,True,False
583218785701e0c132651c56,10,test,0.15,3/20,-1.0,1.7346010553881064,-1.7346010553881064,-0.375,C2,False,True,C2,False,False
3e5b43ece99d92724b23d785,11,train,0.15,3/20,0.0,-0.0,0.0,-0.875,C2,,False,C2,False,False
6c3f27b5dee47d02a5bfcb48,11,train,0.15,3/20,0.0,-0.0,0.0,-0.625,C2,,False,C2,False,False
b5b1fe88ee1eab872be2fca6,11,train,0.15,3/20,-2.0,3.4692021107762128,-3.4692021107762128,-1.25,C2,False,True,C2,False,False
0dd4865015a8b6bbba6b9df1,11,train,0.15,3/20,-2.0,3.4692021107762128,-3.4692021107762128,-0.5,C2,False,True,C2,False,False
c0b50a76190332f9cb0e0205,11,train,0.15,3/20,2.0,-3.4692021107762128,3.4692021107762128,-0.25,C2,True,True,C2,True,False
325b99583ac398cf53796d51,11,train,0.15,3/20,2.0,-3.4692021107762128,3.4692021107762128,-0.25,C2,True,True,C2,True,False
119137a4692c19e679c330c5,11,train,0.15,3/20,0.0,-0.0,0.0,-0.625,C2,,False,C2,False,False
e6b2d220dc7985445eface6b,11,train,0.15,3/20,0.0,-0.0,0.0,-0.125,C1,,False,C2,False,True
f1b4fed434c1ce1e4522383d,12,train,0.15,3/20,0.0,-0.0,0.0,-0.375,C2,,False,C2,False,False
6cc7269db96c33eb7676de05,12,train,0.15,3/20,2.0,-3.4692021107762128,3.4692021107762128,-0.25,C2,True,True,C2,True,False
c7fbb14c7c2ab18c9a1919d5,12,train,0.15,3/20,-2.0,3.4692021107762128,-3.4692021107762128,-0.625,C2,False,True,C2,False,False
3618535a85120423f9a855a7,12,train,0.15,3/20,0.0,-0.0,0.0,-0.125,C1,,False,C2,False,True
f31cb4349d4ec8b5443ba92e,12,train,0.15,3/20,0.0,-0.0,0.0,-0.625,C2,,False,C2,False,False
862087011fc3a84a13e2a4fa,12,train,0.15,3/20,2.0,-3.4692021107762128,3.4692021107762128,-0.125,C2,True,True,C2,True,False
f3bc036853958b9d2ceb2693,12,train,0.15,3/20,-2.0,3.4692021107762128,-3.4692021107762128,-1.0,C2,False,True,C2,False,False
ab4c94d82ffc523f9a735e62,12,train,0.15,3/20,0.0,-0.0,0.0,0.25,C1,,False,C1,False,False
ffd542156004cb2b825486a3,13,train,0.15,3/20,3.0,-5.203803166164319,5.203803166164319,-0.125,C2,True,True,C2,True,False
bc6d2aa5b8c1bac41a6ac821,13,train,0.15,3/20,1.0,-1.7346010553881064,1.7346010553881064,-0.75,C2,True,True,C2,True,False
76fd4992d2d32b94eceb475d,13,train,0.15,3/20,1.0,-1.7346010553881064,1.7346010553881064,-0.875,C2,True,True,C2,True,False
d756bb3e981b7161a8a99366,13,train,0.15,3/20,-1.0,1.7346010553881064,-1.7346010553881064,-1.125,C2,False,True,C2,False,False
cf2ccb8d688994d106ff8d28,13,train,0.15,3/20,1.0,-1.7346010553881064,1.7346010553881064,-1.25,C2,True,True,C2,True,False
ed82e8474e29a712a0524bd9,13,train,0.15,3/20,-1.0,1.7346010553881064,-1.7346010553881064,-1.625,C2,False,True,C2,False,False
7f9a87ff0ff7934780646114,13,train,0.15,3/20,-1.0,1.7346010553881064,-1.7346010553881064,-1.375,C2,False,True,C2,False,False
59ad0927025d26b0d65c6eb5,13,train,0.15,3/20,-3.0,5.203803166164319,-5.203803166164319,-2.0,C2,False,True,C2,False,False
a8f0b28a082d7b8828f028d6,14,train,0.15,3/20,-1.0,1.7346010553881064,-1.7346010553881064,-0.875,C2,False,True,C2,False,False
4590531ced4957c4f6f9f2df,14,train,0.15,3/20,-3.0,5.203803166164319,-5.203803166164319,-0.375,C2,False,True,C2,False,False
e8dfc3ce57a8b77464823a39,14,train,0.15,3/20,1.0,-1.7346010553881064,1.7346010553881064,-0.125,C2,True,True,C2,True,False
03e563d8adc7b85cbb9a3d4c,14,train,0.15,3/20,-1.0,1.7346010553881064,-1.7346010553881064,0.0,C1,True,True,TIE,False,True
36e9bfd963ea36b3ad253162,14,train,0.15,3/20,1.0,-1.7346010553881064,1.7346010553881064,0.625,C1,False,True,C1,False,False
18742d8f2e64767ac557066a,14,train,0.15,3/20,-1.0,1.7346010553881064,-1.7346010553881064,0.625,C1,True,True,C1,True,False
30bd3c6b2fd7f33c4c5aa21f,14,train,0.15,3/20,3.0,-5.203803166164319,5.203803166164319,1.125,C1,False,True,C1,False,False
fe6af26bd3b841590472be3b,14,train,0.15,3/20,1.0,-1.7346010553881064,1.7346010553881064,1.25,C1,False,True,C1,False,False
bad35a2179db3b86c43e6912,15,train,0.15,3/20,-1.0,1.7346010553881064,-1.7346010553881064,-1.125,C2,False,True,C2,False,False
c628d2fe9450595dac4ad2ce,15,train,0.15,3/20,-1.0,1.7346010553881064,-1.7346010553881064,-0.875,C2,False,True,C2,False,False
acb8ad11fc56ccfdc2dbbc87,15,train,0.15,3/20,1.0,-1.7346010553881064,1.7346010553881064,-0.625,C2,True,True,C2,True,False
d153b4b84ba19d7ccfe4a14a,15,train,0.15,3/20,1.0,-1.7346010553881064,1.7346010553881064,-0.5,C2,True,True,C2,True,False
6c679d9bd8e0ee10b62c7658,15,train,0.15,3/20,-1.0,1.7346010553881064,-1.7346010553881064,-0.5,C2,False,True,C2,False,False
6c663122ddea99caa8d3e264,15,train,0.15,3/20,-1.0,1.7346010553881064,-1.7346010553881064,-0.125,C2,False,True,C2,False,False
6f102461841d6b73eb3b8ea0,15,train,0.15,3/20,1.0,-1.7346010553881064,1.7346010553881064,-0.125,C1,False,True,C2,True,True
3e2fc7329fb6a3c413554eb7,15,train,0.15,3/20,1.0,-1.7346010553881064,1.7346010553881064,0.25,C1,False,True,C1,False,False
45955c345ab8ce78e1cf3887,16,train,0.15,3/20,-1.0,1.7346010553881064,-1.7346010553881064,-1.625,C2,False,True,C2,False,False
7e603537d5a9b53c79bfcfbf,16,train,0.15,3/20,-3.0,5.203803166164319,-5.203803166164319,-1.0,C2,False,True,C2,False,False
40d1d955b7b71714e3fd1cd4,16,train,0.15,3/20,1.0,-1.7346010553881064,1.7346010553881064,-0.875,C2,True,True,C2,True,False
54b018dd1f80c8747513df84,16,train,0.15,3/20,-1.0,1.7346010553881064,-1.7346010553881064,-0.375,C2,False,True,C2,False,False
7b384ada8bd824b1b41a3844,16,train,0.15,3/20,1.0,-1.7346010553881064,1.7346010553881064,0.0,C2,True,True,TIE,False,True
c77d1e6b1f56771c61273470,16,train,0.15,3/20,-1.0,1.7346010553881064,-1.7346010553881064,0.25,C1,True,True,C1,True,False
310029700658c07e0fd1381d,16,train,0.15,3/20,3.0,-5.203803166164319,5.203803166164319,0.625,C1,False,True,C1,False,False
3eac33bfc75c901611eb84c7,16,train,0.15,3/20,1.0,-1.7346010553881064,1.7346010553881064,0.875,C1,False,True,C1,False,False
3d8dcfd61819e678b563f4cd,17,train,0.15,3/20,1.0,-1.7346010553881064,1.7346010553881064,-0.25,C2,True,True,C2,True,False
dbbd23f7d28a659d37909afe,17,train,0.15,3/20,1.0,-1.7346010553881064,1.7346010553881064,-0.125,C2,True,True,C2,True,False
b3d56daab3bebd0dc0683e1c,17,train,0.15,3/20,1.0,-1.7346010553881064,1.7346010553881064,-0.5,C2,True,True,C2,True,False
aae1206f756bfa879f2f5326,17,train,0.15,3/20,1.0,-1.7346010553881064,1.7346010553881064,-0.125,C2,True,True,C2,True,False
fe235a442de5df0b99ddeda0,17,train,0.15,3/20,-1.0,1.7346010553881064,-1.7346010553881064,-0.875,C2,False,True,C2,False,False
ec6b3e84b2a95f83aa16323b,17,train,0.15,3/20,-1.0,1.7346010553881064,-1.7346010553881064,-0.375,C2,False,True,C2,False,False
0cd790c92c2dc08e31896e43,17,train,0.15,3/20,-1.0,1.7346010553881064,-1.7346010553881064,-0.625,C2,False,True,C2,False,False
9096246d616a6648c2f5e55f,17,train,0.15,3/20,-1.0,1.7346010553881064,-1.7346010553881064,-0.125,C2,False,True,C2,False,False
8620a95e74db2a7fb01cdb9d,18,train,0.15,3/20,0.0,-0.0,0.0,-0.5,C2,,False,C2,False,False
b48889dadcfa31e75af50797,18,train,0.15,3/20,-2.0,3.4692021107762128,-3.4692021107762128,-0.5,C2,False,True,C2,False,False
94322e11a547e84abf231b3f,18,train,0.15,3/20,2.0,-3.4692021107762128,3.4692021107762128,-0.25,C2,True,True,C2,True,False
5aa8e887a535fe7e180af8f4,18,train,0.15,3/20,0.0,-0.0,0.0,-0.375,C2,,False,C2,False,False
a74a1d1bd3e23205a6f65455,18,train,0.15,3/20,0.0,-0.0,0.0,-0.375,C2,,False,C2,False,False
cb7da03bf616b9607025174e,18,train,0.15,3/20,-2.0,3.4692021107762128,-3.4692021107762128,-0.625,C2,False,True,C2,False,False
3e74f1bf2a014e94f1c7702e,18,train,0.15,3/20,2.0,-3.4692021107762128,3.4692021107762128,0.375,C1,False,True,C1,False,False
9783b3bd4b79f375fbc8e4e3,18,train,0.15,3/20,0.0,-0.0,0.0,0.375,C1,,False,C1,False,False
dd88f560c03651e194a24a71,19,train,0.15,3/20,-2.0,3.4692021107762128,-3.4692021107762128,-1.0,C2,False,True,C2,False,False
27fa591e129c44f2e3f5fefa,19,train,0.15,3/20,0.0,-0.0,0.0,-0.375,C2,,False,C2,False,False
b55958cf416cbed509b015ac,19,train,0.15,3/20,-2.0,3.4692021107762128,-3.4692021107762128,-0.875,C2,False,True,C2,False,False
c36f3ff42631d93dc31997fe,19,train,0.15,3/20,0.0,-0.0,0.0,0.25,C1,,False,C1,False,False
07dd9f1e46767be108d06e15,19,train,0.15,3/20,0.0,-0.0,0.0,0.25,C1,,False,C1,False,False
8e7dc6f40ea437a8309edff9,19,train,0.15,3/20,2.0,-3.4692021107762128,3.4692021107762128,0.75,C1,False,True,C1,False,False
9a8f3fb807475fd5a2df9eca,19,train,0.15,3/20,0.0,-0.0,0.0,0.125,C1,,False,C1,False,False
043708c77e1ba93b5b9bf8bc,19,train,0.15,3/20,2.0,-3.4692021107762128,3.4692021107762128,1.625,C1,False,True,C1,False,False
1536afa53502ee44516924ec,20,train,0.15,3/20,0.0,-0.0,0.0,-1.0,C2,,False,C2,False,False
bc3021a9b3993ccaa0e28931,20,train,0.15,3/20,0.0,-0.0,0.0,-0.875,C2,,False,C2,False,False
e0cd590ad635f271df3ddf3d,20,train,0.15,3/20,0.0,-0.0,0.0,-1.0,C2,,False,C2,False,False
5c0c346ad797d834d6310e91,20,train,0.15,3/20,0.0,-0.0,0.0,-0.625,C2,,False,C2,False,False
04d75fe441f7bcba022f530e,20,train,0.15,3/20,0.0,-0.0,0.0,-0.75,C2,,False,C2,False,False
1dc6a427fc7939ee0ed53d6d,20,train,0.15,3/20,0.0,-0.0,0.0,-0.75,C2,,False,C2,False,False
ceec198b0f6fb9634db67cc2,20,train,0.15,3/20,0.0,-0.0,0.0,-0.875,C2,,False,C2,False,False
74e8df10bda09c2b7d4fc3e5,20,train,0.15,3/20,0.0,-0.0,0.0,-0.5,C2,,False,C2,False,False
ca464a724eee9879ec94b05b,21,train,0.15,3/20,0.0,-0.0,0.0,-1.0,C2,,False,C2,False,False
e190cdb7db073070453702b3,21,train,0.15,3/20,0.0,-0.0,0.0,-0.75,C2,,False,C2,False,False
252e324df72c2ba431c3c33c,21,train,0.15,3/20,0.0,-0.0,0.0,-0.75,C2,,False,C2,False,False
f370a254755e0751755d36c9,21,train,0.15,3/20,0.0,-0.0,0.0,-0.625,C2,,False,C2,False,False
de9d5190bd9a554b85b8637b,21,train,0.15,3/20,0.0,-0.0,0.0,-0.75,C2,,False,C2,False,False
a336bcd3a45743a689e117c1,21,train,0.15,3/20,0.0,-0.0,0.0,-0.625,C2,,False,C2,False,False
eba6caf5281ee97bf1f20aa2,21,train,0.15,3/20,0.0,-0.0,0.0,-0.5,C2,,False,C2,False,False
374444864da1cb1494255d86,21,train,0.15,3/20,0.0,-0.0,0.0,-0.25,C2,,False,C2,False,False
e792e63e1fde2846a5cf2309,22,train,0.15,3/20,0.0,-0.0,0.0,-0.75,C2,,False,C2,False,False
b55ba0ee8eec3c54699e3e32,22,train,0.15,3/20,0.0,-0.0,0.0,-0.625,C2,,False,C2,False,False
9f4e9d606c4a97457ddcc3cb,22,train,0.15,3/20,0.0,-0.0,0.0,-0.75,C2,,False,C2,False,False
67c38b372c1b42d896186237,22,train,0.15,3/20,0.0,-0.0,0.0,-0.5,C2,,False,C2,False,False
1ac191d0ef00d678cae84c62,22,train,0.15,3/20,0.0,-0.0,0.0,-0.625,C2,,False,C2,False,False
ed6065f55a84931c10aa678d,22,train,0.15,3/20,0.0,-0.0,0.0,-0.5,C2,,False,C2,False,False
811c9af61f275e6a4036a3c9,22,train,0.15,3/20,0.0,-0.0,0.0,-0.5,C2,,False,C2,False,False
b41a53bb36c021765a4a67e4,22,train,0.15,3/20,0.0,-0.0,0.0,0.0,C1,,False,TIE,False,True
fce0d4654ca9148bd09d6865,23,train,0.15,3/20,-2.0,3.4692021107762128,-3.4692021107762128,-1.125,C2,False,True,C2,False,False
99a0511544689dc940ac50b4,23,train,0.15,3/20,-2.0,3.4692021107762128,-3.4692021107762128,-0.5,C2,False,True,C2,False,False
c032395f62d4208c58530cb9,23,train,0.15,3/20,0.0,-0.0,0.0,-0.375,C2,,False,C2,False,False
c76c3ef38ef1b6ca6c52bdbd,23,train,0.15,3/20,0.0,-0.0,0.0,0.25,C1,,False,C1,False,False
a80db5a92b06f5af6399afb3,23,train,0.15,3/20,0.0,-0.0,0.0,0.25,C1,,False,C1,False,False
3a3977ee9268441b32de4f30,23,train,0.15,3/20,0.0,-0.0,0.0,0.75,C1,,False,C1,False,False
d55e416e30eea576da43fc1a,23,train,0.15,3/20,2.0,-3.4692021107762128,3.4692021107762128,1.125,C1,False,True,C1,False,False
0e67e264919d334d265554c6,23,train,0.15,3/20,2.0,-3.4692021107762128,3.4692021107762128,1.625,C1,False,True,C1,False,False
cf5b169c23e965c24c4c5fdf,24,train,0.15,3/20,0.0,-0.0,0.0,-0.125,C1,,False,C2,False,True
ee960a50d7d78e68e785be26,24,train,0.15,3/20,2.0,-3.4692021107762128,3.4692021107762128,-0.125,C2,True,True,C2,True,False
253cbbdaf94e1639c9ae754f,24,train,0.15,3/20,0.0,-0.0,0.0,0.0,C1,,False,TIE,False,True
3580a6c9da8c204efd3b380a,24,train,0.15,3/20,2.0,-3.4692021107762128,3.4692021107762128,0.0,C1,False,True,TIE,False,True
43fef599658a6325901df689,24,train,0.15,3/20,-2.0,3.4692021107762128,-3.4692021107762128,-0.875,C2,False,True,C2,False,False
4bbe9d5893406bc8f58f53ad,24,train,0.15,3/20,0.0,-0.0,0.0,-0.75,C2,,False,C2,False,False
158463058cf9aaa99b76ec41,24,train,0.15,3/20,-2.0,3.4692021107762128,-3.4692021107762128,-0.625,C2,False,True,C2,False,False
f1904da469b804a4eee7399d,24,train,0.15,3/20,0.0,-0.0,0.0,-0.125,C2,,False,C2,False,False
d77a116577776127e77aaa29,25,train,0.15,3/20,2.0,-3.4692021107762128,3.4692021107762128,-0.25,C2,True,True,C2,True,False
bd2f2fb391f7622eea995a6f,25,train,0.15,3/20,2.0,-3.4692021107762128,3.4692021107762128,-0.625,C2,True,True,C2,True,False
80d6cab4c7dc0e3834946baf,25,train,0.15,3/20,0.0,-0.0,0.0,-0.875,C2,,False,C2,False,False
cf0dc5831888f5d429674303,25,train,0.15,3/20,0.0,-0.0,0.0,-0.75,C2,,False,C2,False,False
80fe8f2b8c8d680297ad337e,25,train,0.15,3/20,0.0,-0.0,0.0,-1.125,C2,,False,C2,False,False
48e9567b10b0700c4ab5b8de,25,train,0.15,3/20,0.0,-0.0,0.0,-1.0,C2,,False,C2,False,False
17ceefce40c1fd056cc694b8,25,train,0.15,3/20,-2.0,3.4692021107762128,-3.4692021107762128,-1.5,C2,False,True,C2,False,False
ebc53f06ad0cf8079e6083c4,25,train,0.15,3/20,-2.0,3.4692021107762128,-3.4692021107762128,-1.375,C2,False,True,C2,False,False
7e8e1ef0db4785385d5e95c0,26,train,0.15,3/20,-1.0,1.7346010553881064,-1.7346010553881064,-1.125,C2,False,True,C2,False,False
3bc664169625ba0897d676ca,26,train,0.15,3/20,-1.0,1.7346010553881064,-1.7346010553881064,-0.625,C2,False,True,C2,False,False
d531121289e55200eb17c2b3,26,train,0.15,3/20,1.0,-1.7346010553881064,1.7346010553881064,-0.625,C2,True,True,C2,True,False
8faf7ef437f2743a6f78dc94,26,train,0.15,3/20,1.0,-1.7346010553881064,1.7346010553881064,-0.625,C2,True,True,C2,True,False
b5921dabcb0a0bf2f30a9339,26,train,0.15,3/20,-1.0,1.7346010553881064,-1.7346010553881064,-0.625,C2,False,True,C2,False,False
63684c62ef895a7ed2d6f179,26,train,0.15,3/20,-1.0,1.7346010553881064,-1.7346010553881064,-0.375,C2,False,True,C2,False,False
836dfb6c9488d2e2caef554b,26,train,0.15,3/20,1.0,-1.7346010553881064,1.7346010553881064,-0.125,C1,False,True,C2,True,True
cd55f44d654e8652399c7138,26,train,0.15,3/20,1.0,-1.7346010553881064,1.7346010553881064,0.375,C1,False,True,C1,False,False
8be45dee5cfc6547930a7551,27,train,0.15,3/20,0.0,-0.0,0.0,-0.875,C2,,False,C2,False,False
7c0ccc1d5a8927516a5b6eff,27,train,0.15,3/20,2.0,-3.4692021107762128,3.4692021107762128,-0.75,C2,True,True,C2,True,False
08a5bcea390970af935896b5,27,train,0.15,3/20,-2.0,3.4692021107762128,-3.4692021107762128,-1.0,C2,False,True,C2,False,False
c757cf54f29698d4d6518fcc,27,train,0.15,3/20,0.0,-0.0,0.0,-0.5,C2,,False,C2,False,False
79f063e05b7e39faec1686fb,27,train,0.15,3/20,0.0,-0.0,0.0,-0.625,C2,,False,C2,False,False
c7e37f01617c1ed1646bcbcc,27,train,0.15,3/20,2.0,-3.4692021107762128,3.4692021107762128,-0.25,C2,True,True,C2,True,False
161467fd1c5a5aebacacb233,27,train,0.15,3/20,-2.0,3.4692021107762128,-3.4692021107762128,-1.0,C2,False,True,C2,False,False
14e0ec87d9dc2dde0b75ba31,27,train,0.15,3/20,0.0,-0.0,0.0,-0.25,C2,,False,C2,False,False
6f1e37f9b2bba600a052efec,28,train,0.15,3/20,0.0,-0.0,0.0,-0.75,C2,,False,C2,False,False
b362f5ef968779606a4e586d,28,train,0.15,3/20,0.0,-0.0,0.0,-0.75,C2,,False,C2,False,False
d63b604b88d6f2721efbd29a,28,train,0.15,3/20,-2.0,3.4692021107762128,-3.4692021107762128,-1.0,C2,False,True,C2,False,False
8ed024af4f577faeb09227ed,28,train,0.15,3/20,-2.0,3.4692021107762128,-3.4692021107762128,-0.75,C2,False,True,C2,False,False
692bea8cb0929933bc4258b2,28,train,0.15,3/20,2.0,-3.4692021107762128,3.4692021107762128,-0.375,C2,True,True,C2,True,False
e40c0b69d1bdb08fd0518ff1,28,train,0.15,3/20,2.0,-3.4692021107762128,3.4692021107762128,-0.375,C2,True,True,C2,True,False
c9b4360fe9f5a9069196afb0,28,train,0.15,3/20,0.0,-0.0,0.0,-0.625,C2,,False,C2,False,False
4c8641dc60fea97eb98b9076,28,train,0.15,3/20,0.0,-0.0,0.0,-0.125,C2,,False,C2,False,False
70bb4bfbb47e18c8a5d1505d,29,train,0.15,3/20,-1.0,1.7346010553881064,-1.7346010553881064,-1.0,C2,False,True,C2,False,False
c8ca62b698e7528bdf667438,29,train,0.15,3/20,-1.0,1.7346010553881064,-1.7346010553881064,-1.0,C2,False,True,C2,False,False
d1c9f4c756373fc4cc899a28,29,train,0.15,3/20,-1.0,1.7346010553881064,-1.7346010553881064,-1.0,C2,False,True,C2,False,False
48f811396f9d055c75b3df31,29,train,0.15,3/20,-1.0,1.7346010553881064,-1.7346010553881064,-0.5,C2,False,True,C2,False,False
f8bd37775578bd37d29cfe64,29,train,0.15,3/20,1.0,-1.7346010553881064,1.7346010553881064,-0.25,C2,True,True,C2,True,False
6af08b9f79cf5582856552f1,29,train,0.15,3/20,1.0,-1.7346010553881064,1.7346010553881064,-0.125,C2,True,True,C2,True,False
b4f3bf7a2b3c72d0e318f99e,29,train,0.15,3/20,1.0,-1.7346010553881064,1.7346010553881064,-0.25,C2,True,True,C2,True,False
fa18d705640a74c612808236,29,train,0.15,3/20,1.0,-1.7346010553881064,1.7346010553881064,0.25,C1,False,True,C1,False,False
3f15a8bf0ebf95844d537db6,30,train,0.15,3/20,3.0,-5.203803166164319,5.203803166164319,0.0,C1,False,True,TIE,False,True
43bd9f9a66490b8e2ba137b1,30,train,0.15,3/20,1.0,-1.7346010553881064,1.7346010553881064,-0.5,C2,True,True,C2,True,False
d61339090fb2b1fae02391c1,30,train,0.15,3/20,1.0,-1.7346010553881064,1.7346010553881064,-1.0,C2,True,True,C2,True,False
44f9c83f663a258f7740656c,30,train,0.15,3/20,-1.0,1.7346010553881064,-1.7346010553881064,-1.0,C2,False,True,C2,False,False
b204f61a728a941a74eb03d9,30,train,0.15,3/20,1.0,-1.7346010553881064,1.7346010553881064,-1.0,C2,True,True,C2,True,False
7739a930aa030e3ec4616cda,30,train,0.15,3/20,-1.0,1.7346010553881064,-1.7346010553881064,-1.375,C2,False,True,C2,False,False
c7f2cc317ea2e654f2e7f4a5,30,train,0.15,3/20,-1.0,1.7346010553881064,-1.7346010553881064,-1.75,C2,False,True,C2,False,False
a27df287dc5c02e89c656434,30,train,0.15,3/20,-3.0,5.203803166164319,-5.203803166164319,-1.875,C2,False,True,C2,False,False
4f45d4a3c35c7787d956db62,31,train,0.15,3/20,-1.0,1.7346010553881064,-1.7346010553881064,-1.375,C2,False,True,C2,False,False
1e5b2891e740b0d367ea1051,31,train,0.15,3/20,1.0,-1.7346010553881064,1.7346010553881064,-0.625,C2,True,True,C2,True,False
1aac168ebb4caf4135bdffd1,31,train,0.15,3/20,-1.0,1.7346010553881064,-1.7346010553881064,-1.125,C2,False,True,C2,False,False
5169708c3331d04d06874981,31,train,0.15,3/20,1.0,-1.7346010553881064,1.7346010553881064,0.125,C1,False,True,C1,False,False
7973f6de334be693b1cc1597,31,train,0.15,3/20,-1.0,1.7346010553881064,-1.7346010553881064,0.0,C1,True,True,TIE,False,True
edc3add1ae26f9bb4a4b6bc2,31,train,0.15,3/20,1.0,-1.7346010553881064,1.7346010553881064,0.375,C1,False,True,C1,False,False
df8e708d47f61eb10752cf86,31,train,0.15,3/20,-1.0,1.7346010553881064,-1.7346010553881064,-0.25,C2,False,True,C2,False,False
7ab11053ffac6e7cb30c4376,31,train,0.15,3/20,1.0,-1.7346010553881064,1.7346010553881064,1.25,C1,False,True,C1,False,False
b189461f42567aa4ddcb1892,32,train,0.15,3/20,-1.0,1.7346010553881064,-1.7346010553881064,-1.0,C2,False,True,C2,False,False
fdf51dbe161dd5c3726417af,32,train,0.15,3/20,1.0,-1.7346010553881064,1.7346010553881064,-0.5,C2,True,True,C2,True,False
cd4776d8cc73cf1e1f9a8cec,32,train,0.15,3/20,-1.0,1.7346010553881064,-1.7346010553881064,-1.0,C2,False,True,C2,False,False
ebbea65854cd5a8b76e4bc35,32,train,0.15,3/20,1.0,-1.7346010553881064,1.7346010553881064,-0.375,C2,True,True,C2,True,False
db1e6fda4592d777f257d8cd,32,train,0.15,3/20,-1.0,1.7346010553881064,-1.7346010553881064,-0.625,C2,False,True,C2,False,False
c1a17d89242667539bfa2f55,32,train,0.15,3/20,1.0,-1.7346010553881064,1.7346010553881064,-0.25,C2,True,True,C2,True,False
6aec71578b0421b9f5be0186,32,train,0.15,3/20,-1.0,1.7346010553881064,-1.7346010553881064,-0.5,C2,False,True,C2,False,False
12871edcd32061965802f3c8,32,train,0.15,3/20,1.0,-1.7346010553881064,1.7346010553881064,0.375,C1,False,True,C1,False,False
c984927f55139a5c44414279,33,train,0.15,3/20,-3.0,5.203803166164319,-5.203803166164319,-0.875,C2,False,True,C2,False,False
54b045b79cb821a003e3e947,33,train,0.15,3/20,-1.0,1.7346010553881064,-1.7346010553881064,-0.375,C2,False,True,C2,False,False
a1a8948add6ce71562df97d6,33,train,0.15,3/20,-1.0,1.7346010553881064,-1.7346010553881064,-0.25,C2,False,True,C2,False,False
458c3eec125defe7d4de6a48,33,train,0.15,3/20,1.0,-1.7346010553881064,1.7346010553881064,0.375,C1,False,True,C1,False,False
2680cccebd7c52147ae46b3f,33,train,0.15,3/20,-1.0,1.7346010553881064,-1.7346010553881064,0.5,C1,True,True,C1,True,False
afbd82fc674e3803a851fa3a,33,train,0.15,3/20,1.0,-1.7346010553881064,1.7346010553881064,0.75,C1,False,True,C1,False,False
f3e87c063cdbecec6fd31d49,33,train,0.15,3/20,1.0,-1.7346010553881064,1.7346010553881064,0.875,C1,False,True,C1,False,False
761eaa8ad49169c41a52b892,33,train,0.15,3/20,3.0,-5.203803166164319,5.203803166164319,1.5,C1,False,True,C1,False,False
c363b14ca9dfad6663667ee2,34,train,0.15,3/20,1.0,-1.7346010553881064,1.7346010553881064,0.0,C1,False,True,TIE,False,True
c3333c53a7749f4c90883e9f,34,train,0.15,3/20,1.0,-1.7346010553881064,1.7346010553881064,-0.125,C2,True,True,C2,True,False
a7f251bacffd124c03c01ede,34,train,0.15,3/20,1.0,-1.7346010553881064,1.7346010553881064,0.125,C1,False,True,C1,False,False
8bcce917e29d4fb6cb5f8666,34,train,0.15,3/20,1.0,-1.7346010553881064,1.7346010553881064,0.125,C1,False,True,C1,False,False
8a2aa9c6082edb287c54dbda,34,train,0.15,3/20,-1.0,1.7346010553881064,-1.7346010553881064,-0.75,C2,False,True,C2,False,False
57ddecd662124d90df3ab4eb,34,train,0.15,3/20,-1.0,1.7346010553881064,-1.7346010553881064,-0.625,C2,False,True,C2,False,False
62b3391385909b7b4707dad6,34,train,0.15,3/20,-1.0,1.7346010553881064,-1.7346010553881064,-0.625,C2,False,True,C2,False,False
83ea19a0e6e3b24649f4852a,34,train,0.15,3/20,-1.0,1.7346010553881064,-1.7346010553881064,-0.125,C2,False,True,C2,False,False
643068ce06baf2458f56217c,35,train,0.15,3/20,0.0,-0.0,0.0,-0.875,C2,,False,C2,False,False
ca944fe761f6ef6166cf2789,35,train,0.15,3/20,0.0,-0.0,0.0,-0.875,C2,,False,C2,False,False
178635194faec8af5cfdf797,35,train,0.15,3/20,0.0,-0.0,0.0,-0.875,C2,,False,C2,False,False
7f28f1ac481160cddc09ed9f,35,train,0.15,3/20,0.0,-0.0,0.0,-0.625,C2,,False,C2,False,False
77ebcc9910de0385751e1afd,35,train,0.15,3/20,0.0,-0.0,0.0,-0.625,C2,,False,C2,False,False
3e9f47e0471c9677134d5377,35,train,0.15,3/20,0.0,-0.0,0.0,-0.5,C2,,False,C2,False,False
b3d1e05eb325b173b1b1288d,35,train,0.15,3/20,0.0,-0.0,0.0,-0.5,C2,,False,C2,False,False
2783cf14ccb24a85d12a30ef,35,train,0.15,3/20,0.0,-0.0,0.0,-0.125,C2,,False,C2,False,False
ba16b2264df9447c2db63370,36,train,0.15,3/20,-1.0,1.7346010553881064,-1.7346010553881064,-1.375,C2,False,True,C2,False,False
2ddea5ee281f674332330b60,36,train,0.15,3/20,-1.0,1.7346010553881064,-1.7346010553881064,-1.125,C2,False,True,C2,False,False
f4a7da38be9baed9da93229a,36,train,0.15,3/20,1.0,-1.7346010553881064,1.7346010553881064,-0.875,C2,True,True,C2,True,False
4b596f897d0d46403f39ac54,36,train,0.15,3/20,1.0,-1.7346010553881064,1.7346010553881064,-0.75,C2,True,True,C2,True,False
a9b32f3b7bf34cdb5a3bdf6a,36,train,0.15,3/20,-1.0,1.7346010553881064,-1.7346010553881064,-1.0,C2,False,True,C2,False,False
00b19aae442c801d663fb592,36,train,0.15,3/20,-1.0,1.7346010553881064,-1.7346010553881064,-0.75,C2,False,True,C2,False,False
78b8b00258dda7f5b3d8d1d6,36,train,0.15,3/20,1.0,-1.7346010553881064,1.7346010553881064,-0.5,C2,True,True,C2,True,False
43317b5afcbe75644cd2892a,36,train,0.15,3/20,1.0,-1.7346010553881064,1.7346010553881064,-0.125,C1,False,True,C2,True,True
5387018a99a6612c1b724e5c,37,train,0.15,3/20,0.0,-0.0,0.0,-0.625,C2,,False,C2,False,False
03dd850ce9e8fb79ea64d9c7,37,train,0.15,3/20,0.0,-0.0,0.0,-0.5,C2,,False,C2,False,False
10dc54a7429a1d10b290b95b,37,train,0.15,3/20,0.0,-0.0,0.0,-0.625,C2,,False,C2,False,False
8b58e3c9335cdbc62a3a71b3,37,train,0.15,3/20,0.0,-0.0,0.0,-0.5,C2,,False,C2,False,False
b379fe0a8399ff53f8bd0e71,37,train,0.15,3/20,0.0,-0.0,0.0,-0.625,C2,,False,C2,False,False
1f4f6965ac7caa2969804ead,37,train,0.15,3/20,0.0,-0.0,0.0,-0.5,C2,,False,C2,False,False
a9e03ca814583c8ffd029872,37,train,0.15,3/20,0.0,-0.0,0.0,-0.75,C2,,False,C2,False,False
3833cfeea08fda357180a2e3,37,train,0.15,3/20,0.0,-0.0,0.0,-0.25,C2,,False,C2,False,False
c289b2afbfca92f63e86befa,38,train,0.15,3/20,1.0,-1.7346010553881064,1.7346010553881064,-0.625,C2,True,True,C2,True,False
717018370cb6520f1f428ca0,38,train,0.15,3/20,-1.0,1.7346010553881064,-1.7346010553881064,-0.75,C2,False,True,C2,False,False
d84d41efad7663191aec564f,38,train,0.15,3/20,-1.0,1.7346010553881064,-1.7346010553881064,-1.25,C2,False,True,C2,False,False
d88ffcecb99aa18c98e1d60f,38,train,0.15,3/20,-3.0,5.203803166164319,-5.203803166164319,-0.875,C2,False,True,C2,False,False
8c71f6b737045de38083baec,38,train,0.15,3/20,3.0,-5.203803166164319,5.203803166164319,0.0,C1,False,True,TIE,False,True
3023609fada781741f487750,38,train,0.15,3/20,1.0,-1.7346010553881064,1.7346010553881064,-0.25,C2,True,True,C2,True,False
d7de50d9f3ac71f4ca268ba0,38,train,0.15,3/20,1.0,-1.7346010553881064,1.7346010553881064,-0.875,C2,True,True,C2,True,False
b3f5068ef9a463b8fb9671a4,38,train,0.15,3/20,-1.0,1.7346010553881064,-1.7346010553881064,-0.5,C2,False,True,C2,False,False
718b0c6f7f36742e187b57af,39,train,0.15,3/20,0.0,-0.0,0.0,-0.75,C2,,False,C2,False,False
7e5a978596239112a0428b3a,39,train,0.15,3/20,0.0,-0.0,0.0,-0.5,C2,,False,C2,False,False
6f71a7fe1444620ba7b1590d,39,train,0.15,3/20,0.0,-0.0,0.0,-0.75,C2,,False,C2,False,False
ccfc0d3596ffda4722a681ea,39,train,0.15,3/20,0.0,-0.0,0.0,-0.375,C2,,False,C2,False,False
542d64323ba2d6fd968c8e82,39,train,0.15,3/20,0.0,-0.0,0.0,-0.625,C2,,False,C2,False,False
224e52d875a6d062ba64b8e5,39,train,0.15,3/20,0.0,-0.0,0.0,-0.375,C2,,False,C2,False,False
1ac053095be145f36925fe32,39,train,0.15,3/20,0.0,-0.0,0.0,-0.5,C2,,False,C2,False,False
b8dcb2adcee9f5832dd8c784,39,train,0.15,3/20,0.0,-0.0,0.0,0.0,C1,,False,TIE,False,True
da816dc8f895a9eecb4e0c40,40,train,0.15,3/20,2.0,-3.4692021107762128,3.4692021107762128,0.25,C1,False,True,C1,False,False
e7fc289c0a8a5864a5046fcc,40,train,0.15,3/20,0.0,-0.0,0.0,-0.125,C2,,False,C2,False,False
1e2e4537e9f912221f1bff6e,40,train,0.15,3/20,2.0,-3.4692021107762128,3.4692021107762128,0.0,C1,False,True,TIE,False,True
9b13b5a4429f885f52dd33ac,40,train,0.15,3/20,0.0,-0.0,0.0,-0.375,C2,,False,C2,False,False
233cef1d00d3c300e85a73a4,40,train,0.15,3/20,0.0,-0.0,0.0,-0.875,C2,,False,C2,False,False
9a0f383a2b6c2cd306496e86,40,train,0.15,3/20,-2.0,3.4692021107762128,-3.4692021107762128,-1.0,C2,False,True,C2,False,False
fdefdee32a8923a9ec193c4f,40,train,0.15,3/20,0.0,-0.0,0.0,-1.0,C2,,False,C2,False,False
695c9de3ee1e96165f9b3bf3,40,train,0.15,3/20,-2.0,3.4692021107762128,-3.4692021107762128,-0.875,C2,False,True,C2,False,False
5261c28ef765772cb84c77fd,41,train,0.15,3/20,0.0,-0.0,0.0,-1.25,C2,,False,C2,False,False
63ab36291e7d4feaaa444c34,41,train,0.15,3/20,-2.0,3.4692021107762128,-3.4692021107762128,-1.25,C2,False,True,C2,False,False
265c4a447df4522ffe4709f7,41,train,0.15,3/20,0.0,-0.0,0.0,-1.125,C2,,False,C2,False,False
aa09d9bf69f2fa9f389617ec,41,train,0.15,3/20,-2.0,3.4692021107762128,-3.4692021107762128,-1.0,C2,False,True,C2,False,False
6f5ae6a7d6a9c6ec967ee81d,41,train,0.15,3/20,2.0,-3.4692021107762128,3.4692021107762128,-0.5,C2,True,True,C2,True,False
4e723079afa168d7122f48b7,41,train,0.15,3/20,0.0,-0.0,0.0,-0.625,C2,,False,C2,False,False
161c1d323a785867da87bd38,41,train,0.15,3/20,2.0,-3.4692021107762128,3.4692021107762128,-0.5,C2,True,True,C2,True,False
12c70517dd5894e00fbe260a,41,train,0.15,3/20,0.0,-0.0,0.0,-0.375,C2,,False,C2,False,False
c71962c0ccf8a849e4ebeec8,42,train,0.15,3/20,-1.0,1.7346010553881064,-1.7346010553881064,-1.0,C2,False,True,C2,False,False
64f703ca13f5858ade1d4dbb,42,train,0.15,3/20,-1.0,1.7346010553881064,-1.7346010553881064,-0.75,C2,False,True,C2,False,False
e5272492edef4dd3570dae5b,42,train,0.15,3/20,1.0,-1.7346010553881064,1.7346010553881064,-0.5,C2,True,True,C2,True,False
f089dc00d34df82c0f5779d2,42,train,0.15,3/20,1.0,-1.7346010553881064,1.7346010553881064,-0.25,C2,True,True,C2,True,False
fb8d17450602c03cb1872b89,42,train,0.15,3/20,-1.0,1.7346010553881064,-1.7346010553881064,-0.625,C2,False,True,C2,False,False
91de8e34c1eb0216b0204046,42,train,0.15,3/20,-1.0,1.7346010553881064,-1.7346010553881064,-0.5,C2,False,True,C2,False,False
6976e22a9bd87a5744d0fab3,42,train,0.15,3/20,1.0,-1.7346010553881064,1.7346010553881064,-0.25,C2,True,True,C2,True,False
bc45e52755e6e2f566ec0bf6,42,train,0.15,3/20,1.0,-1.7346010553881064,1.7346010553881064,0.25,C1,False,True,C1,False,False
8c70ce51ce02f42682f2de30,43,train,0.15,3/20,0.0,-0.0,0.0,-1.125,C2,,False,C2,False,False
982ecb97092c43d908bc4acf,43,train,0.15,3/20,-2.0,3.4692021107762128,-3.4692021107762128,-0.75,C2,False,True,C2,False,False
566efd067cec2ec122b1312e,43,train,0.15,3/20,0.0,-0.0,0.0,-0.5,C2,,False,C2,False,False
fff61f18af016c15d191979f,43,train,0.15,3/20,-2.0,3.4692021107762128,-3.4692021107762128,-0.5,C2,False,True,C2,False,False
2420621b658e54cab75e2a45,43,train,0.15,3/20,2.0,-3.4692021107762128,3.4692021107762128,0.0,C1,False,True,TIE,False,True
2baad1fca1ff5dcb9d659f63,43,train,0.15,3/20,0.0,-0.0,0.0,0.125,C1,,False,C1,False,False
267e5b29ca7355b38f5f825f,43,train,0.15,3/20,2.0,-3.4692021107762128,3.4692021107762128,0.25,C1,False,True,C1,False,False
cb8ca64a9d59050c2ff2f675,43,train,0.15,3/20,0.0,-0.0,0.0,0.625,C1,,False,C1,False,False
8eacfc377a1d4a98d678c8b2,44,train,0.15,3/20,-1.0,1.7346010553881064,-1.7346010553881064,-1.25,C2,False,True,C2,False,False
afcb5ce77d4c81d4d0bad8fb,44,train,0.15,3/20,-1.0,1.7346010553881064,-1.7346010553881064,-0.875,C2,False,True,C2,False,False
4b546ca9a05ba6bf8ecfedea,44,train,0.15,3/20,-1.0,1.7346010553881064,-1.7346010553881064,-0.875,C2,False,True,C2,False,False
d6fac11d8160792d64fb3eaa,44,train,0.15,3/20,-1.0,1.7346010553881064,-1.7346010553881064,-0.25,C2,False,True,C2,False,False
60c4391466e53da2b35a4861,44,train,0.15,3/20,1.0,-1.7346010553881064,1.7346010553881064,0.0,C1,False,True,TIE,False,True
e8994df43096ce1b0f6f4242,44,train,0.15,3/20,1.0,-1.7346010553881064,1.7346010553881064,0.125,C1,False,True,C1,False,False
6d61df952a8c3c3b22f9bb33,44,train,0.15,3/20,1.0,-1.7346010553881064,1.7346010553881064,0.125,C1,False,True,C1,False,False
b79f2c612060773284463d32,44,train,0.15,3/20,1.0,-1.7346010553881064,1.7346010553881064,0.875,C1,False,True,C1,False,False
24c6a9931dc359014d1ff1bf,45,train,0.15,3/20,0.0,-0.0,0.0,-1.0,C2,,False,C2,False,False
9781f8ac1ce050ff41d0e3f5,45,train,0.15,3/20,0.0,-0.0,0.0,-0.75,C2,,False,C2,False,False
a76d50c0fafc7595f06858b0,45,train,0.15,3/20,0.0,-0.0,0.0,-0.75,C2,,False,C2,False,False
4191dd5d37e7c754a99b7299,45,train,0.15,3/20,0.0,-0.0,0.0,-0.5,C2,,False,C2,False,False
11aa3ad82707cfd2b5068386,45,train,0.15,3/20,0.0,-0.0,0.0,-0.5,C2,,False,C2,False,False
62d2806890f6972dcfd3a145,45,train,0.15,3/20,0.0,-0.0,0.0,-0.375,C2,,False,C2,False,False
77bdce68bff08207bda72dfb,45,train,0.15,3/20,0.0,-0.0,0.0,-0.5,C2,,False,C2,False,False
84861ae9d12f9cbc4d0e607c,45,train,0.15,3/20,0.0,-0.0,0.0,0.125,C1,,False,C1,False,False
dbea4698041028e807391913,46,train,0.15,3/20,-2.0,3.4692021107762128,-3.4692021107762128,-1.5,C2,False,True,C2,False,False
8158dbd7860ec1adc4406458,46,train,0.15,3/20,-2.0,3.4692021107762128,-3.4692021107762128,-1.125,C2,False,True,C2,False,False
59b64c301b2ab20c5f07cb2b,46,train,0.15,3/20,0.0,-0.0,0.0,-0.75,C2,,False,C2,False,False
baeca56e483e57ba9ac1c065,46,train,0.15,3/20,0.0,-0.0,0.0,-0.375,C2,,False,C2,False,False
1242b560a4f029132c43ed87,46,train,0.15,3/20,0.0,-0.0,0.0,-0.125,C2,,False,C2,False,False
18f19e395bf389d127bbff43,46,train,0.15,3/20,0.0,-0.0,0.0,0.0,C1,,False,TIE,False,True
f2d84016ba3ebf038c2c6b7a,46,train,0.15,3/20,2.0,-3.4692021107762128,3.4692021107762128,0.375,C1,False,True,C1,False,False
c08a8a0462418587074cb511,46,train,0.15,3/20,2.0,-3.4692021107762128,3.4692021107762128,1.125,C1,False,True,C1,False,False
8368a4b6acf129c5bdf7241e,47,train,0.15,3/20,1.0,-1.7346010553881064,1.7346010553881064,-0.5,C2,True,True,C2,True,False
c117a1ec7b3c3d1836664fac,47,train,0.15,3/20,1.0,-1.7346010553881064,1.7346010553881064,-0.5,C2,True,True,C2,True,False
1d723feabfd67c53b10fd8f9,47,train,0.15,3/20,-1.0,1.7346010553881064,-1.7346010553881064,-0.875,C2,False,True,C2,False,False
55824cf2c659588fb429d3a0,47,train,0.15,3/20,-1.0,1.7346010553881064,-1.7346010553881064,-0.625,C2,False,True,C2,False,False
06efe0ead8ac76bdd84191fc,47,train,0.15,3/20,1.0,-1.7346010553881064,1.7346010553881064,-0.25,C2,True,True,C2,True,False
15a4636273c780d172d555ce,47,train,0.15,3/20,1.0,-1.7346010553881064,1.7346010553881064,-0.5,C2,True,True,C2,True,False
c943bd9490446b7fc0b6c7a2,47,train,0.15,3/20,-1.0,1.7346010553881064,-1.7346010553881064,-0.875,C2,False,True,C2,False,False
0d0f36db9b59a1ce0798af79,47,train,0.15,3/20,-1.0,1.7346010553881064,-1.7346010553881064,-0.375,C2,False,True,C2,False,False
9ca2dc2896bf57e3ce3645b0,48,train,0.15,3/20,0.0,-0.0,0.0,-0.5,C2,,False,C2,False,False
8f8c2a88148a527f8adc2ada,48,train,0.15,3/20,0.0,-0.0,0.0,-0.375,C2,,False,C2,False,False
dd057ec16fb9511eafaf9b54,48,train,0.15,3/20,-2.0,3.4692021107762128,-3.4692021107762128,-1.125,C2,False,True,C2,False,False
bb237a0896eb3af3757433ec,48,train,0.15,3/20,-2.0,3.4692021107762128,-3.4692021107762128,-0.125,C2,False,True,C2,False,False
6a88f391658c8c30176f6258,48,train,0.15,3/20,2.0,-3.4692021107762128,3.4692021107762128,0.0,C1,False,True,TIE,False,True
01a328a103146c78c944771e,48,train,0.15,3/20,2.0,-3.4692021107762128,3.4692021107762128,0.125,C1,False,True,C1,False,False
43f8ba44cb8a77cfae7e1696,48,train,0.15,3/20,0.0,-0.0,0.0,-0.625,C2,,False,C2,False,False
d0f1aca8c4284a74ee415762,48,train,0.15,3/20,0.0,-0.0,0.0,0.5,C1,,False,C1,False,False
03011609c0be5b015547cfab,49,train,0.15,3/20,0.0,-0.0,0.0,-1.25,C2,,False,C2,False,False
bb7469c3bd315d1af7b59cdb,49,train,0.15,3/20,0.0,-0.0,0.0,-1.0,C2,,False,C2,False,False
742975efc3d451076184f640,49,train,0.15,3/20,-2.0,3.4692021107762128,-3.4692021107762128,-1.125,C2,False,True,C2,False,False
2a2fac087838d987895728b7,49,train,0.15,3/20,-2.0,3.4692021107762128,-3.4692021107762128,-0.75,C2,False,True,C2,False,False
2ffd12b7f04ae4117ad96e30,49,train,0.15,3/20,2.0,-3.4692021107762128,3.4692021107762128,-0.125,C2,True,True,C2,True,False
8ba64566eabdb7d8163a51f1,49,train,0.15,3/20,2.0,-3.4692021107762128,3.4692021107762128,-0.25,C2,True,True,C2,True,False
a3be05f23f5f906ff2312b0a,49,train,0.15,3/20,0.0,-0.0,0.0,-0.25,C2,,False,C2,False,False
aeb7884dd1dc67a74d57a741,49,train,0.15,3/20,0.0,-0.0,0.0,0.25,C1,,False,C1,False,False
efb82a04102f39208aab91dc,50,train,0.15,3/20,1.0,-1.7346010553881064,1.7346010553881064,0.25,C1,False,True,C1,False,False
7b37349990d26429ae934b33,50,train,0.15,3/20,-1.0,1.7346010553881064,-1.7346010553881064,0.125,C1,True,True,C1,True,False
766678c5c353e1be446201bf,50,train,0.15,3/20,3.0,-5.203803166164319,5.203803166164319,1.0,C1,False,True,C1,False,False
4027cc71dd99ebedee682d89,50,train,0.15,3/20,1.0,-1.7346010553881064,1.7346010553881064,0.125,C1,False,True,C1,False,False
74fa37d4b9864bc161629a4b,50,train,0.15,3/20,-1.0,1.7346010553881064,-1.7346010553881064,-1.125,C2,False,True,C2,False,False
e8dc566b28c158735dff3543,50,train,0.15,3/20,-3.0,5.203803166164319,-5.203803166164319,-0.875,C2,False,True,C2,False,False
d9a1d2df1bb46d86adf672b2,50,train,0.15,3/20,1.0,-1.7346010553881064,1.7346010553881064,0.625,C1,False,True,C1,False,False
8a908a6cfcfd11cc161b9a53,50,train,0.15,3/20,-1.0,1.7346010553881064,-1.7346010553881064,0.625,C1,True,True,C1,True,False
92885750ec77c9b257f24e82,51,train,0.15,3/20,-1.0,1.7346010553881064,-1.7346010553881064,-0.5,C2,False,True,C2,False,False
034e40fc74ec053f00aa0503,51,train,0.15,3/20,1.0,-1.7346010553881064,1.7346010553881064,-0.375,C2,True,True,C2,True,False
aa44acd5b1103ce7325f8fff,51,train,0.15,3/20,1.0,-1.7346010553881064,1.7346010553881064,-0.375,C2,True,True,C2,True,False
c269d4d10d16f06f9b5b64f7,51,train,0.15,3/20,3.0,-5.203803166164319,5.203803166164319,-0.125,C2,True,True,C2,True,False
49b9247de82133412a1b12ea,51,train,0.15,3/20,-3.0,5.203803166164319,-5.203803166164319,-1.25,C2,False,True,C2,False,False
3a304f96f82a31ca26b00a98,51,train,0.15,3/20,-1.0,1.7346010553881064,-1.7346010553881064,-0.625,C2,False,True,C2,False,False
82b1e24c4813ec4ce8a0b418,51,train,0.15,3/20,-1.0,1.7346010553881064,-1.7346010553881064,-0.75,C2,False,True,C2,False,False
e6e1119dbf0f5ef3e78a2128,51,train,0.15,3/20,1.0,-1.7346010553881064,1.7346010553881064,0.0,C1,False,True,TIE,False,True
ae0d291f8977349d61649cde,52,train,0.15,3/20,-1.0,1.7346010553881064,-1.7346010553881064,-1.0,C2,False,True,C2,False,False
ef295fb669b1ae5a62572fce,52,train,0.15,3/20,1.0,-1.7346010553881064,1.7346010553881064,-0.875,C2,True,True,C2,True,False
37741ed7b07b2f3f34bdcf28,52,train,0.15,3/20,-1.0,1.7346010553881064,-1.7346010553881064,-1.0,C2,False,True,C2,False,False
94506f543d408b9d1f59c3a4,52,train,0.15,3/20,1.0,-1.7346010553881064,1.7346010553881064,-0.5,C2,True,True,C2,True,False
ef960932e85ced77432f27ab,52,train,0.15,3/20,-1.0,1.7346010553881064,-1.7346010553881064,-0.75,C2,False,True,C2,False,False
8757c1fc9f6a68d4994a0e7d,52,train,0.15,3/20,1.0,-1.7346010553881064,1.7346010553881064,-0.375,C2,True,True,C2,True,False
7dd688fedae5dae868ee2dbe,52,train,0.15,3/20,-1.0,1.7346010553881064,-1.7346010553881064,-0.75,C2,False,True,C2,False,False
e9477067acd3f25ba13b7538,52,train,0.15,3/20,1.0,-1.7346010553881064,1.7346010553881064,0.0,C1,False,True,TIE,False,True
caa60c63df3fa0339ee2445a,53,train,0.15,3/20,1.0,-1.7346010553881064,1.7346010553881064,-0.875,C2,True,True,C2,True,False
275e1b2994fb9f3586fd4b07,53,train,0.15,3/20,-1.0,1.7346010553881064,-1.7346010553881064,-0.75,C2,False,True,C2,False,False
f62087ea229845041e68d47b,53,train,0.15,3/20,1.0,-1.7346010553881064,1.7346010553881064,-0.625,C2,True,True,C2,True,False
16c6c3e5c3bf5f3d941ca051,53,train,0.15,3/20,-1.0,1.7346010553881064,-1.7346010553881064,-0.75,C2,False,True,C2,False,False
1615706d68b8aad1e4561be2,53,train,0.15,3/20,1.0,-1.7346010553881064,1.7346010553881064,-0.625,C2,True,True,C2,True,False
f2a6ac96ed77879f5bcdc4cc,53,train,0.15,3/20,-1.0,1.7346010553881064,-1.7346010553881064,-0.625,C2,False,True,C2,False,False
76f188334ea0e57d424f6e0b,53,train,0.15,3/20,1.0,-1.7346010553881064,1.7346010553881064,-0.5,C2,True,True,C2,True,False
56958c863fc0f8817946ff02,53,train,0.15,3/20,-1.0,1.7346010553881064,-1.7346010553881064,-0.75,C2,False,True,C2,False,False
84e9d5eea4dd97c7d22f21c5,54,train,0.15,3/20,2.0,-3.4692021107762128,3.4692021107762128,-0.25,C2,True,True,C2,True,False
c55e66a0e08949e6dfb65d35,54,train,0.15,3/20,2.0,-3.4692021107762128,3.4692021107762128,-0.5,C2,True,True,C2,True,False
49ae7541e9ad77cb9ec51a48,54,train,0.15,3/20,0.0,-0.0,0.0,-1.0,C2,,False,C2,False,False
19314249c9a31d0250d45052,54,train,0.15,3/20,0.0,-0.0,0.0,-0.875,C2,,False,C2,False,False
28e6272ac032864835f46398,54,train,0.15,3/20,0.0,-0.0,0.0,-1.0,C2,,False,C2,False,False
d289accce9661ad8eb9313c9,54,train,0.15,3/20,0.0,-0.0,0.0,-1.125,C2,,False,C2,False,False
39ea14585be7f283b59e1afc,54,train,0.15,3/20,-2.0,3.4692021107762128,-3.4692021107762128,-1.5,C2,False,True,C2,False,False
11c5568ec8dfa271a856d932,54,train,0.15,3/20,-2.0,3.4692021107762128,-3.4692021107762128,-1.375,C2,False,True,C2,False,False
b575ef6e9c8d1f1b0bbc110c,55,train,0.15,3/20,2.0,-3.4692021107762128,3.4692021107762128,0.125,C1,False,True,C1,False,False
9e63175412cfc92583b2ba1e,55,train,0.15,3/20,0.0,-0.0,0.0,0.0,C1,,False,TIE,False,True
eed540172e6654db33be396b,55,train,0.15,3/20,2.0,-3.4692021107762128,3.4692021107762128,0.125,C1,False,True,C1,False,False
4f1a153c487edea8392c1ebf,55,train,0.15,3/20,0.0,-0.0,0.0,-0.25,C2,,False,C2,False,False
3fc2f3e1ab23ae4fb2fcdb16,55,train,0.15,3/20,0.0,-0.0,0.0,-0.5,C2,,False,C2,False,False
eb89d286a9bdcbd47fb963f3,55,train,0.15,3/20,-2.0,3.4692021107762128,-3.4692021107762128,-0.5,C2,False,True,C2,False,False
c11de24d1ed9203387d06049,55,train,0.15,3/20,0.0,-0.0,0.0,-0.5,C2,,False,C2,False,False
e8c7fd88f6b4132514451ba1,55,train,0.15,3/20,-2.0,3.4692021107762128,-3.4692021107762128,-0.5,C2,False,True,C2,False,False
cf6ab653266832641d1d1c71,56,train,0.15,3/20,2.0,-3.4692021107762128,3.4692021107762128,-0.375,C2,True,True,C2,True,False
9ab5d91fff9a7953b84c2623,56,train,0.15,3/20,0.0,-0.0,0.0,-0.625,C2,,False,C2,False,False
af2d899ab47eb1f45fa579e6,56,train,0.15,3/20,0.0,-0.0,0.0,-1.0,C2,,False,C2,False,False
4b870f4c287b81e0a2e1f939,56,train,0.15,3/20,-2.0,3.4692021107762128,-3.4692021107762128,-0.875,C2,False,True,C2,False,False
002a4a8f5a3bf4660fec5791,56,train,0.15,3/20,2.0,-3.4692021107762128,3.4692021107762128,-0.5,C2,True,True,C2,True,False
09098c6f217a31e7929af6ab,56,train,0.15,3/20,0.0,-0.0,0.0,-0.75,C2,,False,C2,False,False
28aa7ef572c843067907e087,56,train,0.15,3/20,0.0,-0.0,0.0,-1.125,C2,,False,C2,False,False
13ef5f8b572afdbc1424ed3c,56,train,0.15,3/20,-2.0,3.4692021107762128,-3.4692021107762128,-1.125,C2,False,True,C2,False,False
9f81ec585b460517da834830,57,train,0.15,3/20,-1.0,1.7346010553881064,-1.7346010553881064,-1.375,C2,False,True,C2,False,False
a2f5b813b438fe7b2e3ca91b,57,train,0.15,3/20,-1.0,1.7346010553881064,-1.7346010553881064,-1.125,C2,False,True,C2,False,False
4dc25a115ff8ee3ff73291fb,57,train,0.15,3/20,-1.0,1.7346010553881064,-1.7346010553881064,-1.125,C2,False,True,C2,False,False
206189627ac31b56666de9af,57,train,0.15,3/20,-1.0,1.7346010553881064,-1.7346010553881064,-0.625,C2,False,True,C2,False,False
cf02a639ff519b8fff009f4f,57,train,0.15,3/20,1.0,-1.7346010553881064,1.7346010553881064,-0.25,C2,True,True,C2,True,False
5730c648197c50a5fcbda3c4,57,train,0.15,3/20,1.0,-1.7346010553881064,1.7346010553881064,-0.375,C2,True,True,C2,True,False
15a944e8cd483dbbfee99ee6,57,train,0.15,3/20,1.0,-1.7346010553881064,1.7346010553881064,-0.25,C2,True,True,C2,True,False
a924480f9033d46b8d6fa25b,57,train,0.15,3/20,1.0,-1.7346010553881064,1.7346010553881064,0.25,C1,False,True,C1,False,False
f4ba1598dc0e41e81767ef0a,58,train,0.15,3/20,-2.0,3.4692021107762128,-3.4692021107762128,-1.5,C2,False,True,C2,False,False
9c9aacd642bdb211297e37f6,58,train,0.15,3/20,-2.0,3.4692021107762128,-3.4692021107762128,-1.25,C2,False,True,C2,False,False
56d3fb433973642154214e1e,58,train,0.15,3/20,0.0,-0.0,0.0,-0.875,C2,,False,C2,False,False
f204b1bcd4d1e7a8efee3251,58,train,0.15,3/20,0.0,-0.0,0.0,-0.5,C2,,False,C2,False,False
bc5aaf7f5438cc8f1edc053a,58,train,0.15,3/20,0.0,-0.0,0.0,-0.625,C2,,False,C2,False,False
8e66864b22f6b6520539b552,58,train,0.15,3/20,0.0,-0.0,0.0,-0.375,C2,,False,C2,False,False
3dbc91f841920e99dc51c64d,58,train,0.15,3/20,2.0,-3.4692021107762128,3.4692021107762128,-0.125,C1,False,True,C2,True,True
764f011fbdf599a27a8f63bc,58,train,0.15,3/20,2.0,-3.4692021107762128,3.4692021107762128,0.625,C1,False,True,C1,False,False
f17dfed09bd0e70744c01416,59,train,0.15,3/20,0.0,-0.0,0.0,-1.25,C2,,False,C2,False,False
5eb55c8754f9e8db9783ac2e,59,train,0.15,3/20,-2.0,3.4692021107762128,-3.4692021107762128,-1.125,C2,False,True,C2,False,False
073477adb99f3ee7ebf7d952,59,train,0.15,3/20,0.0,-0.0,0.0,-0.875,C2,,False,C2,False,False
1fc1fcbec8402b5dc98cb205,59,train,0.15,3/20,-2.0,3.4692021107762128,-3.4692021107762128,-0.875,C2,False,True,C2,False,False
f28b7c4405599d9e5ad6075d,59,train,0.15,3/20,2.0,-3.4692021107762128,3.4692021107762128,-0.25,C2,True,True,C2,True,False
5921e7b6d882ffbd8dba87cb,59,train,0.15,3/20,0.0,-0.0,0.0,-0.375,C2,,False,C2,False,False
fb505e086f77c6b7674eb7d6,59,train,0.15,3/20,2.0,-3.4692021107762128,3.4692021107762128,0.125,C1,False,True,C1,False,False
1a229ad8c37fbeeb0c2b43a4,59,train,0.15,3/20,0.0,-0.0,0.0,0.375,C1,,False,C1,False,False
45645d1b490824ea4d4f0a40,60,train,0.15,3/20,-1.0,1.7346010553881064,-1.7346010553881064,-0.75,C2,False,True,C2,False,False
c3c5ba295da827a8dba6dee2,60,train,0.15,3/20,-1.0,1.7346010553881064,-1.7346010553881064,-0.375,C2,False,True,C2,False,False
3088073ff3f33c5e034a8247,60,train,0.15,3/20,1.0,-1.7346010553881064,1.7346010553881064,-0.25,C2,True,True,C2,True,False
c2ec16b0880efd5c1bc48ada,60,train,0.15,3/20,1.0,-1.7346010553881064,1.7346010553881064,0.125,C1,False,True,C1,False,False
7a8314b111c3418e2859fee6,60,train,0.15,3/20,-1.0,1.7346010553881064,-1.7346010553881064,-0.25,C2,False,True,C2,False,False
f5f70a2508d0f04cfcf7033f,60,train,0.15,3/20,-1.0,1.7346010553881064,-1.7346010553881064,0.375,C1,True,True,C1,True,False
5dda17df330af248b902c073,60,train,0.15,3/20,1.0,-1.7346010553881064,1.7346010553881064,0.5,C1,False,True,C1,False,False
964b08f3a4c0501f564a4917,60,train,0.15,3/20,1.0,-1.7346010553881064,1.7346010553881064,1.125,C1,False,True,C1,False,False
b13321968ede4c096fbf7e1c,61,train,0.15,3/20,1.0,-1.7346010553881064,1.7346010553881064,-0.375,C2,True,True,C2,True,False
2defc876297ab8e41bf13278,61,train,0.15,3/20,-1.0,1.7346010553881064,-1.7346010553881064,-0.625,C2,False,True,C2,False,False
5ce6de61e5c7a3fa45b9b064,61,train,0.15,3/20,1.0,-1.7346010553881064,1.7346010553881064,-0.375,C2,True,True,C2,True,False
6c5b06a28a1a61107199ebbf,61,train,0.15,3/20,-1.0,1.7346010553881064,-1.7346010553881064,-0.625,C2,False,True,C2,False,False
3b61398c6b38d96827e84337,61,train,0.15,3/20,1.0,-1.7346010553881064,1.7346010553881064,-0.25,C2,True,True,C2,True,False
46a53698d3ce0553406cc64b,61,train,0.15,3/20,-1.0,1.7346010553881064,-1.7346010553881064,-0.625,C2,False,True,C2,False,False
7c97e0385accb33f4ca0620b,61,train,0.15,3/20,1.0,-1.7346010553881064,1.7346010553881064,-0.25,C2,True,True,C2,True,False
691976a9995dd56c13de8818,61,train,0.15,3/20,-1.0,1.7346010553881064,-1.7346010553881064,-0.25,C2,False,True,C2,False,False
dc480c3fa751a35cc0aea693,62,train,0.15,3/20,-2.0,3.4692021107762128,-3.4692021107762128,-0.875,C2,False,True,C2,False,False
a206ef6d9e897dfea8b135dd,62,train,0.15,3/20,0.0,-0.0,0.0,-0.25,C2,,False,C2,False,False
17e8e1f5d929117f9e8329a3,62,train,0.15,3/20,0.0,-0.0,0.0,0.0,C1,,False,TIE,False,True
24b5359112be9075a1872eaf,62,train,0.15,3/20,2.0,-3.4692021107762128,3.4692021107762128,0.5,C1,False,True,C1,False,False
b8ad7a82e37a0ee71ab7d981,62,train,0.15,3/20,-2.0,3.4692021107762128,-3.4692021107762128,0.25,C1,True,True,C1,True,False
b7d89f2f3bb4ad8f31cb6c22,62,train,0.15,3/20,0.0,-0.0,0.0,0.75,C1,,False,C1,False,False
78a0c3f9fe4e0b8df2478ce4,62,train,0.15,3/20,0.0,-0.0,0.0,0.75,C1,,False,C1,False,False
9c7d29fbcba677f68e9357c4,62,train,0.15,3/20,2.0,-3.4692021107762128,3.4692021107762128,1.5,C1,False,True,C1,False,False
778ec21db6a3e6debd562b12,63,train,0.15,3/20,0.0,-0.0,0.0,-0.5,C2,,False,C2,False,False
eb9f22b3af380fe77ec26989,63,train,0.15,3/20,-2.0,3.4692021107762128,-3.4692021107762128,-0.625,C2,False,True,C2,False,False
5f30d467a9cb0a0a44692035,63,train,0.15,3/20,2.0,-3.4692021107762128,3.4692021107762128,-0.625,C2,True,True,C2,True,False
960377fb14f4974de50666fc,63,train,0.15,3/20,0.0,-0.0,0.0,-0.75,C2,,False,C2,False,False
f4c00c2a8b65dd3d01c7d680,63,train,0.15,3/20,0.0,-0.0,0.0,-0.5,C2,,False,C2,False,False
6a9fa4b2bc262b55ed4ea6e5,63,train,0.15,3/20,-2.0,3.4692021107762128,-3.4692021107762128,-0.375,C2,False,True,C2,False,False
804da81008bc1991c3561256,63,train,0.15,3/20,2.0,-3.4692021107762128,3.4692021107762128,-0.25,C2,True,True,C2,True,False
aadeb1f58b455630f0f0d43d,63,train,0.15,3/20,0.0,-0.0,0.0,-0.125,C2,,False,C2,False,False
7de3591a1f3137350ac38670,0,test,0.25,1/4,2.0,-2.1972245773362196,2.1972245773362196,-0.25,C2,True,True,C2,True,False
01271acf9140d601d96beeac,0,test,0.25,1/4,0.0,-0.0,0.0,-0.625,C2,,False,C2,False,False
1e81f8cb27858295de287347,0,test,0.25,1/4,2.0,-2.1972245773362196,2.1972245773362196,-0.375,C2,True,True,C2,True,False
cb37e96ecbe6b7b6dce14432,0,test,0.25,1/4,0.0,-0.0,0.0,-0.875,C2,,False,C2,False,False
60b42800e2c8550cf6078543,0,test,0.25,1/4,0.0,-0.0,0.0,-1.0,C2,,False,C2,False,False
9311f9f54a6e9cbd74086537,0,test,0.25,1/4,-2.0,2.1972245773362196,-2.1972245773362196,-1.0,C2,False,True,C2,False,False
73d1f0e26a02d5ae0f0b1a1a,0,test,0.25,1/4,0.0,-0.0,0.0,-1.125,C2,,False,C2,False,False
883f2eaf8309b35554d5363e,0,test,0.25,1/4,-2.0,2.1972245773362196,-2.1972245773362196,-1.25,C2,False,True,C2,False,False
01aca7cfe5c6c08367d54f2a,1,test,0.25,1/4,1.0,-1.0986122886681098,1.0986122886681098,-0.125,C2,True,True,C2,True,False
2baf06033ea7abf8f49cd5fd,1,test,0.25,1/4,1.0,-1.0986122886681098,1.0986122886681098,0.0,C2,True,True,TIE,False,True
1aee33ddc7c9dbfb18f55203,1,test,0.25,1/4,1.0,-1.0986122886681098,1.0986122886681098,0.125,C1,False,True,C1,False,False
441ccbc36d839b5fdbed5fc2,1,test,0.25,1/4,1.0,-1.0986122886681098,1.0986122886681098,0.125,C1,False,True,C1,False,False
cfabda2a93115acdba1adf31,1,test,0.25,1/4,-1.0,1.0986122886681098,-1.0986122886681098,-0.875,C2,False,True,C2,False,False
de499ae740bf56fbdab461f6,1,test,0.25,1/4,-1.0,1.0986122886681098,-1.0986122886681098,-0.5,C2,False,True,C2,False,False
22a22aaa63ad05532c9381d5,1,test,0.25,1/4,-1.0,1.0986122886681098,-1.0986122886681098,-0.375,C2,False,True,C2,False,False
24e2a486e15f287b4d4d0731,1,test,0.25,1/4,-1.0,1.0986122886681098,-1.0986122886681098,-0.125,C2,False,True,C2,False,False
718292edbd791bef2e6ce0e9,2,test,0.25,1/4,0.0,-0.0,0.0,-0.875,C2,,False,C2,False,False
81d73cc742ba1556d4d68431,2,test,0.25,1/4,0.0,-0.0,0.0,-0.625,C2,,False,C2,False,False
fd6de789039e76e392d3f2a8,2,test,0.25,1/4,0.0,-0.0,0.0,-0.75,C2,,False,C2,False,False
8d4aeaf899c845d063b8a189,2,test,0.25,1/4,0.0,-0.0,0.0,-0.375,C2,,False,C2,False,False
5dec2e61953991e15290b57d,2,test,0.25,1/4,0.0,-0.0,0.0,-0.375,C2,,False,C2,False,False
0d01629d21501b1757c6ceab,2,test,0.25,1/4,0.0,-0.0,0.0,-0.375,C2,,False,C2,False,False
25dff6b31171dc1e8b688f83,2,test,0.25,1/4,0.0,-0.0,0.0,-0.375,C2,,False,C2,False,False
8cedfd0475f6b20a92a62349,2,test,0.25,1/4,0.0,-0.0,0.0,-0.125,C2,,False,C2,False,False
d7002c1068cf3fa9b325a75c,3,test,0.25,1/4,0.0,-0.0,0.0,-0.875,C2,,False,C2,False,False
660d22bfa920ee6d2c519d3a,3,test,0.25,1/4,-2.0,2.1972245773362196,-2.1972245773362196,-0.625,C2,False,True,C2,False,False
452fdb3e9010a8bd32406f7f,3,test,0.25,1/4,2.0,-2.1972245773362196,2.1972245773362196,-0.5,C2,True,True,C2,True,False
5919823bfa368542089dd91a,3,test,0.25,1/4,0.0,-0.0,0.0,-0.625,C2,,False,C2,False,False
d516a49724ea7aefe6ea417d,3,test,0.25,1/4,0.0,-0.0,0.0,-0.375,C2,,False,C2,False,False
73e4c94e4d622c02cc6f28d1,3,test,0.25,1/4,-2.0,2.1972245773362196,-2.1972245773362196,-0.375,C2,False,True,C2,False,False
964cfcf3334ae8d3e2575c7c,3,test,0.25,1/4,2.0,-2.1972245773362196,2.1972245773362196,-0.125,C2,True,True,C2,True,False
ccd9744eca60b5181bea2da2,3,test,0.25,1/4,0.0,-0.0,0.0,0.0,C1,,False,TIE,False,True
f871b5f05650ca310b575a63,4,test,0.25,1/4,0.0,-0.0,0.0,-0.25,C2,,False,C2,False,False
560d1bb4e24997f74560af50,4,test,0.25,1/4,0.0,-0.0,0.0,0.0,C1,,False,TIE,False,True
ace4383f6642fe3ee39e39d0,4,test,0.25,1/4,2.0,-2.1972245773362196,2.1972245773362196,0.125,C1,False,True,C1,False,False
b8820922c4f64e4182bb88b3,4,test,0.25,1/4,2.0,-2.1972245773362196,2.1972245773362196,0.25,C1,False,True,C1,False,False
84b5f44ffdecddabed001d07,4,test,0.25,1/4,-2.0,2.1972245773362196,-2.1972245773362196,-1.25,C2,False,True,C2,False,False
ffb59b7128d58d5a2daee06c,4,test,0.25,1/4,-2.0,2.1972245773362196,-2.1972245773362196,-0.5,C2,False,True,C2,False,False
8d64ea046b116e1bda10910e,4,test,0.25,1/4,0.0,-0.0,0.0,-0.5,C2,,False,C2,False,False
639e8e00e496538611509631,4,test,0.25,1/4,0.0,-0.0,0.0,0.5,C1,,False,C1,False,False
9c43542b3639bfcdbeb95168,5,train,0.25,1/4,0.0,-0.0,0.0,-0.75,C2,,False,C2,False,False
41ceec22e188393fc916f3e1,5,train,0.25,1/4,-2.0,2.1972245773362196,-2.1972245773362196,-0.75,C2,False,True,C2,False,False
99659c6b66ff21264657dfce,5,train,0.25,1/4,2.0,-2.1972245773362196,2.1972245773362196,-0.625,C2,True,True,C2,True,False
a42d418998a11ff888e0ac0e,5,train,0.25,1/4,0.0,-0.0,0.0,-0.875,C2,,False,C2,False,False
174a7bf8f22dc68bb3e37e54,5,train,0.25,1/4,0.0,-0.0,0.0,-0.5,C2,,False,C2,False,False
218c0ca50a52994808fe5394,5,train,0.25,1/4,-2.0,2.1972245773362196,-2.1972245773362196,-0.5,C2,False,True,C2,False,False
bb7c269ff40b21cc57ff067c,5,train,0.25,1/4,2.0,-2.1972245773362196,2.1972245773362196,-0.125,C2,True,True,C2,True,False
bed96f2e6130a1beb7a95910,5,train,0.25,1/4,0.0,-0.0,0.0,-0.25,C2,,False,C2,False,False
08edb6c3d4f85e66bf5f6e63,6,test,0.25,1/4,-3.0,3.295836866004329,-3.295836866004329,-1.375,C2,False,True,C2,False,False
8cc35187d29e134a36d20317,6,test,0.25,1/4,-1.0,1.0986122886681098,-1.0986122886681098,-0.625,C2,False,True,C2,False,False
e0694092accda4b0d63bcdb2,6,test,0.25,1/4,-1.0,1.0986122886681098,-1.0986122886681098,-0.75,C2,False,True,C2,False,False
e4cd6148b7b26f0141ec5ed5,6,test,0.25,1/4,1.0,-1.0986122886681098,1.0986122886681098,0.25,C1,False,True,C1,False,False
c51adf2f22930d9ac46233a5,6,test,0.25,1/4,-1.0,1.0986122886681098,-1.0986122886681098,-0.125,C2,False,True,C2,False,False
48821e659bfa922091fd13c8,6,test,0.25,1/4,1.0,-1.0986122886681098,1.0986122886681098,1.0,C1,False,True,C1,False,False
1f09b1aae09188ab47a86216,6,test,0.25,1/4,1.0,-1.0986122886681098,1.0986122886681098,0.625,C1,False,True,C1,False,False
09512dc36a1a88819955cb0f,6,test,0.25,1/4,3.0,-3.295836866004329,3.295836866004329,1.75,C1,False,True,C1,False,False
6468b3b0429493b735c328b0,7,train,0.25,1/4,0.0,-0.0,0.0,-0.25,C2,,False,C2,False,False
d9e9f46544f85d0c9729847e,7,train,0.25,1/4,0.0,-0.0,0.0,-0.375,C2,,False,C2,False,False
244c5615da141a13c4ecacf0,7,train,0.25,1/4,0.0,-0.0,0.0,-0.5,C2,,False,C2,False,False
86be6324dc05f16e053bccd0,7,train,0.25,1/4,0.0,-0.0,0.0,-0.5,C2,,False,C2,False,False
8e3f9a238d685008dcf857c3,7,train,0.25,1/4,0.0,-0.0,0.0,-0.75,C2,,False,C2,False,False
13053145b58f93c103cdd17d,7,train,0.25,1/4,0.0,-0.0,0.0,-0.75,C2,,False,C2,False,False
31d583014e51a654063324b7,7,train,0.25,1/4,0.0,-0.0,0.0,-0.75,C2,,False,C2,False,False
9f73247b5bf27aac6c930680,7,train,0.25,1/4,0.0,-0.0,0.0,-0.125,C2,,False,C2,False,False
77d80466c35a848b55b924b5,8,train,0.25,1/4,-1.0,1.0986122886681098,-1.0986122886681098,-1.5,C2,False,True,C2,False,False
db5998b8485641e5ff9021e3,8,train,0.25,1/4,-3.0,3.295836866004329,-3.295836866004329,-1.25,C2,False,True,C2,False,False
1cf016ced485e3d71ec727e5,8,train,0.25,1/4,1.0,-1.0986122886681098,1.0986122886681098,-1.0,C2,True,True,C2,True,False
cfe7e616867cea39f73e0b5e,8,train,0.25,1/4,-1.0,1.0986122886681098,-1.0986122886681098,-1.0,C2,False,True,C2,False,False
179ee871b300d97cf8a1e5a2,8,train,0.25,1/4,1.0,-1.0986122886681098,1.0986122886681098,-0.25,C2,True,True,C2,True,False
c953689ec59febd6a09315ad,8,train,0.25,1/4,-1.0,1.0986122886681098,-1.0986122886681098,-0.375,C2,False,True,C2,False,False
b3bbbdf76e52bec8c3796df4,8,train,0.25,1/4,3.0,-3.295836866004329,3.295836866004329,0.25,C1,False,True,C1,False,False
df99da1f5a3bf3ad61b1387d,8,train,0.25,1/4,1.0,-1.0986122886681098,1.0986122886681098,0.125,C1,False,True,C1,False,False
cc26496cdac68c2ff72dd4b6,9,test,0.25,1/4,1.0,-1.0986122886681098,1.0986122886681098,-0.5,C2,True,True,C2,True,False
631b3589681c1b45c1caf872,9,test,0.25,1/4,-1.0,1.0986122886681098,-1.0986122886681098,-0.5,C2,False,True,C2,False,False
5be8b67cfac625c3e24f11c2,9,test,0.25,1/4,1.0,-1.0986122886681098,1.0986122886681098,-0.5,C2,True,True,C2,True,False
bd4819dc1fd49695c1337670,9,test,0.25,1/4,-1.0,1.0986122886681098,-1.0986122886681098,-0.625,C2,False,True,C2,False,False
82d94f8e589993df051e9150,9,test,0.25,1/4,1.0,-1.0986122886681098,1.0986122886681098,-0.5,C2,True,True,C2,True,False
decad98d59f1a19fe1af8db3,9,test,0.25,1/4,-1.0,1.0986122886681098,-1.0986122886681098,-0.375,C2,False,True,C2,False,False
5d1cb7905bf441b2ab650943,9,test,0.25,1/4,1.0,-1.0986122886681098,1.0986122886681098,-0.25,C2,True,True,C2,True,False
f2e2ab262482732cd2d5c734,9,test,0.25,1/4,-1.0,1.0986122886681098,-1.0986122886681098,-0.375,C2,False,True,C2,False,False
0af04a043b65984d0fd51b14,10,test,0.25,1/4,1.0,-1.0986122886681098,1.0986122886681098,-0.25,C2,True,True,C2,True,False
b4168ec82e7596a246cc3796,10,test,0.25,1/4,-1.0,1.0986122886681098,-1.0986122886681098,-0.375,C2,False,True,C2,False,False
5bbc861735e1ae16871f6eda,10,test,0.25,1/4,1.0,-1.0986122886681098,1.0986122886681098,-0.375,C2,True,True,C2,True,False
a5197a680f1fe5ccf2a1047f,10,test,0.25,1/4,-1.0,1.0986122886681098,-1.0986122886681098,-0.5,C2,False,True,C2,False,False
bea9bce357d579bb932158a5,10,test,0.25,1/4,1.0,-1.0986122886681098,1.0986122886681098,-0.375,C2,True,True,C2,True,False
50c1b8998cd9118f8dafbbfd,10,test,0.25,1/4,-1.0,1.0986122886681098,-1.0986122886681098,-0.5,C2,False,True,C2,False,False
ff07430eecd92904123fd5b2,10,test,0.25,1/4,1.0,-1.0986122886681098,1.0986122886681098,-0.5,C2,True,True,C2,True,False
0de5a27bd36977b030dec041,10,test,0.25,1/4,-1.0,1.0986122886681098,-1.0986122886681098,-0.5,C2,False,True,C2,False,False
2e36f4a708a777e33911d31b,11,train,0.25,1/4,0.0,-0.0,0.0,-0.875,C2,,False,C2,False,False
b62a96c4ad931905fc28bbea,11,train,0.25,1/4,0.0,-0.0,0.0,-0.625,C2,,False,C2,False,False
2da2316943b4beca9e61b02f,11,train,0.25,1/4,-2.0,2.1972245773362196,-2.1972245773362196,-1.25,C2,False,True,C2,False,False
bd9873828eeb8965a0b33b77,11,train,0.25,1/4,-2.0,2.1972245773362196,-2.1972245773362196,-0.625,C2,False,True,C2,False,False
4fcc7af3c0750b074b7dcc87,11,train,0.25,1/4,2.0,-2.1972245773362196,2.1972245773362196,-0.25,C2,True,True,C2,True,False
6ac1a3f447ac8ab1cd262de9,11,train,0.25,1/4,2.0,-2.1972245773362196,2.1972245773362196,-0.375,C2,True,True,C2,True,False
7f5822ed00608b84cbfa79e3,11,train,0.25,1/4,0.0,-0.0,0.0,-0.75,C2,,False,C2,False,False
0584e7212db330d489c489c6,11,train,0.25,1/4,0.0,-0.0,0.0,-0.125,C2,,False,C2,False,False
419c654ae4cd2cee19b7149f,12,train,0.25,1/4,0.0,-0.0,0.0,-0.375,C2,,False,C2,False,False
ae623c944b7d9089a033d727,12,train,0.25,1/4,2.0,-2.1972245773362196,2.1972245773362196,-0.375,C2,True,True,C2,True,False
0a7a136757e0fc8a9ee5569e,12,train,0.25,1/4,-2.0,2.1972245773362196,-2.1972245773362196,-0.75,C2,False,True,C2,False,False
6af5c94ad25a96159c2d39fb,12,train,0.25,1/4,0.0,-0.0,0.0,-0.125,C2,,False,C2,False,False
1debd3f214df7db968576c4a,12,train,0.25,1/4,0.0,-0.0,0.0,-0.625,C2,,False,C2,False,False
76b4d4b33bbad8368b16def6,12,train,0.25,1/4,2.0,-2.1972245773362196,2.1972245773362196,-0.25,C2,True,True,C2,True,False
ea726cfb963e3c5b77fa7533,12,train,0.25,1/4,-2.0,2.1972245773362196,-2.1972245773362196,-1.125,C2,False,True,C2,False,False
800fb394deb5b6ef36b7dffe,12,train,0.25,1/4,0.0,-0.0,0.0,0.125,C1,,False,C1,False,False
767dae7c97b1570cfefac6cd,13,train,0.25,1/4,3.0,-3.295836866004329,3.295836866004329,-0.125,C2,True,True,C2,True,False
a3e3fd6041ad417d50e365e3,13,train,0.25,1/4,1.0,-1.0986122886681098,1.0986122886681098,-0.75,C2,True,True,C2,True,False
dbf67b2b2d9cf77e34a7eff7,13,train,0.25,1/4,1.0,-1.0986122886681098,1.0986122886681098,-0.75,C2,True,True,C2,True,False
854a44756698cd5fc43ebb18,13,train,0.25,1/4,-1.0,1.0986122886681098,-1.0986122886681098,-1.125,C2,False,True,C2,False,False
8129228002471f802e6a1ebc,13,train,0.25,1/4,1.0,-1.0986122886681098,1.0986122886681098,-1.125,C2,True,True,C2,True,False
24e0751835289a2544362742,13,train,0.25,1/4,-1.0,1.0986122886681098,-1.0986122886681098,-1.5,C2,False,True,C2,False,False
bab8e9d9fefb0d83b479bbf8,13,train,0.25,1/4,-1.0,1.0986122886681098,-1.0986122886681098,-1.375,C2,False,True,C2,False,False
90ad2aadcd596e1a6da5b605,13,train,0.25,1/4,-3.0,3.295836866004329,-3.295836866004329,-1.875,C2,False,True,C2,False,False
871706375718dc182fbd91d2,14,train,0.25,1/4,-1.0,1.0986122886681098,-1.0986122886681098,-0.75,C2,False,True,C2,False,False
5bbc28d8b652c1115b6f9a3f,14,train,0.25,1/4,-3.0,3.295836866004329,-3.295836866004329,-0.375,C2,False,True,C2,False,False
435b1518bdf82b1123970911,14,train,0.25,1/4,1.0,-1.0986122886681098,1.0986122886681098,-0.125,C2,True,True,C2,True,False
6612fbbb2d120cb2c1463593,14,train,0.25,1/4,-1.0,1.0986122886681098,-1.0986122886681098,-0.125,C2,False,True,C2,False,False
b24edfb27bc1599166ac8e54,14,train,0.25,1/4,1.0,-1.0986122886681098,1.0986122886681098,0.5,C1,False,True,C1,False,False
7d83b88797727b2dd06bfb4f,14,train,0.25,1/4,-1.0,1.0986122886681098,-1.0986122886681098,0.5,C1,True,True,C1,True,False
d1b391fa6aa21c44040f77cf,14,train,0.25,1/4,3.0,-3.295836866004329,3.295836866004329,1.0,C1,False,True,C1,False,False
af0162524a65a79f9ef8d4fe,14,train,0.25,1/4,1.0,-1.0986122886681098,1.0986122886681098,1.125,C1,False,True,C1,False,False
db2acb0710c1c1a38844a84c,15,train,0.25,1/4,-1.0,1.0986122886681098,-1.0986122886681098,-1.125,C2,False,True,C2,False,False
f902835179666f990d1f9c9b,15,train,0.25,1/4,-1.0,1.0986122886681098,-1.0986122886681098,-1.0,C2,False,True,C2,False,False
cd8c37da9da1001ba3714640,15,train,0.25,1/4,1.0,-1.0986122886681098,1.0986122886681098,-0.625,C2,True,True,C2,True,False
22a838a951a6842d7ecb2ac2,15,train,0.25,1/4,1.0,-1.0986122886681098,1.0986122886681098,-0.5,C2,True,True,C2,True,False
c6340e12c2415904571cf043,15,train,0.25,1/4,-1.0,1.0986122886681098,-1.0986122886681098,-0.5,C2,False,True,C2,False,False
f2664baf82d4be26d21766e0,15,train,0.25,1/4,-1.0,1.0986122886681098,-1.0986122886681098,-0.25,C2,False,True,C2,False,False
aae6e6eee98b8e60ea0fe578,15,train,0.25,1/4,1.0,-1.0986122886681098,1.0986122886681098,-0.125,C1,False,True,C2,True,True
872d22de91455904636fcfea,15,train,0.25,1/4,1.0,-1.0986122886681098,1.0986122886681098,0.25,C1,False,True,C1,False,False
4299908a51472a6ac3b0aed0,16,train,0.25,1/4,-1.0,1.0986122886681098,-1.0986122886681098,-1.5,C2,False,True,C2,False,False
32daa1df27ffa7c45a65c9f2,16,train,0.25,1/4,-3.0,3.295836866004329,-3.295836866004329,-1.125,C2,False,True,C2,False,False
75ec66ab5a728410729199b0,16,train,0.25,1/4,1.0,-1.0986122886681098,1.0986122886681098,-1.0,C2,True,True,C2,True,False
1571a0339077c461f7a71c56,16,train,0.25,1/4,-1.0,1.0986122886681098,-1.0986122886681098,-0.625,C2,False,True,C2,False,False
28b35940b8bacf5fb0b3d418,16,train,0.25,1/4,1.0,-1.0986122886681098,1.0986122886681098,-0.125,C2,True,True,C2,True,False
98166544c5b9cbc89aa87d52,16,train,0.25,1/4,-1.0,1.0986122886681098,-1.0986122886681098,0.125,C1,True,True,C1,True,False
ad9c6302fcf255dbb62cb2fe,16,train,0.25,1/4,3.0,-3.295836866004329,3.295836866004329,0.5,C1,False,True,C1,False,False
91d233a1c7c76189160f2228,16,train,0.25,1/4,1.0,-1.0986122886681098,1.0986122886681098,0.875,C1,False,True,C1,False,False
443000e34837fbec5874d188,17,train,0.25,1/4,1.0,-1.0986122886681098,1.0986122886681098,-0.375,C2,True,True,C2,True,False
7bcded33d7bf600de0824ee7,17,train,0.25,1/4,1.0,-1.0986122886681098,1.0986122886681098,-0.125,C2,True,True,C2,True,False
ec8e15ee973d38152e4e14d6,17,train,0.25,1/4,1.0,-1.0986122886681098,1.0986122886681098,-0.5,C2,True,True,C2,True,False
2c3e39c282bac4045c296514,17,train,0.25,1/4,1.0,-1.0986122886681098,1.0986122886681098,-0.25,C2,True,True,C2,True,False
47d672f9e20288fbb697f40e,17,train,0.25,1/4,-1.0,1.0986122886681098,-1.0986122886681098,-0.75,C2,False,True,C2,False,False
162ebbb85a62febb09eca59c,17,train,0.25,1/4,-1.0,1.0986122886681098,-1.0986122886681098,-0.375,C2,False,True,C2,False,False
07e6b427dd4266ba0c090da1,17,train,0.25,1/4,-1.0,1.0986122886681098,-1.0986122886681098,-0.625,C2,False,True,C2,False,False
5a0863a12d023728adfd6685,17,train,0.25,1/4,-1.0,1.0986122886681098,-1.0986122886681098,-0.125,C2,False,True,C2,False,False
745765bdde0272735f8b385e,18,train,0.25,1/4,0.0,-0.0,0.0,-0.625,C2,,False,C2,False,False
63bd4451709f4cc25b098333,18,train,0.25,1/4,-2.0,2.1972245773362196,-2.1972245773362196,-0.5,C2,False,True,C2,False,False
701fd06c05be5cae50025f2c,18,train,0.25,1/4,2.0,-2.1972245773362196,2.1972245773362196,-0.25,C2,True,True,C2,True,False
8470c851b51215655df198f5,18,train,0.25,1/4,0.0,-0.0,0.0,-0.625,C2,,False,C2,False,False
3a7540e42de92baf6f900aa8,18,train,0.25,1/4,0.0,-0.0,0.0,-0.5,C2,,False,C2,False,False
55663cfc53c5281453a69b45,18,train,0.25,1/4,-2.0,2.1972245773362196,-2.1972245773362196,-0.625,C2,False,True,C2,False,False
e1f68bcc75eaa2aa770c0200,18,train,0.25,1/4,2.0,-2.1972245773362196,2.1972245773362196,0.25,C1,False,True,C1,False,False
ad60ee65164b0bdfd9144aa2,18,train,0.25,1/4,0.0,-0.0,0.0,0.125,C1,,False,C1,False,False
56c06b8ce5b4e2a1d2186479,19,train,0.25,1/4,-2.0,2.1972245773362196,-2.1972245773362196,-1.0,C2,False,True,C2,False,False
2a343d59384f1747f05622e8,19,train,0.25,1/4,0.0,-0.0,0.0,-0.375,C2,,False,C2,False,False
d268d45768140609049aa2cc,19,train,0.25,1/4,-2.0,2.1972245773362196,-2.1972245773362196,-0.875,C2,False,True,C2,False,False
12ef9c4032bf9eead446a8c0,19,train,0.25,1/4,0.0,-0.0,0.0,0.25,C1,,False,C1,False,False
1ac9854575c814ddc6cc881b,19,train,0.25,1/4,0.0,-0.0,0.0,0.25,C1,,False,C1,False,False
de7fc664ebd051c805c716f2,19,train,0.25,1/4,2.0,-2.1972245773362196,2.1972245773362196,0.625,C1,False,True,C1,False,False
ef31d755df1c439523713281,19,train,0.25,1/4,0.0,-0.0,0.0,0.0,C1,,False,TIE,False,True
0ac360171bb163c77c004b5e,19,train,0.25,1/4,2.0,-2.1972245773362196,2.1972245773362196,1.5,C1,False,True,C1,False,False
a7895cf23b10184e20178436,20,train,0.25,1/4,0.0,-0.0,0.0,-0.875,C2,,False,C2,False,False
a6f4537aedc63aaf72b6c885,20,train,0.25,1/4,0.0,-0.0,0.0,-0.875,C2,,False,C2,False,False
a22a16f58f77b32a15f69e5b,20,train,0.25,1/4,0.0,-0.0,0.0,-1.0,C2,,False,C2,False,False
91114811f07d43103cf056ff,20,train,0.25,1/4,0.0,-0.0,0.0,-0.625,C2,,False,C2,False,False
fe40d1b2566bb1c9bc7b4668,20,train,0.25,1/4,0.0,-0.0,0.0,-0.75,C2,,False,C2,False,False
61d192ba58e9bdd2fa054b67,20,train,0.25,1/4,0.0,-0.0,0.0,-0.75,C2,,False,C2,False,False
ca2c86e755259348d405b0b9,20,train,0.25,1/4,0.0,-0.0,0.0,-0.875,C2,,False,C2,False,False
d9b418acb78c038eae8a3d95,20,train,0.25,1/4,0.0,-0.0,0.0,-0.5,C2,,False,C2,False,False
0fce0da1302a8d63a0079b21,21,train,0.25,1/4,0.0,-0.0,0.0,-1.0,C2,,False,C2,False,False
5b6c5c47d34e22ebc3b8492c,21,train,0.25,1/4,0.0,-0.0,0.0,-0.875,C2,,False,C2,False,False
0c0a97646613b44e3e71e23f,21,train,0.25,1/4,0.0,-0.0,0.0,-0.75,C2,,False,C2,False,False
68a48e4784e1fc550ce22bab,21,train,0.25,1/4,0.0,-0.0,0.0,-0.625,C2,,False,C2,False,False
c439dc74271f5ec14d4d9438,21,train,0.25,1/4,0.0,-0.0,0.0,-0.625,C2,,False,C2,False,False
518f33b7c71f759637504f49,21,train,0.25,1/4,0.0,-0.0,0.0,-0.625,C2,,False,C2,False,False
1daf3273d2f1a44e56e8c888,21,train,0.25,1/4,0.0,-0.0,0.0,-0.5,C2,,False,C2,False,False
7fea535c43b340cbf244441e,21,train,0.25,1/4,0.0,-0.0,0.0,-0.375,C2,,False,C2,False,False
85af2832283f9299950ed02b,22,train,0.25,1/4,0.0,-0.0,0.0,-0.75,C2,,False,C2,False,False
f352ea5afda907d28bdfc79a,22,train,0.25,1/4,0.0,-0.0,0.0,-0.625,C2,,False,C2,False,False
489ac40519a659fdfbcc6c90,22,train,0.25,1/4,0.0,-0.0,0.0,-0.75,C2,,False,C2,False,False
eb9fbaca2dec9fddf103d7d1,22,train,0.25,1/4,0.0,-0.0,0.0,-0.625,C2,,False,C2,False,False
c0d985963546842dbb966646,22,train,0.25,1/4,0.0,-0.0,0.0,-0.625,C2,,False,C2,False,False
9281a80e9e52dd016c1ec5fd,22,train,0.25,1/4,0.0,-0.0,0.0,-0.5,C2,,False,C2,False,False
215d54603b711329f6ea22cf,22,train,0.25,1/4,0.0,-0.0,0.0,-0.625,C2,,False,C2,False,False
fbb5a4a6fef8f66a6b9ed67d,22,train,0.25,1/4,0.0,-0.0,0.0,-0.125,C1,,False,C2,False,True
1117161aa81b97a661696578,23,train,0.25,1/4,-2.0,2.1972245773362196,-2.1972245773362196,-1.25,C2,False,True,C2,False,False
813e6bff637d4d9808e7fe6b,23,train,0.25,1/4,-2.0,2.1972245773362196,-2.1972245773362196,-0.625,C2,False,True,C2,False,False
00ca0222db6d65290a56bb86,23,train,0.25,1/4,0.0,-0.0,0.0,-0.375,C2,,False,C2,False,False
7d5d8d729b657efa8378a8de,23,train,0.25,1/4,0.0,-0.0,0.0,0.125,C1,,False,C1,False,False
412168e00da7506117e0cd29,23,train,0.25,1/4,0.0,-0.0,0.0,0.125,C1,,False,C1,False,False
4276bcfd4fbdf870a6173bcd,23,train,0.25,1/4,0.0,-0.0,0.0,0.625,C1,,False,C1,False,False
300fef4917fc1a695a53983f,23,train,0.25,1/4,2.0,-2.1972245773362196,2.1972245773362196,1.0,C1,False,True,C1,False,False
6b160fc128849e5b2ec76bac,23,train,0.25,1/4,2.0,-2.1972245773362196,2.1972245773362196,1.75,C1,False,True,C1,False,False
15d7a6f37f0b6f39a486f466,24,train,0.25,1/4,0.0,-0.0,0.0,0.0,C2,,False,TIE,False,True
8a7a23d40a4d3a223e1f656e,24,train,0.25,1/4,2.0,-2.1972245773362196,2.1972245773362196,-0.125,C2,True,True,C2,True,False
f087b391dbb8b77e1ecaba94,24,train,0.25,1/4,0.0,-0.0,0.0,0.0,C1,,False,TIE,False,True
aff4a4fbdc7f7edb6c4ff212,24,train,0.25,1/4,2.0,-2.1972245773362196,2.1972245773362196,0.125,C1,False,True,C1,False,False
1b95c4d607e92c6639c17311,24,train,0.25,1/4,-2.0,2.1972245773362196,-2.1972245773362196,-0.875,C2,False,True,C2,False,False
3d9d4981ff9da1a78dd4206e,24,train,0.25,1/4,0.0,-0.0,0.0,-0.875,C2,,False,C2,False,False
fc69204f034cc73de2d4b4a4,24,train,0.25,1/4,-2.0,2.1972245773362196,-2.1972245773362196,-0.75,C2,False,True,C2,False,False
ab348bdad7fba88c59a0a2fa,24,train,0.25,1/4,0.0,-0.0,0.0,-0.25,C2,,False,C2,False,False
5e25afd7a3c4038fd22b160b,25,train,0.25,1/4,2.0,-2.1972245773362196,2.1972245773362196,-0.25,C2,True,True,C2,True,False
54f4250d5996f100dd5191ad,25,train,0.25,1/4,2.0,-2.1972245773362196,2.1972245773362196,-0.5,C2,True,True,C2,True,False
bcecb6c1ac2baa79f7fc1edf,25,train,0.25,1/4,0.0,-0.0,0.0,-0.75,C2,,False,C2,False,False
2226211d0688feec6ce209b9,25,train,0.25,1/4,0.0,-0.0,0.0,-0.75,C2,,False,C2,False,False
c6a361b830b872df481b2d91,25,train,0.25,1/4,0.0,-0.0,0.0,-1.125,C2,,False,C2,False,False
155fc1f9c23d1c46b3246ca8,25,train,0.25,1/4,0.0,-0.0,0.0,-1.125,C2,,False,C2,False,False
f6adbc9565f532e49245cba3,25,train,0.25,1/4,-2.0,2.1972245773362196,-2.1972245773362196,-1.375,C2,False,True,C2,False,False
4de3d9505594e175d3231aed,25,train,0.25,1/4,-2.0,2.1972245773362196,-2.1972245773362196,-1.375,C2,False,True,C2,False,False
02f80fe9070076415d89d119,26,train,0.25,1/4,-1.0,1.0986122886681098,-1.0986122886681098,-1.125,C2,False,True,C2,False,False
fa38b8551e36051f3e384fa1,26,train,0.25,1/4,-1.0,1.0986122886681098,-1.0986122886681098,-0.875,C2,False,True,C2,False,False
0a5c732321287e7619303393,26,train,0.25,1/4,1.0,-1.0986122886681098,1.0986122886681098,-0.75,C2,True,True,C2,True,False
5aa3cfccc3c0176849bd6502,26,train,0.25,1/4,1.0,-1.0986122886681098,1.0986122886681098,-0.625,C2,True,True,C2,True,False
0f9351cd41ca81d7df921a46,26,train,0.25,1/4,-1.0,1.0986122886681098,-1.0986122886681098,-0.75,C2,False,True,C2,False,False
bacaf22f02d90fff35baab5a,26,train,0.25,1/4,-1.0,1.0986122886681098,-1.0986122886681098,-0.5,C2,False,True,C2,False,False
f1bd242075ff06b7cb33532f,26,train,0.25,1/4,1.0,-1.0986122886681098,1.0986122886681098,-0.125,C2,True,True,C2,True,False
05e531c1dee6d3a06cec54f6,26,train,0.25,1/4,1.0,-1.0986122886681098,1.0986122886681098,0.0,C1,False,True,TIE,False,True
c467ff719a91c911aadc0b90,27,train,0.25,1/4,0.0,-0.0,0.0,-0.875,C2,,False,C2,False,False
7f947cda012e4536e22fa7ae,27,train,0.25,1/4,2.0,-2.1972245773362196,2.1972245773362196,-0.75,C2,True,True,C2,True,False
c6853cda2d65258f240a89bd,27,train,0.25,1/4,-2.0,2.1972245773362196,-2.1972245773362196,-1.0,C2,False,True,C2,False,False
3781e7bf4008785ab369b844,27,train,0.25,1/4,0.0,-0.0,0.0,-0.5,C2,,False,C2,False,False
7b6d2db5986fc04e06ea4d27,27,train,0.25,1/4,0.0,-0.0,0.0,-0.75,C2,,False,C2,False,False
4ecd58c929aa128b531ea2a9,27,train,0.25,1/4,2.0,-2.1972245773362196,2.1972245773362196,-0.375,C2,True,True,C2,True,False
2672defd88c73ca66d1196f1,27,train,0.25,1/4,-2.0,2.1972245773362196,-2.1972245773362196,-1.125,C2,False,True,C2,False,False
756f54b54a54cab405889d96,27,train,0.25,1/4,0.0,-0.0,0.0,-0.25,C2,,False,C2,False,False
3198bbaee0e3ba676611277f,28,train,0.25,1/4,0.0,-0.0,0.0,-0.75,C2,,False,C2,False,False
9eb7b95740af09b8257d67db,28,train,0.25,1/4,0.0,-0.0,0.0,-0.625,C2,,False,C2,False,False
2fc72476b7e3627837a4f587,28,train,0.25,1/4,-2.0,2.1972245773362196,-2.1972245773362196,-1.0,C2,False,True,C2,False,False
400941a49856af0fe9ffa3b6,28,train,0.25,1/4,-2.0,2.1972245773362196,-2.1972245773362196,-0.625,C2,False,True,C2,False,False
bbc9002eb6eecc9f6754376b,28,train,0.25,1/4,2.0,-2.1972245773362196,2.1972245773362196,-0.5,C2,True,True,C2,True,False
e1878aff6f43c86ce912f8b8,28,train,0.25,1/4,2.0,-2.1972245773362196,2.1972245773362196,-0.375,C2,True,True,C2,True,False
234950bc83c071515b60b717,28,train,0.25,1/4,0.0,-0.0,0.0,-0.625,C2,,False,C2,False,False
b7dc077cff9fe40464961a1f,28,train,0.25,1/4,0.0,-0.0,0.0,-0.25,C2,,False,C2,False,False
e9605585b07c9650963f2a12,29,train,0.25,1/4,-1.0,1.0986122886681098,-1.0986122886681098,-1.125,C2,False,True,C2,False,False
247ee150d213b79340c2e3a8,29,train,0.25,1/4,-1.0,1.0986122886681098,-1.0986122886681098,-1.0,C2,False,True,C2,False,False
27bc5b67e1276fc272f36300,29,train,0.25,1/4,-1.0,1.0986122886681098,-1.0986122886681098,-1.0,C2,False,True,C2,False,False
ac431e9aed5a6e07160c432e,29,train,0.25,1/4,-1.0,1.0986122886681098,-1.0986122886681098,-0.5,C2,False,True,C2,False,False
c9ae9a0b2301db83fdfce3f8,29,train,0.25,1/4,1.0,-1.0986122886681098,1.0986122886681098,-0.125,C2,True,True,C2,True,False
7b2be40f56b7b0a0a4cbd6ae,29,train,0.25,1/4,1.0,-1.0986122886681098,1.0986122886681098,-0.25,C2,True,True,C2,True,False
231fdc136a85cc7a0b6f65a6,29,train,0.25,1/4,1.0,-1.0986122886681098,1.0986122886681098,-0.25,C2,True,True,C2,True,False
710765153259259ff7679ca7,29,train,0.25,1/4,1.0,-1.0986122886681098,1.0986122886681098,0.125,C1,False,True,C1,False,False
a350bc4bd2b4bbbb4b35e38f,30,train,0.25,1/4,3.0,-3.295836866004329,3.295836866004329,0.0,C1,False,True,TIE,False,True
c295684b50ece69831448209,30,train,0.25,1/4,1.0,-1.0986122886681098,1.0986122886681098,-0.375,C2,True,True,C2,True,False
92762a4d7e823e5f59f71def,30,train,0.25,1/4,1.0,-1.0986122886681098,1.0986122886681098,-0.875,C2,True,True,C2,True,False
6e9c02297b4bbc0d09100595,30,train,0.25,1/4,-1.0,1.0986122886681098,-1.0986122886681098,-0.875,C2,False,True,C2,False,False
08d3b7d573917e7a5bd68552,30,train,0.25,1/4,1.0,-1.0986122886681098,1.0986122886681098,-0.875,C2,True,True,C2,True,False
fe61f8c33389d2d7313771dc,30,train,0.25,1/4,-1.0,1.0986122886681098,-1.0986122886681098,-1.25,C2,False,True,C2,False,False
50c3c9abd906c56ab0cbcee8,30,train,0.25,1/4,-1.0,1.0986122886681098,-1.0986122886681098,-1.625,C2,False,True,C2,False,False
ef6cc9ad9b40172d8b42b6ea,30,train,0.25,1/4,-3.0,3.295836866004329,-3.295836866004329,-1.75,C2,False,True,C2,False,False
64a70c5caaa26a71be2837d3,31,train,0.25,1/4,-1.0,1.0986122886681098,-1.0986122886681098,-1.375,C2,False,True,C2,False,False
86c716b369954f36d6fa799b,31,train,0.25,1/4,1.0,-1.0986122886681098,1.0986122886681098,-0.75,C2,True,True,C2,True,False
5aa7c1eb5f84bb0bf9953217,31,train,0.25,1/4,-1.0,1.0986122886681098,-1.0986122886681098,-1.125,C2,False,True,C2,False,False
8c43268863631e042e465530,31,train,0.25,1/4,1.0,-1.0986122886681098,1.0986122886681098,0.125,C1,False,True,C1,False,False
e52add73728c1f7c25a5c890,31,train,0.25,1/4,-1.0,1.0986122886681098,-1.0986122886681098,-0.25,C2,False,True,C2,False,False
46d47d866e4e721566b58482,31,train,0.25,1/4,1.0,-1.0986122886681098,1.0986122886681098,0.25,C1,False,True,C1,False,False
f81ad65c383f2b57d97850bd,31,train,0.25,1/4,-1.0,1.0986122886681098,-1.0986122886681098,-0.375,C2,False,True,C2,False,False
c19dddcd954328c1b283146b,31,train,0.25,1/4,1.0,-1.0986122886681098,1.0986122886681098,1.0,C1,False,True,C1,False,False
e61ba7c6e28edae8ff090ade,32,train,0.25,1/4,-1.0,1.0986122886681098,-1.0986122886681098,-1.0,C2,False,True,C2,False,False
224ec63e1a563bb10d2e933e,32,train,0.25,1/4,1.0,-1.0986122886681098,1.0986122886681098,-0.625,C2,True,True,C2,True,False
4d6e5c055e0b19d65f035a3a,32,train,0.25,1/4,-1.0,1.0986122886681098,-1.0986122886681098,-0.875,C2,False,True,C2,False,False
f92759cecf2a3cfd8ab99174,32,train,0.25,1/4,1.0,-1.0986122886681098,1.0986122886681098,-0.375,C2,True,True,C2,True,False
4db9a6c6f962e94b3b41842b,32,train,0.25,1/4,-1.0,1.0986122886681098,-1.0986122886681098,-0.5,C2,False,True,C2,False,False
02a85a691dbb4c7a66632cf5,32,train,0.25,1/4,1.0,-1.0986122886681098,1.0986122886681098,-0.25,C2,True,True,C2,True,False
75fead3458123b82816d0862,32,train,0.25,1/4,-1.0,1.0986122886681098,-1.0986122886681098,-0.625,C2,False,True,C2,False,False
6e97975f78a0318c015cd022,32,train,0.25,1/4,1.0,-1.0986122886681098,1.0986122886681098,0.25,C1,False,True,C1,False,False
c1d2b2106e954fd5607bc131,33,train,0.25,1/4,-3.0,3.295836866004329,-3.295836866004329,-1.125,C2,False,True,C2,False,False
369f2b804121fe749a0a2c69,33,train,0.25,1/4,-1.0,1.0986122886681098,-1.0986122886681098,-0.5,C2,False,True,C2,False,False
d60ac221ee1aade8e6ce08df,33,train,0.25,1/4,-1.0,1.0986122886681098,-1.0986122886681098,-0.25,C2,False,True,C2,False,False
2662d51701d35a058b5e5f29,33,train,0.25,1/4,1.0,-1.0986122886681098,1.0986122886681098,0.25,C1,False,True,C1,False,False
95a275407e28a1c398591cc7,33,train,0.25,1/4,-1.0,1.0986122886681098,-1.0986122886681098,0.375,C1,True,True,C1,True,False
fdac616caa98ea373c4e9b91,33,train,0.25,1/4,1.0,-1.0986122886681098,1.0986122886681098,0.625,C1,False,True,C1,False,False
c7d5fbd843ca9dca14ef9037,33,train,0.25,1/4,1.0,-1.0986122886681098,1.0986122886681098,0.75,C1,False,True,C1,False,False
f4761154c800e90efdc5b859,33,train,0.25,1/4,3.0,-3.295836866004329,3.295836866004329,1.5,C1,False,True,C1,False,False
2f9ad1a865a65a057e4e3dd5,34,train,0.25,1/4,1.0,-1.0986122886681098,1.0986122886681098,0.0,C1,False,True,TIE,False,True
091340df918de32b8aecfa15,34,train,0.25,1/4,1.0,-1.0986122886681098,1.0986122886681098,-0.125,C2,True,True,C2,True,False
53b8603d933b6d2506d8753f,34,train,0.25,1/4,1.0,-1.0986122886681098,1.0986122886681098,0.125,C1,False,True,C1,False,False
d675b7e7ba6609d703b02263,34,train,0.25,1/4,1.0,-1.0986122886681098,1.0986122886681098,0.0,C1,False,True,TIE,False,True
f3274acf470e993657301349,34,train,0.25,1/4,-1.0,1.0986122886681098,-1.0986122886681098,-0.875,C2,False,True,C2,False,False
3462592f5a948d51d88572f9,34,train,0.25,1/4,-1.0,1.0986122886681098,-1.0986122886681098,-0.75,C2,False,True,C2,False,False
c3ebfda83c0dc621f02217c2,34,train,0.25,1/4,-1.0,1.0986122886681098,-1.0986122886681098,-0.75,C2,False,True,C2,False,False
34ca027471fc6ec4c6bc80a1,34,train,0.25,1/4,-1.0,1.0986122886681098,-1.0986122886681098,-0.25,C2,False,True,C2,False,False
0f751b10978e79b62a2d1fa5,35,train,0.25,1/4,0.0,-0.0,0.0,-0.875,C2,,False,C2,False,False
ea7723612afa14f397158e9d,35,train,0.25,1/4,0.0,-0.0,0.0,-0.875,C2,,False,C2,False,False
d858f381b04e179cad228265,35,train,0.25,1/4,0.0,-0.0,0.0,-0.875,C2,,False,C2,False,False
06d1abf7f105db8cab659d3c,35,train,0.25,1/4,0.0,-0.0,0.0,-0.625,C2,,False,C2,False,False
a2dca099f549d1ba5b6dcb4a,35,train,0.25,1/4,0.0,-0.0,0.0,-0.625,C2,,False,C2,False,False
bb74a2601b7bbc0cfbf73df4,35,train,0.25,1/4,0.0,-0.0,0.0,-0.625,C2,,False,C2,False,False
5baade78dd65d27094d1c2fb,35,train,0.25,1/4,0.0,-0.0,0.0,-0.375,C2,,False,C2,False,False
f4921c6d1ebbfb1481c5fe54,35,train,0.25,1/4,0.0,-0.0,0.0,-0.125,C2,,False,C2,False,False
4864e8f994381636ae489bba,36,train,0.25,1/4,-1.0,1.0986122886681098,-1.0986122886681098,-1.375,C2,False,True,C2,False,False
ff35cba9216bb172853f182a,36,train,0.25,1/4,-1.0,1.0986122886681098,-1.0986122886681098,-1.125,C2,False,True,C2,False,False
8e798ec960852a82c46c8001,36,train,0.25,1/4,1.0,-1.0986122886681098,1.0986122886681098,-0.875,C2,True,True,C2,True,False
3d19b7c3934ea934d3841f40,36,train,0.25,1/4,1.0,-1.0986122886681098,1.0986122886681098,-0.875,C2,True,True,C2,True,False
521387dc643f6627c6525b20,36,train,0.25,1/4,-1.0,1.0986122886681098,-1.0986122886681098,-1.0,C2,False,True,C2,False,False
1f85b4b487c4727e82c42d53,36,train,0.25,1/4,-1.0,1.0986122886681098,-1.0986122886681098,-0.75,C2,False,True,C2,False,False
ae90ee41c4d102105653faad,36,train,0.25,1/4,1.0,-1.0986122886681098,1.0986122886681098,-0.375,C2,True,True,C2,True,False
1ff991806a177fe596f3c616,36,train,0.25,1/4,1.0,-1.0986122886681098,1.0986122886681098,-0.25,C2,True,True,C2,True,False
acb7edb261cafb75ded37660,37,train,0.25,1/4,0.0,-0.0,0.0,-0.625,C2,,False,C2,False,False
b96e62942ba7396333167f5e,37,train,0.25,1/4,0.0,-0.0,0.0,-0.5,C2,,False,C2,False,False
5902a5a66f3c0ea3be6f5083,37,train,0.25,1/4,0.0,-0.0,0.0,-0.75,C2,,False,C2,False,False
e0a52cc575a9b09afc6b9ae1,37,train,0.25,1/4,0.0,-0.0,0.0,-0.375,C2,,False,C2,False,False
26065239c6890215c3fa5037,37,train,0.25,1/4,0.0,-0.0,0.0,-0.625,C2,,False,C2,False,False
a689ce4e1970d123651d9d84,37,train,0.25,1/4,0.0,-0.0,0.0,-0.5,C2,,False,C2,False,False
c5c763669054c0292c2400eb,37,train,0.25,1/4,0.0,-0.0,0.0,-0.75,C2,,False,C2,False,False
228a9c4ed4c5b048e90f3728,37,train,0.25,1/4,0.0,-0.0,0.0,-0.25,C2,,False,C2,False,False
99b10cc284ae7d7c695d04e2,38,train,0.25,1/4,1.0,-1.0986122886681098,1.0986122886681098,-0.5,C2,True,True,C2,True,False
22fceacddb5f4e9b5a15b854,38,train,0.25,1/4,-1.0,1.0986122886681098,-1.0986122886681098,-0.625,C2,False,True,C2,False,False
cec8cbd98b5e3987e039a984,38,train,0.25,1/4,-1.0,1.0986122886681098,-1.0986122886681098,-1.25,C2,False,True,C2,False,False
5c12446e19a15f6a23f9b350,38,train,0.25,1/4,-3.0,3.295836866004329,-3.295836866004329,-1.0,C2,False,True,C2,False,False
4eb54972e435d75f02b27fbb,38,train,0.25,1/4,3.0,-3.295836866004329,3.295836866004329,0.0,C1,False,True,TIE,False,True
054faa597240a9e82434a0a9,38,train,0.25,1/4,1.0,-1.0986122886681098,1.0986122886681098,-0.375,C2,True,True,C2,True,False
a2b09f1bee16d63801792978,38,train,0.25,1/4,1.0,-1.0986122886681098,1.0986122886681098,-1.0,C2,True,True,C2,True,False
391a599c78ce974b0e451c19,38,train,0.25,1/4,-1.0,1.0986122886681098,-1.0986122886681098,-0.625,C2,False,True,C2,False,False
8c97dc0f32f8c724f2b2bd48,39,train,0.25,1/4,0.0,-0.0,0.0,-0.625,C2,,False,C2,False,False
43b2100cc8f91fc310ab11eb,39,train,0.25,1/4,0.0,-0.0,0.0,-0.375,C2,,False,C2,False,False
e1a7fb93337d3cf0b517c81f,39,train,0.25,1/4,0.0,-0.0,0.0,-0.75,C2,,False,C2,False,False
232ba32ca79f4637eb859183,39,train,0.25,1/4,0.0,-0.0,0.0,-0.5,C2,,False,C2,False,False
153ae49bf94331d68106642c,39,train,0.25,1/4,0.0,-0.0,0.0,-0.5,C2,,False,C2,False,False
3abbfb5a255ac1d40937719d,39,train,0.25,1/4,0.0,-0.0,0.0,-0.25,C2,,False,C2,False,False
52f7003b93007bcfbbd8891e,39,train,0.25,1/4,0.0,-0.0,0.0,-0.5,C2,,False,C2,False,False
38cc5f0b38c2474f56f0076e,39,train,0.25,1/4,0.0,-0.0,0.0,0.0,C1,,False,TIE,False,True
9f8c236f56cf293f2092cf67,40,train,0.25,1/4,2.0,-2.1972245773362196,2.1972245773362196,0.25,C1,False,True,C1,False,False
1c2cd22eb58e138692425283,40,train,0.25,1/4,0.0,-0.0,0.0,-0.125,C2,,False,C2,False,False
b82a74458ff8985442216318,40,train,0.25,1/4,2.0,-2.1972245773362196,2.1972245773362196,0.125,C1,False,True,C1,False,False
dd7a20998645c664c820167a,40,train,0.25,1/4,0.0,-0.0,0.0,-0.375,C2,,False,C2,False,False
55f5a96ad36f86739973bfae,40,train,0.25,1/4,0.0,-0.0,0.0,-1.0,C2,,False,C2,False,False
bbf76e47ddc338b6cfe67a78,40,train,0.25,1/4,-2.0,2.1972245773362196,-2.1972245773362196,-1.0,C2,False,True,C2,False,False
4e6404a4e1512518dc9ada06,40,train,0.25,1/4,0.0,-0.0,0.0,-1.0,C2,,False,C2,False,False
af44abe6f301c24bf74766c3,40,train,0.25,1/4,-2.0,2.1972245773362196,-2.1972245773362196,-1.0,C2,False,True,C2,False,False
709224a7fbe3c13199c29f40,41,train,0.25,1/4,0.0,-0.0,0.0,-1.25,C2,,False,C2,False,False
0df356942ab9a915a95061e8,41,train,0.25,1/4,-2.0,2.1972245773362196,-2.1972245773362196,-1.25,C2,False,True,C2,False,False
c172f0187949fb6b0f685ee5,41,train,0.25,1/4,0.0,-0.0,0.0,-1.125,C2,,False,C2,False,False
ca830cbd26a434951d3fdd5d,41,train,0.25,1/4,-2.0,2.1972245773362196,-2.1972245773362196,-1.0,C2,False,True,C2,False,False
159db12ae4e40f4a089781f7,41,train,0.25,1/4,2.0,-2.1972245773362196,2.1972245773362196,-0.625,C2,True,True,C2,True,False
cdd22ec2d5c44956f4b193d6,41,train,0.25,1/4,0.0,-0.0,0.0,-0.75,C2,,False,C2,False,False
51b4beee61afbcb040d5d3f0,41,train,0.25,1/4,2.0,-2.1972245773362196,2.1972245773362196,-0.5,C2,True,True,C2,True,False
f12b9832bd8aa6c4e965fd88,41,train,0.25,1/4,0.0,-0.0,0.0,-0.5,C2,,False,C2,False,False
fbfb664d3385d17a5bd9ccd3,42,train,0.25,1/4,-1.0,1.0986122886681098,-1.0986122886681098,-0.875,C2,False,True,C2,False,False
6e4f1d02d3fcf7cf46292a5c,42,train,0.25,1/4,-1.0,1.0986122886681098,-1.0986122886681098,-0.75,C2,False,True,C2,False,False
1576671c05234b0e3098224b,42,train,0.25,1/4,1.0,-1.0986122886681098,1.0986122886681098,-0.625,C2,True,True,C2,True,False
cd4bba57b177e626c066e7fd,42,train,0.25,1/4,1.0,-1.0986122886681098,1.0986122886681098,-0.375,C2,True,True,C2,True,False
d2190e80e63b780567e884bf,42,train,0.25,1/4,-1.0,1.0986122886681098,-1.0986122886681098,-0.625,C2,False,True,C2,False,False
4f85cb9a25bc7b97bca0a0d2,42,train,0.25,1/4,-1.0,1.0986122886681098,-1.0986122886681098,-0.5,C2,False,True,C2,False,False
39691702a20791e1028eb84c,42,train,0.25,1/4,1.0,-1.0986122886681098,1.0986122886681098,-0.25,C2,True,True,C2,True,False
da82af950f09246c3dd7e6b4,42,train,0.25,1/4,1.0,-1.0986122886681098,1.0986122886681098,0.125,C1,False,True,C1,False,False
7f2f0e1ebeff642ff6eb439f,43,train,0.25,1/4,0.0,-0.0,0.0,-1.125,C2,,False,C2,False,False
233c4c86c37918ba8398d1e0,43,train,0.25,1/4,-2.0,2.1972245773362196,-2.1972245773362196,-0.875,C2,False,True,C2,False,False
1cc3f840504f813c349b6a5d,43,train,0.25,1/4,0.0,-0.0,0.0,-0.625,C2,,False,C2,False,False
859b586063f48c2f005bb7db,43,train,0.25,1/4,-2.0,2.1972245773362196,-2.1972245773362196,-0.5,C2,False,True,C2,False,False
65789f1d41c9a8d34fa31478,43,train,0.25,1/4,2.0,-2.1972245773362196,2.1972245773362196,0.0,C1,False,True,TIE,False,True
1ea0cacb59e8b6b281093bfa,43,train,0.25,1/4,0.0,-0.0,0.0,-0.125,C1,,False,C2,False,True
c158a0564525ab29ef7e191b,43,train,0.25,1/4,2.0,-2.1972245773362196,2.1972245773362196,0.125,C1,False,True,C1,False,False
1f66557428e856b00c15535f,43,train,0.25,1/4,0.0,-0.0,0.0,0.5,C1,,False,C1,False,False
97a5fcfcf9fe2340a187e120,44,train,0.25,1/4,-1.0,1.0986122886681098,-1.0986122886681098,-1.375,C2,False,True,C2,False,False
bfc452212541ab4cc33ab59b,44,train,0.25,1/4,-1.0,1.0986122886681098,-1.0986122886681098,-1.0,C2,False,True,C2,False,False
6a5f21fc24f3a301e5f76253,44,train,0.25,1/4,-1.0,1.0986122886681098,-1.0986122886681098,-1.0,C2,False,True,C2,False,False
68dc2835a409919fb875a920,44,train,0.25,1/4,-1.0,1.0986122886681098,-1.0986122886681098,-0.375,C2,False,True,C2,False,False
e1120549cd8d8c98cbd83780,44,train,0.25,1/4,1.0,-1.0986122886681098,1.0986122886681098,0.0,C1,False,True,TIE,False,True
3e1cc729a57363b54e0bd704,44,train,0.25,1/4,1.0,-1.0986122886681098,1.0986122886681098,0.125,C1,False,True,C1,False,False
9c8b24d842c34eb6ecf262f9,44,train,0.25,1/4,1.0,-1.0986122886681098,1.0986122886681098,0.125,C1,False,True,C1,False,False
ddeaced7e033fe682da19de8,44,train,0.25,1/4,1.0,-1.0986122886681098,1.0986122886681098,0.75,C1,False,True,C1,False,False
957a0c899d6415d34bf13658,45,train,0.25,1/4,0.0,-0.0,0.0,-1.0,C2,,False,C2,False,False
3945acc78ce7dc9a8e67e65c,45,train,0.25,1/4,0.0,-0.0,0.0,-0.75,C2,,False,C2,False,False
8d553721b05e27fdc412ca55,45,train,0.25,1/4,0.0,-0.0,0.0,-0.875,C2,,False,C2,False,False
167c23cf03f7168bcfbb1d84,45,train,0.25,1/4,0.0,-0.0,0.0,-0.5,C2,,False,C2,False,False
3c89f5e6cb829d9eb6379f28,45,train,0.25,1/4,0.0,-0.0,0.0,-0.5,C2,,False,C2,False,False
18c05485f9e5997cbbd300a5,45,train,0.25,1/4,0.0,-0.0,0.0,-0.5,C2,,False,C2,False,False
e8b0ee3de10d3964ec6f86f5,45,train,0.25,1/4,0.0,-0.0,0.0,-0.375,C2,,False,C2,False,False
6cdcdbd5c437215470bf8350,45,train,0.25,1/4,0.0,-0.0,0.0,-0.125,C1,,False,C2,False,True
ffa0934d31f35c0cf03ae0e4,46,train,0.25,1/4,-2.0,2.1972245773362196,-2.1972245773362196,-1.5,C2,False,True,C2,False,False
b714e23a5c16cc7d6e979fd6,46,train,0.25,1/4,-2.0,2.1972245773362196,-2.1972245773362196,-1.125,C2,False,True,C2,False,False
e902485e1ab12b1df344a145,46,train,0.25,1/4,0.0,-0.0,0.0,-0.875,C2,,False,C2,False,False
cd8cb0a43281a3a31d58f512,46,train,0.25,1/4,0.0,-0.0,0.0,-0.5,C2,,False,C2,False,False
55f29c8ad1a920e869db3d5e,46,train,0.25,1/4,0.0,-0.0,0.0,-0.25,C2,,False,C2,False,False
682ff85b125fb27fca8c8af3,46,train,0.25,1/4,0.0,-0.0,0.0,0.0,C1,,False,TIE,False,True
df62f37194d25ede3a0ddedb,46,train,0.25,1/4,2.0,-2.1972245773362196,2.1972245773362196,0.25,C1,False,True,C1,False,False
1ec028e50423eb153b34ce2f,46,train,0.25,1/4,2.0,-2.1972245773362196,2.1972245773362196,1.0,C1,False,True,C1,False,False
4ec4ad18f6d3facb990e2492,47,train,0.25,1/4,1.0,-1.0986122886681098,1.0986122886681098,-0.375,C2,True,True,C2,True,False
3997cf395d9fe26f2970ac7b,47,train,0.25,1/4,1.0,-1.0986122886681098,1.0986122886681098,-0.5,C2,True,True,C2,True,False
2e523c40d1f64cff241bead2,47,train,0.25,1/4,-1.0,1.0986122886681098,-1.0986122886681098,-0.75,C2,False,True,C2,False,False
ec608159efa9e5183cd70a19,47,train,0.25,1/4,-1.0,1.0986122886681098,-1.0986122886681098,-0.5,C2,False,True,C2,False,False
09218a00ddc89ad4e89ac87a,47,train,0.25,1/4,1.0,-1.0986122886681098,1.0986122886681098,-0.375,C2,True,True,C2,True,False
cc735ba003b2f3c79983df74,47,train,0.25,1/4,1.0,-1.0986122886681098,1.0986122886681098,-0.5,C2,True,True,C2,True,False
52823e68c728b93c0309453e,47,train,0.25,1/4,-1.0,1.0986122886681098,-1.0986122886681098,-0.875,C2,False,True,C2,False,False
45f8e69c02c4f5474135e5ab,47,train,0.25,1/4,-1.0,1.0986122886681098,-1.0986122886681098,-0.375,C2,False,True,C2,False,False
eb933124fd1e1020719b9161,48,train,0.25,1/4,0.0,-0.0,0.0,-0.5,C2,,False,C2,False,False
322e49eab7588de3f97eddb3,48,train,0.25,1/4,0.0,-0.0,0.0,-0.375,C2,,False,C2,False,False
6f2e26dedd69c4c591ef4f30,48,train,0.25,1/4,-2.0,2.1972245773362196,-2.1972245773362196,-1.125,C2,False,True,C2,False,False
e8b85f8d2c7db2053a96242f,48,train,0.25,1/4,-2.0,2.1972245773362196,-2.1972245773362196,-0.25,C2,False,True,C2,False,False
c5c17798ce9bc48a5bb25bf6,48,train,0.25,1/4,2.0,-2.1972245773362196,2.1972245773362196,-0.125,C2,True,True,C2,True,False
b85e01d0698c51ed85d14899,48,train,0.25,1/4,2.0,-2.1972245773362196,2.1972245773362196,0.0,C1,False,True,TIE,False,True
de9e8fd4b8272f218ee5b6f9,48,train,0.25,1/4,0.0,-0.0,0.0,-0.625,C2,,False,C2,False,False
759d85d7cdf547867e1014f3,48,train,0.25,1/4,0.0,-0.0,0.0,0.375,C1,,False,C1,False,False
1c78c9f9cdd1e704b2a6f405,49,train,0.25,1/4,0.0,-0.0,0.0,-1.25,C2,,False,C2,False,False
5cb5ef7e4d5db84580411b21,49,train,0.25,1/4,0.0,-0.0,0.0,-1.0,C2,,False,C2,False,False
a4316510fec9f35a7e0894bb,49,train,0.25,1/4,-2.0,2.1972245773362196,-2.1972245773362196,-1.125,C2,False,True,C2,False,False
195e0ce3077af3533eb8c5ec,49,train,0.25,1/4,-2.0,2.1972245773362196,-2.1972245773362196,-0.75,C2,False,True,C2,False,False
72094129ab40d343942d5591,49,train,0.25,1/4,2.0,-2.1972245773362196,2.1972245773362196,-0.125,C2,True,True,C2,True,False
8d26a6820613dae6b1013db4,49,train,0.25,1/4,2.0,-2.1972245773362196,2.1972245773362196,-0.25,C2,True,True,C2,True,False
e58c6b3f6885b1b498def5b6,49,train,0.25,1/4,0.0,-0.0,0.0,-0.25,C2,,False,C2,False,False
5bef515dfb1c87fa36f1f0dc,49,train,0.25,1/4,0.0,-0.0,0.0,0.125,C1,,False,C1,False,False
82156747c488d487c4e4edd6,50,train,0.25,1/4,1.0,-1.0986122886681098,1.0986122886681098,0.375,C1,False,True,C1,False,False
893e87b397709ddb436a591b,50,train,0.25,1/4,-1.0,1.0986122886681098,-1.0986122886681098,0.25,C1,True,True,C1,True,False
ff1d218651cfd5a0460ed36e,50,train,0.25,1/4,3.0,-3.295836866004329,3.295836866004329,0.875,C1,False,True,C1,False,False
6f21c48d51a716a4ccb7942a,50,train,0.25,1/4,1.0,-1.0986122886681098,1.0986122886681098,0.25,C1,False,True,C1,False,False
c8106c84238116d4484641cd,50,train,0.25,1/4,-1.0,1.0986122886681098,-1.0986122886681098,-1.0,C2,False,True,C2,False,False
9ad9ed0e6c94321360bb8058,50,train,0.25,1/4,-3.0,3.295836866004329,-3.295836866004329,-0.75,C2,False,True,C2,False,False
2442d8719e1fc44405abf764,50,train,0.25,1/4,1.0,-1.0986122886681098,1.0986122886681098,0.625,C1,False,True,C1,False,False
55ee6d882997b3a05fb2c583,50,train,0.25,1/4,-1.0,1.0986122886681098,-1.0986122886681098,0.5,C1,True,True,C1,True,False
251d6729894d82b26b6b03ea,51,train,0.25,1/4,-1.0,1.0986122886681098,-1.0986122886681098,-0.375,C2,False,True,C2,False,False
dbaf577c145940b44597622a,51,train,0.25,1/4,1.0,-1.0986122886681098,1.0986122886681098,-0.375,C2,True,True,C2,True,False
8321c7cc6815c22f743ac61d,51,train,0.25,1/4,1.0,-1.0986122886681098,1.0986122886681098,-0.375,C2,True,True,C2,True,False
aa967ca256a824b71c074d32,51,train,0.25,1/4,3.0,-3.295836866004329,3.295836866004329,-0.125,C2,True,True,C2,True,False
bed6969e2824e8d8b700cdf6,51,train,0.25,1/4,-3.0,3.295836866004329,-3.295836866004329,-1.125,C2,False,True,C2,False,False
666b070d950f3f9b67200da3,51,train,0.25,1/4,-1.0,1.0986122886681098,-1.0986122886681098,-0.5,C2,False,True,C2,False,False
36a02bffb580d2239edf5459,51,train,0.25,1/4,-1.0,1.0986122886681098,-1.0986122886681098,-0.75,C2,False,True,C2,False,False
a964442236f22fe4ba6a368a,51,train,0.25,1/4,1.0,-1.0986122886681098,1.0986122886681098,0.0,C2,True,True,TIE,False,True
1f5a43865d772ea21cd20f1f,52,train,0.25,1/4,-1.0,1.0986122886681098,-1.0986122886681098,-1.0,C2,False,True,C2,False,False
a8a13d8112bc27db9741090c,52,train,0.25,1/4,1.0,-1.0986122886681098,1.0986122886681098,-0.875,C2,True,True,C2,True,False
036435a8539850483d0453c8,52,train,0.25,1/4,-1.0,1.0986122886681098,-1.0986122886681098,-1.0,C2,False,True,C2,False,False
07ea505a389a3733c15f07f3,52,train,0.25,1/4,1.0,-1.0986122886681098,1.0986122886681098,-0.625,C2,True,True,C2,True,False
54346a3e83fdcb84faa1015d,52,train,0.25,1/4,-1.0,1.0986122886681098,-1.0986122886681098,-0.75,C2,False,True,C2,False,False
97e7c324eddb737ffede57bd,52,train,0.25,1/4,1.0,-1.0986122886681098,1.0986122886681098,-0.375,C2,True,True,C2,True,False
0a267f9681f1d1d4e9f1ecbb,52,train,0.25,1/4,-1.0,1.0986122886681098,-1.0986122886681098,-0.75,C2,False,True,C2,False,False
c4dff726e2b41dcee14376e7,52,train,0.25,1/4,1.0,-1.0986122886681098,1.0986122886681098,-0.125,C2,True,True,C2,True,False
4c35d906af65448fbb36113a,53,train,0.25,1/4,1.0,-1.0986122886681098,1.0986122886681098,-0.875,C2,True,True,C2,True,False
5dac9d8945b268dd3ffc8e0f,53,train,0.25,1/4,-1.0,1.0986122886681098,-1.0986122886681098,-0.875,C2,False,True,C2,False,False
f8ea9f83bb22154680e14cb0,53,train,0.25,1/4,1.0,-1.0986122886681098,1.0986122886681098,-0.625,C2,True,True,C2,True,False
51bc4a1617df456d4c0eadba,53,train,0.25,1/4,-1.0,1.0986122886681098,-1.0986122886681098,-0.75,C2,False,True,C2,False,False
31ddea373be68f90dd0d8a27,53,train,0.25,1/4,1.0,-1.0986122886681098,1.0986122886681098,-0.625,C2,True,True,C2,True,False
dfaaa542c9ff74f041b65800,53,train,0.25,1/4,-1.0,1.0986122886681098,-1.0986122886681098,-0.625,C2,False,True,C2,False,False
c588706cb74c4815717fe1e9,53,train,0.25,1/4,1.0,-1.0986122886681098,1.0986122886681098,-0.5,C2,True,True,C2,True,False
2883676422c920ce5153ce72,53,train,0.25,1/4,-1.0,1.0986122886681098,-1.0986122886681098,-0.75,C2,False,True,C2,False,False
f87be05b5d10ac5eeb5da2ee,54,train,0.25,1/4,2.0,-2.1972245773362196,2.1972245773362196,-0.25,C2,True,True,C2,True,False
ccb06247d337e523a0aca24a,54,train,0.25,1/4,2.0,-2.1972245773362196,2.1972245773362196,-0.375,C2,True,True,C2,True,False
ad5b31f8999970d9f09ddb67,54,train,0.25,1/4,0.0,-0.0,0.0,-0.875,C2,,False,C2,False,False
9c919044e0d69b564c43f002,54,train,0.25,1/4,0.0,-0.0,0.0,-0.75,C2,,False,C2,False,False
70a08ec1fa1ba99766f1169f,54,train,0.25,1/4,0.0,-0.0,0.0,-0.875,C2,,False,C2,False,False
43374cbf4ff34866882e37bb,54,train,0.25,1/4,0.0,-0.0,0.0,-1.125,C2,,False,C2,False,False
e2d50b62985b2f9cfb9101b0,54,train,0.25,1/4,-2.0,2.1972245773362196,-2.1972245773362196,-1.625,C2,False,True,C2,False,False
5120334be504d83ddaa87228,54,train,0.25,1/4,-2.0,2.1972245773362196,-2.1972245773362196,-1.5,C2,False,True,C2,False,False
1303b944c776d7a7ecb50424,55,train,0.25,1/4,2.0,-2.1972245773362196,2.1972245773362196,0.25,C1,False,True,C1,False,False
8ee8255ed5e69b4bb656afb8,55,train,0.25,1/4,0.0,-0.0,0.0,-0.125,C1,,False,C2,False,True
13ddc142b5f1775280f98fce,55,train,0.25,1/4,2.0,-2.1972245773362196,2.1972245773362196,0.125,C1,False,True,C1,False,False
49f38b5c3cf33d4e01a33cc5,55,train,0.25,1/4,0.0,-0.0,0.0,-0.125,C2,,False,C2,False,False
d2ed68ff5bc62f8b922abdf1,55,train,0.25,1/4,0.0,-0.0,0.0,-0.5,C2,,False,C2,False,False
af316ebc021bcb4c36b01e45,55,train,0.25,1/4,-2.0,2.1972245773362196,-2.1972245773362196,-0.625,C2,False,True,C2,False,False
384d42365c78cd7f69e986a1,55,train,0.25,1/4,0.0,-0.0,0.0,-0.625,C2,,False,C2,False,False
2c752d2577c68a242d3c1a6e,55,train,0.25,1/4,-2.0,2.1972245773362196,-2.1972245773362196,-0.5,C2,False,True,C2,False,False
0c076efbb0535bd2caac1554,56,train,0.25,1/4,2.0,-2.1972245773362196,2.1972245773362196,-0.5,C2,True,True,C2,True,False
452a864fee950f4b3e828315,56,train,0.25,1/4,0.0,-0.0,0.0,-0.625,C2,,False,C2,False,False
7687953dee7dcd7f0ad1863c,56,train,0.25,1/4,0.0,-0.0,0.0,-1.0,C2,,False,C2,False,False
58c3f6d3e838fff5f5caa3d7,56,train,0.25,1/4,-2.0,2.1972245773362196,-2.1972245773362196,-0.875,C2,False,True,C2,False,False
fbe5fe8e3b3bbf17456bf1df,56,train,0.25,1/4,2.0,-2.1972245773362196,2.1972245773362196,-0.5,C2,True,True,C2,True,False
068636210769745292d341e1,56,train,0.25,1/4,0.0,-0.0,0.0,-1.0,C2,,False,C2,False,False
57e368195b741c50099312f7,56,train,0.25,1/4,0.0,-0.0,0.0,-1.125,C2,,False,C2,False,False
71fe095349f67a356b9f363f,56,train,0.25,1/4,-2.0,2.1972245773362196,-2.1972245773362196,-1.125,C2,False,True,C2,False,False
90c71a6113e75f6eea1c9dcc,57,train,0.25,1/4,-1.0,1.0986122886681098,-1.0986122886681098,-1.25,C2,False,True,C2,False,False
ded387ca89fffaf08a45de54,57,train,0.25,1/4,-1.0,1.0986122886681098,-1.0986122886681098,-1.125,C2,False,True,C2,False,False
436b02da4ecf1c3bedb0fb92,57,train,0.25,1/4,-1.0,1.0986122886681098,-1.0986122886681098,-1.125,C2,False,True,C2,False,False
8752a2239eb807216cce4624,57,train,0.25,1/4,-1.0,1.0986122886681098,-1.0986122886681098,-0.75,C2,False,True,C2,False,False
b386c674b4c4835ba1fa230a,57,train,0.25,1/4,1.0,-1.0986122886681098,1.0986122886681098,-0.375,C2,True,True,C2,True,False
7dc029bbe62a9031c1561535,57,train,0.25,1/4,1.0,-1.0986122886681098,1.0986122886681098,-0.375,C2,True,True,C2,True,False
36485c65f9cea86eba38c5a4,57,train,0.25,1/4,1.0,-1.0986122886681098,1.0986122886681098,-0.375,C2,True,True,C2,True,False
044ed61dc285dd39370329a2,57,train,0.25,1/4,1.0,-1.0986122886681098,1.0986122886681098,0.125,C1,False,True,C1,False,False
242df9bfb9cda11a7fb43985,58,train,0.25,1/4,-2.0,2.1972245773362196,-2.1972245773362196,-1.625,C2,False,True,C2,False,False
437327c9a4090d95bdb8db88,58,train,0.25,1/4,-2.0,2.1972245773362196,-2.1972245773362196,-1.25,C2,False,True,C2,False,False
f9d3cbcddbbfa47cc7449acd,58,train,0.25,1/4,0.0,-0.0,0.0,-1.0,C2,,False,C2,False,False
38d63acffdf04b73f0a007f4,58,train,0.25,1/4,0.0,-0.0,0.0,-0.5,C2,,False,C2,False,False
e86fafae05535a787b857a49,58,train,0.25,1/4,0.0,-0.0,0.0,-0.625,C2,,False,C2,False,False
d9fdbbef2e76a572600fe8c2,58,train,0.25,1/4,0.0,-0.0,0.0,-0.5,C2,,False,C2,False,False
bd0db2f142b780bfd29f51d1,58,train,0.25,1/4,2.0,-2.1972245773362196,2.1972245773362196,-0.125,C2,True,True,C2,True,False
758b68d63863ee5b7e5d1673,58,train,0.25,1/4,2.0,-2.1972245773362196,2.1972245773362196,0.625,C1,False,True,C1,False,False
35fe4188d123ab24f73a450f,59,train,0.25,1/4,0.0,-0.0,0.0,-1.25,C2,,False,C2,False,False
ff82bbd2e403a29d7e24fded,59,train,0.25,1/4,-2.0,2.1972245773362196,-2.1972245773362196,-1.125,C2,False,True,C2,False,False
a0e5de64c80f55bd597eb72d,59,train,0.25,1/4,0.0,-0.0,0.0,-1.0,C2,,False,C2,False,False
e228871122851383fcae858c,59,train,0.25,1/4,-2.0,2.1972245773362196,-2.1972245773362196,-1.0,C2,False,True,C2,False,False
5ed8ddf94f6deb3ec5c6799b,59,train,0.25,1/4,2.0,-2.1972245773362196,2.1972245773362196,-0.25,C2,True,True,C2,True,False
9b47892a875f3069f4d718fe,59,train,0.25,1/4,0.0,-0.0,0.0,-0.25,C2,,False,C2,False,False
0673423f8b9c76ef0a2048ba,59,train,0.25,1/4,2.0,-2.1972245773362196,2.1972245773362196,0.0,C1,False,True,TIE,False,True
79187ecbccc84efa7a567f9d,59,train,0.25,1/4,0.0,-0.0,0.0,0.25,C1,,False,C1,False,False
d56d4d571e7b9afa01083af4,60,train,0.25,1/4,-1.0,1.0986122886681098,-1.0986122886681098,-0.875,C2,False,True,C2,False,False
c40ddd366e3841ce99a7cf6a,60,train,0.25,1/4,-1.0,1.0986122886681098,-1.0986122886681098,-0.375,C2,False,True,C2,False,False
6b77daff62eb1f78cfd9e5e1,60,train,0.25,1/4,1.0,-1.0986122886681098,1.0986122886681098,-0.375,C2,True,True,C2,True,False
04253715f3bb9cb6430c3d91,60,train,0.25,1/4,1.0,-1.0986122886681098,1.0986122886681098,0.0,C1,False,True,TIE,False,True
31f5c9e1326b88c63758317c,60,train,0.25,1/4,-1.0,1.0986122886681098,-1.0986122886681098,-0.25,C2,False,True,C2,False,False
b6bbad4a1d3c10fb822df298,60,train,0.25,1/4,-1.0,1.0986122886681098,-1.0986122886681098,0.375,C1,True,True,C1,True,False
4f0fce2bd42d39c9af6b9d92,60,train,0.25,1/4,1.0,-1.0986122886681098,1.0986122886681098,0.375,C1,False,True,C1,False,False
79f858165cab1dc709619bb2,60,train,0.25,1/4,1.0,-1.0986122886681098,1.0986122886681098,1.0,C1,False,True,C1,False,False
3b1279dda2da13fa1919bfdb,61,train,0.25,1/4,1.0,-1.0986122886681098,1.0986122886681098,-0.5,C2,True,True,C2,True,False
0f8f35e27be38ab5bfc41d0f,61,train,0.25,1/4,-1.0,1.0986122886681098,-1.0986122886681098,-0.625,C2,False,True,C2,False,False
3df67f19a11c30c59bbe0601,61,train,0.25,1/4,1.0,-1.0986122886681098,1.0986122886681098,-0.375,C2,True,True,C2,True,False
3dafb5ef3e7087d6e501a677,61,train,0.25,1/4,-1.0,1.0986122886681098,-1.0986122886681098,-0.625,C2,False,True,C2,False,False
faa1d2fde59e9f302a08631a,61,train,0.25,1/4,1.0,-1.0986122886681098,1.0986122886681098,-0.375,C2,True,True,C2,True,False
9165a46aec7f218f3465542a,61,train,0.25,1/4,-1.0,1.0986122886681098,-1.0986122886681098,-0.5,C2,False,True,C2,False,False
0f9ec73f42657a03f6ae75bd,61,train,0.25,1/4,1.0,-1.0986122886681098,1.0986122886681098,-0.375,C2,True,True,C2,True,False
fcff493aae0b9c83a1cb700d,61,train,0.25,1/4,-1.0,1.0986122886681098,-1.0986122886681098,-0.375,C2,False,True,C2,False,False
5904caf340a3f8ad885d6858,62,train,0.25,1/4,-2.0,2.1972245773362196,-2.1972245773362196,-1.0,C2,False,True,C2,False,False
f9997c4350e884e5b5895d20,62,train,0.25,1/4,0.0,-0.0,0.0,-0.25,C2,,False,C2,False,False
49c4b06122a960fa9fde0783,62,train,0.25,1/4,0.0,-0.0,0.0,-0.125,C2,,False,C2,False,False
22709f2313ba6d7ab74ddfb4,62,train,0.25,1/4,2.0,-2.1972245773362196,2.1972245773362196,0.375,C1,False,True,C1,False,False
cf2f9f4cba3050fc9466ee50,62,train,0.25,1/4,-2.0,2.1972245773362196,-2.1972245773362196,0.125,C1,True,True,C1,True,False
0c5ddec953fe8852bf4c3e88,62,train,0.25,1/4,0.0,-0.0,0.0,0.625,C1,,False,C1,False,False
eadec09083086a670df4da9c,62,train,0.25,1/4,0.0,-0.0,0.0,0.625,C1,,False,C1,False,False
10efc668c01d1dcc23ad3596,62,train,0.25,1/4,2.0,-2.1972245773362196,2.1972245773362196,1.5,C1,False,True,C1,False,False
0f5b60215f4e28c2a0c0bed5,63,train,0.25,1/4,0.0,-0.0,0.0,-0.625,C2,,False,C2,False,False
b09d4deb6a4a9283a5b68fc9,63,train,0.25,1/4,-2.0,2.1972245773362196,-2.1972245773362196,-0.75,C2,False,True,C2,False,False
10691743f2f97db7b72e5102,63,train,0.25,1/4,2.0,-2.1972245773362196,2.1972245773362196,-0.625,C2,True,True,C2,True,False
2017c67e07cef91a3dc16112,63,train,0.25,1/4,0.0,-0.0,0.0,-0.75,C2,,False,C2,False,False
60788559030d9889ddcaaccc,63,train,0.25,1/4,0.0,-0.0,0.0,-0.5,C2,,False,C2,False,False
83f79845f3f2a15038e8da3f,63,train,0.25,1/4,-2.0,2.1972245773362196,-2.1972245773362196,-0.375,C2,False,True,C2,False,False
dff283cf410d4f9a1d50175e,63,train,0.25,1/4,2.0,-2.1972245773362196,2.1972245773362196,-0.25,C2,True,True,C2,True,False
c16df713fbd008d58785e39b,63,train,0.25,1/4,0.0,-0.0,0.0,-0.125,C2,,False,C2,False,False
507ea9d300091fd58040b84d,0,test,0.35,7/20,2.0,-1.238078416812447,1.238078416812447,-0.25,C2,True,True,C2,True,False
456e14ae923d6d005e59c9e3,0,test,0.35,7/20,0.0,-0.0,0.0,-0.5,C2,,False,C2,False,False
74c5a9a6f6bb4226bdeabfc8,0,test,0.35,7/20,2.0,-1.238078416812447,1.238078416812447,-0.375,C2,True,True,C2,True,False
b7a2dc62b7944a3645bc2e79,0,test,0.35,7/20,0.0,-0.0,0.0,-0.875,C2,,False,C2,False,False
ebc654ded6f8ddbafe549541,0,test,0.35,7/20,0.0,-0.0,0.0,-1.125,C2,,False,C2,False,False
64224a3adf05b44feb2ace3f,0,test,0.35,7/20,-2.0,1.238078416812447,-1.238078416812447,-1.0,C2,False,True,C2,False,False
c19210e441c27d1cc2156567,0,test,0.35,7/20,0.0,-0.0,0.0,-1.25,C2,,False,C2,False,False
7b587e2e259d08361ff02f27,0,test,0.35,7/20,-2.0,1.238078416812447,-1.238078416812447,-1.5,C2,False,True,C2,False,False
83e0434aecc92cb5235cdaac,1,test,0.35,7/20,1.0,-0.6190392084062235,0.6190392084062235,0.0,C1,False,True,TIE,False,True
b7453ea5e3c3b855c4035048,1,test,0.35,7/20,1.0,-0.6190392084062235,0.6190392084062235,0.0,C1,False,True,TIE,False,True
bac943ad684be6ceb6d1cfb4,1,test,0.35,7/20,1.0,-0.6190392084062235,0.6190392084062235,0.125,C1,False,True,C1,False,False
0e3ded77a85a3730862073d7,1,test,0.35,7/20,1.0,-0.6190392084062235,0.6190392084062235,0.25,C1,False,True,C1,False,False
6b4909a237981e1a0ca89595,1,test,0.35,7/20,-1.0,0.6190392084062235,-0.6190392084062235,-0.75,C2,False,True,C2,False,False
36b1ad12e82fbf5b6b331c6b,1,test,0.35,7/20,-1.0,0.6190392084062235,-0.6190392084062235,-0.5,C2,False,True,C2,False,False
19649c0d83de68cc7462d2a3,1,test,0.35,7/20,-1.0,0.6190392084062235,-0.6190392084062235,-0.5,C2,False,True,C2,False,False
3b827d41cb061182992eca49,1,test,0.35,7/20,-1.0,0.6190392084062235,-0.6190392084062235,-0.125,C2,False,True,C2,False,False
238e5f374137880d2c37fd04,2,test,0.35,7/20,0.0,-0.0,0.0,-0.75,C2,,False,C2,False,False
62469a31f9660d7f9d35ba04,2,test,0.35,7/20,0.0,-0.0,0.0,-0.625,C2,,False,C2,False,False
73e7916a2fd37336b364541b,2,test,0.35,7/20,0.0,-0.0,0.0,-0.625,C2,,False,C2,False,False
3fe55d64ba645609c6ad7235,2,test,0.35,7/20,0.0,-0.0,0.0,-0.5,C2,,False,C2,False,False
270531f05e1a5c6b3baf1329,2,test,0.35,7/20,0.0,-0.0,0.0,-0.5,C2,,False,C2,False,False
26e9fdb65d97e65e88ee46cc,2,test,0.35,7/20,0.0,-0.0,0.0,-0.25,C2,,False,C2,False,False
1977e005d3dfa048e5f01781,2,test,0.35,7/20,0.0,-0.0,0.0,-0.375,C2,,False,C2,False,False
5f31aadfeafd88c4a88014dd,2,test,0.35,7/20,0.0,-0.0,0.0,0.0,C1,,False,TIE,False,True
992a61e3bb041311d529f003,3,test,0.35,7/20,0.0,-0.0,0.0,-0.75,C2,,False,C2,False,False
ef2b74bcd91c5dff18e41017,3,test,0.35,7/20,-2.0,1.238078416812447,-1.238078416812447,-0.625,C2,False,True,C2,False,False
380095a6424daf44e6e56264,3,test,0.35,7/20,2.0,-1.238078416812447,1.238078416812447,-0.375,C2,True,True,C2,True,False
64b3a0f03368246934c254e0,3,test,0.35,7/20,0.0,-0.0,0.0,-0.625,C2,,False,C2,False,False
0862b4d5b6b8086a4e92caaa,3,test,0.35,7/20,0.0,-0.0,0.0,-0.25,C2,,False,C2,False,False
4d7ba166ef82b9a04089bae3,3,test,0.35,7/20,-2.0,1.238078416812447,-1.238078416812447,-0.25,C2,False,True,C2,False,False
37b6ea66682edb13c287a7b5,3,test,0.35,7/20,2.0,-1.238078416812447,1.238078416812447,-0.125,C2,True,True,C2,True,False
340dd36976a70eeb3554f911,3,test,0.35,7/20,0.0,-0.0,0.0,0.0,C1,,False,TIE,False,True
96060ec821f092a3349269f3,4,test,0.35,7/20,0.0,-0.0,0.0,-0.125,C2,,False,C2,False,False
e1dafb3b8294e1920daea040,4,test,0.35,7/20,0.0,-0.0,0.0,0.125,C1,,False,C1,False,False
ee30adc5df5bd8eca8602a12,4,test,0.35,7/20,2.0,-1.238078416812447,1.238078416812447,0.25,C1,False,True,C1,False,False
aa0ee0c5c9052d402f16e199,4,test,0.35,7/20,2.0,-1.238078416812447,1.238078416812447,0.25,C1,False,True,C1,False,False
3fde3b2abe8949e48fccf891,4,test,0.35,7/20,-2.0,1.238078416812447,-1.238078416812447,-1.25,C2,False,True,C2,False,False
95d96cfdf03d566373689eac,4,test,0.35,7/20,-2.0,1.238078416812447,-1.238078416812447,-0.375,C2,False,True,C2,False,False
1d125e7c88b3a3d91eef8409,4,test,0.35,7/20,0.0,-0.0,0.0,-0.5,C2,,False,C2,False,False
38535fc7e7497a8f5bd10ae9,4,test,0.35,7/20,0.0,-0.0,0.0,0.625,C1,,False,C1,False,False
77463356ab0307ba8a6cbfcb,5,train,0.35,7/20,0.0,-0.0,0.0,-0.875,C2,,False,C2,False,False
81f85a3ea486560bec4252a2,5,train,0.35,7/20,-2.0,1.238078416812447,-1.238078416812447,-0.875,C2,False,True,C2,False,False
14ddc9ff31a7afc5b76440f3,5,train,0.35,7/20,2.0,-1.238078416812447,1.238078416812447,-0.625,C2,True,True,C2,True,False
d1f5d8f5547f3092b4baf7d7,5,train,0.35,7/20,0.0,-0.0,0.0,-0.875,C2,,False,C2,False,False
86d78e36009c0ccb69e7f92b,5,train,0.35,7/20,0.0,-0.0,0.0,-0.625,C2,,False,C2,False,False
c83cafdf3b7f249daf7070f9,5,train,0.35,7/20,-2.0,1.238078416812447,-1.238078416812447,-0.5,C2,False,True,C2,False,False
0891c6b816a7a7bb60bffaba,5,train,0.35,7/20,2.0,-1.238078416812447,1.238078416812447,-0.25,C2,True,True,C2,True,False
f2e1cda29169472948625e20,5,train,0.35,7/20,0.0,-0.0,0.0,-0.25,C2,,False,C2,False,False
ed8d6d60547ab212364f32dd,6,test,0.35,7/20,-3.0,1.8571176252186705,-1.8571176252186705,-1.5,C2,False,True,C2,False,False
d8127babf14ad848e6f61fe6,6,test,0.35,7/20,-1.0,0.6190392084062235,-0.6190392084062235,-0.75,C2,False,True,C2,False,False
a52415372042906980016f30,6,test,0.35,7/20,-1.0,0.6190392084062235,-0.6190392084062235,-0.75,C2,False,True,C2,False,False
bad83b816ac7649ec51d3818,6,test,0.35,7/20,1.0,-0.6190392084062235,0.6190392084062235,0.25,C1,False,True,C1,False,False
56b369852d7471869b858d58,6,test,0.35,7/20,-1.0,0.6190392084062235,-0.6190392084062235,-0.125,C2,False,True,C2,False,False
5523587179542c9587f52edf,6,test,0.35,7/20,1.0,-0.6190392084062235,0.6190392084062235,1.125,C1,False,True,C1,False,False
5e88bf374db597186080fff3,6,test,0.35,7/20,1.0,-0.6190392084062235,0.6190392084062235,0.625,C1,False,True,C1,False,False
41e4b7097fb9acff1c8e28cc,6,test,0.35,7/20,3.0,-1.8571176252186705,1.8571176252186705,2.0,C1,False,True,C1,False,False
e4a11f04da7a15c2096c1567,7,train,0.35,7/20,0.0,-0.0,0.0,-0.375,C2,,False,C2,False,False
a2cfff5e95cf891a82646201,7,train,0.35,7/20,0.0,-0.0,0.0,-0.5,C2,,False,C2,False,False
ba294996635bfded35be56eb,7,train,0.35,7/20,0.0,-0.0,0.0,-0.625,C2,,False,C2,False,False
bddc33cb69870bcc77769cd7,7,train,0.35,7/20,0.0,-0.0,0.0,-0.625,C2,,False,C2,False,False
b88607d6b0774486cdfc2b5d,7,train,0.35,7/20,0.0,-0.0,0.0,-0.875,C2,,False,C2,False,False
048770db2d1dffcc0e0f67cd,7,train,0.35,7/20,0.0,-0.0,0.0,-0.625,C2,,False,C2,False,False
c8b55187e018262231dd7fd7,7,train,0.35,7/20,0.0,-0.0,0.0,-0.75,C2,,False,C2,False,False
53c3711b72035f7701605012,7,train,0.35,7/20,0.0,-0.0,0.0,-0.25,C2,,False,C2,False,False
e6f1ffce58df18051e8146a6,8,train,0.35,7/20,-1.0,0.6190392084062235,-0.6190392084062235,-1.375,C2,False,True,C2,False,False
930f4e40b6be95d1f6f27393,8,train,0.35,7/20,-3.0,1.8571176252186705,-1.8571176252186705,-1.25,C2,False,True,C2,False,False
0b20010695625fca9a3e55cb,8,train,0.35,7/20,1.0,-0.6190392084062235,0.6190392084062235,-1.0,C2,True,True,C2,True,False
b42580d672f340385a08d47d,8,train,0.35,7/20,-1.0,0.6190392084062235,-0.6190392084062235,-0.875,C2,False,True,C2,False,False
6370bc7a4dbdda406d67fa19,8,train,0.35,7/20,1.0,-0.6190392084062235,0.6190392084062235,-0.125,C2,True,True,C2,True,False
128ee7ed9f23c5ef8bc7069e,8,train,0.35,7/20,-1.0,0.6190392084062235,-0.6190392084062235,-0.25,C2,False,True,C2,False,False
9d740a4431f5f3bdf1d196fe,8,train,0.35,7/20,3.0,-1.8571176252186705,1.8571176252186705,0.25,C1,False,True,C1,False,False
4d61ba87896ac66496ed505c,8,train,0.35,7/20,1.0,-0.6190392084062235,0.6190392084062235,0.25,C1,False,True,C1,False,False
772f29a2af9747d7dc2584d8,9,test,0.35,7/20,1.0,-0.6190392084062235,0.6190392084062235,-0.5,C2,True,True,C2,True,False
e232e1b12bdad266a7d8de43,9,test,0.35,7/20,-1.0,0.6190392084062235,-0.6190392084062235,-0.625,C2,False,True,C2,False,False
c5f4b18eb54357ffa988345e,9,test,0.35,7/20,1.0,-0.6190392084062235,0.6190392084062235,-0.625,C2,True,True,C2,True,False
d6a55d5deed502f760b3dd32,9,test,0.35,7/20,-1.0,0.6190392084062235,-0.6190392084062235,-0.625,C2,False,True,C2,False,False
677b0f93e7b8133c61db0b4e,9,test,0.35,7/20,1.0,-0.6190392084062235,0.6190392084062235,-0.5,C2,True,True,C2,True,False
cca5f6e701102bff74642396,9,test,0.35,7/20,-1.0,0.6190392084062235,-0.6190392084062235,-0.625,C2,False,True,C2,False,False
42ceb9586e340c46136e52c1,9,test,0.35,7/20,1.0,-0.6190392084062235,0.6190392084062235,-0.375,C2,True,True,C2,True,False
ca299e347efa5a932a5d6699,9,test,0.35,7/20,-1.0,0.6190392084062235,-0.6190392084062235,-0.375,C2,False,True,C2,False,False
77637e1ebbcad866cd2e4ddb,10,test,0.35,7/20,1.0,-0.6190392084062235,0.6190392084062235,-0.125,C2,True,True,C2,True,False
a2b0a6a4e4b64de55781f23e,10,test,0.35,7/20,-1.0,0.6190392084062235,-0.6190392084062235,-0.375,C2,False,True,C2,False,False
3e0a6c885ac755cecf9387f4,10,test,0.35,7/20,1.0,-0.6190392084062235,0.6190392084062235,-0.375,C2,True,True,C2,True,False
3646342038e272389794963e,10,test,0.35,7/20,-1.0,0.6190392084062235,-0.6190392084062235,-0.625,C2,False,True,C2,False,False
c63609fadb0080e9d8af6248,10,test,0.35,7/20,1.0,-0.6190392084062235,0.6190392084062235,-0.375,C2,True,True,C2,True,False
b35670c40b5e340a00ba3ebf,10,test,0.35,7/20,-1.0,0.6190392084062235,-0.6190392084062235,-0.625,C2,False,True,C2,False,False
7dea659d40ae08c078e96998,10,test,0.35,7/20,1.0,-0.6190392084062235,0.6190392084062235,-0.5,C2,True,True,C2,True,False
3f39208d39dd5cfa1c338b28,10,test,0.35,7/20,-1.0,0.6190392084062235,-0.6190392084062235,-0.5,C2,False,True,C2,False,False
56d363b1ad1d3be9a092110a,11,train,0.35,7/20,0.0,-0.0,0.0,-0.875,C2,,False,C2,False,False
97045ce0c3c9b89781678368,11,train,0.35,7/20,0.0,-0.0,0.0,-0.75,C2,,False,C2,False,False
b82e795730620aeeda0a3960,11,train,0.35,7/20,-2.0,1.238078416812447,-1.238078416812447,-1.25,C2,False,True,C2,False,False
ce76466e495fce5b5ac35b7d,11,train,0.35,7/20,-2.0,1.238078416812447,-1.238078416812447,-0.5,C2,False,True,C2,False,False
cee364159bf8398bcf45fe97,11,train,0.35,7/20,2.0,-1.238078416812447,1.238078416812447,-0.125,C2,True,True,C2,True,False
74a7b54c097c831861eca967,11,train,0.35,7/20,2.0,-1.238078416812447,1.238078416812447,-0.25,C2,True,True,C2,True,False
d424407a81d6eae3edb6507e,11,train,0.35,7/20,0.0,-0.0,0.0,-0.75,C2,,False,C2,False,False
09549bbee8e379f8c166bf8f,11,train,0.35,7/20,0.0,-0.0,0.0,0.0,C2,,False,TIE,False,True
9e67884748ea3d5a8b759dc6,12,train,0.35,7/20,0.0,-0.0,0.0,-0.5,C2,,False,C2,False,False
029885ea99697bbfa7909c06,12,train,0.35,7/20,2.0,-1.238078416812447,1.238078416812447,-0.375,C2,True,True,C2,True,False
29acc5dd1145dc8cd53b605a,12,train,0.35,7/20,-2.0,1.238078416812447,-1.238078416812447,-0.625,C2,False,True,C2,False,False
e7d642607c837846484af0dd,12,train,0.35,7/20,0.0,-0.0,0.0,-0.125,C1,,False,C2,False,True
7c96357b007fb5353d48bb5b,12,train,0.35,7/20,0.0,-0.0,0.0,-0.5,C2,,False,C2,False,False
85c967c402234fd7c7f926b0,12,train,0.35,7/20,2.0,-1.238078416812447,1.238078416812447,-0.125,C2,True,True,C2,True,False
bbaf86efd201c7e0a2b6ba64,12,train,0.35,7/20,-2.0,1.238078416812447,-1.238078416812447,-1.125,C2,False,True,C2,False,False
3b4f459dd33ac02efc527d29,12,train,0.35,7/20,0.0,-0.0,0.0,0.125,C1,,False,C1,False,False
98de2f6f2bd2fd8650a3907e,13,train,0.35,7/20,3.0,-1.8571176252186705,1.8571176252186705,-0.125,C2,True,True,C2,True,False
b79788cafc2416c3a5349ea6,13,train,0.35,7/20,1.0,-0.6190392084062235,0.6190392084062235,-0.75,C2,True,True,C2,True,False
7a1d408e3104e058d27d4c08,13,train,0.35,7/20,1.0,-0.6190392084062235,0.6190392084062235,-0.75,C2,True,True,C2,True,False
db178cba11b27405a2d53f25,13,train,0.35,7/20,-1.0,0.6190392084062235,-0.6190392084062235,-1.125,C2,False,True,C2,False,False
dac8724a658d64f4a6b8660d,13,train,0.35,7/20,1.0,-0.6190392084062235,0.6190392084062235,-1.125,C2,True,True,C2,True,False
d3352894793014d3a2b81e18,13,train,0.35,7/20,-1.0,0.6190392084062235,-0.6190392084062235,-1.5,C2,False,True,C2,False,False
a24a10dac914ef0903005a59,13,train,0.35,7/20,-1.0,0.6190392084062235,-0.6190392084062235,-1.375,C2,False,True,C2,False,False
9cb61b8f03edffd79b79bfd8,13,train,0.35,7/20,-3.0,1.8571176252186705,-1.8571176252186705,-2.0,C2,False,True,C2,False,False
8beb07f822655410edecf645,14,train,0.35,7/20,-1.0,0.6190392084062235,-0.6190392084062235,-0.875,C2,False,True,C2,False,False
0ef39584fa6da890dd59538e,14,train,0.35,7/20,-3.0,1.8571176252186705,-1.8571176252186705,-0.375,C2,False,True,C2,False,False
be6cb2b0a6cbc32aa370c17a,14,train,0.35,7/20,1.0,-0.6190392084062235,0.6190392084062235,-0.125,C2,True,True,C2,True,False
5c0f2ad4c3fb11f1b85cba13,14,train,0.35,7/20,-1.0,0.6190392084062235,-0.6190392084062235,0.0,C2,False,True,TIE,False,True
374536a895b0ec55de57cb9d,14,train,0.35,7/20,1.0,-0.6190392084062235,0.6190392084062235,0.625,C1,False,True,C1,False,False
67cbbb7b97c0f0588bd7e870,14,train,0.35,7/20,-1.0,0.6190392084062235,-0.6190392084062235,0.5,C1,True,True,C1,True,False
d3c2bf05d70d9f8635a06ba6,14,train,0.35,7/20,3.0,-1.8571176252186705,1.8571176252186705,1.0,C1,False,True,C1,False,False
4b6727046790fcc274d0d5e2,14,train,0.35,7/20,1.0,-0.6190392084062235,0.6190392084062235,1.125,C1,False,True,C1,False,False
b53e1630882842f1c662f381,15,train,0.35,7/20,-1.0,0.6190392084062235,-0.6190392084062235,-1.0,C2,False,True,C2,False,False
bf2d41b7f2b2ed28fe52dd12,15,train,0.35,7/20,-1.0,0.6190392084062235,-0.6190392084062235,-1.0,C2,False,True,C2,False,False
6ad443c244f8d72278add498,15,train,0.35,7/20,1.0,-0.6190392084062235,0.6190392084062235,-0.75,C2,True,True,C2,True,False
08e105e947a59f253c16179d,15,train,0.35,7/20,1.0,-0.6190392084062235,0.6190392084062235,-0.625,C2,True,True,C2,True,False
8609adccfcf27d53be804358,15,train,0.35,7/20,-1.0,0.6190392084062235,-0.6190392084062235,-0.625,C2,False,True,C2,False,False
a6e654857d85435b854717ae,15,train,0.35,7/20,-1.0,0.6190392084062235,-0.6190392084062235,-0.125,C2,False,True,C2,False,False
c66f0f41fb1c202abdd7f9ac,15,train,0.35,7/20,1.0,-0.6190392084062235,0.6190392084062235,-0.125,C1,False,True,C2,True,True
f44a167e0fab9d7754fb7ee8,15,train,0.35,7/20,1.0,-0.6190392084062235,0.6190392084062235,0.375,C1,False,True,C1,False,False
e1d3a0df78d0414b8d7f09a5,16,train,0.35,7/20,-1.0,0.6190392084062235,-0.6190392084062235,-1.625,C2,False,True,C2,False,False
431c015243452c1d92910126,16,train,0.35,7/20,-3.0,1.8571176252186705,-1.8571176252186705,-1.0,C2,False,True,C2,False,False
7722975c53585f7ef14e242f,16,train,0.35,7/20,1.0,-0.6190392084062235,0.6190392084062235,-0.875,C2,True,True,C2,True,False
7eb0ffe155fc5e27e1e01a1d,16,train,0.35,7/20,-1.0,0.6190392084062235,-0.6190392084062235,-0.625,C2,False,True,C2,False,False
0118422916ce24f832cf1a09,16,train,0.35,7/20,1.0,-0.6190392084062235,0.6190392084062235,-0.125,C1,False,True,C2,True,True
9561f027eac5fe27843c73c4,16,train,0.35,7/20,-1.0,0.6190392084062235,-0.6190392084062235,0.125,C1,True,True,C1,True,False
0ba9c49f9a2a6f0352373221,16,train,0.35,7/20,3.0,-1.8571176252186705,1.8571176252186705,0.5,C1,False,True,C1,False,False
a65f453eb93fd246cb944d96,16,train,0.35,7/20,1.0,-0.6190392084062235,0.6190392084062235,0.875,C1,False,True,C1,False,False
5e2ca730a36258b7d21afb61,17,train,0.35,7/20,1.0,-0.6190392084062235,0.6190392084062235,-0.125,C2,True,True,C2,True,False
21c304c077628ba1f1e0b1d4,17,train,0.35,7/20,1.0,-0.6190392084062235,0.6190392084062235,-0.125,C2,True,True,C2,True,False
4570bddd039c71916a104ccc,17,train,0.35,7/20,1.0,-0.6190392084062235,0.6190392084062235,-0.5,C2,True,True,C2,True,False
6e448e55943f55628c90e3e5,17,train,0.35,7/20,1.0,-0.6190392084062235,0.6190392084062235,-0.125,C2,True,True,C2,True,False
80591d74bfb153b097b65981,17,train,0.35,7/20,-1.0,0.6190392084062235,-0.6190392084062235,-0.875,C2,False,True,C2,False,False
ee6ee893647b1dec93c7f0e7,17,train,0.35,7/20,-1.0,0.6190392084062235,-0.6190392084062235,-0.5,C2,False,True,C2,False,False
368eb7f41676bd9036affa53,17,train,0.35,7/20,-1.0,0.6190392084062235,-0.6190392084062235,-0.75,C2,False,True,C2,False,False
ab8b103caaa619e1280a5b08,17,train,0.35,7/20,-1.0,0.6190392084062235,-0.6190392084062235,-0.25,C2,False,True,C2,False,False
bfb9700ebc83d8008970548e,18,train,0.35,7/20,0.0,-0.0,0.0,-0.625,C2,,False,C2,False,False
34560a33878e60e0d9f7599b,18,train,0.35,7/20,-2.0,1.238078416812447,-1.238078416812447,-0.625,C2,False,True,C2,False,False
e75a44343999f751dfd6bc06,18,train,0.35,7/20,2.0,-1.238078416812447,1.238078416812447,-0.125,C2,True,True,C2,True,False
a40224220f7f847352f47842,18,train,0.35,7/20,0.0,-0.0,0.0,-0.625,C2,,False,C2,False,False
236113741a4fc9b6ba887c2e,18,train,0.35,7/20,0.0,-0.0,0.0,-0.5,C2,,False,C2,False,False
02e8a12893443b5165d3aa5e,18,train,0.35,7/20,-2.0,1.238078416812447,-1.238078416812447,-0.75,C2,False,True,C2,False,False
3caca771f3f1aa1727763a58,18,train,0.35,7/20,2.0,-1.238078416812447,1.238078416812447,0.375,C1,False,True,C1,False,False
237c866eebfaa48ef3683df2,18,train,0.35,7/20,0.0,-0.0,0.0,0.125,C1,,False,C1,False,False
5244be030407204b88421d63,19,train,0.35,7/20,-2.0,1.238078416812447,-1.238078416812447,-1.0,C2,False,True,C2,False,False
83b9a7019cc5cc4ce363042f,19,train,0.35,7/20,0.0,-0.0,0.0,-0.5,C2,,False,C2,False,False
76a21ca9e386dfaa84639b23,19,train,0.35,7/20,-2.0,1.238078416812447,-1.238078416812447,-0.875,C2,False,True,C2,False,False
469f3ed1587a7ff1021dcd96,19,train,0.35,7/20,0.0,-0.0,0.0,0.25,C1,,False,C1,False,False
9ad7b51b4c3374c5f3bf8a28,19,train,0.35,7/20,0.0,-0.0,0.0,0.25,C1,,False,C1,False,False
bb44a027c6893dbd497c09f4,19,train,0.35,7/20,2.0,-1.238078416812447,1.238078416812447,0.625,C1,False,True,C1,False,False
e72aa24584e38fc36030e278,19,train,0.35,7/20,0.0,-0.0,0.0,0.0,C1,,False,TIE,False,True
ba9a22b9aa693f97ad85aa21,19,train,0.35,7/20,2.0,-1.238078416812447,1.238078416812447,1.5,C1,False,True,C1,False,False
e6d5f78c4b876b7b0eb14ade,20,train,0.35,7/20,0.0,-0.0,0.0,-1.0,C2,,False,C2,False,False
8e68ec1a1a9b9396de969bac,20,train,0.35,7/20,0.0,-0.0,0.0,-0.875,C2,,False,C2,False,False
5a93c9912c1834a8000eac1a,20,train,0.35,7/20,0.0,-0.0,0.0,-1.0,C2,,False,C2,False,False
04083b327a06613a6241800a,20,train,0.35,7/20,0.0,-0.0,0.0,-0.75,C2,,False,C2,False,False
59412aaf01c3cc7fcdc3e023,20,train,0.35,7/20,0.0,-0.0,0.0,-0.75,C2,,False,C2,False,False
66aef6c2b65da433932ef49f,20,train,0.35,7/20,0.0,-0.0,0.0,-0.75,C2,,False,C2,False,False
2c9cac752493448022021142,20,train,0.35,7/20,0.0,-0.0,0.0,-0.875,C2,,False,C2,False,False
062b925aaef228123d4c23b8,20,train,0.35,7/20,0.0,-0.0,0.0,-0.5,C2,,False,C2,False,False
3c6b0cc5df23e3472ba823b8,21,train,0.35,7/20,0.0,-0.0,0.0,-1.0,C2,,False,C2,False,False
249410d1f88d720c0f3d2f88,21,train,0.35,7/20,0.0,-0.0,0.0,-0.75,C2,,False,C2,False,False
2efc7e292d5ca6500adbe56b,21,train,0.35,7/20,0.0,-0.0,0.0,-0.625,C2,,False,C2,False,False
7fbdb89a2ddcba3c24d35c43,21,train,0.35,7/20,0.0,-0.0,0.0,-0.5,C2,,False,C2,False,False
caa74935673f131aa6412a44,21,train,0.35,7/20,0.0,-0.0,0.0,-0.625,C2,,False,C2,False,False
70a3e9192d25b36d42a82510,21,train,0.35,7/20,0.0,-0.0,0.0,-0.625,C2,,False,C2,False,False
55c24c96f212ca00460c8c28,21,train,0.35,7/20,0.0,-0.0,0.0,-0.5,C2,,False,C2,False,False
39083500a668fbd2e3ea01ee,21,train,0.35,7/20,0.0,-0.0,0.0,-0.25,C2,,False,C2,False,False
756a15de7f63d58de612a184,22,train,0.35,7/20,0.0,-0.0,0.0,-0.875,C2,,False,C2,False,False
4c99e0120d29a75d8d9bc3e6,22,train,0.35,7/20,0.0,-0.0,0.0,-0.75,C2,,False,C2,False,False
093d62da4bbd06e2cc48025b,22,train,0.35,7/20,0.0,-0.0,0.0,-0.875,C2,,False,C2,False,False
238ad9c2abb6ad312cab126c,22,train,0.35,7/20,0.0,-0.0,0.0,-0.625,C2,,False,C2,False,False
ccf7344cc04ec8be76f2ab37,22,train,0.35,7/20,0.0,-0.0,0.0,-0.625,C2,,False,C2,False,False
5056fdf695520ad75e8d6d6f,22,train,0.35,7/20,0.0,-0.0,0.0,-0.5,C2,,False,C2,False,False
6eda3d9ea6505fc4b907f09e,22,train,0.35,7/20,0.0,-0.0,0.0,-0.625,C2,,False,C2,False,False
92608043fba1ff142376af29,22,train,0.35,7/20,0.0,-0.0,0.0,-0.125,C2,,False,C2,False,False
494329312a48886bbd32435c,23,train,0.35,7/20,-2.0,1.238078416812447,-1.238078416812447,-1.25,C2,False,True,C2,False,False
c652d0f718a9f716f5dbcd75,23,train,0.35,7/20,-2.0,1.238078416812447,-1.238078416812447,-0.5,C2,False,True,C2,False,False
1b0ec3dc1ca2c62e6058d446,23,train,0.35,7/20,0.0,-0.0,0.0,-0.375,C2,,False,C2,False,False
c1b33a8607b19277265ecedb,23,train,0.35,7/20,0.0,-0.0,0.0,0.125,C1,,False,C1,False,False
88d2b787b2fd6d7455a256d9,23,train,0.35,7/20,0.0,-0.0,0.0,0.25,C1,,False,C1,False,False
0691d07b5bcf388b8c5eacf4,23,train,0.35,7/20,0.0,-0.0,0.0,0.625,C1,,False,C1,False,False
1527de40c207705c082277fc,23,train,0.35,7/20,2.0,-1.238078416812447,1.238078416812447,1.25,C1,False,True,C1,False,False
657907a9585ac9924ac0c7f5,23,train,0.35,7/20,2.0,-1.238078416812447,1.238078416812447,1.625,C1,False,True,C1,False,False
c6860e8b655434b48e50811b,24,train,0.35,7/20,0.0,-0.0,0.0,0.0,C1,,False,TIE,False,True
a7e54c3d02c7c9332d121777,24,train,0.35,7/20,2.0,-1.238078416812447,1.238078416812447,-0.125,C2,True,True,C2,True,False
67ebd430d3889b92b870282e,24,train,0.35,7/20,0.0,-0.0,0.0,0.0,C1,,False,TIE,False,True
7a1311bbd12de6a8c8a88c3e,24,train,0.35,7/20,2.0,-1.238078416812447,1.238078416812447,0.0,C1,False,True,TIE,False,True
a95189b672386c650ae76a18,24,train,0.35,7/20,-2.0,1.238078416812447,-1.238078416812447,-0.875,C2,False,True,C2,False,False
6b68db3e9dd4464d4bd190af,24,train,0.35,7/20,0.0,-0.0,0.0,-0.875,C2,,False,C2,False,False
4da113963c5075adf535ba03,24,train,0.35,7/20,-2.0,1.238078416812447,-1.238078416812447,-0.625,C2,False,True,C2,False,False
6d69b44487e1b3da8983027d,24,train,0.35,7/20,0.0,-0.0,0.0,-0.125,C2,,False,C2,False,False
e2ebc9b6e67c3ae6f3345e72,25,train,0.35,7/20,2.0,-1.238078416812447,1.238078416812447,-0.25,C2,True,True,C2,True,False
a325dfe78d1d792a3e1f4bd7,25,train,0.35,7/20,2.0,-1.238078416812447,1.238078416812447,-0.5,C2,True,True,C2,True,False
b7d101bd5a697b5d59db21f0,25,train,0.35,7/20,0.0,-0.0,0.0,-0.75,C2,,False,C2,False,False
2b9f4a264a65484e9b5bfcc1,25,train,0.35,7/20,0.0,-0.0,0.0,-0.875,C2,,False,C2,False,False
774f992692d5ca121e8cc187,25,train,0.35,7/20,0.0,-0.0,0.0,-1.0,C2,,False,C2,False,False
2fb56dc353418f722f8cdf55,25,train,0.35,7/20,0.0,-0.0,0.0,-1.0,C2,,False,C2,False,False
dfcbac129b8737b76b9310b1,25,train,0.35,7/20,-2.0,1.238078416812447,-1.238078416812447,-1.375,C2,False,True,C2,False,False
dcf54e8c9c9c0c00adcd06a6,25,train,0.35,7/20,-2.0,1.238078416812447,-1.238078416812447,-1.5,C2,False,True,C2,False,False
5336f02c64c3b4394d98699c,26,train,0.35,7/20,-1.0,0.6190392084062235,-0.6190392084062235,-1.0,C2,False,True,C2,False,False
ff32fb9eded03788d0f33162,26,train,0.35,7/20,-1.0,0.6190392084062235,-0.6190392084062235,-0.75,C2,False,True,C2,False,False
3fb2633fdbdf4249954b991c,26,train,0.35,7/20,1.0,-0.6190392084062235,0.6190392084062235,-0.625,C2,True,True,C2,True,False
a0f44f8d1f0548c1ef11db9e,26,train,0.35,7/20,1.0,-0.6190392084062235,0.6190392084062235,-0.625,C2,True,True,C2,True,False
e2d308c568c6e04b4cd32cee,26,train,0.35,7/20,-1.0,0.6190392084062235,-0.6190392084062235,-0.75,C2,False,True,C2,False,False
507055efb46e60383f943196,26,train,0.35,7/20,-1.0,0.6190392084062235,-0.6190392084062235,-0.5,C2,False,True,C2,False,False
4a48a092ad8f05688b6ee620,26,train,0.35,7/20,1.0,-0.6190392084062235,0.6190392084062235,-0.125,C2,True,True,C2,True,False
dbd8f42488245f7d17adb07d,26,train,0.35,7/20,1.0,-0.6190392084062235,0.6190392084062235,0.25,C1,False,True,C1,False,False
29fa73fec830c1014d9cf3ca,27,train,0.35,7/20,0.0,-0.0,0.0,-0.875,C2,,False,C2,False,False
8afaabcafe313326aefc8863,27,train,0.35,7/20,2.0,-1.238078416812447,1.238078416812447,-0.625,C2,True,True,C2,True,False
165787b591f55e612a4027bb,27,train,0.35,7/20,-2.0,1.238078416812447,-1.238078416812447,-1.125,C2,False,True,C2,False,False
e7fc7895e0c8fececdc80e6e,27,train,0.35,7/20,0.0,-0.0,0.0,-0.625,C2,,False,C2,False,False
24fdb1df954c3810b7d245ca,27,train,0.35,7/20,0.0,-0.0,0.0,-0.625,C2,,False,C2,False,False
2e72624e4a53cff6134cba2c,27,train,0.35,7/20,2.0,-1.238078416812447,1.238078416812447,-0.375,C2,True,True,C2,True,False
6cc341aae9cf7829482f833f,27,train,0.35,7/20,-2.0,1.238078416812447,-1.238078416812447,-1.125,C2,False,True,C2,False,False
94d184901bf56396022746ed,27,train,0.35,7/20,0.0,-0.0,0.0,-0.25,C2,,False,C2,False,False
376e608e7470e1a87d9c761b,28,train,0.35,7/20,0.0,-0.0,0.0,-0.75,C2,,False,C2,False,False
02459d6eb5beb475dab57b18,28,train,0.35,7/20,0.0,-0.0,0.0,-0.75,C2,,False,C2,False,False
8c33239548259f295d32be45,28,train,0.35,7/20,-2.0,1.238078416812447,-1.238078416812447,-1.0,C2,False,True,C2,False,False
bddcb0bae1b0156a094a3320,28,train,0.35,7/20,-2.0,1.238078416812447,-1.238078416812447,-0.625,C2,False,True,C2,False,False
ddc289e6f154189fe0f1c4f3,28,train,0.35,7/20,2.0,-1.238078416812447,1.238078416812447,-0.375,C2,True,True,C2,True,False
77e4c529ee73ce214d3fac02,28,train,0.35,7/20,2.0,-1.238078416812447,1.238078416812447,-0.375,C2,True,True,C2,True,False
6fe6578e8c598c45dd584858,28,train,0.35,7/20,0.0,-0.0,0.0,-0.75,C2,,False,C2,False,False
88637adf5209ee0c7a3bfbd9,28,train,0.35,7/20,0.0,-0.0,0.0,-0.25,C2,,False,C2,False,False
87c6af153afbc5f0c0d8c48d,29,train,0.35,7/20,-1.0,0.6190392084062235,-0.6190392084062235,-1.125,C2,False,True,C2,False,False
f6fee0f767a6bc9d7079e943,29,train,0.35,7/20,-1.0,0.6190392084062235,-0.6190392084062235,-0.875,C2,False,True,C2,False,False
33c352038505c1d64dbefdcd,29,train,0.35,7/20,-1.0,0.6190392084062235,-0.6190392084062235,-1.125,C2,False,True,C2,False,False
39d9fc70dbd2f58d560e7aa4,29,train,0.35,7/20,-1.0,0.6190392084062235,-0.6190392084062235,-0.5,C2,False,True,C2,False,False
0c4a652e2a3e2adae5db8d1e,29,train,0.35,7/20,1.0,-0.6190392084062235,0.6190392084062235,-0.125,C2,True,True,C2,True,False
1bad87947c37063f09233e64,29,train,0.35,7/20,1.0,-0.6190392084062235,0.6190392084062235,-0.125,C2,True,True,C2,True,False
75bd78c6571a94c2aec1f37c,29,train,0.35,7/20,1.0,-0.6190392084062235,0.6190392084062235,-0.375,C2,True,True,C2,True,False
94a89f12a890807b454c3700,29,train,0.35,7/20,1.0,-0.6190392084062235,0.6190392084062235,0.125,C1,False,True,C1,False,False
94ee1024e496596d5d5f8c07,30,train,0.35,7/20,3.0,-1.8571176252186705,1.8571176252186705,0.125,C1,False,True,C1,False,False
e571d52bb7175df47ce53e59,30,train,0.35,7/20,1.0,-0.6190392084062235,0.6190392084062235,-0.375,C2,True,True,C2,True,False
00276d63712615f4880669fb,30,train,0.35,7/20,1.0,-0.6190392084062235,0.6190392084062235,-1.0,C2,True,True,C2,True,False
a0b8c61c71e48ebc272653f9,30,train,0.35,7/20,-1.0,0.6190392084062235,-0.6190392084062235,-0.875,C2,False,True,C2,False,False
8ed06b3f5bfae417881b2446,30,train,0.35,7/20,1.0,-0.6190392084062235,0.6190392084062235,-1.0,C2,True,True,C2,True,False
e21b55c24d0ae9db0ead9b28,30,train,0.35,7/20,-1.0,0.6190392084062235,-0.6190392084062235,-1.25,C2,False,True,C2,False,False
462cb7c28c7d530ad8303bd2,30,train,0.35,7/20,-1.0,0.6190392084062235,-0.6190392084062235,-1.75,C2,False,True,C2,False,False
19d554bae41ca547c200b1b2,30,train,0.35,7/20,-3.0,1.8571176252186705,-1.8571176252186705,-1.875,C2,False,True,C2,False,False
eba890c5944c03085bb785f3,31,train,0.35,7/20,-1.0,0.6190392084062235,-0.6190392084062235,-1.375,C2,False,True,C2,False,False
fa85bf783b44926826bd048f,31,train,0.35,7/20,1.0,-0.6190392084062235,0.6190392084062235,-0.625,C2,True,True,C2,True,False
86f2669c3cc76dd8275ae9e7,31,train,0.35,7/20,-1.0,0.6190392084062235,-0.6190392084062235,-1.25,C2,False,True,C2,False,False
790b0500a7bfb0d9734df56f,31,train,0.35,7/20,1.0,-0.6190392084062235,0.6190392084062235,0.125,C1,False,True,C1,False,False
23325da5734346fe015cf79b,31,train,0.35,7/20,-1.0,0.6190392084062235,-0.6190392084062235,-0.125,C2,False,True,C2,False,False
7624bfb7df4e6b9f8a6e6526,31,train,0.35,7/20,1.0,-0.6190392084062235,0.6190392084062235,0.375,C1,False,True,C1,False,False
65998c6358b8b179e7732168,31,train,0.35,7/20,-1.0,0.6190392084062235,-0.6190392084062235,-0.25,C2,False,True,C2,False,False
b3bd4d9757d4d8de65611881,31,train,0.35,7/20,1.0,-0.6190392084062235,0.6190392084062235,1.125,C1,False,True,C1,False,False
556850849998d30e16efd831,32,train,0.35,7/20,-1.0,0.6190392084062235,-0.6190392084062235,-1.0,C2,False,True,C2,False,False
bcc46b7192df8988943dfa71,32,train,0.35,7/20,1.0,-0.6190392084062235,0.6190392084062235,-0.625,C2,True,True,C2,True,False
5278c3bf53116ccebcec27f4,32,train,0.35,7/20,-1.0,0.6190392084062235,-0.6190392084062235,-1.0,C2,False,True,C2,False,False
195aaf8745f2f138621dacc8,32,train,0.35,7/20,1.0,-0.6190392084062235,0.6190392084062235,-0.5,C2,True,True,C2,True,False
975948e1f9cdd1a533f3b9e4,32,train,0.35,7/20,-1.0,0.6190392084062235,-0.6190392084062235,-0.625,C2,False,True,C2,False,False
8156759019ebadf9de2a622a,32,train,0.35,7/20,1.0,-0.6190392084062235,0.6190392084062235,-0.25,C2,True,True,C2,True,False
2c993f89947e43fe233bdc4e,32,train,0.35,7/20,-1.0,0.6190392084062235,-0.6190392084062235,-0.625,C2,False,True,C2,False,False
9aef9451c1685cb1d975ce84,32,train,0.35,7/20,1.0,-0.6190392084062235,0.6190392084062235,0.25,C1,False,True,C1,False,False
40b889da84ee7783d4cd9365,33,train,0.35,7/20,-3.0,1.8571176252186705,-1.8571176252186705,-1.125,C2,False,True,C2,False,False
2bc5eabd5a5e42b6d4cbcb40,33,train,0.35,7/20,-1.0,0.6190392084062235,-0.6190392084062235,-0.5,C2,False,True,C2,False,False
4d8928f3798f09b20bbb316a,33,train,0.35,7/20,-1.0,0.6190392084062235,-0.6190392084062235,-0.25,C2,False,True,C2,False,False
33c1182c9d0bdf099953db2d,33,train,0.35,7/20,1.0,-0.6190392084062235,0.6190392084062235,0.25,C1,False,True,C1,False,False
208ea828e1fe300017deb229,33,train,0.35,7/20,-1.0,0.6190392084062235,-0.6190392084062235,0.25,C1,True,True,C1,True,False
bd7054b327e20328b6e9f516,33,train,0.35,7/20,1.0,-0.6190392084062235,0.6190392084062235,0.75,C1,False,True,C1,False,False
fd7f49b4e05ffe5aba204e57,33,train,0.35,7/20,1.0,-0.6190392084062235,0.6190392084062235,0.875,C1,False,True,C1,False,False
ffb091d04e225b58973dd13a,33,train,0.35,7/20,3.0,-1.8571176252186705,1.8571176252186705,1.625,C1,False,True,C1,False,False
f2e0a4ebd821b1a1620d0838,34,train,0.35,7/20,1.0,-0.6190392084062235,0.6190392084062235,0.0,C1,False,True,TIE,False,True
bb2ec26a13fcc9ba3b7bb723,34,train,0.35,7/20,1.0,-0.6190392084062235,0.6190392084062235,0.0,C2,True,True,TIE,False,True
900ee6cc252d050062b0c6d3,34,train,0.35,7/20,1.0,-0.6190392084062235,0.6190392084062235,0.125,C1,False,True,C1,False,False
c8530e581588a1bc8b618247,34,train,0.35,7/20,1.0,-0.6190392084062235,0.6190392084062235,0.0,C1,False,True,TIE,False,True
bc4e38c955285df4bc580a61,34,train,0.35,7/20,-1.0,0.6190392084062235,-0.6190392084062235,-0.75,C2,False,True,C2,False,False
237008c4bc27c70f5e4f9961,34,train,0.35,7/20,-1.0,0.6190392084062235,-0.6190392084062235,-0.625,C2,False,True,C2,False,False
3e9c6517867850752db89448,34,train,0.35,7/20,-1.0,0.6190392084062235,-0.6190392084062235,-0.625,C2,False,True,C2,False,False
cf25cf29f6dba0a28d3f71d7,34,train,0.35,7/20,-1.0,0.6190392084062235,-0.6190392084062235,-0.125,C2,False,True,C2,False,False
0b78a81f24f725aa469327da,35,train,0.35,7/20,0.0,-0.0,0.0,-1.0,C2,,False,C2,False,False
3917f20be1fa40cef04080e2,35,train,0.35,7/20,0.0,-0.0,0.0,-0.875,C2,,False,C2,False,False
a769e60e9a580551b0188363,35,train,0.35,7/20,0.0,-0.0,0.0,-0.875,C2,,False,C2,False,False
dd9bd8dfbe82a513c74713bb,35,train,0.35,7/20,0.0,-0.0,0.0,-0.625,C2,,False,C2,False,False
c1afc55f44ec9260cb517957,35,train,0.35,7/20,0.0,-0.0,0.0,-0.625,C2,,False,C2,False,False
8ae5ac615f12d27e58495a98,35,train,0.35,7/20,0.0,-0.0,0.0,-0.625,C2,,False,C2,False,False
56d05138fd152cd1c106a5bb,35,train,0.35,7/20,0.0,-0.0,0.0,-0.5,C2,,False,C2,False,False
390b4d9af2a4efdc3cc724c1,35,train,0.35,7/20,0.0,-0.0,0.0,-0.125,C2,,False,C2,False,False
2daf1aff030043b7134d660b,36,train,0.35,7/20,-1.0,0.6190392084062235,-0.6190392084062235,-1.5,C2,False,True,C2,False,False
dabf2e6b91ff5f2bbafc3fb6,36,train,0.35,7/20,-1.0,0.6190392084062235,-0.6190392084062235,-1.125,C2,False,True,C2,False,False
7353741f04695d30b3310c89,36,train,0.35,7/20,1.0,-0.6190392084062235,0.6190392084062235,-0.875,C2,True,True,C2,True,False
a8e645817a97acb870c9aff0,36,train,0.35,7/20,1.0,-0.6190392084062235,0.6190392084062235,-0.875,C2,True,True,C2,True,False
0041f8cad5e114a1f0406b24,36,train,0.35,7/20,-1.0,0.6190392084062235,-0.6190392084062235,-1.0,C2,False,True,C2,False,False
521c38853bc9bd2813115df5,36,train,0.35,7/20,-1.0,0.6190392084062235,-0.6190392084062235,-0.75,C2,False,True,C2,False,False
441f5db953e1d011c1f778b0,36,train,0.35,7/20,1.0,-0.6190392084062235,0.6190392084062235,-0.5,C2,True,True,C2,True,False
d716179190dce7c3709ed393,36,train,0.35,7/20,1.0,-0.6190392084062235,0.6190392084062235,-0.125,C2,True,True,C2,True,False
8a700271017fabeaabde7792,37,train,0.35,7/20,0.0,-0.0,0.0,-0.5,C2,,False,C2,False,False
95197ccc2fd2e982c640799f,37,train,0.35,7/20,0.0,-0.0,0.0,-0.625,C2,,False,C2,False,False
bbcdbb076652b62d9e301eb4,37,train,0.35,7/20,0.0,-0.0,0.0,-0.75,C2,,False,C2,False,False
bd00fef1f9e86e2f9a6b43b3,37,train,0.35,7/20,0.0,-0.0,0.0,-0.375,C2,,False,C2,False,False
d955c25e3d6ca5f315d9ffce,37,train,0.35,7/20,0.0,-0.0,0.0,-0.625,C2,,False,C2,False,False
0d499e4121fbd94d6419424d,37,train,0.35,7/20,0.0,-0.0,0.0,-0.625,C2,,False,C2,False,False
7c71f68b8f5c9b9ce619425f,37,train,0.35,7/20,0.0,-0.0,0.0,-0.75,C2,,False,C2,False,False
8ddff06eeeee1aa38662260c,37,train,0.35,7/20,0.0,-0.0,0.0,-0.375,C2,,False,C2,False,False
ef9fb7e584add98922ff8ea1,38,train,0.35,7/20,1.0,-0.6190392084062235,0.6190392084062235,-0.625,C2,True,True,C2,True,False
33303e884aaecde5ea988cb6,38,train,0.35,7/20,-1.0,0.6190392084062235,-0.6190392084062235,-0.625,C2,False,True,C2,False,False
583dd962cd239f3b45046f41,38,train,0.35,7/20,-1.0,0.6190392084062235,-0.6190392084062235,-1.125,C2,False,True,C2,False,False
6fc4dcaf6282d731fd57cb7a,38,train,0.35,7/20,-3.0,1.8571176252186705,-1.8571176252186705,-1.0,C2,False,True,C2,False,False
495f2579386d0baa543bf5d6,38,train,0.35,7/20,3.0,-1.8571176252186705,1.8571176252186705,0.0,C1,False,True,TIE,False,True
60209657df516d5e9659f81a,38,train,0.35,7/20,1.0,-0.6190392084062235,0.6190392084062235,-0.25,C2,True,True,C2,True,False
90b4c81519da266cc6761160,38,train,0.35,7/20,1.0,-0.6190392084062235,0.6190392084062235,-0.875,C2,True,True,C2,True,False
4149ca992c2a87da446d8293,38,train,0.35,7/20,-1.0,0.6190392084062235,-0.6190392084062235,-0.625,C2,False,True,C2,False,False
781ce182bc2c5c8e694c1e2f,39,train,0.35,7/20,0.0,-0.0,0.0,-0.75,C2,,False,C2,False,False
3b00e85b2cdcff5986e51baf,39,train,0.35,7/20,0.0,-0.0,0.0,-0.5,C2,,False,C2,False,False
35c83f7365530535442a0452,39,train,0.35,7/20,0.0,-0.0,0.0,-0.75,C2,,False,C2,False,False
95b93828af5c4e23e325a5e8,39,train,0.35,7/20,0.0,-0.0,0.0,-0.375,C2,,False,C2,False,False
99614e0804d97554a75c9b6a,39,train,0.35,7/20,0.0,-0.0,0.0,-0.625,C2,,False,C2,False,False
393c89287f80eada6dd554ee,39,train,0.35,7/20,0.0,-0.0,0.0,-0.25,C2,,False,C2,False,False
1b14ec9ba6ad31a8eb245638,39,train,0.35,7/20,0.0,-0.0,0.0,-0.5,C2,,False,C2,False,False
1ab5f4413c4b61773851e620,39,train,0.35,7/20,0.0,-0.0,0.0,0.0,C1,,False,TIE,False,True
ce187d9f381a937a39365c2a,40,train,0.35,7/20,2.0,-1.238078416812447,1.238078416812447,0.125,C1,False,True,C1,False,False
6375eab11e2d6d492e1a98db,40,train,0.35,7/20,0.0,-0.0,0.0,-0.125,C2,,False,C2,False,False
bf4b576dba7c739cf492c1c7,40,train,0.35,7/20,2.0,-1.238078416812447,1.238078416812447,0.125,C1,False,True,C1,False,False
93b382f86e8ed6523c45f02e,40,train,0.35,7/20,0.0,-0.0,0.0,-0.375,C2,,False,C2,False,False
aee572d77e87315373d22c40,40,train,0.35,7/20,0.0,-0.0,0.0,-1.0,C2,,False,C2,False,False
967cec55ad716b10be77108b,40,train,0.35,7/20,-2.0,1.238078416812447,-1.238078416812447,-1.0,C2,False,True,C2,False,False
8f3993f1ab4a1a430bf8777b,40,train,0.35,7/20,0.0,-0.0,0.0,-1.0,C2,,False,C2,False,False
c93a4029494087e23a8158cd,40,train,0.35,7/20,-2.0,1.238078416812447,-1.238078416812447,-1.0,C2,False,True,C2,False,False
59ac5add0fd3adb275ef0508,41,train,0.35,7/20,0.0,-0.0,0.0,-1.25,C2,,False,C2,False,False
38d6fa23a3ba61e1aa7d9456,41,train,0.35,7/20,-2.0,1.238078416812447,-1.238078416812447,-1.25,C2,False,True,C2,False,False
7ded276b2c939f93d8977d65,41,train,0.35,7/20,0.0,-0.0,0.0,-1.125,C2,,False,C2,False,False
c66b3087264b5d2ef7d012ec,41,train,0.35,7/20,-2.0,1.238078416812447,-1.238078416812447,-1.0,C2,False,True,C2,False,False
a6df3695d4ad8ba289a91644,41,train,0.35,7/20,2.0,-1.238078416812447,1.238078416812447,-0.5,C2,True,True,C2,True,False
743060ab22e13186d047624d,41,train,0.35,7/20,0.0,-0.0,0.0,-0.625,C2,,False,C2,False,False
6181a19c9bab0f60ecfef57b,41,train,0.35,7/20,2.0,-1.238078416812447,1.238078416812447,-0.625,C2,True,True,C2,True,False
a40606b33b7d1e86f2bbb9e7,41,train,0.35,7/20,0.0,-0.0,0.0,-0.5,C2,,False,C2,False,False
919efd0098274a4caf09a832,42,train,0.35,7/20,-1.0,0.6190392084062235,-0.6190392084062235,-1.0,C2,False,True,C2,False,False
98514a6b7852803e46611100,42,train,0.35,7/20,-1.0,0.6190392084062235,-0.6190392084062235,-0.75,C2,False,True,C2,False,False
cb41d86b52a4e0307a2583eb,42,train,0.35,7/20,1.0,-0.6190392084062235,0.6190392084062235,-0.625,C2,True,True,C2,True,False
50edd98a553a56de2535149e,42,train,0.35,7/20,1.0,-0.6190392084062235,0.6190392084062235,-0.25,C2,True,True,C2,True,False
bbe04a34e4a6026b47c7fa1b,42,train,0.35,7/20,-1.0,0.6190392084062235,-0.6190392084062235,-0.75,C2,False,True,C2,False,False
9705df24fc1c541c048d4d69,42,train,0.35,7/20,-1.0,0.6190392084062235,-0.6190392084062235,-0.5,C2,False,True,C2,False,False
a1b46fa5cff73b8edd375dc7,42,train,0.35,7/20,1.0,-0.6190392084062235,0.6190392084062235,-0.25,C2,True,True,C2,True,False
49a2b579888b75eea526b424,42,train,0.35,7/20,1.0,-0.6190392084062235,0.6190392084062235,0.25,C1,False,True,C1,False,False
c10eadab1251708592308a22,43,train,0.35,7/20,0.0,-0.0,0.0,-1.25,C2,,False,C2,False,False
ca9b77adc1ba2cbf06609bf8,43,train,0.35,7/20,-2.0,1.238078416812447,-1.238078416812447,-1.0,C2,False,True,C2,False,False
9adfeb6124c01eabc85402cc,43,train,0.35,7/20,0.0,-0.0,0.0,-0.625,C2,,False,C2,False,False
840dee2630603f5cf75e3cf2,43,train,0.35,7/20,-2.0,1.238078416812447,-1.238078416812447,-0.5,C2,False,True,C2,False,False
242e732a6e5b03711b9b2484,43,train,0.35,7/20,2.0,-1.238078416812447,1.238078416812447,0.0,C1,False,True,TIE,False,True
c8ac550bd5dc725f93a8353f,43,train,0.35,7/20,0.0,-0.0,0.0,0.0,C1,,False,TIE,False,True
608edd4ebef5ee49421bc1fa,43,train,0.35,7/20,2.0,-1.238078416812447,1.238078416812447,0.125,C1,False,True,C1,False,False
ec73135783392b10ab45d466,43,train,0.35,7/20,0.0,-0.0,0.0,0.5,C1,,False,C1,False,False
105ccca34bc7f16f8ed427ea,44,train,0.35,7/20,-1.0,0.6190392084062235,-0.6190392084062235,-1.375,C2,False,True,C2,False,False
85b61f5d84a0392532301218,44,train,0.35,7/20,-1.0,0.6190392084062235,-0.6190392084062235,-0.875,C2,False,True,C2,False,False
610456ad060617d63d2fe0dd,44,train,0.35,7/20,-1.0,0.6190392084062235,-0.6190392084062235,-1.125,C2,False,True,C2,False,False
38fece7e3d9e7a21d014e732,44,train,0.35,7/20,-1.0,0.6190392084062235,-0.6190392084062235,-0.375,C2,False,True,C2,False,False
5fbfa9cf2d68534d8e22b2ef,44,train,0.35,7/20,1.0,-0.6190392084062235,0.6190392084062235,0.0,C1,False,True,TIE,False,True
d9e2059af1db182109458b7c,44,train,0.35,7/20,1.0,-0.6190392084062235,0.6190392084062235,0.125,C1,False,True,C1,False,False
93a9b67dbebec8e15ca2551a,44,train,0.35,7/20,1.0,-0.6190392084062235,0.6190392084062235,0.125,C1,False,True,C1,False,False
c08acf8b175f84783abaef1e,44,train,0.35,7/20,1.0,-0.6190392084062235,0.6190392084062235,0.75,C1,False,True,C1,False,False
1e1db8f3cbe2e7cf8e6435a4,45,train,0.35,7/20,0.0,-0.0,0.0,-1.0,C2,,False,C2,False,False
39831d6eafdf525d1010217f,45,train,0.35,7/20,0.0,-0.0,0.0,-0.875,C2,,False,C2,False,False
b604b29aa0ddf2cb1bd18773,45,train,0.35,7/20,0.0,-0.0,0.0,-0.875,C2,,False,C2,False,False
ac4c7c0393bb5b15fecbf220,45,train,0.35,7/20,0.0,-0.0,0.0,-0.5,C2,,False,C2,False,False
cf713a8bceb1c3c2c79b2198,45,train,0.35,7/20,0.0,-0.0,0.0,-0.625,C2,,False,C2,False,False
ace813ae022382f57a996c55,45,train,0.35,7/20,0.0,-0.0,0.0,-0.5,C2,,False,C2,False,False
049d6f617119a13d958e15fa,45,train,0.35,7/20,0.0,-0.0,0.0,-0.375,C2,,False,C2,False,False
c5f6c7d1f69463fb93ca5461,45,train,0.35,7/20,0.0,-0.0,0.0,-0.125,C1,,False,C2,False,True
5b6c25c219ab2f056336b4c8,46,train,0.35,7/20,-2.0,1.238078416812447,-1.238078416812447,-1.625,C2,False,True,C2,False,False
c68e882ff7a3096dc41be78a,46,train,0.35,7/20,-2.0,1.238078416812447,-1.238078416812447,-1.25,C2,False,True,C2,False,False
10a0d6b14055bf4fea9766e4,46,train,0.35,7/20,0.0,-0.0,0.0,-0.875,C2,,False,C2,False,False
9f4b2f681c21273a566b734c,46,train,0.35,7/20,0.0,-0.0,0.0,-0.375,C2,,False,C2,False,False
d503461361a99884d54a8f7e,46,train,0.35,7/20,0.0,-0.0,0.0,-0.125,C2,,False,C2,False,False
9441a5d919e92e45a2f43d31,46,train,0.35,7/20,0.0,-0.0,0.0,0.125,C1,,False,C1,False,False
cf65a5fbf10c69e6bad38348,46,train,0.35,7/20,2.0,-1.238078416812447,1.238078416812447,0.375,C1,False,True,C1,False,False
570c1aecfdd0e67e19432f3e,46,train,0.35,7/20,2.0,-1.238078416812447,1.238078416812447,1.125,C1,False,True,C1,False,False
adfb655607fdeef840fe04d2,47,train,0.35,7/20,1.0,-0.6190392084062235,0.6190392084062235,-0.5,C2,True,True,C2,True,False
e869847286e6d27dcffb20bf,47,train,0.35,7/20,1.0,-0.6190392084062235,0.6190392084062235,-0.375,C2,True,True,C2,True,False
cb2b7e753c41f1ac5a7b1054,47,train,0.35,7/20,-1.0,0.6190392084062235,-0.6190392084062235,-0.875,C2,False,True,C2,False,False
fb9aaaf5229936cc539a585c,47,train,0.35,7/20,-1.0,0.6190392084062235,-0.6190392084062235,-0.625,C2,False,True,C2,False,False
92e7df8560dd000b3a17ae6c,47,train,0.35,7/20,1.0,-0.6190392084062235,0.6190392084062235,-0.25,C2,True,True,C2,True,False
b177cb0c658c81b71d304a6a,47,train,0.35,7/20,1.0,-0.6190392084062235,0.6190392084062235,-0.5,C2,True,True,C2,True,False
fec13718f199b9fbe35085c6,47,train,0.35,7/20,-1.0,0.6190392084062235,-0.6190392084062235,-1.0,C2,False,True,C2,False,False
e6dcca3e511e6ba7cb5a6849,47,train,0.35,7/20,-1.0,0.6190392084062235,-0.6190392084062235,-0.5,C2,False,True,C2,False,False
f29590a509fd6e5a4fc83c5a,48,train,0.35,7/20,0.0,-0.0,0.0,-0.5,C2,,False,C2,False,False
8a5f4c176ecd9265e46de624,48,train,0.35,7/20,0.0,-0.0,0.0,-0.25,C2,,False,C2,False,False
1cfd6b3a7a2c4e771c5fd0b7,48,train,0.35,7/20,-2.0,1.238078416812447,-1.238078416812447,-1.125,C2,False,True,C2,False,False
3e50a810d74cf9901ba39f47,48,train,0.35,7/20,-2.0,1.238078416812447,-1.238078416812447,-0.25,C2,False,True,C2,False,False
5e05ff54b196e85e2317d1d6,48,train,0.35,7/20,2.0,-1.238078416812447,1.238078416812447,0.0,C1,False,True,TIE,False,True
6e41fcd559d04573f8b18575,48,train,0.35,7/20,2.0,-1.238078416812447,1.238078416812447,0.0,C1,False,True,TIE,False,True
cceb2df8eca72fd0ed9058eb,48,train,0.35,7/20,0.0,-0.0,0.0,-0.75,C2,,False,C2,False,False
d13365a7d3d0779a292d6158,48,train,0.35,7/20,0.0,-0.0,0.0,0.375,C1,,False,C1,False,False
19a79b40ba206f179fa0955f,49,train,0.35,7/20,0.0,-0.0,0.0,-1.25,C2,,False,C2,False,False
815dffebe8cab4c871e67969,49,train,0.35,7/20,0.0,-0.0,0.0,-1.0,C2,,False,C2,False,False
86d994c0bc5278612e16b3f8,49,train,0.35,7/20,-2.0,1.238078416812447,-1.238078416812447,-1.25,C2,False,True,C2,False,False
b8dde9396f469df351aa468d,49,train,0.35,7/20,-2.0,1.238078416812447,-1.238078416812447,-0.625,C2,False,True,C2,False,False
e3c16aad0889d0f9b5cf3774,49,train,0.35,7/20,2.0,-1.238078416812447,1.238078416812447,-0.125,C2,True,True,C2,True,False
f2a68891f8c9bd361ef9d21c,49,train,0.35,7/20,2.0,-1.238078416812447,1.238078416812447,-0.25,C2,True,True,C2,True,False
54d2cad3fc434c93a5a504df,49,train,0.35,7/20,0.0,-0.0,0.0,-0.375,C2,,False,C2,False,False
596557cfd2c99a652d5e44f4,49,train,0.35,7/20,0.0,-0.0,0.0,0.125,C1,,False,C1,False,False
235dddeed17bf1b41142f9f5,50,train,0.35,7/20,1.0,-0.6190392084062235,0.6190392084062235,0.375,C1,False,True,C1,False,False
28469a60f60b396ab446e08a,50,train,0.35,7/20,-1.0,0.6190392084062235,-0.6190392084062235,0.125,C1,True,True,C1,True,False
6a7f008bae3e4fa4b8a3fd87,50,train,0.35,7/20,3.0,-1.8571176252186705,1.8571176252186705,1.0,C1,False,True,C1,False,False
af213a4a69059b4086723e30,50,train,0.35,7/20,1.0,-0.6190392084062235,0.6190392084062235,0.25,C1,False,True,C1,False,False
b0430718918ef6c9d5e6de9a,50,train,0.35,7/20,-1.0,0.6190392084062235,-0.6190392084062235,-1.125,C2,False,True,C2,False,False
844d21ce1b4459d385f4e301,50,train,0.35,7/20,-3.0,1.8571176252186705,-1.8571176252186705,-0.875,C2,False,True,C2,False,False
9fdefc6e26fd2f6a23844eca,50,train,0.35,7/20,1.0,-0.6190392084062235,0.6190392084062235,0.625,C1,False,True,C1,False,False
739409aed879f80f6869dc87,50,train,0.35,7/20,-1.0,0.6190392084062235,-0.6190392084062235,0.5,C1,True,True,C1,True,False
b001826cc8ebed0df79fec66,51,train,0.35,7/20,-1.0,0.6190392084062235,-0.6190392084062235,-0.5,C2,False,True,C2,False,False
f6d399ae40039425d5cc4a1a,51,train,0.35,7/20,1.0,-0.6190392084062235,0.6190392084062235,-0.5,C2,True,True,C2,True,False
382ebdb5ca3eb661e8372b7a,51,train,0.35,7/20,1.0,-0.6190392084062235,0.6190392084062235,-0.375,C2,True,True,C2,True,False
0dbd1d30ad63e3c44526ddf2,51,train,0.35,7/20,3.0,-1.8571176252186705,1.8571176252186705,-0.125,C2,True,True,C2,True,False
dac92d0c26381c71968573e8,51,train,0.35,7/20,-3.0,1.8571176252186705,-1.8571176252186705,-1.25,C2,False,True,C2,False,False
b30e343133193ad0eafe09e6,51,train,0.35,7/20,-1.0,0.6190392084062235,-0.6190392084062235,-0.625,C2,False,True,C2,False,False
7bed9d8f34435111234436b0,51,train,0.35,7/20,-1.0,0.6190392084062235,-0.6190392084062235,-0.75,C2,False,True,C2,False,False
fdd624b13874e8be63a520d3,51,train,0.35,7/20,1.0,-0.6190392084062235,0.6190392084062235,0.0,C1,False,True,TIE,False,True
51ecdcce6dd9ff42b368d5e4,52,train,0.35,7/20,-1.0,0.6190392084062235,-0.6190392084062235,-1.0,C2,False,True,C2,False,False
0ead7601eee9e003e2e2adc5,52,train,0.35,7/20,1.0,-0.6190392084062235,0.6190392084062235,-0.75,C2,True,True,C2,True,False
65b7de7639b818343614f14f,52,train,0.35,7/20,-1.0,0.6190392084062235,-0.6190392084062235,-1.0,C2,False,True,C2,False,False
9b19c76bf358209086da4e7c,52,train,0.35,7/20,1.0,-0.6190392084062235,0.6190392084062235,-0.625,C2,True,True,C2,True,False
d0f3dfaf6d549ed2a9cc2105,52,train,0.35,7/20,-1.0,0.6190392084062235,-0.6190392084062235,-0.875,C2,False,True,C2,False,False
248897b2f524eb65790a242d,52,train,0.35,7/20,1.0,-0.6190392084062235,0.6190392084062235,-0.5,C2,True,True,C2,True,False
8f913499c32e0cfaf98b246f,52,train,0.35,7/20,-1.0,0.6190392084062235,-0.6190392084062235,-0.75,C2,False,True,C2,False,False
cdb8530e22decb293ae8a412,52,train,0.35,7/20,1.0,-0.6190392084062235,0.6190392084062235,0.0,C1,False,True,TIE,False,True
3fa33faa2129c4d1d5969677,53,train,0.35,7/20,1.0,-0.6190392084062235,0.6190392084062235,-0.875,C2,True,True,C2,True,False
6042a081705db5e42cade574,53,train,0.35,7/20,-1.0,0.6190392084062235,-0.6190392084062235,-0.875,C2,False,True,C2,False,False
8e31456456fe407681d332c6,53,train,0.35,7/20,1.0,-0.6190392084062235,0.6190392084062235,-0.625,C2,True,True,C2,True,False
beab928e53dfd527a8f8b647,53,train,0.35,7/20,-1.0,0.6190392084062235,-0.6190392084062235,-0.75,C2,False,True,C2,False,False
0a4e5c6b1802cd7fa76df491,53,train,0.35,7/20,1.0,-0.6190392084062235,0.6190392084062235,-0.625,C2,True,True,C2,True,False
c3d5b8a630c23ca8ce1c287e,53,train,0.35,7/20,-1.0,0.6190392084062235,-0.6190392084062235,-0.75,C2,False,True,C2,False,False
37fe9a316103b9c72461ccab,53,train,0.35,7/20,1.0,-0.6190392084062235,0.6190392084062235,-0.5,C2,True,True,C2,True,False
761298465f16b89b516b5bb3,53,train,0.35,7/20,-1.0,0.6190392084062235,-0.6190392084062235,-0.75,C2,False,True,C2,False,False
93577d4718e4a9543ce85743,54,train,0.35,7/20,2.0,-1.238078416812447,1.238078416812447,-0.25,C2,True,True,C2,True,False
37140a6c9e53900e2e0bbc21,54,train,0.35,7/20,2.0,-1.238078416812447,1.238078416812447,-0.375,C2,True,True,C2,True,False
ddf9cd24df41f9bf6e08289e,54,train,0.35,7/20,0.0,-0.0,0.0,-1.0,C2,,False,C2,False,False
0fc87e6b9cd6f9cb0a0d7d62,54,train,0.35,7/20,0.0,-0.0,0.0,-0.75,C2,,False,C2,False,False
524e9f95940107def377a1f4,54,train,0.35,7/20,0.0,-0.0,0.0,-1.0,C2,,False,C2,False,False
71f18e1d471779d780ff5738,54,train,0.35,7/20,0.0,-0.0,0.0,-1.125,C2,,False,C2,False,False
e0cbaf23d33826e68ed2069d,54,train,0.35,7/20,-2.0,1.238078416812447,-1.238078416812447,-1.5,C2,False,True,C2,False,False
862d33743dad85ca567cf52a,54,train,0.35,7/20,-2.0,1.238078416812447,-1.238078416812447,-1.5,C2,False,True,C2,False,False
0dc1540d37bdf9dcbd6bae15,55,train,0.35,7/20,2.0,-1.238078416812447,1.238078416812447,0.375,C1,False,True,C1,False,False
22baba86dd37fd9b8c241c0c,55,train,0.35,7/20,0.0,-0.0,0.0,0.0,C1,,False,TIE,False,True
2fa8dc747e6961cff07dc8b7,55,train,0.35,7/20,2.0,-1.238078416812447,1.238078416812447,0.25,C1,False,True,C1,False,False
08bd5fa518d8a7ab5134e7ab,55,train,0.35,7/20,0.0,-0.0,0.0,-0.125,C2,,False,C2,False,False
a1e00b7468d73d6b5ec3bcfd,55,train,0.35,7/20,0.0,-0.0,0.0,-0.5,C2,,False,C2,False,False
32cace48282655e629b876fc,55,train,0.35,7/20,-2.0,1.238078416812447,-1.238078416812447,-0.625,C2,False,True,C2,False,False
8aefddb6e2335bf09a4fde1a,55,train,0.35,7/20,0.0,-0.0,0.0,-0.625,C2,,False,C2,False,False
ecb9f6d3755310ca165952f5,55,train,0.35,7/20,-2.0,1.238078416812447,-1.238078416812447,-0.5,C2,False,True,C2,False,False
405376ac87e70739699a60b5,56,train,0.35,7/20,2.0,-1.238078416812447,1.238078416812447,-0.5,C2,True,True,C2,True,False
323cacbfd1d148f8e5da4196,56,train,0.35,7/20,0.0,-0.0,0.0,-0.75,C2,,False,C2,False,False
c3015b1cfc9d45f7eab017e7,56,train,0.35,7/20,0.0,-0.0,0.0,-1.0,C2,,False,C2,False,False
fd2ea83c72550b4513cf3e2a,56,train,0.35,7/20,-2.0,1.238078416812447,-1.238078416812447,-0.75,C2,False,True,C2,False,False
1bcadae4ac2796cd6815b615,56,train,0.35,7/20,2.0,-1.238078416812447,1.238078416812447,-0.5,C2,True,True,C2,True,False
6cf001a2445eb9328a95acae,56,train,0.35,7/20,0.0,-0.0,0.0,-0.875,C2,,False,C2,False,False
7ccd9420b93ddf34dae67981,56,train,0.35,7/20,0.0,-0.0,0.0,-1.125,C2,,False,C2,False,False
3ffce87edbd42a236bf35705,56,train,0.35,7/20,-2.0,1.238078416812447,-1.238078416812447,-1.125,C2,False,True,C2,False,False
ce2d1360e0d7b4b67274de99,57,train,0.35,7/20,-1.0,0.6190392084062235,-0.6190392084062235,-1.25,C2,False,True,C2,False,False
39399a0e19cb66d8da19fb46,57,train,0.35,7/20,-1.0,0.6190392084062235,-0.6190392084062235,-1.125,C2,False,True,C2,False,False
112cf554259fbbf6aabc1784,57,train,0.35,7/20,-1.0,0.6190392084062235,-0.6190392084062235,-1.125,C2,False,True,C2,False,False
e76429c2153e9543bc7bdb45,57,train,0.35,7/20,-1.0,0.6190392084062235,-0.6190392084062235,-0.75,C2,False,True,C2,False,False
c16fe2f6dd57b98661b0a706,57,train,0.35,7/20,1.0,-0.6190392084062235,0.6190392084062235,-0.375,C2,True,True,C2,True,False
73004a53d5a78885bd680b5b,57,train,0.35,7/20,1.0,-0.6190392084062235,0.6190392084062235,-0.375,C2,True,True,C2,True,False
2c670ee9ae8cfef5d08028a2,57,train,0.35,7/20,1.0,-0.6190392084062235,0.6190392084062235,-0.375,C2,True,True,C2,True,False
265ad7d3126b081b215c5696,57,train,0.35,7/20,1.0,-0.6190392084062235,0.6190392084062235,0.25,C1,False,True,C1,False,False
29dc6c8dc24e1ec52e30ada2,58,train,0.35,7/20,-2.0,1.238078416812447,-1.238078416812447,-1.75,C2,False,True,C2,False,False
df3607be9e8d63f3b09a5cdf,58,train,0.35,7/20,-2.0,1.238078416812447,-1.238078416812447,-1.25,C2,False,True,C2,False,False
2f323039a32289211fb3102d,58,train,0.35,7/20,0.0,-0.0,0.0,-1.0,C2,,False,C2,False,False
a2705fbfe42df2e8a797bcc0,58,train,0.35,7/20,0.0,-0.0,0.0,-0.625,C2,,False,C2,False,False
31d2c9940257ea41fb72280e,58,train,0.35,7/20,0.0,-0.0,0.0,-0.75,C2,,False,C2,False,False
539e0da62e1024f35cc7f409,58,train,0.35,7/20,0.0,-0.0,0.0,-0.375,C2,,False,C2,False,False
de858bd365c40692214508ad,58,train,0.35,7/20,2.0,-1.238078416812447,1.238078416812447,-0.125,C2,True,True,C2,True,False
02eb9772348934f58eb0e339,58,train,0.35,7/20,2.0,-1.238078416812447,1.238078416812447,0.625,C1,False,True,C1,False,False
8ec224b57c0e14ee8cdd55a3,59,train,0.35,7/20,0.0,-0.0,0.0,-1.375,C2,,False,C2,False,False
d3d7e85b67a41f1688bcdc9a,59,train,0.35,7/20,-2.0,1.238078416812447,-1.238078416812447,-1.25,C2,False,True,C2,False,False
d9493631772235f43d19c0db,59,train,0.35,7/20,0.0,-0.0,0.0,-1.0,C2,,False,C2,False,False
afe3bf8e8cf5969be00fb361,59,train,0.35,7/20,-2.0,1.238078416812447,-1.238078416812447,-0.875,C2,False,True,C2,False,False
df3b76d7039d92fa8e86059d,59,train,0.35,7/20,2.0,-1.238078416812447,1.238078416812447,-0.125,C2,True,True,C2,True,False
b62002644b0a9cc2b8487130,59,train,0.35,7/20,0.0,-0.0,0.0,-0.25,C2,,False,C2,False,False
7b2e4236298d5ee47ccf4326,59,train,0.35,7/20,2.0,-1.238078416812447,1.238078416812447,0.125,C1,False,True,C1,False,False
46c035e169a860e33cb4b35b,59,train,0.35,7/20,0.0,-0.0,0.0,0.25,C1,,False,C1,False,False
5f9a0b6ba614cf40c4b90b85,60,train,0.35,7/20,-1.0,0.6190392084062235,-0.6190392084062235,-1.0,C2,False,True,C2,False,False
e59e8db1b82d86c5f5999683,60,train,0.35,7/20,-1.0,0.6190392084062235,-0.6190392084062235,-0.375,C2,False,True,C2,False,False
48ef11cb990d89ddb435938a,60,train,0.35,7/20,1.0,-0.6190392084062235,0.6190392084062235,-0.375,C2,True,True,C2,True,False
aa2707eea88a966a9e3f51ff,60,train,0.35,7/20,1.0,-0.6190392084062235,0.6190392084062235,0.125,C1,False,True,C1,False,False
008d083f844748759144c5ab,60,train,0.35,7/20,-1.0,0.6190392084062235,-0.6190392084062235,-0.25,C2,False,True,C2,False,False
e2ae9062328d02157a117e09,60,train,0.35,7/20,-1.0,0.6190392084062235,-0.6190392084062235,0.25,C1,True,True,C1,True,False
99813d095a54d347a4cebff2,60,train,0.35,7/20,1.0,-0.6190392084062235,0.6190392084062235,0.5,C1,False,True,C1,False,False
c394163ec140e87bfb74ad6b,60,train,0.35,7/20,1.0,-0.6190392084062235,0.6190392084062235,1.0,C1,False,True,C1,False,False
e1b5ad4f88fb30afa9e320c7,61,train,0.35,7/20,1.0,-0.6190392084062235,0.6190392084062235,-0.5,C2,True,True,C2,True,False
11e28f22923a462a6aad1b08,61,train,0.35,7/20,-1.0,0.6190392084062235,-0.6190392084062235,-0.625,C2,False,True,C2,False,False
e62e0332742c885222025c45,61,train,0.35,7/20,1.0,-0.6190392084062235,0.6190392084062235,-0.5,C2,True,True,C2,True,False
25c2630a28accfbb75b00c25,61,train,0.35,7/20,-1.0,0.6190392084062235,-0.6190392084062235,-0.625,C2,False,True,C2,False,False
8660eb26f737910705e295da,61,train,0.35,7/20,1.0,-0.6190392084062235,0.6190392084062235,-0.25,C2,True,True,C2,True,False
70241788e3c5067eef339e22,61,train,0.35,7/20,-1.0,0.6190392084062235,-0.6190392084062235,-0.625,C2,False,True,C2,False,False
be77282dd5fe8c0fef22864f,61,train,0.35,7/20,1.0,-0.6190392084062235,0.6190392084062235,-0.25,C2,True,True,C2,True,False
142b1823b78b1953eac99e70,61,train,0.35,7/20,-1.0,0.6190392084062235,-0.6190392084062235,-0.375,C2,False,True,C2,False,False
569fedb070b829e44b1a9b03,62,train,0.35,7/20,-2.0,1.238078416812447,-1.238078416812447,-0.875,C2,False,True,C2,False,False
3c6740101f6fcd51240f9074,62,train,0.35,7/20,0.0,-0.0,0.0,-0.375,C2,,False,C2,False,False
8f00f76fbc80c4ad48276b29,62,train,0.35,7/20,0.0,-0.0,0.0,-0.125,C2,,False,C2,False,False
fe29f7410a6ab4ea965623ac,62,train,0.35,7/20,2.0,-1.238078416812447,1.238078416812447,0.375,C1,False,True,C1,False,False
b77abbebe05ecd1a16374892,62,train,0.35,7/20,-2.0,1.238078416812447,-1.238078416812447,0.125,C1,True,True,C1,True,False
db61eb7150e40f01f83d8b37,62,train,0.35,7/20,0.0,-0.0,0.0,0.625,C1,,False,C1,False,False
eb0079ed383e0ee1013c312f,62,train,0.35,7/20,0.0,-0.0,0.0,0.875,C1,,False,C1,False,False
a88caa2af20dd84fcb1ac41b,62,train,0.35,7/20,2.0,-1.238078416812447,1.238078416812447,1.5,C1,False,True,C1,False,False
586b3f637fd95a600cb14587,63,train,0.35,7/20,0.0,-0.0,0.0,-0.625,C2,,False,C2,False,False
87bc3d1dd34449f32e9b1d52,63,train,0.35,7/20,-2.0,1.238078416812447,-1.238078416812447,-0.625,C2,False,True,C2,False,False
93680c46592e68fda531fba7,63,train,0.35,7/20,2.0,-1.238078416812447,1.238078416812447,-0.625,C2,True,True,C2,True,False
3b5ccedb2637fed270b2840b,63,train,0.35,7/20,0.0,-0.0,0.0,-0.875,C2,,False,C2,False,False
dc29d101dd87135880c05a30,63,train,0.35,7/20,0.0,-0.0,0.0,-0.625,C2,,False,C2,False,False
03abcc459d78433d53eb4919,63,train,0.35,7/20,-2.0,1.238078416812447,-1.238078416812447,-0.5,C2,False,True,C2,False,False
3e5f16ef7abb863366ba33b2,63,train,0.35,7/20,2.0,-1.238078416812447,1.238078416812447,-0.25,C2,True,True,C2,True,False
69071f6cf2cc9b9c8daa18fb,63,train,0.35,7/20,0.0,-0.0,0.0,-0.25,C2,,False,C2,False,False
bba221a3367e29d12b89d763,0,test,0.45,9/20,2.0,-0.4013413909243022,0.4013413909243022,-0.25,C2,True,True,C2,True,False
b6a30c31166e1b2d64665769,0,test,0.45,9/20,0.0,-0.0,0.0,-0.5,C2,,False,C2,False,False
1257857dc009bb87af06aa0d,0,test,0.45,9/20,2.0,-0.4013413909243022,0.4013413909243022,-0.375,C2,True,True,C2,True,False
0d3cfdb3e7514a5085717ede,0,test,0.45,9/20,0.0,-0.0,0.0,-1.0,C2,,False,C2,False,False
bb09490d07a12dcb38cb7631,0,test,0.45,9/20,0.0,-0.0,0.0,-1.125,C2,,False,C2,False,False
68c9b146ed510b7c64a69fce,0,test,0.45,9/20,-2.0,0.4013413909243022,-0.4013413909243022,-1.125,C2,False,True,C2,False,False
b5cc3f433b97759a062af2e6,0,test,0.45,9/20,0.0,-0.0,0.0,-1.25,C2,,False,C2,False,False
a20bccab114b065d9c0ab4ad,0,test,0.45,9/20,-2.0,0.4013413909243022,-0.4013413909243022,-1.5,C2,False,True,C2,False,False
f1f4dcc9b61441fa21297888,1,test,0.45,9/20,1.0,-0.2006706954621511,0.2006706954621511,0.0,C1,False,True,TIE,False,True
ca4265f5661650310aebcad1,1,test,0.45,9/20,1.0,-0.2006706954621511,0.2006706954621511,0.125,C1,False,True,C1,False,False
7b6d05549f9eb59b8252905a,1,test,0.45,9/20,1.0,-0.2006706954621511,0.2006706954621511,0.125,C1,False,True,C1,False,False
c80ffec6324e65ee94291e73,1,test,0.45,9/20,1.0,-0.2006706954621511,0.2006706954621511,0.25,C1,False,True,C1,False,False
3cede7f9fb2b71f5f2ffcc51,1,test,0.45,9/20,-1.0,0.2006706954621511,-0.2006706954621511,-0.75,C2,False,True,C2,False,False
6f76f272c3b7f6d127ba8178,1,test,0.45,9/20,-1.0,0.2006706954621511,-0.2006706954621511,-0.5,C2,False,True,C2,False,False
26264b1e22b91cfb85dc43fa,1,test,0.45,9/20,-1.0,0.2006706954621511,-0.2006706954621511,-0.5,C2,False,True,C2,False,False
b14edea97a29e182fd9b4b21,1,test,0.45,9/20,-1.0,0.2006706954621511,-0.2006706954621511,-0.125,C2,False,True,C2,False,False
ffeb5f48f2398c9cc6ec7a71,2,test,0.45,9/20,0.0,-0.0,0.0,-0.75,C2,,False,C2,False,False
6bb215a0939933b4eefc1cfa,2,test,0.45,9/20,0.0,-0.0,0.0,-0.5,C2,,False,C2,False,False
a5dc3cc746d20f69fe49c5f3,2,test,0.45,9/20,0.0,-0.0,0.0,-0.75,C2,,False,C2,False,False
9f8bff996602ac8301572cc9,2,test,0.45,9/20,0.0,-0.0,0.0,-0.375,C2,,False,C2,False,False
ca7c065b2f43a5fd3133b8e5,2,test,0.45,9/20,0.0,-0.0,0.0,-0.5,C2,,False,C2,False,False
cc30a2206eaf65c9314cec0c,2,test,0.45,9/20,0.0,-0.0,0.0,-0.375,C2,,False,C2,False,False
be9b52eae448d5f61109875e,2,test,0.45,9/20,0.0,-0.0,0.0,-0.375,C2,,False,C2,False,False
6025067bc741fcece1f69a64,2,test,0.45,9/20,0.0,-0.0,0.0,-0.125,C1,,False,C2,False,True
8e03ad13e2cb56c070517599,3,test,0.45,9/20,0.0,-0.0,0.0,-0.75,C2,,False,C2,False,False
6202d39d0ea0abe1e25995aa,3,test,0.45,9/20,-2.0,0.4013413909243022,-0.4013413909243022,-0.75,C2,False,True,C2,False,False
6b787a5bb0142f247a353810,3,test,0.45,9/20,2.0,-0.4013413909243022,0.4013413909243022,-0.375,C2,True,True,C2,True,False
69da4026b20f6d5525774041,3,test,0.45,9/20,0.0,-0.0,0.0,-0.625,C2,,False,C2,False,False
bd8059d93301515baa56548f,3,test,0.45,9/20,0.0,-0.0,0.0,-0.25,C2,,False,C2,False,False
b12a70e44b6749fe16c81124,3,test,0.45,9/20,-2.0,0.4013413909243022,-0.4013413909243022,-0.375,C2,False,True,C2,False,False
e69231229ae5bec9c29fa590,3,test,0.45,9/20,2.0,-0.4013413909243022,0.4013413909243022,-0.125,C2,True,True,C2,True,False
3a23e4b472e5cd21d73995e5,3,test,0.45,9/20,0.0,-0.0,0.0,0.125,C1,,False,C1,False,False
df00624240ef0c5b2ad946a9,4,test,0.45,9/20,0.0,-0.0,0.0,-0.125,C2,,False,C2,False,False
3a915f5e607454ecd970eeb4,4,test,0.45,9/20,0.0,-0.0,0.0,0.125,C1,,False,C1,False,False
a6a1e8575eff60f5d4667cc4,4,test,0.45,9/20,2.0,-0.4013413909243022,0.4013413909243022,0.375,C1,False,True,C1,False,False
e8917c5b6a99be5c8079ed23,4,test,0.45,9/20,2.0,-0.4013413909243022,0.4013413909243022,0.375,C1,False,True,C1,False,False
a9d14bb16442738c1bdecffb,4,test,0.45,9/20,-2.0,0.4013413909243022,-0.4013413909243022,-1.375,C2,False,True,C2,False,False
74f492c7c60377b81e097204,4,test,0.45,9/20,-2.0,0.4013413909243022,-0.4013413909243022,-0.375,C2,False,True,C2,False,False
097ebe64a4f25255cab14ab9,4,test,0.45,9/20,0.0,-0.0,0.0,-0.5,C2,,False,C2,False,False
3d9ed8ba93d756070de3831f,4,test,0.45,9/20,0.0,-0.0,0.0,0.625,C1,,False,C1,False,False
b7ea5404fd9384973c264db5,5,train,0.45,9/20,0.0,-0.0,0.0,-0.875,C2,,False,C2,False,False
e7e3cd945353ee32b87747f1,5,train,0.45,9/20,-2.0,0.4013413909243022,-0.4013413909243022,-0.875,C2,False,True,C2,False,False
d5468765798a9e0695689eb2,5,train,0.45,9/20,2.0,-0.4013413909243022,0.4013413909243022,-0.75,C2,True,True,C2,True,False
8c27620d234db25a276b6902,5,train,0.45,9/20,0.0,-0.0,0.0,-1.0,C2,,False,C2,False,False
a0ea1d514a82bc0ded2b09d3,5,train,0.45,9/20,0.0,-0.0,0.0,-0.625,C2,,False,C2,False,False
321d2b6f7f15b230cad50f84,5,train,0.45,9/20,-2.0,0.4013413909243022,-0.4013413909243022,-0.625,C2,False,True,C2,False,False
4077082bb82ecaed145d5597,5,train,0.45,9/20,2.0,-0.4013413909243022,0.4013413909243022,-0.125,C2,True,True,C2,True,False
573c2199a1a3a3edcd8ad632,5,train,0.45,9/20,0.0,-0.0,0.0,-0.375,C2,,False,C2,False,False
09972cb7781ce96b6be7fe51,6,test,0.45,9/20,-3.0,0.6020120863864533,-0.6020120863864533,-1.625,C2,False,True,C2,False,False
1a6aa2d5cc368665596b17bf,6,test,0.45,9/20,-1.0,0.2006706954621511,-0.2006706954621511,-0.75,C2,False,True,C2,False,False
e3cdf848cc457c2a49107859,6,test,0.45,9/20,-1.0,0.2006706954621511,-0.2006706954621511,-0.625,C2,False,True,C2,False,False
03b65071dd9fd2840cc147c0,6,test,0.45,9/20,1.0,-0.2006706954621511,0.2006706954621511,0.25,C1,False,True,C1,False,False
450615ac9a977b9de3875bda,6,test,0.45,9/20,-1.0,0.2006706954621511,-0.2006706954621511,-0.125,C2,False,True,C2,False,False
b76ac2351ee4e4ee25ac769b,6,test,0.45,9/20,1.0,-0.2006706954621511,0.2006706954621511,1.0,C1,False,True,C1,False,False
106a2a03638794c806498a42,6,test,0.45,9/20,1.0,-0.2006706954621511,0.2006706954621511,0.625,C1,False,True,C1,False,False
974f0e52c70bd12112d4b9ca,6,test,0.45,9/20,3.0,-0.6020120863864533,0.6020120863864533,2.125,C1,False,True,C1,False,False
b8031aaef520615339069225,7,train,0.45,9/20,0.0,-0.0,0.0,-0.25,C2,,False,C2,False,False
0a61bab124f1f964d0c6f457,7,train,0.45,9/20,0.0,-0.0,0.0,-0.5,C2,,False,C2,False,False
8b835c2dc70d4affa5e58ce9,7,train,0.45,9/20,0.0,-0.0,0.0,-0.5,C2,,False,C2,False,False
aeb0d62ba02dedf2e65533f5,7,train,0.45,9/20,0.0,-0.0,0.0,-0.625,C2,,False,C2,False,False
27ff994a55a8ecce7b787c68,7,train,0.45,9/20,0.0,-0.0,0.0,-0.75,C2,,False,C2,False,False
bf0803447635b812afbc479a,7,train,0.45,9/20,0.0,-0.0,0.0,-0.75,C2,,False,C2,False,False
7b17d8e6a9381af4986cc946,7,train,0.45,9/20,0.0,-0.0,0.0,-0.75,C2,,False,C2,False,False
2e7b9acbe8f8636cdd6c1858,7,train,0.45,9/20,0.0,-0.0,0.0,-0.25,C2,,False,C2,False,False
1f60984ed3075cfd84173eb9,8,train,0.45,9/20,-1.0,0.2006706954621511,-0.2006706954621511,-1.5,C2,False,True,C2,False,False
4a45c4030c48be03273562bb,8,train,0.45,9/20,-3.0,0.6020120863864533,-0.6020120863864533,-1.375,C2,False,True,C2,False,False
22752dbdd44cc0a1507719b3,8,train,0.45,9/20,1.0,-0.2006706954621511,0.2006706954621511,-1.0,C2,True,True,C2,True,False
8121dce84d234200d08cf36d,8,train,0.45,9/20,-1.0,0.2006706954621511,-0.2006706954621511,-1.0,C2,False,True,C2,False,False
b8f12119141948dfd3847974,8,train,0.45,9/20,1.0,-0.2006706954621511,0.2006706954621511,-0.25,C2,True,True,C2,True,False
61a7680713a3994e25725c9f,8,train,0.45,9/20,-1.0,0.2006706954621511,-0.2006706954621511,-0.375,C2,False,True,C2,False,False
7686184efd7158a22fefeb1a,8,train,0.45,9/20,3.0,-0.6020120863864533,0.6020120863864533,0.25,C1,False,True,C1,False,False
c2980ca4ff36979b9351c6b3,8,train,0.45,9/20,1.0,-0.2006706954621511,0.2006706954621511,0.125,C1,False,True,C1,False,False
9cba9eb85fc2b38e6e4b9c79,9,test,0.45,9/20,1.0,-0.2006706954621511,0.2006706954621511,-0.625,C2,True,True,C2,True,False
4e4569644ac295e077f58793,9,test,0.45,9/20,-1.0,0.2006706954621511,-0.2006706954621511,-0.625,C2,False,True,C2,False,False
89a0977ef8d36c8c48cdf03e,9,test,0.45,9/20,1.0,-0.2006706954621511,0.2006706954621511,-0.5,C2,True,True,C2,True,False
92a9cefaab475a3adaa118dc,9,test,0.45,9/20,-1.0,0.2006706954621511,-0.2006706954621511,-0.625,C2,False,True,C2,False,False
f0ac8711a15a0ce7909f49b8,9,test,0.45,9/20,1.0,-0.2006706954621511,0.2006706954621511,-0.5,C2,True,True,C2,True,False
c0d04326b6fb2227e265d7fe,9,test,0.45,9/20,-1.0,0.2006706954621511,-0.2006706954621511,-0.625,C2,False,True,C2,False,False
804dac49597e286222feec1c,9,test,0.45,9/20,1.0,-0.2006706954621511,0.2006706954621511,-0.375,C2,True,True,C2,True,False
2518d76c1884b5ae3082bd16,9,test,0.45,9/20,-1.0,0.2006706954621511,-0.2006706954621511,-0.5,C2,False,True,C2,False,False
a715570c0e91d36084892de0,10,test,0.45,9/20,1.0,-0.2006706954621511,0.2006706954621511,-0.25,C2,True,True,C2,True,False
017702cac1ac53a6c5889a69,10,test,0.45,9/20,-1.0,0.2006706954621511,-0.2006706954621511,-0.25,C2,False,True,C2,False,False
a6642d1d19330768e3a70b7d,10,test,0.45,9/20,1.0,-0.2006706954621511,0.2006706954621511,-0.25,C2,True,True,C2,True,False
eca07bca8b647d81026805e8,10,test,0.45,9/20,-1.0,0.2006706954621511,-0.2006706954621511,-0.5,C2,False,True,C2,False,False
c13d8d37bd824d8e2dd3139e,10,test,0.45,9/20,1.0,-0.2006706954621511,0.2006706954621511,-0.5,C2,True,True,C2,True,False
d021eb3d6bcb27fdfa7a09ed,10,test,0.45,9/20,-1.0,0.2006706954621511,-0.2006706954621511,-0.625,C2,False,True,C2,False,False
2f0601a713cdeb0e077bb698,10,test,0.45,9/20,1.0,-0.2006706954621511,0.2006706954621511,-0.375,C2,True,True,C2,True,False
a7d951a2925e1c7a4b27eae9,10,test,0.45,9/20,-1.0,0.2006706954621511,-0.2006706954621511,-0.5,C2,False,True,C2,False,False
7b4d48d918d25d4d412e2fd4,11,train,0.45,9/20,0.0,-0.0,0.0,-0.75,C2,,False,C2,False,False
6472ffdfb450030d093e8c7d,11,train,0.45,9/20,0.0,-0.0,0.0,-0.625,C2,,False,C2,False,False
c043a056feeb321df5d144bc,11,train,0.45,9/20,-2.0,0.4013413909243022,-0.4013413909243022,-1.25,C2,False,True,C2,False,False
0799746b22be9da799c3a107,11,train,0.45,9/20,-2.0,0.4013413909243022,-0.4013413909243022,-0.625,C2,False,True,C2,False,False
3fc065ad3b9ef00bf7329c93,11,train,0.45,9/20,2.0,-0.4013413909243022,0.4013413909243022,-0.25,C2,True,True,C2,True,False
993a64a34dedca9f5b6f5286,11,train,0.45,9/20,2.0,-0.4013413909243022,0.4013413909243022,-0.125,C2,True,True,C2,True,False
8e603e5a6f804fe683734bf3,11,train,0.45,9/20,0.0,-0.0,0.0,-0.75,C2,,False,C2,False,False
5693e40278de5638cd679557,11,train,0.45,9/20,0.0,-0.0,0.0,-0.125,C2,,False,C2,False,False
38ea6d8e1f87c1b1b68b50c4,12,train,0.45,9/20,0.0,-0.0,0.0,-0.375,C2,,False,C2,False,False
c60b23b9998e40e596026310,12,train,0.45,9/20,2.0,-0.4013413909243022,0.4013413909243022,-0.25,C2,True,True,C2,True,False
45752730c70c773240d3e631,12,train,0.45,9/20,-2.0,0.4013413909243022,-0.4013413909243022,-0.75,C2,False,True,C2,False,False
58f483808b3da38ce01b2adc,12,train,0.45,9/20,0.0,-0.0,0.0,0.0,C2,,False,TIE,False,True
c7f23d7b433fa5c5588789f7,12,train,0.45,9/20,0.0,-0.0,0.0,-0.5,C2,,False,C2,False,False
9315d7b45efb175611ae5ae1,12,train,0.45,9/20,2.0,-0.4013413909243022,0.4013413909243022,-0.125,C2,True,True,C2,True,False
3672e57e2d50d78c27589a07,12,train,0.45,9/20,-2.0,0.4013413909243022,-0.4013413909243022,-1.125,C2,False,True,C2,False,False
8af8397e80182dfbc053d581,12,train,0.45,9/20,0.0,-0.0,0.0,0.125,C1,,False,C1,False,False
8e99365e7a926c3a50d1b8a4,13,train,0.45,9/20,3.0,-0.6020120863864533,0.6020120863864533,-0.125,C2,True,True,C2,True,False
fb8541315c4a99ab2af8822e,13,train,0.45,9/20,1.0,-0.2006706954621511,0.2006706954621511,-0.75,C2,True,True,C2,True,False
73b7b498fd04ecfa8a4bcf8c,13,train,0.45,9/20,1.0,-0.2006706954621511,0.2006706954621511,-0.625,C2,True,True,C2,True,False
3364dbc36db0cc6f2289ffc4,13,train,0.45,9/20,-1.0,0.2006706954621511,-0.2006706954621511,-1.0,C2,False,True,C2,False,False
c8034c7797ca3a9934e06b61,13,train,0.45,9/20,1.0,-0.2006706954621511,0.2006706954621511,-1.125,C2,True,True,C2,True,False
740cc64c3d4cbd903386f7f9,13,train,0.45,9/20,-1.0,0.2006706954621511,-0.2006706954621511,-1.625,C2,False,True,C2,False,False
dc028b8b6fe1d7a805544578,13,train,0.45,9/20,-1.0,0.2006706954621511,-0.2006706954621511,-1.375,C2,False,True,C2,False,False
cb8a4fe46f00ac76f274c238,13,train,0.45,9/20,-3.0,0.6020120863864533,-0.6020120863864533,-1.875,C2,False,True,C2,False,False
cf892974ff9478b4d7db8bf3,14,train,0.45,9/20,-1.0,0.2006706954621511,-0.2006706954621511,-0.875,C2,False,True,C2,False,False
f428431a1040635e85e98d84,14,train,0.45,9/20,-3.0,0.6020120863864533,-0.6020120863864533,-0.375,C2,False,True,C2,False,False
9167c699d97320f48d398f75,14,train,0.45,9/20,1.0,-0.2006706954621511,0.2006706954621511,-0.125,C2,True,True,C2,True,False
21176fb3a176bace1fd16b2e,14,train,0.45,9/20,-1.0,0.2006706954621511,-0.2006706954621511,-0.125,C2,False,True,C2,False,False
ac03878c0aa2039a780c1860,14,train,0.45,9/20,1.0,-0.2006706954621511,0.2006706954621511,0.625,C1,False,True,C1,False,False
76b5e63aba6cd951777340c0,14,train,0.45,9/20,-1.0,0.2006706954621511,-0.2006706954621511,0.5,C1,True,True,C1,True,False
af187b6f1ad05c5a95c3ed6a,14,train,0.45,9/20,3.0,-0.6020120863864533,0.6020120863864533,1.0,C1,False,True,C1,False,False
80bb6ec22f705cd7a1e9c917,14,train,0.45,9/20,1.0,-0.2006706954621511,0.2006706954621511,1.125,C1,False,True,C1,False,False
f0325c4e8c48119a65e32bcb,15,train,0.45,9/20,-1.0,0.2006706954621511,-0.2006706954621511,-1.0,C2,False,True,C2,False,False
0bc806ba7a863288f5685623,15,train,0.45,9/20,-1.0,0.2006706954621511,-0.2006706954621511,-0.875,C2,False,True,C2,False,False
f180a37e81332d1fd723693e,15,train,0.45,9/20,1.0,-0.2006706954621511,0.2006706954621511,-0.625,C2,True,True,C2,True,False
251276c0d29af01f686affa7,15,train,0.45,9/20,1.0,-0.2006706954621511,0.2006706954621511,-0.625,C2,True,True,C2,True,False
bae62f57291eaca6a4c9244f,15,train,0.45,9/20,-1.0,0.2006706954621511,-0.2006706954621511,-0.625,C2,False,True,C2,False,False
d1c95ab491bf5005f8de9a11,15,train,0.45,9/20,-1.0,0.2006706954621511,-0.2006706954621511,-0.375,C2,False,True,C2,False,False
265ee51da51c22e907df34ef,15,train,0.45,9/20,1.0,-0.2006706954621511,0.2006706954621511,-0.125,C2,True,True,C2,True,False
982b52214b6c0e1f67ec98a6,15,train,0.45,9/20,1.0,-0.2006706954621511,0.2006706954621511,0.25,C1,False,True,C1,False,False
15d069308070c92a91182229,16,train,0.45,9/20,-1.0,0.2006706954621511,-0.2006706954621511,-1.75,C2,False,True,C2,False,False
517ad4bd5ca8d92b51212693,16,train,0.45,9/20,-3.0,0.6020120863864533,-0.6020120863864533,-1.125,C2,False,True,C2,False,False
be68c1a273bbfe9fbc499bd2,16,train,0.45,9/20,1.0,-0.2006706954621511,0.2006706954621511,-1.0,C2,True,True,C2,True,False
bceabe5dfb9d4d44abdfe8ac,16,train,0.45,9/20,-1.0,0.2006706954621511,-0.2006706954621511,-0.625,C2,False,True,C2,False,False
faf5e05ce2fe2f253b7f7b70,16,train,0.45,9/20,1.0,-0.2006706954621511,0.2006706954621511,0.0,C2,True,True,TIE,False,True
f312fcfc24d3545486aa2280,16,train,0.45,9/20,-1.0,0.2006706954621511,-0.2006706954621511,0.25,C1,True,True,C1,True,False
da554a75c7615e680c724203,16,train,0.45,9/20,3.0,-0.6020120863864533,0.6020120863864533,0.625,C1,False,True,C1,False,False
d93a19d8755362715fecd044,16,train,0.45,9/20,1.0,-0.2006706954621511,0.2006706954621511,1.0,C1,False,True,C1,False,False
442f060346b3939dc4935501,17,train,0.45,9/20,1.0,-0.2006706954621511,0.2006706954621511,-0.25,C2,True,True,C2,True,False
55fa442016187c8451022c1c,17,train,0.45,9/20,1.0,-0.2006706954621511,0.2006706954621511,0.0,C1,False,True,TIE,False,True
ba2d04c598142b6d31625eb5,17,train,0.45,9/20,1.0,-0.2006706954621511,0.2006706954621511,-0.5,C2,True,True,C2,True,False
d3c1b57d7d47261e47c3b9ff,17,train,0.45,9/20,1.0,-0.2006706954621511,0.2006706954621511,-0.25,C2,True,True,C2,True,False
afad5eb061c0daed03a5e51c,17,train,0.45,9/20,-1.0,0.2006706954621511,-0.2006706954621511,-0.75,C2,False,True,C2,False,False
11aa52e93f43d5eeb7aead17,17,train,0.45,9/20,-1.0,0.2006706954621511,-0.2006706954621511,-0.5,C2,False,True,C2,False,False
4703e1e3a4ff70006f92806c,17,train,0.45,9/20,-1.0,0.2006706954621511,-0.2006706954621511,-0.625,C2,False,True,C2,False,False
7e6e5ac57c2992b6dd026ec0,17,train,0.45,9/20,-1.0,0.2006706954621511,-0.2006706954621511,-0.25,C2,False,True,C2,False,False
9b8996a6851a9fb4ff18958f,18,train,0.45,9/20,0.0,-0.0,0.0,-0.625,C2,,False,C2,False,False
9ca02b423d0912e2de24d203,18,train,0.45,9/20,-2.0,0.4013413909243022,-0.4013413909243022,-0.625,C2,False,True,C2,False,False
0af78a1a8b08955b2077d127,18,train,0.45,9/20,2.0,-0.4013413909243022,0.4013413909243022,-0.125,C2,True,True,C2,True,False
3bbf161f77187c88ca846aab,18,train,0.45,9/20,0.0,-0.0,0.0,-0.5,C2,,False,C2,False,False
9489322d2a08847367142ac7,18,train,0.45,9/20,0.0,-0.0,0.0,-0.375,C2,,False,C2,False,False
357c26dea994e59a55846ad2,18,train,0.45,9/20,-2.0,0.4013413909243022,-0.4013413909243022,-0.625,C2,False,True,C2,False,False
118389dfdace855314082a11,18,train,0.45,9/20,2.0,-0.4013413909243022,0.4013413909243022,0.25,C1,False,True,C1,False,False
3ddac6d49e15610ebe26cc5b,18,train,0.45,9/20,0.0,-0.0,0.0,0.25,C1,,False,C1,False,False
11e1b6290fe59adf44dbfc47,19,train,0.45,9/20,-2.0,0.4013413909243022,-0.4013413909243022,-1.0,C2,False,True,C2,False,False
b010409053ff97a848f313ec,19,train,0.45,9/20,0.0,-0.0,0.0,-0.375,C2,,False,C2,False,False
2b4ecf28682e656ddfdcb079,19,train,0.45,9/20,-2.0,0.4013413909243022,-0.4013413909243022,-0.875,C2,False,True,C2,False,False
a966b603db6dee640549a2fc,19,train,0.45,9/20,0.0,-0.0,0.0,0.125,C1,,False,C1,False,False
8e7ad5be0bde6523c81dfbca,19,train,0.45,9/20,0.0,-0.0,0.0,0.25,C1,,False,C1,False,False
a88e15c0de1d19d699fb7ee4,19,train,0.45,9/20,2.0,-0.4013413909243022,0.4013413909243022,0.75,C1,False,True,C1,False,False
96ae8a38eda3913512d4bf75,19,train,0.45,9/20,0.0,-0.0,0.0,-0.125,C1,,False,C2,False,True
3d2311b54ddeb63e34897eea,19,train,0.45,9/20,2.0,-0.4013413909243022,0.4013413909243022,1.625,C1,False,True,C1,False,False
4b96d96af61e53c0eeb7f585,20,train,0.45,9/20,0.0,-0.0,0.0,-1.125,C2,,False,C2,False,False
53198d09aa34572925482041,20,train,0.45,9/20,0.0,-0.0,0.0,-0.875,C2,,False,C2,False,False
659822b39d15cba1e12faa98,20,train,0.45,9/20,0.0,-0.0,0.0,-1.125,C2,,False,C2,False,False
a92e34b333da6c5156b69362,20,train,0.45,9/20,0.0,-0.0,0.0,-0.625,C2,,False,C2,False,False
68ab05482e54beda7a0d03a0,20,train,0.45,9/20,0.0,-0.0,0.0,-0.875,C2,,False,C2,False,False
657ccef16acd05d44ae59a99,20,train,0.45,9/20,0.0,-0.0,0.0,-0.625,C2,,False,C2,False,False
00d8720bfacfd32d004c3eb0,20,train,0.45,9/20,0.0,-0.0,0.0,-0.875,C2,,False,C2,False,False
2588166254219630c3fd13d5,20,train,0.45,9/20,0.0,-0.0,0.0,-0.5,C2,,False,C2,False,False
45bcc7105905aeb20d8f7273,21,train,0.45,9/20,0.0,-0.0,0.0,-1.0,C2,,False,C2,False,False
a1fa055e581bd74f3a99a925,21,train,0.45,9/20,0.0,-0.0,0.0,-0.875,C2,,False,C2,False,False
698945df086f2b7becf8f65c,21,train,0.45,9/20,0.0,-0.0,0.0,-0.75,C2,,False,C2,False,False
f54de77d3f7b419157f9d3a1,21,train,0.45,9/20,0.0,-0.0,0.0,-0.5,C2,,False,C2,False,False
58823885b6a8e326efe752e6,21,train,0.45,9/20,0.0,-0.0,0.0,-0.75,C2,,False,C2,False,False
9c08642fd7bde911d6388b84,21,train,0.45,9/20,0.0,-0.0,0.0,-0.625,C2,,False,C2,False,False
2421b11b30d1b26739021c25,21,train,0.45,9/20,0.0,-0.0,0.0,-0.5,C2,,False,C2,False,False
360d3995a85717b7fb012c95,21,train,0.45,9/20,0.0,-0.0,0.0,-0.375,C2,,False,C2,False,False
68f2ec9d2475c74d82adaee1,22,train,0.45,9/20,0.0,-0.0,0.0,-0.875,C2,,False,C2,False,False
d981cd38e354958d773288f6,22,train,0.45,9/20,0.0,-0.0,0.0,-0.75,C2,,False,C2,False,False
3ac5c3ae3cedc4b28ba3f061,22,train,0.45,9/20,0.0,-0.0,0.0,-0.875,C2,,False,C2,False,False
20fed4c4db1de8ad4b98067f,22,train,0.45,9/20,0.0,-0.0,0.0,-0.5,C2,,False,C2,False,False
fdd53d937984b46f7b7e053d,22,train,0.45,9/20,0.0,-0.0,0.0,-0.625,C2,,False,C2,False,False
ae44039f41ac49c8991faa21,22,train,0.45,9/20,0.0,-0.0,0.0,-0.5,C2,,False,C2,False,False
68d26f8ef82931e6e3b427bc,22,train,0.45,9/20,0.0,-0.0,0.0,-0.625,C2,,False,C2,False,False
08aaf258f316b0df24e0ff65,22,train,0.45,9/20,0.0,-0.0,0.0,-0.125,C1,,False,C2,False,True
97c552ec838f294b994b4019,23,train,0.45,9/20,-2.0,0.4013413909243022,-0.4013413909243022,-1.375,C2,False,True,C2,False,False
e3ea7922c8f3bea2a4b16189,23,train,0.45,9/20,-2.0,0.4013413909243022,-0.4013413909243022,-0.625,C2,False,True,C2,False,False
d65c951dfe9013d3d3733033,23,train,0.45,9/20,0.0,-0.0,0.0,-0.5,C2,,False,C2,False,False
a6ff0228f0669d271213b26b,23,train,0.45,9/20,0.0,-0.0,0.0,0.25,C1,,False,C1,False,False
4cc0e90b48c0f349f0d59e4e,23,train,0.45,9/20,0.0,-0.0,0.0,0.125,C1,,False,C1,False,False
5a1616ca359a781ecb03949f,23,train,0.45,9/20,0.0,-0.0,0.0,0.625,C1,,False,C1,False,False
765f7ca91d4899a55e59f872,23,train,0.45,9/20,2.0,-0.4013413909243022,0.4013413909243022,1.125,C1,False,True,C1,False,False
0b8152ee7b7aac0efdf35bab,23,train,0.45,9/20,2.0,-0.4013413909243022,0.4013413909243022,1.625,C1,False,True,C1,False,False
2485ef2fcce545e581b76d1c,24,train,0.45,9/20,0.0,-0.0,0.0,0.125,C1,,False,C1,False,False
e39065e91eec2664ba559a18,24,train,0.45,9/20,2.0,-0.4013413909243022,0.4013413909243022,-0.125,C1,False,True,C2,True,True
9af9069ff68c0317d7e3242b,24,train,0.45,9/20,0.0,-0.0,0.0,0.125,C1,,False,C1,False,False
8d9c87694242c01fb308b5a9,24,train,0.45,9/20,2.0,-0.4013413909243022,0.4013413909243022,0.0,C1,False,True,TIE,False,True
e3e4b7af15f61e385117f477,24,train,0.45,9/20,-2.0,0.4013413909243022,-0.4013413909243022,-0.875,C2,False,True,C2,False,False
0ff9af13e6bc14568249abb4,24,train,0.45,9/20,0.0,-0.0,0.0,-0.875,C2,,False,C2,False,False
77f3831cec9045d0e8a6aa88,24,train,0.45,9/20,-2.0,0.4013413909243022,-0.4013413909243022,-0.75,C2,False,True,C2,False,False
cc225b902c235dcc3c49845a,24,train,0.45,9/20,0.0,-0.0,0.0,-0.25,C2,,False,C2,False,False
973a3de4597e9aca46ee875b,25,train,0.45,9/20,2.0,-0.4013413909243022,0.4013413909243022,-0.125,C2,True,True,C2,True,False
c117d032af7ec291eb672bef,25,train,0.45,9/20,2.0,-0.4013413909243022,0.4013413909243022,-0.625,C2,True,True,C2,True,False
8691edca66110923f78456b8,25,train,0.45,9/20,0.0,-0.0,0.0,-0.875,C2,,False,C2,False,False
e92d30f82d3aaf084ed796a8,25,train,0.45,9/20,0.0,-0.0,0.0,-0.75,C2,,False,C2,False,False
ad3c616be4587e15466838ba,25,train,0.45,9/20,0.0,-0.0,0.0,-1.125,C2,,False,C2,False,False
9398970d7388e285eaac70d8,25,train,0.45,9/20,0.0,-0.0,0.0,-1.125,C2,,False,C2,False,False
2d990eebbf77a555306e3ded,25,train,0.45,9/20,-2.0,0.4013413909243022,-0.4013413909243022,-1.375,C2,False,True,C2,False,False
e41b4e9208941b8f4bef8b91,25,train,0.45,9/20,-2.0,0.4013413909243022,-0.4013413909243022,-1.5,C2,False,True,C2,False,False
9d2f26e4429224864b72dbe7,26,train,0.45,9/20,-1.0,0.2006706954621511,-0.2006706954621511,-1.125,C2,False,True,C2,False,False
d1906004b06c694e9adab9c5,26,train,0.45,9/20,-1.0,0.2006706954621511,-0.2006706954621511,-0.75,C2,False,True,C2,False,False
8bd3fd3bf3d9298654c8a20a,26,train,0.45,9/20,1.0,-0.2006706954621511,0.2006706954621511,-0.625,C2,True,True,C2,True,False
5c350bc8c120cd1cafac7d39,26,train,0.45,9/20,1.0,-0.2006706954621511,0.2006706954621511,-0.625,C2,True,True,C2,True,False
8578fdf8b50902f768a0d2f0,26,train,0.45,9/20,-1.0,0.2006706954621511,-0.2006706954621511,-0.75,C2,False,True,C2,False,False
c92c192df6ad747e8fa2b02e,26,train,0.45,9/20,-1.0,0.2006706954621511,-0.2006706954621511,-0.5,C2,False,True,C2,False,False
74d772d2edec69410fc827d0,26,train,0.45,9/20,1.0,-0.2006706954621511,0.2006706954621511,-0.125,C2,True,True,C2,True,False
72d1ed6078f68127b2eee208,26,train,0.45,9/20,1.0,-0.2006706954621511,0.2006706954621511,0.125,C1,False,True,C1,False,False
1b917af2c0bde85cd3f245de,27,train,0.45,9/20,0.0,-0.0,0.0,-0.875,C2,,False,C2,False,False
e0e3c86f9b53cf918e52d944,27,train,0.45,9/20,2.0,-0.4013413909243022,0.4013413909243022,-0.625,C2,True,True,C2,True,False
d33fc3323c7430035febae5c,27,train,0.45,9/20,-2.0,0.4013413909243022,-0.4013413909243022,-1.0,C2,False,True,C2,False,False
165e6ffd41321d7588bc24cb,27,train,0.45,9/20,0.0,-0.0,0.0,-0.5,C2,,False,C2,False,False
2c014e50f66d3046d1a648b7,27,train,0.45,9/20,0.0,-0.0,0.0,-0.625,C2,,False,C2,False,False
251337e23a2e4646d34abb28,27,train,0.45,9/20,2.0,-0.4013413909243022,0.4013413909243022,-0.375,C2,True,True,C2,True,False
c166a1662ea01254f7d153f4,27,train,0.45,9/20,-2.0,0.4013413909243022,-0.4013413909243022,-1.125,C2,False,True,C2,False,False
8629976bbc7617f92a06b998,27,train,0.45,9/20,0.0,-0.0,0.0,-0.375,C2,,False,C2,False,False
38c04316bdc5d1152b711a1c,28,train,0.45,9/20,0.0,-0.0,0.0,-0.75,C2,,False,C2,False,False
0a36696cb5ffd22364df7cb2,28,train,0.45,9/20,0.0,-0.0,0.0,-0.75,C2,,False,C2,False,False
90c5b03f696e6248b6c6e22d,28,train,0.45,9/20,-2.0,0.4013413909243022,-0.4013413909243022,-1.0,C2,False,True,C2,False,False
448c060bf716a929263420f2,28,train,0.45,9/20,-2.0,0.4013413909243022,-0.4013413909243022,-0.75,C2,False,True,C2,False,False
18704db785b7db1f7b0b1451,28,train,0.45,9/20,2.0,-0.4013413909243022,0.4013413909243022,-0.375,C2,True,True,C2,True,False
779a4e6bf444c75a3b8f3102,28,train,0.45,9/20,2.0,-0.4013413909243022,0.4013413909243022,-0.375,C2,True,True,C2,True,False
d7d9eb19a2ccae475a883b86,28,train,0.45,9/20,0.0,-0.0,0.0,-0.75,C2,,False,C2,False,False
07f06fd048afa12017441644,28,train,0.45,9/20,0.0,-0.0,0.0,-0.25,C2,,False,C2,False,False
a573a2bc278c914c7d0fa415,29,train,0.45,9/20,-1.0,0.2006706954621511,-0.2006706954621511,-1.25,C2,False,True,C2,False,False
c78d80526ab5a2ddd55cdd3a,29,train,0.45,9/20,-1.0,0.2006706954621511,-0.2006706954621511,-1.0,C2,False,True,C2,False,False
647a0c679b1acef1b9efa8c4,29,train,0.45,9/20,-1.0,0.2006706954621511,-0.2006706954621511,-1.125,C2,False,True,C2,False,False
6c8698bd06e647f2c3b33aeb,29,train,0.45,9/20,-1.0,0.2006706954621511,-0.2006706954621511,-0.625,C2,False,True,C2,False,False
91bf13bfd3bfb94a0fdb69b2,29,train,0.45,9/20,1.0,-0.2006706954621511,0.2006706954621511,-0.125,C2,True,True,C2,True,False
006b07634b270fa4beb08bd3,29,train,0.45,9/20,1.0,-0.2006706954621511,0.2006706954621511,-0.25,C2,True,True,C2,True,False
c53b4e4984cf15719948c9a1,29,train,0.45,9/20,1.0,-0.2006706954621511,0.2006706954621511,-0.375,C2,True,True,C2,True,False
ecd2819694f21380927abfac,29,train,0.45,9/20,1.0,-0.2006706954621511,0.2006706954621511,0.25,C1,False,True,C1,False,False
c7bc8268185d819bd75a0018,30,train,0.45,9/20,3.0,-0.6020120863864533,0.6020120863864533,0.0,C1,False,True,TIE,False,True
d9cf5a23fd842c464c9c2bae,30,train,0.45,9/20,1.0,-0.2006706954621511,0.2006706954621511,-0.375,C2,True,True,C2,True,False
b4659d627bd3751473ebd439,30,train,0.45,9/20,1.0,-0.2006706954621511,0.2006706954621511,-0.875,C2,True,True,C2,True,False
66a2ef8803301f9bca1315b5,30,train,0.45,9/20,-1.0,0.2006706954621511,-0.2006706954621511,-0.875,C2,False,True,C2,False,False
9997f7dade4f8fe05f539946,30,train,0.45,9/20,1.0,-0.2006706954621511,0.2006706954621511,-1.0,C2,True,True,C2,True,False
9bf9e90ce393037151569ca2,30,train,0.45,9/20,-1.0,0.2006706954621511,-0.2006706954621511,-1.25,C2,False,True,C2,False,False
2f45ede91903b3dd5ed17a6d,30,train,0.45,9/20,-1.0,0.2006706954621511,-0.2006706954621511,-1.75,C2,False,True,C2,False,False
0a135a619340d6e225c07962,30,train,0.45,9/20,-3.0,0.6020120863864533,-0.6020120863864533,-1.75,C2,False,True,C2,False,False
c8fbb0d3047ecb3022913a85,31,train,0.45,9/20,-1.0,0.2006706954621511,-0.2006706954621511,-1.375,C2,False,True,C2,False,False
29bceabfa76a905fade4b222,31,train,0.45,9/20,1.0,-0.2006706954621511,0.2006706954621511,-0.75,C2,True,True,C2,True,False
b685d32e627e4d20936e9d05,31,train,0.45,9/20,-1.0,0.2006706954621511,-0.2006706954621511,-1.375,C2,False,True,C2,False,False
c16a7afe8e525a368c20de32,31,train,0.45,9/20,1.0,-0.2006706954621511,0.2006706954621511,0.125,C1,False,True,C1,False,False
8d2127b6a8fb91aa7d113f10,31,train,0.45,9/20,-1.0,0.2006706954621511,-0.2006706954621511,-0.125,C2,False,True,C2,False,False
37c7469b8073e89cab9325bc,31,train,0.45,9/20,1.0,-0.2006706954621511,0.2006706954621511,0.375,C1,False,True,C1,False,False
1f13bd0850d77c6650365cef,31,train,0.45,9/20,-1.0,0.2006706954621511,-0.2006706954621511,-0.375,C2,False,True,C2,False,False
d5c6bc1336d54ba1f6a7ff7f,31,train,0.45,9/20,1.0,-0.2006706954621511,0.2006706954621511,1.25,C1,False,True,C1,False,False
acfb3a798e98e4bab0779a32,32,train,0.45,9/20,-1.0,0.2006706954621511,-0.2006706954621511,-0.875,C2,False,True,C2,False,False
bd94a445f0c241134f18eecc,32,train,0.45,9/20,1.0,-0.2006706954621511,0.2006706954621511,-0.625,C2,True,True,C2,True,False
2ff4099c2b9a528ad547a9fc,32,train,0.45,9/20,-1.0,0.2006706954621511,-0.2006706954621511,-1.0,C2,False,True,C2,False,False
6f966d2efb6d10fa6eb0c166,32,train,0.45,9/20,1.0,-0.2006706954621511,0.2006706954621511,-0.375,C2,True,True,C2,True,False
a9108166574e487b54d68a58,32,train,0.45,9/20,-1.0,0.2006706954621511,-0.2006706954621511,-0.625,C2,False,True,C2,False,False
3ad9a4041eef348899521e18,32,train,0.45,9/20,1.0,-0.2006706954621511,0.2006706954621511,-0.25,C2,True,True,C2,True,False
c9e12414f0552cfb901eb753,32,train,0.45,9/20,-1.0,0.2006706954621511,-0.2006706954621511,-0.625,C2,False,True,C2,False,False
51ecff9241fa6f1dfab57c11,32,train,0.45,9/20,1.0,-0.2006706954621511,0.2006706954621511,0.375,C1,False,True,C1,False,False
646c3aad9fd9a643a1bd67d0,33,train,0.45,9/20,-3.0,0.6020120863864533,-0.6020120863864533,-1.25,C2,False,True,C2,False,False
4bb0aa75c45965d0bebaa8eb,33,train,0.45,9/20,-1.0,0.2006706954621511,-0.2006706954621511,-0.625,C2,False,True,C2,False,False
ad3680dbec98a375f540d64a,33,train,0.45,9/20,-1.0,0.2006706954621511,-0.2006706954621511,-0.375,C2,False,True,C2,False,False
640f142c5b6bc7461555a292,33,train,0.45,9/20,1.0,-0.2006706954621511,0.2006706954621511,0.125,C1,False,True,C1,False,False
5c3fbee866140e39b98180b1,33,train,0.45,9/20,-1.0,0.2006706954621511,-0.2006706954621511,0.25,C1,True,True,C1,True,False
403bbd13cbb3836d7cb18462,33,train,0.45,9/20,1.0,-0.2006706954621511,0.2006706954621511,0.625,C1,False,True,C1,False,False
75e9b1611c62a99195cf98ea,33,train,0.45,9/20,1.0,-0.2006706954621511,0.2006706954621511,0.75,C1,False,True,C1,False,False
2651f3a03337647f07fb6612,33,train,0.45,9/20,3.0,-0.6020120863864533,0.6020120863864533,1.5,C1,False,True,C1,False,False
2105a4d4df18b4906cc8a2d4,34,train,0.45,9/20,1.0,-0.2006706954621511,0.2006706954621511,0.0,C1,False,True,TIE,False,True
f29058f1affc8c3573b0a4de,34,train,0.45,9/20,1.0,-0.2006706954621511,0.2006706954621511,0.0,C2,True,True,TIE,False,True
202bd7bd84b60617ecad51b0,34,train,0.45,9/20,1.0,-0.2006706954621511,0.2006706954621511,0.125,C1,False,True,C1,False,False
9c7d1872905d0b49760db30a,34,train,0.45,9/20,1.0,-0.2006706954621511,0.2006706954621511,0.125,C1,False,True,C1,False,False
196449fd15c623307b287a89,34,train,0.45,9/20,-1.0,0.2006706954621511,-0.2006706954621511,-0.75,C2,False,True,C2,False,False
57cebe3ea9a7e3efd0e71de3,34,train,0.45,9/20,-1.0,0.2006706954621511,-0.2006706954621511,-0.625,C2,False,True,C2,False,False
7f03241f6f0ed888a7f3e52a,34,train,0.45,9/20,-1.0,0.2006706954621511,-0.2006706954621511,-0.625,C2,False,True,C2,False,False
bc80a45d8dde026934a9480c,34,train,0.45,9/20,-1.0,0.2006706954621511,-0.2006706954621511,-0.125,C2,False,True,C2,False,False
18f34318031ab9dc2454bf8f,35,train,0.45,9/20,0.0,-0.0,0.0,-1.0,C2,,False,C2,False,False
8a6324ff5fe6ad782ccaa9bd,35,train,0.45,9/20,0.0,-0.0,0.0,-0.875,C2,,False,C2,False,False
709eac103e3446f431c37871,35,train,0.45,9/20,0.0,-0.0,0.0,-0.875,C2,,False,C2,False,False
b90cbd62532b9ee8104216ba,35,train,0.45,9/20,0.0,-0.0,0.0,-0.625,C2,,False,C2,False,False
f84ef0bf17d6855a5ce12d6a,35,train,0.45,9/20,0.0,-0.0,0.0,-0.75,C2,,False,C2,False,False
22d1a7545fc248ff81a08dcc,35,train,0.45,9/20,0.0,-0.0,0.0,-0.5,C2,,False,C2,False,False
1fb4377b4c87fb5823cbd4da,35,train,0.45,9/20,0.0,-0.0,0.0,-0.5,C2,,False,C2,False,False
d51b92045e97ed9583ce57c6,35,train,0.45,9/20,0.0,-0.0,0.0,-0.25,C2,,False,C2,False,False
8b6ea2a9e1c600a45030f862,36,train,0.45,9/20,-1.0,0.2006706954621511,-0.2006706954621511,-1.375,C2,False,True,C2,False,False
18036a1dbe0dda19296445b5,36,train,0.45,9/20,-1.0,0.2006706954621511,-0.2006706954621511,-1.125,C2,False,True,C2,False,False
28090363309ad1de7a89d0dd,36,train,0.45,9/20,1.0,-0.2006706954621511,0.2006706954621511,-1.0,C2,True,True,C2,True,False
e559472cd7556d42e39664f8,36,train,0.45,9/20,1.0,-0.2006706954621511,0.2006706954621511,-0.75,C2,True,True,C2,True,False
b51c6365f5a36bcb64ffa99b,36,train,0.45,9/20,-1.0,0.2006706954621511,-0.2006706954621511,-1.0,C2,False,True,C2,False,False
695c58d97783d548f75af472,36,train,0.45,9/20,-1.0,0.2006706954621511,-0.2006706954621511,-0.75,C2,False,True,C2,False,False
76f6d5c4569053810379ff8f,36,train,0.45,9/20,1.0,-0.2006706954621511,0.2006706954621511,-0.625,C2,True,True,C2,True,False
42640c507ba2f5edd8f6d080,36,train,0.45,9/20,1.0,-0.2006706954621511,0.2006706954621511,-0.25,C2,True,True,C2,True,False
07057fb2aa660216bd0564eb,37,train,0.45,9/20,0.0,-0.0,0.0,-0.625,C2,,False,C2,False,False
43ab81d7e809d4f6147eb791,37,train,0.45,9/20,0.0,-0.0,0.0,-0.75,C2,,False,C2,False,False
2b3e2eebba4a3fcdc38e9a9b,37,train,0.45,9/20,0.0,-0.0,0.0,-0.875,C2,,False,C2,False,False
3e3aca9076ca4737b4382649,37,train,0.45,9/20,0.0,-0.0,0.0,-0.5,C2,,False,C2,False,False
6557a478a43bda8d11c87048,37,train,0.45,9/20,0.0,-0.0,0.0,-0.75,C2,,False,C2,False,False
c06cce934330319f6803a6e5,37,train,0.45,9/20,0.0,-0.0,0.0,-0.5,C2,,False,C2,False,False
38c6d121a8597cdd5ee15318,37,train,0.45,9/20,0.0,-0.0,0.0,-0.875,C2,,False,C2,False,False
64938bcfb5a41d9bf4387bf1,37,train,0.45,9/20,0.0,-0.0,0.0,-0.375,C2,,False,C2,False,False
dad0097464fc3b4e54eb3356,38,train,0.45,9/20,1.0,-0.2006706954621511,0.2006706954621511,-0.625,C2,True,True,C2,True,False
91a55bdf1991227d9090c4c8,38,train,0.45,9/20,-1.0,0.2006706954621511,-0.2006706954621511,-0.75,C2,False,True,C2,False,False
590ff27faa796673c67a0a6a,38,train,0.45,9/20,-1.0,0.2006706954621511,-0.2006706954621511,-1.125,C2,False,True,C2,False,False
d067bb07199bd6b4271c8405,38,train,0.45,9/20,-3.0,0.6020120863864533,-0.6020120863864533,-0.875,C2,False,True,C2,False,False
e1ffce8553ca02a4fd5e5e1c,38,train,0.45,9/20,3.0,-0.6020120863864533,0.6020120863864533,0.125,C1,False,True,C1,False,False
42002c0db047c87fd78093fe,38,train,0.45,9/20,1.0,-0.2006706954621511,0.2006706954621511,-0.375,C2,True,True,C2,True,False
0e51fd4c08c6486adbc28f21,38,train,0.45,9/20,1.0,-0.2006706954621511,0.2006706954621511,-0.875,C2,True,True,C2,True,False
e445d7455126b8e24c18a265,38,train,0.45,9/20,-1.0,0.2006706954621511,-0.2006706954621511,-0.625,C2,False,True,C2,False,False
05b0b7d2884d3f9f229276ac,39,train,0.45,9/20,0.0,-0.0,0.0,-0.75,C2,,False,C2,False,False
8e46674c3bb55f13e19d93e5,39,train,0.45,9/20,0.0,-0.0,0.0,-0.5,C2,,False,C2,False,False
943648c9cc1c2db3e85531b2,39,train,0.45,9/20,0.0,-0.0,0.0,-0.75,C2,,False,C2,False,False
65524bb3c9e4abcd0eb34b28,39,train,0.45,9/20,0.0,-0.0,0.0,-0.375,C2,,False,C2,False,False
fc732cc210508b77fa960fb0,39,train,0.45,9/20,0.0,-0.0,0.0,-0.625,C2,,False,C2,False,False
c526a8f27f654c0afca0dfb4,39,train,0.45,9/20,0.0,-0.0,0.0,-0.25,C2,,False,C2,False,False
b12b02d2a864a797dcae2041,39,train,0.45,9/20,0.0,-0.0,0.0,-0.625,C2,,False,C2,False,False
8cf500b682bc8c10be68c1c7,39,train,0.45,9/20,0.0,-0.0,0.0,0.0,C1,,False,TIE,False,True
fc267fe0468b90a270139329,40,train,0.45,9/20,2.0,-0.4013413909243022,0.4013413909243022,0.25,C1,False,True,C1,False,False
0e5924d8b2d66bc3f357d850,40,train,0.45,9/20,0.0,-0.0,0.0,-0.25,C2,,False,C2,False,False
cce6ed365569542b5191d617,40,train,0.45,9/20,2.0,-0.4013413909243022,0.4013413909243022,0.125,C1,False,True,C1,False,False
8570df6c43de9da5c3960462,40,train,0.45,9/20,0.0,-0.0,0.0,-0.375,C2,,False,C2,False,False
8d7b1a8f135e47c6386aac03,40,train,0.45,9/20,0.0,-0.0,0.0,-1.0,C2,,False,C2,False,False
f868fab964d6227ad62067ac,40,train,0.45,9/20,-2.0,0.4013413909243022,-0.4013413909243022,-1.125,C2,False,True,C2,False,False
5b454e092122ed89efd5cd1b,40,train,0.45,9/20,0.0,-0.0,0.0,-1.0,C2,,False,C2,False,False
81d622d8f31e2ba2d1391dfb,40,train,0.45,9/20,-2.0,0.4013413909243022,-0.4013413909243022,-1.125,C2,False,True,C2,False,False
99f7ad02e5c790fe8d1cf58a,41,train,0.45,9/20,0.0,-0.0,0.0,-1.375,C2,,False,C2,False,False
b29853641e8924c76f040276,41,train,0.45,9/20,-2.0,0.4013413909243022,-0.4013413909243022,-1.25,C2,False,True,C2,False,False
111974945904e3ab7215d804,41,train,0.45,9/20,0.0,-0.0,0.0,-1.25,C2,,False,C2,False,False
5039d31c69578d67776f1f9f,41,train,0.45,9/20,-2.0,0.4013413909243022,-0.4013413909243022,-1.125,C2,False,True,C2,False,False
0024d3bdd331d454eb9940f9,41,train,0.45,9/20,2.0,-0.4013413909243022,0.4013413909243022,-0.625,C2,True,True,C2,True,False
cb3e3c5fb895058d5f01c2bd,41,train,0.45,9/20,0.0,-0.0,0.0,-0.75,C2,,False,C2,False,False
c382a9691b468607e78473ea,41,train,0.45,9/20,2.0,-0.4013413909243022,0.4013413909243022,-0.5,C2,True,True,C2,True,False
b27022e1e4ad9f5f216fbd8f,41,train,0.45,9/20,0.0,-0.0,0.0,-0.5,C2,,False,C2,False,False
882a23b66f39d23ee77c7dab,42,train,0.45,9/20,-1.0,0.2006706954621511,-0.2006706954621511,-1.0,C2,False,True,C2,False,False
84963320a43ae74b70bf0f3b,42,train,0.45,9/20,-1.0,0.2006706954621511,-0.2006706954621511,-0.625,C2,False,True,C2,False,False
6406d007d95fbc9deecfda72,42,train,0.45,9/20,1.0,-0.2006706954621511,0.2006706954621511,-0.625,C2,True,True,C2,True,False
ee69e182da8ee566434bcaa1,42,train,0.45,9/20,1.0,-0.2006706954621511,0.2006706954621511,-0.25,C2,True,True,C2,True,False
a376530cbe6e2826faac8437,42,train,0.45,9/20,-1.0,0.2006706954621511,-0.2006706954621511,-0.75,C2,False,True,C2,False,False
c7a1579ed3c1990460e751fa,42,train,0.45,9/20,-1.0,0.2006706954621511,-0.2006706954621511,-0.5,C2,False,True,C2,False,False
c5d67bb26206dbed486b3901,42,train,0.45,9/20,1.0,-0.2006706954621511,0.2006706954621511,-0.25,C2,True,True,C2,True,False
f3ca790e7f33b00fa1d83a9d,42,train,0.45,9/20,1.0,-0.2006706954621511,0.2006706954621511,0.25,C1,False,True,C1,False,False
13ad8b66a82020bdb5d3fe63,43,train,0.45,9/20,0.0,-0.0,0.0,-1.125,C2,,False,C2,False,False
9d55d8dc1e03336a07870703,43,train,0.45,9/20,-2.0,0.4013413909243022,-0.4013413909243022,-0.875,C2,False,True,C2,False,False
d836f55cc9d1817ff3ab488d,43,train,0.45,9/20,0.0,-0.0,0.0,-0.75,C2,,False,C2,False,False
72017f80c2c6760a683ea524,43,train,0.45,9/20,-2.0,0.4013413909243022,-0.4013413909243022,-0.5,C2,False,True,C2,False,False
980ac5a72fcd95351ba3aeca,43,train,0.45,9/20,2.0,-0.4013413909243022,0.4013413909243022,0.0,C1,False,True,TIE,False,True
48411947fdfcf32b21dfbb0f,43,train,0.45,9/20,0.0,-0.0,0.0,0.0,C1,,False,TIE,False,True
34a7d9345722f463ac5a746d,43,train,0.45,9/20,2.0,-0.4013413909243022,0.4013413909243022,0.125,C1,False,True,C1,False,False
74bb2df365264486b6fcd0ca,43,train,0.45,9/20,0.0,-0.0,0.0,0.5,C1,,False,C1,False,False
85d7ca2398e85327655ee83a,44,train,0.45,9/20,-1.0,0.2006706954621511,-0.2006706954621511,-1.375,C2,False,True,C2,False,False
1123f6d69e0896ab4bccdfdc,44,train,0.45,9/20,-1.0,0.2006706954621511,-0.2006706954621511,-0.875,C2,False,True,C2,False,False
6008dc628e6e4b9c4481fbfe,44,train,0.45,9/20,-1.0,0.2006706954621511,-0.2006706954621511,-1.125,C2,False,True,C2,False,False
de5d1854e0aa4c86fafb9fc2,44,train,0.45,9/20,-1.0,0.2006706954621511,-0.2006706954621511,-0.375,C2,False,True,C2,False,False
a7db167ccb3ad74468c236cf,44,train,0.45,9/20,1.0,-0.2006706954621511,0.2006706954621511,0.0,C1,False,True,TIE,False,True
2722cb8aadd0177d66bb937b,44,train,0.45,9/20,1.0,-0.2006706954621511,0.2006706954621511,0.125,C1,False,True,C1,False,False
4944cf6dd0ed1d32ac46b301,44,train,0.45,9/20,1.0,-0.2006706954621511,0.2006706954621511,0.125,C1,False,True,C1,False,False
75efe74ce45442f0c1b70f0d,44,train,0.45,9/20,1.0,-0.2006706954621511,0.2006706954621511,0.75,C1,False,True,C1,False,False
111634cb6b42c37644c1f7bf,45,train,0.45,9/20,0.0,-0.0,0.0,-1.0,C2,,False,C2,False,False
1e9db39aec17ee84c9c101c4,45,train,0.45,9/20,0.0,-0.0,0.0,-0.875,C2,,False,C2,False,False
9932c0403b9827d4fc2def3c,45,train,0.45,9/20,0.0,-0.0,0.0,-0.875,C2,,False,C2,False,False
3eb48aae833b1dea73a2ef59,45,train,0.45,9/20,0.0,-0.0,0.0,-0.625,C2,,False,C2,False,False
b434ed7290edc5caa4a89c06,45,train,0.45,9/20,0.0,-0.0,0.0,-0.625,C2,,False,C2,False,False
9d57eedfa84e733a77f8ef84,45,train,0.45,9/20,0.0,-0.0,0.0,-0.5,C2,,False,C2,False,False
8539752ac2e5932e80c634c5,45,train,0.45,9/20,0.0,-0.0,0.0,-0.375,C2,,False,C2,False,False
1965f77268b17a872407dfb1,45,train,0.45,9/20,0.0,-0.0,0.0,0.0,C1,,False,TIE,False,True
51a8180e9417dd062cc259ec,46,train,0.45,9/20,-2.0,0.4013413909243022,-0.4013413909243022,-1.625,C2,False,True,C2,False,False
55e724562394fcdf3dd82542,46,train,0.45,9/20,-2.0,0.4013413909243022,-0.4013413909243022,-1.25,C2,False,True,C2,False,False
d5ba1f0dbe6d1b4d9f772e5a,46,train,0.45,9/20,0.0,-0.0,0.0,-0.875,C2,,False,C2,False,False
12a56e6e0dd9c0fa0f410dbb,46,train,0.45,9/20,0.0,-0.0,0.0,-0.5,C2,,False,C2,False,False
0810f32304c44e10e86957de,46,train,0.45,9/20,0.0,-0.0,0.0,-0.25,C2,,False,C2,False,False
c71485d0d0f2220ac6b88d77,46,train,0.45,9/20,0.0,-0.0,0.0,0.0,C1,,False,TIE,False,True
d5d2d72396d3f1f3ae70c9f4,46,train,0.45,9/20,2.0,-0.4013413909243022,0.4013413909243022,0.375,C1,False,True,C1,False,False
8a75ada07bc8c3ce2d5dd82b,46,train,0.45,9/20,2.0,-0.4013413909243022,0.4013413909243022,1.0,C1,False,True,C1,False,False
878c4f3157d1ab2ece04c179,47,train,0.45,9/20,1.0,-0.2006706954621511,0.2006706954621511,-0.25,C2,True,True,C2,True,False
9583dc9ce549c05d7b6c9659,47,train,0.45,9/20,1.0,-0.2006706954621511,0.2006706954621511,-0.5,C2,True,True,C2,True,False
d4a3be35213e382de76bcd3c,47,train,0.45,9/20,-1.0,0.2006706954621511,-0.2006706954621511,-0.75,C2,False,True,C2,False,False
a90b00e2de641c304ac2271a,47,train,0.45,9/20,-1.0,0.2006706954621511,-0.2006706954621511,-0.625,C2,False,True,C2,False,False
331d4c12188bb4a0dba0bfa9,47,train,0.45,9/20,1.0,-0.2006706954621511,0.2006706954621511,-0.125,C2,True,True,C2,True,False
6bd406fc8319a7745b402fe6,47,train,0.45,9/20,1.0,-0.2006706954621511,0.2006706954621511,-0.5,C2,True,True,C2,True,False
941975a15b00f7fe9f9a2166,47,train,0.45,9/20,-1.0,0.2006706954621511,-0.2006706954621511,-0.875,C2,False,True,C2,False,False
b1158e8ee5698b72e4cb9a0b,47,train,0.45,9/20,-1.0,0.2006706954621511,-0.2006706954621511,-0.375,C2,False,True,C2,False,False
1becfcb21b0d167a439ee2d2,48,train,0.45,9/20,0.0,-0.0,0.0,-0.5,C2,,False,C2,False,False
8e752ba9a7448738ae39cb2f,48,train,0.45,9/20,0.0,-0.0,0.0,-0.25,C2,,False,C2,False,False
be065d62408269efe37ec2fe,48,train,0.45,9/20,-2.0,0.4013413909243022,-0.4013413909243022,-1.125,C2,False,True,C2,False,False
ef4d02ea46c5a312668e0688,48,train,0.45,9/20,-2.0,0.4013413909243022,-0.4013413909243022,-0.125,C2,False,True,C2,False,False
f15c1dd122d1388765e84a58,48,train,0.45,9/20,2.0,-0.4013413909243022,0.4013413909243022,0.125,C1,False,True,C1,False,False
12b2a1a98fc5ac69cfbdb633,48,train,0.45,9/20,2.0,-0.4013413909243022,0.4013413909243022,0.0,C1,False,True,TIE,False,True
852dc0eaa7acbb7437c2dfc9,48,train,0.45,9/20,0.0,-0.0,0.0,-0.625,C2,,False,C2,False,False
22972857125f68975090ba08,48,train,0.45,9/20,0.0,-0.0,0.0,0.5,C1,,False,C1,False,False
e3c2661cf29af02622b4ebcb,49,train,0.45,9/20,0.0,-0.0,0.0,-1.25,C2,,False,C2,False,False
02839bde118dfeb6ee8f8e3c,49,train,0.45,9/20,0.0,-0.0,0.0,-1.125,C2,,False,C2,False,False
f8ec074c1da5438368de9e1c,49,train,0.45,9/20,-2.0,0.4013413909243022,-0.4013413909243022,-1.25,C2,False,True,C2,False,False
bfe27586d8f9618dbadba72e,49,train,0.45,9/20,-2.0,0.4013413909243022,-0.4013413909243022,-0.75,C2,False,True,C2,False,False
f1f0e071f81b1c2cee70d238,49,train,0.45,9/20,2.0,-0.4013413909243022,0.4013413909243022,-0.125,C2,True,True,C2,True,False
e520eae739ce1ee9de2834b5,49,train,0.45,9/20,2.0,-0.4013413909243022,0.4013413909243022,-0.25,C2,True,True,C2,True,False
fbd61feb91ea5e97e5157bfb,49,train,0.45,9/20,0.0,-0.0,0.0,-0.25,C2,,False,C2,False,False
e4a64b4b97edf391ff7f6808,49,train,0.45,9/20,0.0,-0.0,0.0,0.125,C1,,False,C1,False,False
4abe335441e9be48b6a99dc2,50,train,0.45,9/20,1.0,-0.2006706954621511,0.2006706954621511,0.375,C1,False,True,C1,False,False
8a64b903a937b67a58e213c4,50,train,0.45,9/20,-1.0,0.2006706954621511,-0.2006706954621511,0.125,C1,True,True,C1,True,False
748c3d3b6879f2416175a386,50,train,0.45,9/20,3.0,-0.6020120863864533,0.6020120863864533,1.125,C1,False,True,C1,False,False
c83803ea0674934c3487cda3,50,train,0.45,9/20,1.0,-0.2006706954621511,0.2006706954621511,0.125,C1,False,True,C1,False,False
f2514d486f9758a4e6a720d1,50,train,0.45,9/20,-1.0,0.2006706954621511,-0.2006706954621511,-1.25,C2,False,True,C2,False,False
f368b48badf94deac453af54,50,train,0.45,9/20,-3.0,0.6020120863864533,-0.6020120863864533,-0.875,C2,False,True,C2,False,False
eab1a4e2fda1ae1e3c4d0c4e,50,train,0.45,9/20,1.0,-0.2006706954621511,0.2006706954621511,0.5,C1,False,True,C1,False,False
902ba421b29046d01372669d,50,train,0.45,9/20,-1.0,0.2006706954621511,-0.2006706954621511,0.5,C1,True,True,C1,True,False
f6b725cb2313f1f8257fa560,51,train,0.45,9/20,-1.0,0.2006706954621511,-0.2006706954621511,-0.5,C2,False,True,C2,False,False
b78999368e1be10bc929de8b,51,train,0.45,9/20,1.0,-0.2006706954621511,0.2006706954621511,-0.375,C2,True,True,C2,True,False
880183c1bf44c9c2abd4972b,51,train,0.45,9/20,1.0,-0.2006706954621511,0.2006706954621511,-0.25,C2,True,True,C2,True,False
61a0dd4025219a9a16ab8e48,51,train,0.45,9/20,3.0,-0.6020120863864533,0.6020120863864533,-0.125,C2,True,True,C2,True,False
1f9c208ce975376746ad008b,51,train,0.45,9/20,-3.0,0.6020120863864533,-0.6020120863864533,-1.25,C2,False,True,C2,False,False
497905f0bcfd43c059909165,51,train,0.45,9/20,-1.0,0.2006706954621511,-0.2006706954621511,-0.625,C2,False,True,C2,False,False
4dacb7c177d4715fc50d4ec9,51,train,0.45,9/20,-1.0,0.2006706954621511,-0.2006706954621511,-0.625,C2,False,True,C2,False,False
b4afb532fd032c1d3c805d6c,51,train,0.45,9/20,1.0,-0.2006706954621511,0.2006706954621511,0.0,C2,True,True,TIE,False,True
7f6a0a061fa4b21723f62047,52,train,0.45,9/20,-1.0,0.2006706954621511,-0.2006706954621511,-1.125,C2,False,True,C2,False,False
f83266c1be31aaa01e70c8df,52,train,0.45,9/20,1.0,-0.2006706954621511,0.2006706954621511,-0.75,C2,True,True,C2,True,False
e39c055fbf5a27f453e0f3ed,52,train,0.45,9/20,-1.0,0.2006706954621511,-0.2006706954621511,-1.0,C2,False,True,C2,False,False
cf87f0185d9430cc830a65c9,52,train,0.45,9/20,1.0,-0.2006706954621511,0.2006706954621511,-0.625,C2,True,True,C2,True,False
177bb14f8ad9a7e5a69cc51c,52,train,0.45,9/20,-1.0,0.2006706954621511,-0.2006706954621511,-0.875,C2,False,True,C2,False,False
447c44021619b7de932307d4,52,train,0.45,9/20,1.0,-0.2006706954621511,0.2006706954621511,-0.5,C2,True,True,C2,True,False
d9b2182937b5fa198e8f4acf,52,train,0.45,9/20,-1.0,0.2006706954621511,-0.2006706954621511,-0.875,C2,False,True,C2,False,False
037714213c682a049c245c2c,52,train,0.45,9/20,1.0,-0.2006706954621511,0.2006706954621511,-0.125,C2,True,True,C2,True,False
31f7ceab4cd1c04017731cf7,53,train,0.45,9/20,1.0,-0.2006706954621511,0.2006706954621511,-0.875,C2,True,True,C2,True,False
b726179e683e0ec405394e59,53,train,0.45,9/20,-1.0,0.2006706954621511,-0.2006706954621511,-1.0,C2,False,True,C2,False,False
8a11815505d8724ce5a838f3,53,train,0.45,9/20,1.0,-0.2006706954621511,0.2006706954621511,-0.625,C2,True,True,C2,True,False
6d275e61577cc2f0f555e7c0,53,train,0.45,9/20,-1.0,0.2006706954621511,-0.2006706954621511,-0.75,C2,False,True,C2,False,False
292e3cedc49f45d4957c5e87,53,train,0.45,9/20,1.0,-0.2006706954621511,0.2006706954621511,-0.625,C2,True,True,C2,True,False
421c4a1f0f5bdff8e36cd07b,53,train,0.45,9/20,-1.0,0.2006706954621511,-0.2006706954621511,-0.75,C2,False,True,C2,False,False
7f6f0b1224192fa4a553e3d2,53,train,0.45,9/20,1.0,-0.2006706954621511,0.2006706954621511,-0.5,C2,True,True,C2,True,False
a5824fcd33abdf3a53e8db3e,53,train,0.45,9/20,-1.0,0.2006706954621511,-0.2006706954621511,-0.875,C2,False,True,C2,False,False
c2d56a6cf83844d96eca6d0c,54,train,0.45,9/20,2.0,-0.4013413909243022,0.4013413909243022,-0.25,C2,True,True,C2,True,False
89c6a89290bf3081874298dc,54,train,0.45,9/20,2.0,-0.4013413909243022,0.4013413909243022,-0.375,C2,True,True,C2,True,False
af064b6d9df10f28327ab06b,54,train,0.45,9/20,0.0,-0.0,0.0,-1.0,C2,,False,C2,False,False
fbb9c646f04bb524b7de0958,54,train,0.45,9/20,0.0,-0.0,0.0,-0.875,C2,,False,C2,False,False
e5087ea39e21bde4c29d14d6,54,train,0.45,9/20,0.0,-0.0,0.0,-1.0,C2,,False,C2,False,False
565b041e5cb4acdff0d88188,54,train,0.45,9/20,0.0,-0.0,0.0,-1.125,C2,,False,C2,False,False
ea3c1678327cebd294293f22,54,train,0.45,9/20,-2.0,0.4013413909243022,-0.4013413909243022,-1.625,C2,False,True,C2,False,False
72d1b0c0abbd9b41ac4e84fa,54,train,0.45,9/20,-2.0,0.4013413909243022,-0.4013413909243022,-1.625,C2,False,True,C2,False,False
9054e3d5e873d3b9b54f977c,55,train,0.45,9/20,2.0,-0.4013413909243022,0.4013413909243022,0.375,C1,False,True,C1,False,False
0c2a77cc7c958043354f2c4f,55,train,0.45,9/20,0.0,-0.0,0.0,0.125,C1,,False,C1,False,False
8c0088de6b3a55550759dc08,55,train,0.45,9/20,2.0,-0.4013413909243022,0.4013413909243022,0.25,C1,False,True,C1,False,False
56a8a617eee4e4e09eab09f9,55,train,0.45,9/20,0.0,-0.0,0.0,-0.125,C2,,False,C2,False,False
8eb39c397fffdb3e483fb127,55,train,0.45,9/20,0.0,-0.0,0.0,-0.5,C2,,False,C2,False,False
288a6df3239e8119a4232a6b,55,train,0.45,9/20,-2.0,0.4013413909243022,-0.4013413909243022,-0.625,C2,False,True,C2,False,False
e10de14ddcddb63ff69d558f,55,train,0.45,9/20,0.0,-0.0,0.0,-0.625,C2,,False,C2,False,False
5dbabe9f2d0485066ec2d519,55,train,0.45,9/20,-2.0,0.4013413909243022,-0.4013413909243022,-0.5,C2,False,True,C2,False,False
51d13d3a7a269b6b54450cc9,56,train,0.45,9/20,2.0,-0.4013413909243022,0.4013413909243022,-0.375,C2,True,True,C2,True,False
784e7ab641431261bff3a6b0,56,train,0.45,9/20,0.0,-0.0,0.0,-0.75,C2,,False,C2,False,False
0b1ef700161be6149e3e96be,56,train,0.45,9/20,0.0,-0.0,0.0,-1.0,C2,,False,C2,False,False
b3f3c62976371c6aa9709aa3,56,train,0.45,9/20,-2.0,0.4013413909243022,-0.4013413909243022,-0.875,C2,False,True,C2,False,False
cb238ec18bfccdd7763f8cf3,56,train,0.45,9/20,2.0,-0.4013413909243022,0.4013413909243022,-0.5,C2,True,True,C2,True,False
552af0b39fb3132309d17cde,56,train,0.45,9/20,0.0,-0.0,0.0,-0.875,C2,,False,C2,False,False
e0535558a9c32e89684ccbbe,56,train,0.45,9/20,0.0,-0.0,0.0,-1.25,C2,,False,C2,False,False
6de7b1885df2eb46bbe3c0d2,56,train,0.45,9/20,-2.0,0.4013413909243022,-0.4013413909243022,-1.25,C2,False,True,C2,False,False
777d0c25cc2767b5380e361a,57,train,0.45,9/20,-1.0,0.2006706954621511,-0.2006706954621511,-1.375,C2,False,True,C2,False,False
6730098b2b8cd21c9d495475,57,train,0.45,9/20,-1.0,0.2006706954621511,-0.2006706954621511,-1.125,C2,False,True,C2,False,False
299db934b6332cb913762bd2,57,train,0.45,9/20,-1.0,0.2006706954621511,-0.2006706954621511,-1.25,C2,False,True,C2,False,False
edf4097f3c129afd2fa1dfbf,57,train,0.45,9/20,-1.0,0.2006706954621511,-0.2006706954621511,-0.625,C2,False,True,C2,False,False
790d4256567cecea46b4c542,57,train,0.45,9/20,1.0,-0.2006706954621511,0.2006706954621511,-0.375,C2,True,True,C2,True,False
18d093a56755a404683d4488,57,train,0.45,9/20,1.0,-0.2006706954621511,0.2006706954621511,-0.375,C2,True,True,C2,True,False
2be2a7e64379ab0c797ffc2b,57,train,0.45,9/20,1.0,-0.2006706954621511,0.2006706954621511,-0.375,C2,True,True,C2,True,False
ff9527d05de0653c899efeda,57,train,0.45,9/20,1.0,-0.2006706954621511,0.2006706954621511,0.25,C1,False,True,C1,False,False
0293a82047db6a0b985d44e7,58,train,0.45,9/20,-2.0,0.4013413909243022,-0.4013413909243022,-1.75,C2,False,True,C2,False,False
ca02e05ad2c33b7fae6713e2,58,train,0.45,9/20,-2.0,0.4013413909243022,-0.4013413909243022,-1.375,C2,False,True,C2,False,False
299622c578fbc2f6b82f5a79,58,train,0.45,9/20,0.0,-0.0,0.0,-1.0,C2,,False,C2,False,False
e506927ec1e6974fb49ec07b,58,train,0.45,9/20,0.0,-0.0,0.0,-0.625,C2,,False,C2,False,False
f4f516280a730c774b348fba,58,train,0.45,9/20,0.0,-0.0,0.0,-0.75,C2,,False,C2,False,False
4d5e97fdbc78b30aab3b2c7c,58,train,0.45,9/20,0.0,-0.0,0.0,-0.5,C2,,False,C2,False,False
d98d1d2ce3eef096e0cfdf30,58,train,0.45,9/20,2.0,-0.4013413909243022,0.4013413909243022,-0.125,C2,True,True,C2,True,False
85149a5edcaf7ce7a1c6c8d3,58,train,0.45,9/20,2.0,-0.4013413909243022,0.4013413909243022,0.5,C1,False,True,C1,False,False
a38f28fd32ea58bea23a9582,59,train,0.45,9/20,0.0,-0.0,0.0,-1.375,C2,,False,C2,False,False
ec7bdc387a3500a9fa6a8af8,59,train,0.45,9/20,-2.0,0.4013413909243022,-0.4013413909243022,-1.25,C2,False,True,C2,False,False
71874102369e44a22fb61d2c,59,train,0.45,9/20,0.0,-0.0,0.0,-1.0,C2,,False,C2,False,False
e8581f777c64790ff6c6f8d8,59,train,0.45,9/20,-2.0,0.4013413909243022,-0.4013413909243022,-1.0,C2,False,True,C2,False,False
b1df9a37706ccff2489a05bc,59,train,0.45,9/20,2.0,-0.4013413909243022,0.4013413909243022,-0.125,C2,True,True,C2,True,False
8a8024d28492d0f8431252a0,59,train,0.45,9/20,0.0,-0.0,0.0,-0.375,C2,,False,C2,False,False
163ee7cc67076c2b4c0527e5,59,train,0.45,9/20,2.0,-0.4013413909243022,0.4013413909243022,0.0,C1,False,True,TIE,False,True
90f62e41b3fb72457d6f7d10,59,train,0.45,9/20,0.0,-0.0,0.0,0.25,C1,,False,C1,False,False
e895ec4f5b57762c51756d26,60,train,0.45,9/20,-1.0,0.2006706954621511,-0.2006706954621511,-0.875,C2,False,True,C2,False,False
ec4961a715731e9a91905dc0,60,train,0.45,9/20,-1.0,0.2006706954621511,-0.2006706954621511,-0.5,C2,False,True,C2,False,False
1a3fc0b25c4712dcb12dde08,60,train,0.45,9/20,1.0,-0.2006706954621511,0.2006706954621511,-0.375,C2,True,True,C2,True,False
e0945bb9f05a2c407dac7459,60,train,0.45,9/20,1.0,-0.2006706954621511,0.2006706954621511,0.0,C1,False,True,TIE,False,True
bfe2974f34e636dd421c93a6,60,train,0.45,9/20,-1.0,0.2006706954621511,-0.2006706954621511,-0.375,C2,False,True,C2,False,False
897fce3746182c354a25d5cd,60,train,0.45,9/20,-1.0,0.2006706954621511,-0.2006706954621511,0.25,C1,True,True,C1,True,False
537d6fc7a5465d125e47e877,60,train,0.45,9/20,1.0,-0.2006706954621511,0.2006706954621511,0.5,C1,False,True,C1,False,False
3510f7c1edba8922df775bb4,60,train,0.45,9/20,1.0,-0.2006706954621511,0.2006706954621511,1.0,C1,False,True,C1,False,False
288c17718c3811ecb714502f,61,train,0.45,9/20,1.0,-0.2006706954621511,0.2006706954621511,-0.5,C2,True,True,C2,True,False
c0078c74bce3a94bb1a288f7,61,train,0.45,9/20,-1.0,0.2006706954621511,-0.2006706954621511,-0.625,C2,False,True,C2,False,False
d87d948d08cd61e6053f8509,61,train,0.45,9/20,1.0,-0.2006706954621511,0.2006706954621511,-0.5,C2,True,True,C2,True,False
93a68c3d54357f09cec211c2,61,train,0.45,9/20,-1.0,0.2006706954621511,-0.2006706954621511,-0.75,C2,False,True,C2,False,False
cc654fc86ba3ae19f1de7203,61,train,0.45,9/20,1.0,-0.2006706954621511,0.2006706954621511,-0.25,C2,True,True,C2,True,False
0fb3274223b5ff85d43f1583,61,train,0.45,9/20,-1.0,0.2006706954621511,-0.2006706954621511,-0.625,C2,False,True,C2,False,False
25f9e317baee6170d173d2f4,61,train,0.45,9/20,1.0,-0.2006706954621511,0.2006706954621511,-0.375,C2,True,True,C2,True,False
b7c3f9b00df5fa14f3e9271d,61,train,0.45,9/20,-1.0,0.2006706954621511,-0.2006706954621511,-0.375,C2,False,True,C2,False,False
564d55b9f7e1f224da971bc8,62,train,0.45,9/20,-2.0,0.4013413909243022,-0.4013413909243022,-1.0,C2,False,True,C2,False,False
108827c424411613b49a4af1,62,train,0.45,9/20,0.0,-0.0,0.0,-0.25,C2,,False,C2,False,False
5608a42eb212013dd6831b86,62,train,0.45,9/20,0.0,-0.0,0.0,-0.125,C2,,False,C2,False,False
244e540fe717ac856613073e,62,train,0.45,9/20,2.0,-0.4013413909243022,0.4013413909243022,0.375,C1,False,True,C1,False,False
e5b7504256e1ac0f77507fde,62,train,0.45,9/20,-2.0,0.4013413909243022,-0.4013413909243022,0.125,C1,True,True,C1,True,False
209365ebcb657065d9d72986,62,train,0.45,9/20,0.0,-0.0,0.0,0.625,C1,,False,C1,False,False
22a24506399dfaa939d43f3d,62,train,0.45,9/20,0.0,-0.0,0.0,0.75,C1,,False,C1,False,False
3bf4512471e994af93965f66,62,train,0.45,9/20,2.0,-0.4013413909243022,0.4013413909243022,1.5,C1,False,True,C1,False,False
ec963cf835cad1b8d6d03aee,63,train,0.45,9/20,0.0,-0.0,0.0,-0.75,C2,,False,C2,False,False
74bd0fa5e686391c96996069,63,train,0.45,9/20,-2.0,0.4013413909243022,-0.4013413909243022,-0.75,C2,False,True,C2,False,False
3424e0c1038eae349f62be29,63,train,0.45,9/20,2.0,-0.4013413909243022,0.4013413909243022,-0.625,C2,True,True,C2,True,False
0fb9483d2c045742c8692977,63,train,0.45,9/20,0.0,-0.0,0.0,-0.875,C2,,False,C2,False,False
f4ccda52dd399b863eab8edf,63,train,0.45,9/20,0.0,-0.0,0.0,-0.625,C2,,False,C2,False,False
f258f493a90965b8debe13c1,63,train,0.45,9/20,-2.0,0.4013413909243022,-0.4013413909243022,-0.5,C2,False,True,C2,False,False
9bae97e54598ae2b0e799a44,63,train,0.45,9/20,2.0,-0.4013413909243022,0.4013413909243022,-0.375,C2,True,True,C2,True,False
e742be32c2c371fbc5c9428b,63,train,0.45,9/20,0.0,-0.0,0.0,-0.25,C2,,False,C2,False,False
d812671d8d7cbca676475279,0,test,0.55,11/20,2.0,0.4013413909243025,0.4013413909243025,0.125,C1,True,True,C1,True,False
75ffeb385531b29d1f08c68c,0,test,0.55,11/20,0.0,0.0,0.0,-0.125,C2,,False,C2,False,False
290c3884e585fb8e34bb52d8,0,test,0.55,11/20,2.0,0.4013413909243025,0.4013413909243025,0.0,C1,True,True,TIE,False,True
982555622e1f52c34339f6e8,0,test,0.55,11/20,0.0,0.0,0.0,-0.75,C2,,False,C2,False,False
33c95bbd9f14100eace7a4ac,0,test,0.55,11/20,0.0,0.0,0.0,-1.25,C2,,False,C2,False,False
422f3cd77135444eb7c82dd5,0,test,0.55,11/20,-2.0,-0.4013413909243025,-0.4013413909243025,-1.0,C2,True,True,C2,True,False
4a10d32247defbd7abc9521a,0,test,0.55,11/20,0.0,0.0,0.0,-1.25,C2,,False,C2,False,False
cd67202ce3ee946a4a4b171f,0,test,0.55,11/20,-2.0,-0.4013413909243025,-0.4013413909243025,-1.625,C2,True,True,C2,True,False
f4ea7f2f7f0d331f6f365fd4,1,test,0.55,11/20,1.0,0.20067069546215124,0.20067069546215124,0.25,C1,True,True,C1,True,False
8e3fd7830effcab025d73ec2,1,test,0.55,11/20,1.0,0.20067069546215124,0.20067069546215124,0.375,C1,True,True,C1,True,False
328826c50a0c613af1827a8e,1,test,0.55,11/20,1.0,0.20067069546215124,0.20067069546215124,0.5,C1,True,True,C1,True,False
1ffb50037bd1f8a1681e7ba8,1,test,0.55,11/20,1.0,0.20067069546215124,0.20067069546215124,0.5,C1,True,True,C1,True,False
7a9f531efe342a4854ed05bf,1,test,0.55,11/20,-1.0,-0.20067069546215124,-0.20067069546215124,-0.625,C2,True,True,C2,True,False
5ca74ef2f14d2b6a277490c5,1,test,0.55,11/20,-1.0,-0.20067069546215124,-0.20067069546215124,-0.5,C2,True,True,C2,True,False
3aafb51dddfb216aeceb8d70,1,test,0.55,11/20,-1.0,-0.20067069546215124,-0.20067069546215124,-0.375,C2,True,True,C2,True,False
a8ef616755be38c487fdc7b4,1,test,0.55,11/20,-1.0,-0.20067069546215124,-0.20067069546215124,0.0,C1,False,True,TIE,False,True
3e6e8c905e5ff67e83bb1845,2,test,0.55,11/20,0.0,0.0,0.0,-0.625,C2,,False,C2,False,False
4f2673153eb0b74d3d675173,2,test,0.55,11/20,0.0,0.0,0.0,-0.5,C2,,False,C2,False,False
618068cf7baa37d07d410218,2,test,0.55,11/20,0.0,0.0,0.0,-0.75,C2,,False,C2,False,False
a7cda57641aa5aea201a2338,2,test,0.55,11/20,0.0,0.0,0.0,-0.25,C2,,False,C2,False,False
06d6e6471f6485066f6815d1,2,test,0.55,11/20,0.0,0.0,0.0,-0.375,C2,,False,C2,False,False
889dd4372e9b413b29fd5daa,2,test,0.55,11/20,0.0,0.0,0.0,-0.25,C2,,False,C2,False,False
9e97100cc8831bfc2a58fa48,2,test,0.55,11/20,0.0,0.0,0.0,-0.25,C2,,False,C2,False,False
35bf1039eac2b673a3f3502d,2,test,0.55,11/20,0.0,0.0,0.0,0.0,C1,,False,TIE,False,True
21ac66fae891ece96faaa30b,3,test,0.55,11/20,0.0,0.0,0.0,-0.625,C2,,False,C2,False,False
a87a1f0d311e80257cf0e40a,3,test,0.55,11/20,-2.0,-0.4013413909243025,-0.4013413909243025,-0.5,C2,True,True,C2,True,False
7b4872b5a95d93703530ce0d,3,test,0.55,11/20,2.0,0.4013413909243025,0.4013413909243025,-0.25,C2,False,True,C2,False,False
8e33d1b73a36210cdf86c654,3,test,0.55,11/20,0.0,0.0,0.0,-0.5,C2,,False,C2,False,False
f2c5b7be5ab0cb342b445987,3,test,0.55,11/20,0.0,0.0,0.0,-0.125,C2,,False,C2,False,False
3583af576905c6b1628df300,3,test,0.55,11/20,-2.0,-0.4013413909243025,-0.4013413909243025,-0.125,C2,True,True,C2,True,False
af8c706710b320d3b9d0833e,3,test,0.55,11/20,2.0,0.4013413909243025,0.4013413909243025,0.0,C1,True,True,TIE,False,True
6ed37d710f279a7d51cb4abc,3,test,0.55,11/20,0.0,0.0,0.0,0.125,C1,,False,C1,False,False
096fd6439719d43424bcc9d0,4,test,0.55,11/20,0.0,0.0,0.0,0.25,C1,,False,C1,False,False
da5f65fbee6e9c607a3e6112,4,test,0.55,11/20,0.0,0.0,0.0,0.375,C1,,False,C1,False,False
b564bb3412c5d56df4b5a448,4,test,0.55,11/20,2.0,0.4013413909243025,0.4013413909243025,0.625,C1,True,True,C1,True,False
6e0b0d1d28590e790fda96cf,4,test,0.55,11/20,2.0,0.4013413909243025,0.4013413909243025,0.625,C1,True,True,C1,True,False
09ce0458dbe2f66af7580a2e,4,test,0.55,11/20,-2.0,-0.4013413909243025,-0.4013413909243025,-1.25,C2,True,True,C2,True,False
4595d8ad14a147a0168ecdc4,4,test,0.55,11/20,-2.0,-0.4013413909243025,-0.4013413909243025,-0.375,C2,True,True,C2,True,False
dc49c29a5d4237106c5836f6,4,test,0.55,11/20,0.0,0.0,0.0,-0.375,C2,,False,C2,False,False
00c0854db8842cf6990e71e1,4,test,0.55,11/20,0.0,0.0,0.0,0.75,C1,,False,C1,False,False
1078fd8df2b7abf430761e04,5,train,0.55,11/20,0.0,0.0,0.0,-0.75,C2,,False,C2,False,False
143ca91d045f2d3ad7daa03a,5,train,0.55,11/20,-2.0,-0.4013413909243025,-0.4013413909243025,-0.75,C2,True,True,C2,True,False
4cd2c2ca41e9dfa909c16419,5,train,0.55,11/20,2.0,0.4013413909243025,0.4013413909243025,-0.5,C2,False,True,C2,False,False
98e102c29db563250a7d28c2,5,train,0.55,11/20,0.0,0.0,0.0,-0.75,C2,,False,C2,False,False
649a462642ae557712db17bc,5,train,0.55,11/20,0.0,0.0,0.0,-0.625,C2,,False,C2,False,False
720933d781b42714b0833b96,5,train,0.55,11/20,-2.0,-0.4013413909243025,-0.4013413909243025,-0.5,C2,True,True,C2,True,False
4bbd32739cc92228c1e2e16e,5,train,0.55,11/20,2.0,0.4013413909243025,0.4013413909243025,-0.125,C1,True,True,C2,False,True
6d073ee00c0b638ee2774b27,5,train,0.55,11/20,0.0,0.0,0.0,-0.25,C2,,False,C2,False,False
547e9fc88aa8f6e10c83d22c,6,test,0.55,11/20,-3.0,-0.6020120863864538,-0.6020120863864538,-2.0,C2,True,True,C2,True,False
016412ab73af2014a0127eac,6,test,0.55,11/20,-1.0,-0.20067069546215124,-0.20067069546215124,-1.0,C2,True,True,C2,True,False
27ae38c5b62b282666bb310d,6,test,0.55,11/20,-1.0,-0.20067069546215124,-0.20067069546215124,-0.875,C2,True,True,C2,True,False
efbccd436ab58c49a85daa91,6,test,0.55,11/20,1.0,0.20067069546215124,0.20067069546215124,0.125,C1,True,True,C1,True,False
374ba20969f136a3a33d73c7,6,test,0.55,11/20,-1.0,-0.20067069546215124,-0.20067069546215124,-0.5,C2,True,True,C2,True,False
4bafc027f3874553b8e86470,6,test,0.55,11/20,1.0,0.20067069546215124,0.20067069546215124,1.0,C1,True,True,C1,True,False
3161ef37aa6dbe31ba0304ad,6,test,0.55,11/20,1.0,0.20067069546215124,0.20067069546215124,0.5,C1,True,True,C1,True,False
a4df9bbd3ee07e3ebbfc4388,6,test,0.55,11/20,3.0,0.6020120863864538,0.6020120863864538,2.0,C1,True,True,C1,True,False
a50b90c1bb84b291edfff87e,7,train,0.55,11/20,0.0,0.0,0.0,-0.125,C1,,False,C2,False,True
692be01571bac08f80f8953e,7,train,0.55,11/20,0.0,0.0,0.0,-0.375,C2,,False,C2,False,False
c7f1a0ee62f1bccce3bafc93,7,train,0.55,11/20,0.0,0.0,0.0,-0.5,C2,,False,C2,False,False
d89abe0109142f863d914374,7,train,0.55,11/20,0.0,0.0,0.0,-0.5,C2,,False,C2,False,False
dc5e58f3eae9975b52d9c8d6,7,train,0.55,11/20,0.0,0.0,0.0,-0.625,C2,,False,C2,False,False
dd214622718a67def19fcb9e,7,train,0.55,11/20,0.0,0.0,0.0,-0.625,C2,,False,C2,False,False
d4edc5fae6aeb586be386486,7,train,0.55,11/20,0.0,0.0,0.0,-0.75,C2,,False,C2,False,False
4544d77d5b65c0b9a6926e4d,7,train,0.55,11/20,0.0,0.0,0.0,-0.25,C2,,False,C2,False,False
b23ee0f95bda8b017b0caf1a,8,train,0.55,11/20,-1.0,-0.20067069546215124,-0.20067069546215124,-1.5,C2,True,True,C2,True,False
15c96077a51c2e2233679c6e,8,train,0.55,11/20,-3.0,-0.6020120863864538,-0.6020120863864538,-1.5,C2,True,True,C2,True,False
ff0c8e24a312387ab092e40d,8,train,0.55,11/20,1.0,0.20067069546215124,0.20067069546215124,-1.0,C2,False,True,C2,False,False
b58ed6e283a17dba3a2a780f,8,train,0.55,11/20,-1.0,-0.20067069546215124,-0.20067069546215124,-1.125,C2,True,True,C2,True,False
6858234ea0db23819023965c,8,train,0.55,11/20,1.0,0.20067069546215124,0.20067069546215124,-0.25,C2,False,True,C2,False,False
7f94fedd1c5e928cbf999759,8,train,0.55,11/20,-1.0,-0.20067069546215124,-0.20067069546215124,-0.375,C2,True,True,C2,True,False
dab5443eaa2ba4cb247842b9,8,train,0.55,11/20,3.0,0.6020120863864538,0.6020120863864538,0.5,C1,True,True,C1,True,False
913345f22647f0bd89f2f72a,8,train,0.55,11/20,1.0,0.20067069546215124,0.20067069546215124,0.25,C1,True,True,C1,True,False
5913f471cb1a1d7adcca172e,9,test,0.55,11/20,1.0,0.20067069546215124,0.20067069546215124,-0.5,C2,False,True,C2,False,False
b9ba8c68a0f5fe9c9b6dd733,9,test,0.55,11/20,-1.0,-0.20067069546215124,-0.20067069546215124,-0.5,C2,True,True,C2,True,False
76093a677bcf2ea6c8ffca9e,9,test,0.55,11/20,1.0,0.20067069546215124,0.20067069546215124,-0.375,C2,False,True,C2,False,False
1dcfbb67f60a254204a379ea,9,test,0.55,11/20,-1.0,-0.20067069546215124,-0.20067069546215124,-0.5,C2,True,True,C2,True,False
cdf2a9825b0b89963ad88ac8,9,test,0.55,11/20,1.0,0.20067069546215124,0.20067069546215124,-0.375,C2,False,True,C2,False,False
8d848f1dc14349d04af35fa0,9,test,0.55,11/20,-1.0,-0.20067069546215124,-0.20067069546215124,-0.5,C2,True,True,C2,True,False
40bd7cfc9da320896de09484,9,test,0.55,11/20,1.0,0.20067069546215124,0.20067069546215124,-0.25,C2,False,True,C2,False,False
13e9cf7b3a05d5ce7904b9a5,9,test,0.55,11/20,-1.0,-0.20067069546215124,-0.20067069546215124,-0.375,C2,True,True,C2,True,False
7c93a7676595b1c6fbb17d43,10,test,0.55,11/20,1.0,0.20067069546215124,0.20067069546215124,0.0,C1,True,True,TIE,False,True
462b0bd16e8a1129d650bdba,10,test,0.55,11/20,-1.0,-0.20067069546215124,-0.20067069546215124,-0.125,C2,True,True,C2,True,False
503930ebff33f08f3af63d3e,10,test,0.55,11/20,1.0,0.20067069546215124,0.20067069546215124,-0.125,C1,True,True,C2,False,True
439a2534db3962ed0e918217,10,test,0.55,11/20,-1.0,-0.20067069546215124,-0.20067069546215124,-0.375,C2,True,True,C2,True,False
c40e7d629fb4129aa5ecb95e,10,test,0.55,11/20,1.0,0.20067069546215124,0.20067069546215124,-0.375,C2,False,True,C2,False,False
e0ac5bdd197d741aafdadc97,10,test,0.55,11/20,-1.0,-0.20067069546215124,-0.20067069546215124,-0.375,C2,True,True,C2,True,False
fae5fdccb96049568d912536,10,test,0.55,11/20,1.0,0.20067069546215124,0.20067069546215124,-0.375,C2,False,True,C2,False,False
655eee2d7523b62483a6a2b8,10,test,0.55,11/20,-1.0,-0.20067069546215124,-0.20067069546215124,-0.5,C2,True,True,C2,True,False
2463f97cad556b86a06650eb,11,train,0.55,11/20,0.0,0.0,0.0,-0.75,C2,,False,C2,False,False
3a3ce1ea0e3acdd9e95a07cd,11,train,0.55,11/20,0.0,0.0,0.0,-0.5,C2,,False,C2,False,False
c2b5eb7b4fec10723b73cfdd,11,train,0.55,11/20,-2.0,-0.4013413909243025,-0.4013413909243025,-1.25,C2,True,True,C2,True,False
c2895764400a17181a531e41,11,train,0.55,11/20,-2.0,-0.4013413909243025,-0.4013413909243025,-0.5,C2,True,True,C2,True,False
261e9a0b925db9f669055e7e,11,train,0.55,11/20,2.0,0.4013413909243025,0.4013413909243025,-0.125,C1,True,True,C2,False,True
686c51184789a841d66f5a35,11,train,0.55,11/20,2.0,0.4013413909243025,0.4013413909243025,0.0,C2,False,True,TIE,False,True
1cb48a84e1709ec65b2a6404,11,train,0.55,11/20,0.0,0.0,0.0,-0.75,C2,,False,C2,False,False
aa7e60fc5d250bf2bff974a4,11,train,0.55,11/20,0.0,0.0,0.0,-0.125,C1,,False,C2,False,True
bc6711d0203ab5c9e774a6c1,12,train,0.55,11/20,0.0,0.0,0.0,-0.25,C2,,False,C2,False,False
8e37b91e416d292ee3cbccf1,12,train,0.55,11/20,2.0,0.4013413909243025,0.4013413909243025,-0.125,C1,True,True,C2,False,True
c6641be876d5eb94010887a7,12,train,0.55,11/20,-2.0,-0.4013413909243025,-0.4013413909243025,-0.625,C2,True,True,C2,True,False
37f7157025f8ce852d4e7a1e,12,train,0.55,11/20,0.0,0.0,0.0,0.25,C1,,False,C1,False,False
28c12f0e0334a63b4a312163,12,train,0.55,11/20,0.0,0.0,0.0,-0.5,C2,,False,C2,False,False
6245e24d115d1c71f388349b,12,train,0.55,11/20,2.0,0.4013413909243025,0.4013413909243025,0.0,C1,True,True,TIE,False,True
474f45dc02b2b56bc3aed526,12,train,0.55,11/20,-2.0,-0.4013413909243025,-0.4013413909243025,-1.125,C2,True,True,C2,True,False
208e74e3e285f553d1d2a8dd,12,train,0.55,11/20,0.0,0.0,0.0,0.25,C1,,False,C1,False,False
8c9e1ee48b3416368a044ba1,13,train,0.55,11/20,3.0,0.6020120863864538,0.6020120863864538,0.375,C1,True,True,C1,True,False
df6402348cd149deb58b7da4,13,train,0.55,11/20,1.0,0.20067069546215124,0.20067069546215124,-0.375,C2,False,True,C2,False,False
26e9552c87ca5e4b99a6c640,13,train,0.55,11/20,1.0,0.20067069546215124,0.20067069546215124,-0.375,C2,False,True,C2,False,False
55236737058861665f2e5952,13,train,0.55,11/20,-1.0,-0.20067069546215124,-0.20067069546215124,-0.875,C2,True,True,C2,True,False
5e534fac490e0017cd12d0d2,13,train,0.55,11/20,1.0,0.20067069546215124,0.20067069546215124,-1.0,C2,False,True,C2,False,False
1c5e6def7a1fe737c52a637f,13,train,0.55,11/20,-1.0,-0.20067069546215124,-0.20067069546215124,-1.375,C2,True,True,C2,True,False
78d4c62f9adb1cc4bb571ca9,13,train,0.55,11/20,-1.0,-0.20067069546215124,-0.20067069546215124,-1.25,C2,True,True,C2,True,False
e137b5051e3c520e3b707563,13,train,0.55,11/20,-3.0,-0.6020120863864538,-0.6020120863864538,-2.0,C2,True,True,C2,True,False
c21bf6bcd74467af7e21edab,14,train,0.55,11/20,-1.0,-0.20067069546215124,-0.20067069546215124,-0.875,C2,True,True,C2,True,False
f9b9865816390e43ecc957a8,14,train,0.55,11/20,-3.0,-0.6020120863864538,-0.6020120863864538,-0.5,C2,True,True,C2,True,False
b66a9b57bac779e0cdc9fc33,14,train,0.55,11/20,1.0,0.20067069546215124,0.20067069546215124,-0.25,C2,False,True,C2,False,False
59f390de60827f5393bceb6a,14,train,0.55,11/20,-1.0,-0.20067069546215124,-0.20067069546215124,-0.125,C2,True,True,C2,True,False
61552ba0e1dbb47b3a9ae8be,14,train,0.55,11/20,1.0,0.20067069546215124,0.20067069546215124,0.625,C1,True,True,C1,True,False
ebefbabacddf1221f627e031,14,train,0.55,11/20,-1.0,-0.20067069546215124,-0.20067069546215124,0.625,C1,False,True,C1,False,False
f98348c8aeb2b1143e4e0bda,14,train,0.55,11/20,3.0,0.6020120863864538,0.6020120863864538,1.125,C1,True,True,C1,True,False
e870853f8032ffac0146659e,14,train,0.55,11/20,1.0,0.20067069546215124,0.20067069546215124,1.375,C1,True,True,C1,True,False
fd5bbaef1e133910cc73c5b8,15,train,0.55,11/20,-1.0,-0.20067069546215124,-0.20067069546215124,-1.0,C2,True,True,C2,True,False
c308d31017939018fdcff577,15,train,0.55,11/20,-1.0,-0.20067069546215124,-0.20067069546215124,-0.875,C2,True,True,C2,True,False
51558bc8f10589ede76a5b37,15,train,0.55,11/20,1.0,0.20067069546215124,0.20067069546215124,-0.5,C2,False,True,C2,False,False
d3f3d5b56d35b2067dba6a18,15,train,0.55,11/20,1.0,0.20067069546215124,0.20067069546215124,-0.5,C2,False,True,C2,False,False
c83166da17ebe50508f0c393,15,train,0.55,11/20,-1.0,-0.20067069546215124,-0.20067069546215124,-0.5,C2,True,True,C2,True,False
7cc311b377417d80b47cbb2c,15,train,0.55,11/20,-1.0,-0.20067069546215124,-0.20067069546215124,-0.125,C2,True,True,C2,True,False
e4725a0f93bbda5943990ad5,15,train,0.55,11/20,1.0,0.20067069546215124,0.20067069546215124,0.0,C1,True,True,TIE,False,True
8cfcadb7f2d99a3102f1f6f5,15,train,0.55,11/20,1.0,0.20067069546215124,0.20067069546215124,0.375,C1,True,True,C1,True,False
877070300fd5008e1eb5e5a2,16,train,0.55,11/20,-1.0,-0.20067069546215124,-0.20067069546215124,-2.0,C2,True,True,C2,True,False
5a31e713a6c777f2bce6eec0,16,train,0.55,11/20,-3.0,-0.6020120863864538,-0.6020120863864538,-1.375,C2,True,True,C2,True,False
5d90c5b3a910dc94ed37469f,16,train,0.55,11/20,1.0,0.20067069546215124,0.20067069546215124,-1.0,C2,False,True,C2,False,False
c7bc8463b2c574d6d33ab2ad,16,train,0.55,11/20,-1.0,-0.20067069546215124,-0.20067069546215124,-0.625,C2,True,True,C2,True,False
008b0b7827b66a1af7428115,16,train,0.55,11/20,1.0,0.20067069546215124,0.20067069546215124,-0.125,C1,True,True,C2,False,True
9e450d37227c5eec61a1df8a,16,train,0.55,11/20,-1.0,-0.20067069546215124,-0.20067069546215124,0.125,C1,False,True,C1,False,False
6b37b457647d6473281d5764,16,train,0.55,11/20,3.0,0.6020120863864538,0.6020120863864538,0.625,C1,True,True,C1,True,False
eccd46ff2a3ef49659ddcc36,16,train,0.55,11/20,1.0,0.20067069546215124,0.20067069546215124,1.0,C1,True,True,C1,True,False
1c41dcb7bc5a5ebdedc1eb11,17,train,0.55,11/20,1.0,0.20067069546215124,0.20067069546215124,0.125,C1,True,True,C1,True,False
3d98f1995d970b114693c459,17,train,0.55,11/20,1.0,0.20067069546215124,0.20067069546215124,0.25,C1,True,True,C1,True,False
8c39f61efefa540020f62294,17,train,0.55,11/20,1.0,0.20067069546215124,0.20067069546215124,-0.25,C2,False,True,C2,False,False
e163cafa333e8458caf99e46,17,train,0.55,11/20,1.0,0.20067069546215124,0.20067069546215124,0.125,C1,True,True,C1,True,False
4e5907ca1e19860df2e47e37,17,train,0.55,11/20,-1.0,-0.20067069546215124,-0.20067069546215124,-0.75,C2,True,True,C2,True,False
edbdd1c5e0b36045ebbe5f3c,17,train,0.55,11/20,-1.0,-0.20067069546215124,-0.20067069546215124,-0.25,C2,True,True,C2,True,False
fb8a2eba367a3265e89b8688,17,train,0.55,11/20,-1.0,-0.20067069546215124,-0.20067069546215124,-0.5,C2,True,True,C2,True,False
76d77e8c03ab3ee77efb8f40,17,train,0.55,11/20,-1.0,-0.20067069546215124,-0.20067069546215124,-0.125,C2,True,True,C2,True,False
e9f3276e7dbdc7d87da990a3,18,train,0.55,11/20,0.0,0.0,0.0,-0.5,C2,,False,C2,False,False
7dcf0a767415c8ff5c3106e8,18,train,0.55,11/20,-2.0,-0.4013413909243025,-0.4013413909243025,-0.375,C2,True,True,C2,True,False
1dcf7b225a69c6becb09f7bf,18,train,0.55,11/20,2.0,0.4013413909243025,0.4013413909243025,0.0,C1,True,True,TIE,False,True
d9d8399cff0c1c5a82bc8612,18,train,0.55,11/20,0.0,0.0,0.0,-0.5,C2,,False,C2,False,False
9c5ea768d43fe83bdcbe004a,18,train,0.55,11/20,0.0,0.0,0.0,-0.5,C2,,False,C2,False,False
bceff581908a3376fb0abd20,18,train,0.55,11/20,-2.0,-0.4013413909243025,-0.4013413909243025,-0.625,C2,True,True,C2,True,False
625069cc0d31910daf06b239,18,train,0.55,11/20,2.0,0.4013413909243025,0.4013413909243025,0.5,C1,True,True,C1,True,False
6883e38724c38d65ddd2b108,18,train,0.55,11/20,0.0,0.0,0.0,0.25,C1,,False,C1,False,False
93e1d7f5991e24a917675541,19,train,0.55,11/20,-2.0,-0.4013413909243025,-0.4013413909243025,-1.375,C2,True,True,C2,True,False
e3f68e2d4950a74c612f116c,19,train,0.55,11/20,0.0,0.0,0.0,-0.5,C2,,False,C2,False,False
caa85e1b3c4620c6ac0f6587,19,train,0.55,11/20,-2.0,-0.4013413909243025,-0.4013413909243025,-1.125,C2,True,True,C2,True,False
f27d2460aae50309109298a8,19,train,0.55,11/20,0.0,0.0,0.0,0.125,C1,,False,C1,False,False
770ccacb1b445440b25f88b0,19,train,0.55,11/20,0.0,0.0,0.0,0.125,C1,,False,C1,False,False
b3a81161a9da333dd43da14c,19,train,0.55,11/20,2.0,0.4013413909243025,0.4013413909243025,0.75,C1,True,True,C1,True,False
f42b2e5f8514501cf7e448b9,19,train,0.55,11/20,0.0,0.0,0.0,-0.125,C2,,False,C2,False,False
bc5d385998160ab53461b08d,19,train,0.55,11/20,2.0,0.4013413909243025,0.4013413909243025,1.625,C1,True,True,C1,True,False
d6eeac359619cd2813cfc774,20,train,0.55,11/20,0.0,0.0,0.0,-0.875,C2,,False,C2,False,False
d565f02d48aec78884d9057b,20,train,0.55,11/20,0.0,0.0,0.0,-0.875,C2,,False,C2,False,False
874c75adea641b98edd55a58,20,train,0.55,11/20,0.0,0.0,0.0,-1.0,C2,,False,C2,False,False
9824aa049319ae55f44c5f0d,20,train,0.55,11/20,0.0,0.0,0.0,-0.5,C2,,False,C2,False,False
eca3614d2b0bbd43fe2b808b,20,train,0.55,11/20,0.0,0.0,0.0,-0.75,C2,,False,C2,False,False
993b004c7f20a8a8bec240c2,20,train,0.55,11/20,0.0,0.0,0.0,-0.625,C2,,False,C2,False,False
b803ce52edd779ad8a58babd,20,train,0.55,11/20,0.0,0.0,0.0,-0.75,C2,,False,C2,False,False
421f045e2a8b3c2a0ee7b7c3,20,train,0.55,11/20,0.0,0.0,0.0,-0.375,C2,,False,C2,False,False
16a2d335389cab77d208e468,21,train,0.55,11/20,0.0,0.0,0.0,-0.875,C2,,False,C2,False,False
64704ffb66217a429d4b7df6,21,train,0.55,11/20,0.0,0.0,0.0,-0.875,C2,,False,C2,False,False
b9a69fae3bac649a59c7b4d4,21,train,0.55,11/20,0.0,0.0,0.0,-0.5,C2,,False,C2,False,False
3032fe8783c4e81ec48f0b08,21,train,0.55,11/20,0.0,0.0,0.0,-0.5,C2,,False,C2,False,False
235801873d44f44721510f1f,21,train,0.55,11/20,0.0,0.0,0.0,-0.625,C2,,False,C2,False,False
02396fe7130d07ec6f25d783,21,train,0.55,11/20,0.0,0.0,0.0,-0.625,C2,,False,C2,False,False
f45e68c15439c57af8bde3df,21,train,0.55,11/20,0.0,0.0,0.0,-0.375,C2,,False,C2,False,False
200b14979b91fcc25b3a529c,21,train,0.55,11/20,0.0,0.0,0.0,-0.25,C2,,False,C2,False,False
e72e3846514369ca487467fa,22,train,0.55,11/20,0.0,0.0,0.0,-0.75,C2,,False,C2,False,False
9f925014fb06f01035886c2f,22,train,0.55,11/20,0.0,0.0,0.0,-0.625,C2,,False,C2,False,False
4251e3262d6ad71d89b872f7,22,train,0.55,11/20,0.0,0.0,0.0,-0.875,C2,,False,C2,False,False
9e96a64b03459f4d1af287fd,22,train,0.55,11/20,0.0,0.0,0.0,-0.375,C2,,False,C2,False,False
e5597ce0ca6f3f0aec44eec0,22,train,0.55,11/20,0.0,0.0,0.0,-0.5,C2,,False,C2,False,False
2fe35c85915a2d8d42d8ca1d,22,train,0.55,11/20,0.0,0.0,0.0,-0.375,C2,,False,C2,False,False
08fe1ede125ba49af896dd74,22,train,0.55,11/20,0.0,0.0,0.0,-0.625,C2,,False,C2,False,False
45cc414c93d2b12083847eb2,22,train,0.55,11/20,0.0,0.0,0.0,0.0,C1,,False,TIE,False,True
1cc7b7f20168804b57cddefe,23,train,0.55,11/20,-2.0,-0.4013413909243025,-0.4013413909243025,-1.625,C2,True,True,C2,True,False
9a912db910033e387e1a4b72,23,train,0.55,11/20,-2.0,-0.4013413909243025,-0.4013413909243025,-0.875,C2,True,True,C2,True,False
b003e4ff024332cc6d3b82ce,23,train,0.55,11/20,0.0,0.0,0.0,-0.5,C2,,False,C2,False,False
014631cfcd9fc3e479ab757e,23,train,0.55,11/20,0.0,0.0,0.0,0.125,C1,,False,C1,False,False
e9ecd9b9673adb151f94a94d,23,train,0.55,11/20,0.0,0.0,0.0,0.125,C1,,False,C1,False,False
a3344e830b6c1eaaf92ce40e,23,train,0.55,11/20,0.0,0.0,0.0,0.5,C1,,False,C1,False,False
575a839f9de82f988b04f268,23,train,0.55,11/20,2.0,0.4013413909243025,0.4013413909243025,1.125,C1,True,True,C1,True,False
d3c42243e66939e29d5d204f,23,train,0.55,11/20,2.0,0.4013413909243025,0.4013413909243025,1.75,C1,True,True,C1,True,False
256efd728182acd2547abdaf,24,train,0.55,11/20,0.0,0.0,0.0,0.25,C1,,False,C1,False,False
66283f6a8379486e80fa5812,24,train,0.55,11/20,2.0,0.4013413909243025,0.4013413909243025,0.125,C1,True,True,C1,True,False
fcfdffff0c67086cc4e78182,24,train,0.55,11/20,0.0,0.0,0.0,0.25,C1,,False,C1,False,False
5878dd5b894c50d422fee058,24,train,0.55,11/20,2.0,0.4013413909243025,0.4013413909243025,0.25,C1,True,True,C1,True,False
60c961c7998a45136f57748b,24,train,0.55,11/20,-2.0,-0.4013413909243025,-0.4013413909243025,-0.875,C2,True,True,C2,True,False
d3a184f50b2a28d81d6ca479,24,train,0.55,11/20,0.0,0.0,0.0,-0.75,C2,,False,C2,False,False
877f7969447dd05528c82085,24,train,0.55,11/20,-2.0,-0.4013413909243025,-0.4013413909243025,-0.75,C2,True,True,C2,True,False
96fd104d37077574ebe7e309,24,train,0.55,11/20,0.0,0.0,0.0,-0.25,C2,,False,C2,False,False
a5f635b3489dc896a7f756c4,25,train,0.55,11/20,2.0,0.4013413909243025,0.4013413909243025,0.25,C1,True,True,C1,True,False
41dbff6895b4a06210233c33,25,train,0.55,11/20,2.0,0.4013413909243025,0.4013413909243025,-0.25,C2,False,True,C2,False,False
2756f39082feeb106e2f27fa,25,train,0.55,11/20,0.0,0.0,0.0,-0.625,C2,,False,C2,False,False
845aa18ece2bfe83d7bfe1c8,25,train,0.55,11/20,0.0,0.0,0.0,-0.5,C2,,False,C2,False,False
006528221df72b95f8b461a0,25,train,0.55,11/20,0.0,0.0,0.0,-0.875,C2,,False,C2,False,False
d2bf7c67857cfce92a384115,25,train,0.55,11/20,0.0,0.0,0.0,-0.875,C2,,False,C2,False,False
a6e20b7f57d46a83a560a617,25,train,0.55,11/20,-2.0,-0.4013413909243025,-0.4013413909243025,-1.25,C2,True,True,C2,True,False
4f2757181afb9fbb0580790c,25,train,0.55,11/20,-2.0,-0.4013413909243025,-0.4013413909243025,-1.375,C2,True,True,C2,True,False
6edcf11e4c2dc2cff83ac0fd,26,train,0.55,11/20,-1.0,-0.20067069546215124,-0.20067069546215124,-1.125,C2,True,True,C2,True,False
dad885b8df24f68d0fad254f,26,train,0.55,11/20,-1.0,-0.20067069546215124,-0.20067069546215124,-0.75,C2,True,True,C2,True,False
b1bed1f8a067dff04fbd23b5,26,train,0.55,11/20,1.0,0.20067069546215124,0.20067069546215124,-0.5,C2,False,True,C2,False,False
38f2817cc286ca056f396a77,26,train,0.55,11/20,1.0,0.20067069546215124,0.20067069546215124,-0.5,C2,False,True,C2,False,False
3acb74635ee27bbce7f76514,26,train,0.55,11/20,-1.0,-0.20067069546215124,-0.20067069546215124,-0.875,C2,True,True,C2,True,False
6338b925c3e13cc17201f0a3,26,train,0.55,11/20,-1.0,-0.20067069546215124,-0.20067069546215124,-0.5,C2,True,True,C2,True,False
08d1bdf8a52ddcbfc1d1ca95,26,train,0.55,11/20,1.0,0.20067069546215124,0.20067069546215124,-0.125,C1,True,True,C2,False,True
8364622d45b05fad68b9cb73,26,train,0.55,11/20,1.0,0.20067069546215124,0.20067069546215124,0.125,C1,True,True,C1,True,False
3ec894509926f3e53df4c30c,27,train,0.55,11/20,0.0,0.0,0.0,-0.75,C2,,False,C2,False,False
61d5a7fa0ae345a87045baf8,27,train,0.55,11/20,2.0,0.4013413909243025,0.4013413909243025,-0.5,C2,False,True,C2,False,False
485f7a8bec1f3a0a3ec80348,27,train,0.55,11/20,-2.0,-0.4013413909243025,-0.4013413909243025,-1.0,C2,True,True,C2,True,False
562e093ac424b3f545c8e118,27,train,0.55,11/20,0.0,0.0,0.0,-0.375,C2,,False,C2,False,False
216e5fc8b87b2ed92bc36bb7,27,train,0.55,11/20,0.0,0.0,0.0,-0.5,C2,,False,C2,False,False
aab0a4cdde30c19d34bcf38d,27,train,0.55,11/20,2.0,0.4013413909243025,0.4013413909243025,-0.125,C2,False,True,C2,False,False
9d61ce85b1bb60928447f6cd,27,train,0.55,11/20,-2.0,-0.4013413909243025,-0.4013413909243025,-1.125,C2,True,True,C2,True,False
b747b3e24999aa3f5644ea89,27,train,0.55,11/20,0.0,0.0,0.0,-0.125,C2,,False,C2,False,False
dbc51ae6510d5e1847765517,28,train,0.55,11/20,0.0,0.0,0.0,-0.625,C2,,False,C2,False,False
b49ab232e4e951c53efe612d,28,train,0.55,11/20,0.0,0.0,0.0,-0.625,C2,,False,C2,False,False
a98e333c2455e43ebaa9934d,28,train,0.55,11/20,-2.0,-0.4013413909243025,-0.4013413909243025,-0.875,C2,True,True,C2,True,False
a058ecc94f34b3af56ecf045,28,train,0.55,11/20,-2.0,-0.4013413909243025,-0.4013413909243025,-0.625,C2,True,True,C2,True,False
83b3072e06efe7e82caf5cf7,28,train,0.55,11/20,2.0,0.4013413909243025,0.4013413909243025,-0.125,C2,False,True,C2,False,False
7d51047b13e91171cf1aa1b9,28,train,0.55,11/20,2.0,0.4013413909243025,0.4013413909243025,-0.25,C2,False,True,C2,False,False
575c000aefcfa0f873e807cb,28,train,0.55,11/20,0.0,0.0,0.0,-0.625,C2,,False,C2,False,False
8b02456c90f2510a255fc4ed,28,train,0.55,11/20,0.0,0.0,0.0,-0.25,C2,,False,C2,False,False
345fdcb8f77a6486e83f87a8,29,train,0.55,11/20,-1.0,-0.20067069546215124,-0.20067069546215124,-1.25,C2,True,True,C2,True,False
64443294cacc5863b4899ff5,29,train,0.55,11/20,-1.0,-0.20067069546215124,-0.20067069546215124,-1.0,C2,True,True,C2,True,False
60c2ceb767f9c297007f4881,29,train,0.55,11/20,-1.0,-0.20067069546215124,-0.20067069546215124,-1.125,C2,True,True,C2,True,False
55caf0f0a22e6d710e72528f,29,train,0.55,11/20,-1.0,-0.20067069546215124,-0.20067069546215124,-0.5,C2,True,True,C2,True,False
49dd251246daa60d1bc5e18c,29,train,0.55,11/20,1.0,0.20067069546215124,0.20067069546215124,-0.125,C2,False,True,C2,False,False
0d4d9d0fc7fdaa836e1cd7f2,29,train,0.55,11/20,1.0,0.20067069546215124,0.20067069546215124,0.0,C1,True,True,TIE,False,True
3ded7229e1a569dc9f81b87e,29,train,0.55,11/20,1.0,0.20067069546215124,0.20067069546215124,-0.25,C2,False,True,C2,False,False
7cc190ee70c11a8fcd0200f7,29,train,0.55,11/20,1.0,0.20067069546215124,0.20067069546215124,0.25,C1,True,True,C1,True,False
59ed051d1a840eb8efe65f91,30,train,0.55,11/20,3.0,0.6020120863864538,0.6020120863864538,0.5,C1,True,True,C1,True,False
594af35aa1ff59848cd4c9e0,30,train,0.55,11/20,1.0,0.20067069546215124,0.20067069546215124,0.0,C1,True,True,TIE,False,True
cfb3b281d2dc9278cc6e0363,30,train,0.55,11/20,1.0,0.20067069546215124,0.20067069546215124,-0.625,C2,False,True,C2,False,False
29025d2d46b3210d30738e1e,30,train,0.55,11/20,-1.0,-0.20067069546215124,-0.20067069546215124,-0.75,C2,True,True,C2,True,False
aa0875c3d418fab77849c439,30,train,0.55,11/20,1.0,0.20067069546215124,0.20067069546215124,-0.875,C2,False,True,C2,False,False
a6125e58d6aa8a9bcf534a6f,30,train,0.55,11/20,-1.0,-0.20067069546215124,-0.20067069546215124,-1.125,C2,True,True,C2,True,False
4d7ca298510b1c1a24cb801e,30,train,0.55,11/20,-1.0,-0.20067069546215124,-0.20067069546215124,-1.75,C2,True,True,C2,True,False
2b6af89c17c6b50b9b1b04ac,30,train,0.55,11/20,-3.0,-0.6020120863864538,-0.6020120863864538,-1.875,C2,True,True,C2,True,False
9fff2f24b06d5676f7d4e5ca,31,train,0.55,11/20,-1.0,-0.20067069546215124,-0.20067069546215124,-1.5,C2,True,True,C2,True,False
ac9c488a991db9e881cfe6ef,31,train,0.55,11/20,1.0,0.20067069546215124,0.20067069546215124,-0.75,C2,False,True,C2,False,False
be66dba8259bad44595521ed,31,train,0.55,11/20,-1.0,-0.20067069546215124,-0.20067069546215124,-1.375,C2,True,True,C2,True,False
c4305e94c7f6c620dc4dba65,31,train,0.55,11/20,1.0,0.20067069546215124,0.20067069546215124,0.125,C1,True,True,C1,True,False
d86a60cedfb63fdeaf55ad2b,31,train,0.55,11/20,-1.0,-0.20067069546215124,-0.20067069546215124,0.0,C2,True,True,TIE,False,True
05380ad44f468a06603b749c,31,train,0.55,11/20,1.0,0.20067069546215124,0.20067069546215124,0.625,C1,True,True,C1,True,False
13efa630c8914a52c99afee3,31,train,0.55,11/20,-1.0,-0.20067069546215124,-0.20067069546215124,-0.375,C2,True,True,C2,True,False
64d08dc235ff8b684bc4fab8,31,train,0.55,11/20,1.0,0.20067069546215124,0.20067069546215124,1.25,C1,True,True,C1,True,False
c68ca36f50570ec6d845e302,32,train,0.55,11/20,-1.0,-0.20067069546215124,-0.20067069546215124,-1.0,C2,True,True,C2,True,False
3316efea890fbb8058defa6a,32,train,0.55,11/20,1.0,0.20067069546215124,0.20067069546215124,-0.5,C2,False,True,C2,False,False
3756d37319a554c26a0696dd,32,train,0.55,11/20,-1.0,-0.20067069546215124,-0.20067069546215124,-1.0,C2,True,True,C2,True,False
d1f0023aa5415ddbbcd26718,32,train,0.55,11/20,1.0,0.20067069546215124,0.20067069546215124,-0.375,C2,False,True,C2,False,False
e20c51928b9cea9e03027a7a,32,train,0.55,11/20,-1.0,-0.20067069546215124,-0.20067069546215124,-0.625,C2,True,True,C2,True,False
5baaeeebb66b84888cee974b,32,train,0.55,11/20,1.0,0.20067069546215124,0.20067069546215124,-0.25,C2,False,True,C2,False,False
0af4d7dc50c9ba0031a1e1f2,32,train,0.55,11/20,-1.0,-0.20067069546215124,-0.20067069546215124,-0.5,C2,True,True,C2,True,False
1885c82cd514027d3527ed70,32,train,0.55,11/20,1.0,0.20067069546215124,0.20067069546215124,0.375,C1,True,True,C1,True,False
dd1cb1a6025a24bce3c52808,33,train,0.55,11/20,-3.0,-0.6020120863864538,-0.6020120863864538,-1.5,C2,True,True,C2,True,False
cb1246bff047f1c341f1a7bb,33,train,0.55,11/20,-1.0,-0.20067069546215124,-0.20067069546215124,-0.75,C2,True,True,C2,True,False
b1d3f82c8f35dbd2821a64b3,33,train,0.55,11/20,-1.0,-0.20067069546215124,-0.20067069546215124,-0.5,C2,True,True,C2,True,False
7506cfc3db3f560f800d7b02,33,train,0.55,11/20,1.0,0.20067069546215124,0.20067069546215124,0.0,C1,True,True,TIE,False,True
b94019af8dd3de0f70f03488,33,train,0.55,11/20,-1.0,-0.20067069546215124,-0.20067069546215124,0.25,C1,False,True,C1,False,False
f41df64f762f78df65ff53d9,33,train,0.55,11/20,1.0,0.20067069546215124,0.20067069546215124,0.75,C1,True,True,C1,True,False
0f03df881f60b843ac8987dd,33,train,0.55,11/20,1.0,0.20067069546215124,0.20067069546215124,0.75,C1,True,True,C1,True,False
61714ba7a0b2c364b3b5f48d,33,train,0.55,11/20,3.0,0.6020120863864538,0.6020120863864538,1.5,C1,True,True,C1,True,False
39e0c146d63e6a86bc191d2d,34,train,0.55,11/20,1.0,0.20067069546215124,0.20067069546215124,0.25,C1,True,True,C1,True,False
e31f50d01bd500a600937a92,34,train,0.55,11/20,1.0,0.20067069546215124,0.20067069546215124,0.125,C1,True,True,C1,True,False
664843d80092b06c08916323,34,train,0.55,11/20,1.0,0.20067069546215124,0.20067069546215124,0.375,C1,True,True,C1,True,False
04c8531b4945e5b9b8908635,34,train,0.55,11/20,1.0,0.20067069546215124,0.20067069546215124,0.375,C1,True,True,C1,True,False
6fe79760b156b27b9c6dd763,34,train,0.55,11/20,-1.0,-0.20067069546215124,-0.20067069546215124,-0.75,C2,True,True,C2,True,False
5295fe155db98303169b45b1,34,train,0.55,11/20,-1.0,-0.20067069546215124,-0.20067069546215124,-0.625,C2,True,True,C2,True,False
022485d4846f53cdb2b1dc46,34,train,0.55,11/20,-1.0,-0.20067069546215124,-0.20067069546215124,-0.75,C2,True,True,C2,True,False
d44aa0b6dc442f60f045900e,34,train,0.55,11/20,-1.0,-0.20067069546215124,-0.20067069546215124,-0.125,C2,True,True,C2,True,False
b69ad3aadaba26f2c33124ae,35,train,0.55,11/20,0.0,0.0,0.0,-1.0,C2,,False,C2,False,False
d6d7b8fb36884ed3e3a3cca2,35,train,0.55,11/20,0.0,0.0,0.0,-0.75,C2,,False,C2,False,False
54678d21039dea3b431bacf4,35,train,0.55,11/20,0.0,0.0,0.0,-0.75,C2,,False,C2,False,False
63f0d8aa7b76ea81ec6c9036,35,train,0.55,11/20,0.0,0.0,0.0,-0.5,C2,,False,C2,False,False
540dbaa3595512e1f1f448a3,35,train,0.55,11/20,0.0,0.0,0.0,-0.625,C2,,False,C2,False,False
9015dd828ae2dddde2eddf91,35,train,0.55,11/20,0.0,0.0,0.0,-0.5,C2,,False,C2,False,False
673e1d17e45aa4e60b453471,35,train,0.55,11/20,0.0,0.0,0.0,-0.5,C2,,False,C2,False,False
67227acdf3b0d1f57c483cc2,35,train,0.55,11/20,0.0,0.0,0.0,-0.125,C2,,False,C2,False,False
094ed6dd34a5e9a03a87cb5a,36,train,0.55,11/20,-1.0,-0.20067069546215124,-0.20067069546215124,-1.5,C2,True,True,C2,True,False
18eb6371bbf7bc74bdd66b6a,36,train,0.55,11/20,-1.0,-0.20067069546215124,-0.20067069546215124,-1.125,C2,True,True,C2,True,False
543a3c36bc026381752ce5ea,36,train,0.55,11/20,1.0,0.20067069546215124,0.20067069546215124,-0.875,C2,False,True,C2,False,False
a4e990c0ece0da0349ca924c,36,train,0.55,11/20,1.0,0.20067069546215124,0.20067069546215124,-0.875,C2,False,True,C2,False,False
e1ad06a27f109301412bd873,36,train,0.55,11/20,-1.0,-0.20067069546215124,-0.20067069546215124,-1.125,C2,True,True,C2,True,False
415c04a3b1f8b5013d6365d6,36,train,0.55,11/20,-1.0,-0.20067069546215124,-0.20067069546215124,-0.625,C2,True,True,C2,True,False
d65f715d8460d52d21b9be3e,36,train,0.55,11/20,1.0,0.20067069546215124,0.20067069546215124,-0.5,C2,False,True,C2,False,False
41b973a52ae73d8c7da9fb46,36,train,0.55,11/20,1.0,0.20067069546215124,0.20067069546215124,-0.125,C2,False,True,C2,False,False
15b4542fcf07517a1d0be4e4,37,train,0.55,11/20,0.0,0.0,0.0,-0.625,C2,,False,C2,False,False
2cd850f2bc10df22990e0e60,37,train,0.55,11/20,0.0,0.0,0.0,-0.5,C2,,False,C2,False,False
0ada6ecb6f38ef082ac7c3dc,37,train,0.55,11/20,0.0,0.0,0.0,-0.75,C2,,False,C2,False,False
ae5962d280c66e52a2ef394e,37,train,0.55,11/20,0.0,0.0,0.0,-0.375,C2,,False,C2,False,False
fc953da9cafc1d452957c367,37,train,0.55,11/20,0.0,0.0,0.0,-0.5,C2,,False,C2,False,False
157b0a2b88fe01a72e661303,37,train,0.55,11/20,0.0,0.0,0.0,-0.5,C2,,False,C2,False,False
861295ddc9fda590f64cff49,37,train,0.55,11/20,0.0,0.0,0.0,-0.75,C2,,False,C2,False,False
8527a0173c9657fb99a17ca0,37,train,0.55,11/20,0.0,0.0,0.0,-0.375,C2,,False,C2,False,False
11a99b5d192fce78aca020ef,38,train,0.55,11/20,1.0,0.20067069546215124,0.20067069546215124,-0.25,C2,False,True,C2,False,False
54e2a0aee235d24e4ebc1bdb,38,train,0.55,11/20,-1.0,-0.20067069546215124,-0.20067069546215124,-0.5,C2,True,True,C2,True,False
0700b945f1a1ebffa12eee72,38,train,0.55,11/20,-1.0,-0.20067069546215124,-0.20067069546215124,-1.25,C2,True,True,C2,True,False
2b479e31e72bdac370419675,38,train,0.55,11/20,-3.0,-0.6020120863864538,-0.6020120863864538,-1.0,C2,True,True,C2,True,False
00d24d9960a8aed4bb6c0184,38,train,0.55,11/20,3.0,0.6020120863864538,0.6020120863864538,0.25,C1,True,True,C1,True,False
456fc67dcbf5df6b95cb5523,38,train,0.55,11/20,1.0,0.20067069546215124,0.20067069546215124,0.0,C2,False,True,TIE,False,True
46854a572c3c963347b6efb2,38,train,0.55,11/20,1.0,0.20067069546215124,0.20067069546215124,-0.875,C2,False,True,C2,False,False
633854d42764ed51eee68b95,38,train,0.55,11/20,-1.0,-0.20067069546215124,-0.20067069546215124,-0.75,C2,True,True,C2,True,False
cf6bd490e109875a6688b054,39,train,0.55,11/20,0.0,0.0,0.0,-0.625,C2,,False,C2,False,False
c261538b48997629c7a6156e,39,train,0.55,11/20,0.0,0.0,0.0,-0.375,C2,,False,C2,False,False
f2cf8b72e9d0de06b69f1bda,39,train,0.55,11/20,0.0,0.0,0.0,-0.625,C2,,False,C2,False,False
3f671434fb0920fdb766a76a,39,train,0.55,11/20,0.0,0.0,0.0,-0.375,C2,,False,C2,False,False
2ecf9f6353849d274b6c37e0,39,train,0.55,11/20,0.0,0.0,0.0,-0.625,C2,,False,C2,False,False
efbc1d1bee41da54932c24a7,39,train,0.55,11/20,0.0,0.0,0.0,-0.25,C2,,False,C2,False,False
7171114a628fe22c91efaf61,39,train,0.55,11/20,0.0,0.0,0.0,-0.5,C2,,False,C2,False,False
88b19e64b142f3adde0deae1,39,train,0.55,11/20,0.0,0.0,0.0,0.125,C1,,False,C1,False,False
b0643522936505ed7b879413,40,train,0.55,11/20,2.0,0.4013413909243025,0.4013413909243025,0.625,C1,True,True,C1,True,False
34a677a3dc603f1283c8dc53,40,train,0.55,11/20,0.0,0.0,0.0,0.25,C1,,False,C1,False,False
1599c9f22c049dde023541c1,40,train,0.55,11/20,2.0,0.4013413909243025,0.4013413909243025,0.375,C1,True,True,C1,True,False
f016efc4badfc240bbaf6f18,40,train,0.55,11/20,0.0,0.0,0.0,-0.125,C2,,False,C2,False,False
72d3a02a582989acf33a0d71,40,train,0.55,11/20,0.0,0.0,0.0,-0.875,C2,,False,C2,False,False
83ed34b0756ec3d69a553244,40,train,0.55,11/20,-2.0,-0.4013413909243025,-0.4013413909243025,-0.875,C2,True,True,C2,True,False
824e2c9cc04836e697bf6fc3,40,train,0.55,11/20,0.0,0.0,0.0,-1.0,C2,,False,C2,False,False
bc8bc5ee1a5a3e2d4f20e2fb,40,train,0.55,11/20,-2.0,-0.4013413909243025,-0.4013413909243025,-1.0,C2,True,True,C2,True,False
f535c2d41f262ac1b2355b5a,41,train,0.55,11/20,0.0,0.0,0.0,-1.25,C2,,False,C2,False,False
1222b3ff30dd9b77ee96c76e,41,train,0.55,11/20,-2.0,-0.4013413909243025,-0.4013413909243025,-1.25,C2,True,True,C2,True,False
30308f5278d5c9c5922f5923,41,train,0.55,11/20,0.0,0.0,0.0,-1.25,C2,,False,C2,False,False
52c61a03a0db0848f04222ff,41,train,0.55,11/20,-2.0,-0.4013413909243025,-0.4013413909243025,-1.0,C2,True,True,C2,True,False
771f9ca8340a29212c1bfbc6,41,train,0.55,11/20,2.0,0.4013413909243025,0.4013413909243025,-0.375,C2,False,True,C2,False,False
60d4d5a2c90928d19a5426a7,41,train,0.55,11/20,0.0,0.0,0.0,-0.625,C2,,False,C2,False,False
1c28e08a70e84006d6181a1f,41,train,0.55,11/20,2.0,0.4013413909243025,0.4013413909243025,-0.375,C2,False,True,C2,False,False
14295dfd0ddfafa13441bb94,41,train,0.55,11/20,0.0,0.0,0.0,-0.375,C2,,False,C2,False,False
95056ba6ee645705c6c106e6,42,train,0.55,11/20,-1.0,-0.20067069546215124,-0.20067069546215124,-1.0,C2,True,True,C2,True,False
3c6477928fbb69b2efab52b2,42,train,0.55,11/20,-1.0,-0.20067069546215124,-0.20067069546215124,-0.75,C2,True,True,C2,True,False
7559445cc81392c5d60264d2,42,train,0.55,11/20,1.0,0.20067069546215124,0.20067069546215124,-0.5,C2,False,True,C2,False,False
3914ac877c40e98d562e15de,42,train,0.55,11/20,1.0,0.20067069546215124,0.20067069546215124,-0.25,C2,False,True,C2,False,False
53b25e3f45d6a587fa9e9a1e,42,train,0.55,11/20,-1.0,-0.20067069546215124,-0.20067069546215124,-0.625,C2,True,True,C2,True,False
f2f5970aefa99fa58d183c9e,42,train,0.55,11/20,-1.0,-0.20067069546215124,-0.20067069546215124,-0.5,C2,True,True,C2,True,False
5328d690e1d5172100c2e1d0,42,train,0.55,11/20,1.0,0.20067069546215124,0.20067069546215124,-0.25,C2,False,True,C2,False,False
0c4255e8a39bbefd576bd272,42,train,0.55,11/20,1.0,0.20067069546215124,0.20067069546215124,0.25,C1,True,True,C1,True,False
d4d3086fc04712d7dd165d49,43,train,0.55,11/20,0.0,0.0,0.0,-1.25,C2,,False,C2,False,False
9af6c591badac228ae6874a7,43,train,0.55,11/20,-2.0,-0.4013413909243025,-0.4013413909243025,-0.875,C2,True,True,C2,True,False
be4c72c2ed5eedfdf1868c97,43,train,0.55,11/20,0.0,0.0,0.0,-0.625,C2,,False,C2,False,False
b3498196bad0153eb80f769b,43,train,0.55,11/20,-2.0,-0.4013413909243025,-0.4013413909243025,-0.5,C2,True,True,C2,True,False
a376b3baed6eb1ec535fa599,43,train,0.55,11/20,2.0,0.4013413909243025,0.4013413909243025,0.125,C1,True,True,C1,True,False
99fcff49c1c1458a281a9b23,43,train,0.55,11/20,0.0,0.0,0.0,0.125,C1,,False,C1,False,False
8d70399538d7f530fb12d508,43,train,0.55,11/20,2.0,0.4013413909243025,0.4013413909243025,0.25,C1,True,True,C1,True,False
471ade78cc8c40f15f8dfe78,43,train,0.55,11/20,0.0,0.0,0.0,0.625,C1,,False,C1,False,False
2216a2d6b058f9eeef588535,44,train,0.55,11/20,-1.0,-0.20067069546215124,-0.20067069546215124,-1.625,C2,True,True,C2,True,False
a628dfe49fe657ca7af98e62,44,train,0.55,11/20,-1.0,-0.20067069546215124,-0.20067069546215124,-1.25,C2,True,True,C2,True,False
617158e3e1b66e15146cb13b,44,train,0.55,11/20,-1.0,-0.20067069546215124,-0.20067069546215124,-1.125,C2,True,True,C2,True,False
508f223780d2d24929e9218c,44,train,0.55,11/20,-1.0,-0.20067069546215124,-0.20067069546215124,-0.5,C2,True,True,C2,True,False
17e6328a89013976a01da9d4,44,train,0.55,11/20,1.0,0.20067069546215124,0.20067069546215124,-0.125,C2,False,True,C2,False,False
d47e01c7ab0a37505ec9c270,44,train,0.55,11/20,1.0,0.20067069546215124,0.20067069546215124,0.125,C1,True,True,C1,True,False
1b699b72d953f96cdbdd7161,44,train,0.55,11/20,1.0,0.20067069546215124,0.20067069546215124,0.125,C1,True,True,C1,True,False
442e8e3fded44bccc249e538,44,train,0.55,11/20,1.0,0.20067069546215124,0.20067069546215124,0.75,C1,True,True,C1,True,False
41174acccf54cb0caf1eb52c,45,train,0.55,11/20,0.0,0.0,0.0,-1.125,C2,,False,C2,False,False
d5b98d00a74bed71427daeb2,45,train,0.55,11/20,0.0,0.0,0.0,-0.75,C2,,False,C2,False,False
e0dbfb91cd1ebd4e513e48e6,45,train,0.55,11/20,0.0,0.0,0.0,-0.75,C2,,False,C2,False,False
82e02ebd938a80e78387aceb,45,train,0.55,11/20,0.0,0.0,0.0,-0.5,C2,,False,C2,False,False
6308f555698036b7676a17ed,45,train,0.55,11/20,0.0,0.0,0.0,-0.5,C2,,False,C2,False,False
24f8794ba677d7c4fb3ff164,45,train,0.55,11/20,0.0,0.0,0.0,-0.375,C2,,False,C2,False,False
8122b0c5fc3f3886a2084e95,45,train,0.55,11/20,0.0,0.0,0.0,-0.25,C2,,False,C2,False,False
78f54be559809a807cac2731,45,train,0.55,11/20,0.0,0.0,0.0,0.125,C1,,False,C1,False,False
068682eabb7a11871afab60f,46,train,0.55,11/20,-2.0,-0.4013413909243025,-0.4013413909243025,-1.75,C2,True,True,C2,True,False
0fc29878845806d1e4abe8dc,46,train,0.55,11/20,-2.0,-0.4013413909243025,-0.4013413909243025,-1.25,C2,True,True,C2,True,False
cca21bd80321227d86742f1b,46,train,0.55,11/20,0.0,0.0,0.0,-0.875,C2,,False,C2,False,False
102f0367469f77bb54ca0ffc,46,train,0.55,11/20,0.0,0.0,0.0,-0.5,C2,,False,C2,False,False
ec5787e684aa1e959fb7f0f8,46,train,0.55,11/20,0.0,0.0,0.0,-0.25,C2,,False,C2,False,False
b1d6eea862152513b1c0cc1d,46,train,0.55,11/20,0.0,0.0,0.0,0.0,C1,,False,TIE,False,True
f3ffbe8d44d6acbc53ff62a3,46,train,0.55,11/20,2.0,0.4013413909243025,0.4013413909243025,0.5,C1,True,True,C1,True,False
544193ae3659279f331f95b7,46,train,0.55,11/20,2.0,0.4013413909243025,0.4013413909243025,1.125,C1,True,True,C1,True,False
af9e18efb6a205c040bcf649,47,train,0.55,11/20,1.0,0.20067069546215124,0.20067069546215124,0.0,C2,False,True,TIE,False,True
0f7e4b266b9180b2fb4e667b,47,train,0.55,11/20,1.0,0.20067069546215124,0.20067069546215124,-0.125,C2,False,True,C2,False,False
2492a4972c23829e0cc4920b,47,train,0.55,11/20,-1.0,-0.20067069546215124,-0.20067069546215124,-0.625,C2,True,True,C2,True,False
9a3ef873cb5a270c1abfe94d,47,train,0.55,11/20,-1.0,-0.20067069546215124,-0.20067069546215124,-0.375,C2,True,True,C2,True,False
68fbcee86a9c12f6e083ca8b,47,train,0.55,11/20,1.0,0.20067069546215124,0.20067069546215124,0.0,C1,True,True,TIE,False,True
621413979f7306ea4450f145,47,train,0.55,11/20,1.0,0.20067069546215124,0.20067069546215124,-0.375,C2,False,True,C2,False,False
04cf8d11e9c13a7dcd39d119,47,train,0.55,11/20,-1.0,-0.20067069546215124,-0.20067069546215124,-0.875,C2,True,True,C2,True,False
4f434be33bd19b4ced963c2d,47,train,0.55,11/20,-1.0,-0.20067069546215124,-0.20067069546215124,-0.25,C2,True,True,C2,True,False
bd2af4d04a0dc04055f6346c,48,train,0.55,11/20,0.0,0.0,0.0,-0.25,C2,,False,C2,False,False
6225492dc8b8d2f7a2631978,48,train,0.55,11/20,0.0,0.0,0.0,0.0,C1,,False,TIE,False,True
bb016a8e0032982b7b5ad2de,48,train,0.55,11/20,-2.0,-0.4013413909243025,-0.4013413909243025,-1.125,C2,True,True,C2,True,False
109e12e6c15a1ae0f9ce007c,48,train,0.55,11/20,-2.0,-0.4013413909243025,-0.4013413909243025,-0.125,C1,False,True,C2,True,True
3e35948b38be38001075a6a6,48,train,0.55,11/20,2.0,0.4013413909243025,0.4013413909243025,0.25,C1,True,True,C1,True,False
aea31636949c82c9c45fa429,48,train,0.55,11/20,2.0,0.4013413909243025,0.4013413909243025,0.25,C1,True,True,C1,True,False
31414b206509bd2a4a00296f,48,train,0.55,11/20,0.0,0.0,0.0,-0.625,C2,,False,C2,False,False
fb92e85fcb80ec80b87b2648,48,train,0.55,11/20,0.0,0.0,0.0,0.625,C1,,False,C1,False,False
e07b579f4e98c2bf73c9a41f,49,train,0.55,11/20,0.0,0.0,0.0,-1.25,C2,,False,C2,False,False
18b94661fadb084e6e705269,49,train,0.55,11/20,0.0,0.0,0.0,-1.0,C2,,False,C2,False,False
a7a4de002467d1e6c1b5aeee,49,train,0.55,11/20,-2.0,-0.4013413909243025,-0.4013413909243025,-1.25,C2,True,True,C2,True,False
edc8067e671ff0867705ef10,49,train,0.55,11/20,-2.0,-0.4013413909243025,-0.4013413909243025,-0.75,C2,True,True,C2,True,False
821b4aa674cc13cf8cfd36a9,49,train,0.55,11/20,2.0,0.4013413909243025,0.4013413909243025,0.0,C1,True,True,TIE,False,True
16d77e5d50faa71245da3524,49,train,0.55,11/20,2.0,0.4013413909243025,0.4013413909243025,-0.125,C2,False,True,C2,False,False
82c2c2d1eb6fbfc1d46e8dee,49,train,0.55,11/20,0.0,0.0,0.0,-0.25,C2,,False,C2,False,False
49ef6b8df50200e8a76cfec7,49,train,0.55,11/20,0.0,0.0,0.0,0.25,C1,,False,C1,False,False
e21f2473f89c4fc1e1949cbc,50,train,0.55,11/20,1.0,0.20067069546215124,0.20067069546215124,0.75,C1,True,True,C1,True,False
d1bf7320cb93fdbe48d21ae7,50,train,0.55,11/20,-1.0,-0.20067069546215124,-0.20067069546215124,0.375,C1,False,True,C1,False,False
d1db71a38696b3183e8a8ff8,50,train,0.55,11/20,3.0,0.6020120863864538,0.6020120863864538,1.5,C1,True,True,C1,True,False
432ece0f1a494c468fa7896a,50,train,0.55,11/20,1.0,0.20067069546215124,0.20067069546215124,0.625,C1,True,True,C1,True,False
5420df625958f127c6ced421,50,train,0.55,11/20,-1.0,-0.20067069546215124,-0.20067069546215124,-1.125,C2,True,True,C2,True,False
fbbfa68578a11e710509af85,50,train,0.55,11/20,-3.0,-0.6020120863864538,-0.6020120863864538,-1.0,C2,True,True,C2,True,False
42a979462deafe7de6ad1224,50,train,0.55,11/20,1.0,0.20067069546215124,0.20067069546215124,0.75,C1,True,True,C1,True,False
9d34720eff71f5e33e15832a,50,train,0.55,11/20,-1.0,-0.20067069546215124,-0.20067069546215124,0.625,C1,False,True,C1,False,False
d35c61f92c97055371ad76c3,51,train,0.55,11/20,-1.0,-0.20067069546215124,-0.20067069546215124,-0.25,C2,True,True,C2,True,False
218549cdd51d13e34c9eea51,51,train,0.55,11/20,1.0,0.20067069546215124,0.20067069546215124,-0.125,C2,False,True,C2,False,False
9bc5f8edd9de60425b83dac4,51,train,0.55,11/20,1.0,0.20067069546215124,0.20067069546215124,-0.125,C2,False,True,C2,False,False
9fad32ac71f3690ed4beb0dc,51,train,0.55,11/20,3.0,0.6020120863864538,0.6020120863864538,0.125,C1,True,True,C1,True,False
506d5ece308eecc970bd2f98,51,train,0.55,11/20,-3.0,-0.6020120863864538,-0.6020120863864538,-1.25,C2,True,True,C2,True,False
9e0d2fe445033b58ab429109,51,train,0.55,11/20,-1.0,-0.20067069546215124,-0.20067069546215124,-0.5,C2,True,True,C2,True,False
3b3ab294c8380eb16839d589,51,train,0.55,11/20,-1.0,-0.20067069546215124,-0.20067069546215124,-0.625,C2,True,True,C2,True,False
0f3b301fbcaa190850dbae26,51,train,0.55,11/20,1.0,0.20067069546215124,0.20067069546215124,0.125,C1,True,True,C1,True,False
a73a786b5e50727f39704412,52,train,0.55,11/20,-1.0,-0.20067069546215124,-0.20067069546215124,-1.0,C2,True,True,C2,True,False
3462718aee4ea6174cd40ec3,52,train,0.55,11/20,1.0,0.20067069546215124,0.20067069546215124,-0.625,C2,False,True,C2,False,False
3808b49605e84aca8a56dc02,52,train,0.55,11/20,-1.0,-0.20067069546215124,-0.20067069546215124,-1.0,C2,True,True,C2,True,False
bd7198b3c3672bf1ac6ab758,52,train,0.55,11/20,1.0,0.20067069546215124,0.20067069546215124,-0.5,C2,False,True,C2,False,False
c7efb28ed813e2333e7c9f23,52,train,0.55,11/20,-1.0,-0.20067069546215124,-0.20067069546215124,-0.875,C2,True,True,C2,True,False
bd5acdf22ebea72542706c03,52,train,0.55,11/20,1.0,0.20067069546215124,0.20067069546215124,-0.5,C2,False,True,C2,False,False
2522b5cfcc7a862ac5fcc96b,52,train,0.55,11/20,-1.0,-0.20067069546215124,-0.20067069546215124,-0.625,C2,True,True,C2,True,False
8a53725f3ada988f5b8b04a6,52,train,0.55,11/20,1.0,0.20067069546215124,0.20067069546215124,0.125,C1,True,True,C1,True,False
67dd417a9c49b4a174b8a990,53,train,0.55,11/20,1.0,0.20067069546215124,0.20067069546215124,-0.75,C2,False,True,C2,False,False
7871a8f74f05c20786979649,53,train,0.55,11/20,-1.0,-0.20067069546215124,-0.20067069546215124,-0.75,C2,True,True,C2,True,False
0f50508f3452af10f659dcfe,53,train,0.55,11/20,1.0,0.20067069546215124,0.20067069546215124,-0.625,C2,False,True,C2,False,False
4a5c3c3500a1a292338600d4,53,train,0.55,11/20,-1.0,-0.20067069546215124,-0.20067069546215124,-0.75,C2,True,True,C2,True,False
c12738f5a837cae19d4b54a4,53,train,0.55,11/20,1.0,0.20067069546215124,0.20067069546215124,-0.5,C2,False,True,C2,False,False
a4c19f5e699461c41c8ab129,53,train,0.55,11/20,-1.0,-0.20067069546215124,-0.20067069546215124,-0.625,C2,True,True,C2,True,False
3055abd199e9bb9288b80361,53,train,0.55,11/20,1.0,0.20067069546215124,0.20067069546215124,-0.375,C2,False,True,C2,False,False
c7a62e05c336848fe6f058b5,53,train,0.55,11/20,-1.0,-0.20067069546215124,-0.20067069546215124,-0.75,C2,True,True,C2,True,False
42d080805f00531f9f1ef884,54,train,0.55,11/20,2.0,0.4013413909243025,0.4013413909243025,0.125,C1,True,True,C1,True,False
9420b7b7b53eb6692529f5b8,54,train,0.55,11/20,2.0,0.4013413909243025,0.4013413909243025,-0.125,C2,False,True,C2,False,False
864bec6cf6c27443ce0c13ea,54,train,0.55,11/20,0.0,0.0,0.0,-0.875,C2,,False,C2,False,False
d77fa0c5f2109fd097e0fbd2,54,train,0.55,11/20,0.0,0.0,0.0,-0.625,C2,,False,C2,False,False
870640468aac6d9f9162b5c6,54,train,0.55,11/20,0.0,0.0,0.0,-0.75,C2,,False,C2,False,False
a6c7eb8413cb72a3490650a4,54,train,0.55,11/20,0.0,0.0,0.0,-1.0,C2,,False,C2,False,False
f0d55cf41e4c77fbe7aad926,54,train,0.55,11/20,-2.0,-0.4013413909243025,-0.4013413909243025,-1.75,C2,True,True,C2,True,False
02c41b297d33fcd2919fc7a7,54,train,0.55,11/20,-2.0,-0.4013413909243025,-0.4013413909243025,-1.625,C2,True,True,C2,True,False
e31b36895726027dfd5261ec,55,train,0.55,11/20,2.0,0.4013413909243025,0.4013413909243025,0.625,C1,True,True,C1,True,False
124314a850cd5efa73a2d447,55,train,0.55,11/20,0.0,0.0,0.0,0.375,C1,,False,C1,False,False
167b3cbe310592de594df25c,55,train,0.55,11/20,2.0,0.4013413909243025,0.4013413909243025,0.375,C1,True,True,C1,True,False
f5f6f7b4e6b263a77c915220,55,train,0.55,11/20,0.0,0.0,0.0,0.125,C1,,False,C1,False,False
85071fccdcf746078578eebb,55,train,0.55,11/20,0.0,0.0,0.0,-0.375,C2,,False,C2,False,False
643ae7d418d66111e46d214c,55,train,0.55,11/20,-2.0,-0.4013413909243025,-0.4013413909243025,-0.625,C2,True,True,C2,True,False
f5c5783b3d975ec6ab176c21,55,train,0.55,11/20,0.0,0.0,0.0,-0.625,C2,,False,C2,False,False
34301cdad62798ade46a3748,55,train,0.55,11/20,-2.0,-0.4013413909243025,-0.4013413909243025,-0.375,C2,True,True,C2,True,False
ca0964f72af9140b2f8b3b05,56,train,0.55,11/20,2.0,0.4013413909243025,0.4013413909243025,-0.125,C2,False,True,C2,False,False
8117d143bfb4ddd4ceaf5b8b,56,train,0.55,11/20,0.0,0.0,0.0,-0.5,C2,,False,C2,False,False
1d654bd11aa8ac1bad221b02,56,train,0.55,11/20,0.0,0.0,0.0,-0.875,C2,,False,C2,False,False
39a3863a6148cfbe3d97faeb,56,train,0.55,11/20,-2.0,-0.4013413909243025,-0.4013413909243025,-0.75,C2,True,True,C2,True,False
f47ad12a776c0fab34c4a151,56,train,0.55,11/20,2.0,0.4013413909243025,0.4013413909243025,-0.25,C2,False,True,C2,False,False
a6b42a859e3b4315f25cdf9f,56,train,0.55,11/20,0.0,0.0,0.0,-0.75,C2,,False,C2,False,False
2d1b81d58c53bd39991c15d9,56,train,0.55,11/20,0.0,0.0,0.0,-1.125,C2,,False,C2,False,False
21892a906128c8f7e0c9c48b,56,train,0.55,11/20,-2.0,-0.4013413909243025,-0.4013413909243025,-1.25,C2,True,True,C2,True,False
1e04ddb3753bc611d2685033,57,train,0.55,11/20,-1.0,-0.20067069546215124,-0.20067069546215124,-1.5,C2,True,True,C2,True,False
775219130937f0ad0e8b521c,57,train,0.55,11/20,-1.0,-0.20067069546215124,-0.20067069546215124,-1.25,C2,True,True,C2,True,False
0fdf663113b774a063c2ecfa,57,train,0.55,11/20,-1.0,-0.20067069546215124,-0.20067069546215124,-1.125,C2,True,True,C2,True,False
c833416eb17151edd6a25d73,57,train,0.55,11/20,-1.0,-0.20067069546215124,-0.20067069546215124,-0.75,C2,True,True,C2,True,False
5c56662746b7c2b2a45588a8,57,train,0.55,11/20,1.0,0.20067069546215124,0.20067069546215124,-0.5,C2,False,True,C2,False,False
0896411a0f4ed829f4f2ff0b,57,train,0.55,11/20,1.0,0.20067069546215124,0.20067069546215124,-0.375,C2,False,True,C2,False,False
ce9feac5b99eaa8a5cac4b37,57,train,0.55,11/20,1.0,0.20067069546215124,0.20067069546215124,-0.375,C2,False,True,C2,False,False
0f9f937306e788c3f97e4a6b,57,train,0.55,11/20,1.0,0.20067069546215124,0.20067069546215124,0.125,C1,True,True,C1,True,False
948a3f0a7360b2b12a7185c4,58,train,0.55,11/20,-2.0,-0.4013413909243025,-0.4013413909243025,-1.875,C2,True,True,C2,True,False
cc224e11e7d76ddc1ed6fdc1,58,train,0.55,11/20,-2.0,-0.4013413909243025,-0.4013413909243025,-1.5,C2,True,True,C2,True,False
af7d9f0978125eb889a6c2d3,58,train,0.55,11/20,0.0,0.0,0.0,-1.125,C2,,False,C2,False,False
6b1e064e2ec16bf56ffe5860,58,train,0.55,11/20,0.0,0.0,0.0,-0.625,C2,,False,C2,False,False
7de5df0165c263d28ba9aad0,58,train,0.55,11/20,0.0,0.0,0.0,-0.75,C2,,False,C2,False,False
0ce90feab873179ac9dc03c4,58,train,0.55,11/20,0.0,0.0,0.0,-0.5,C2,,False,C2,False,False
acbe937e1b4a049b686652e0,58,train,0.55,11/20,2.0,0.4013413909243025,0.4013413909243025,0.0,C2,False,True,TIE,False,True
7a7d5add56b9d715e3d32be0,58,train,0.55,11/20,2.0,0.4013413909243025,0.4013413909243025,0.5,C1,True,True,C1,True,False
f7904cd8163710f0f8cc6436,59,train,0.55,11/20,0.0,0.0,0.0,-1.375,C2,,False,C2,False,False
aeb8f2d513672d07f07bb38e,59,train,0.55,11/20,-2.0,-0.4013413909243025,-0.4013413909243025,-1.375,C2,True,True,C2,True,False
3d3b8b8a1f0a7e1a13da7409,59,train,0.55,11/20,0.0,0.0,0.0,-1.0,C2,,False,C2,False,False
e73ab840acd8a9af7df460ff,59,train,0.55,11/20,-2.0,-0.4013413909243025,-0.4013413909243025,-1.0,C2,True,True,C2,True,False
590c42516e91bdbfdba286f8,59,train,0.55,11/20,2.0,0.4013413909243025,0.4013413909243025,0.0,C1,True,True,TIE,False,True
8ac768301f646d7904e73ebd,59,train,0.55,11/20,0.0,0.0,0.0,-0.25,C2,,False,C2,False,False
4f66f65da68c0c484689efaf,59,train,0.55,11/20,2.0,0.4013413909243025,0.4013413909243025,0.125,C1,True,True,C1,True,False
6975d30f374f118a8138f427,59,train,0.55,11/20,0.0,0.0,0.0,0.375,C1,,False,C1,False,False
db06a60d793397a30d7baad9,60,train,0.55,11/20,-1.0,-0.20067069546215124,-0.20067069546215124,-0.75,C2,True,True,C2,True,False
61ce49a041263f66f7428a83,60,train,0.55,11/20,-1.0,-0.20067069546215124,-0.20067069546215124,-0.375,C2,True,True,C2,True,False
20f1e45d1795a7353eb8e02d,60,train,0.55,11/20,1.0,0.20067069546215124,0.20067069546215124,-0.125,C2,False,True,C2,False,False
c6c844ea8b6c30473ac5972a,60,train,0.55,11/20,1.0,0.20067069546215124,0.20067069546215124,0.25,C1,True,True,C1,True,False
44112106e6e83e6145cd21ba,60,train,0.55,11/20,-1.0,-0.20067069546215124,-0.20067069546215124,-0.25,C2,True,True,C2,True,False
96c64e3a991fec2b633b7a95,60,train,0.55,11/20,-1.0,-0.20067069546215124,-0.20067069546215124,0.375,C1,False,True,C1,False,False
5d77a325816893e08071a5b9,60,train,0.55,11/20,1.0,0.20067069546215124,0.20067069546215124,0.625,C1,True,True,C1,True,False
15296ccbde4baea4590ec23b,60,train,0.55,11/20,1.0,0.20067069546215124,0.20067069546215124,1.125,C1,True,True,C1,True,False
53f8dd1cb7c2e0dea3a4aff5,61,train,0.55,11/20,1.0,0.20067069546215124,0.20067069546215124,-0.25,C2,False,True,C2,False,False
f86f5a230a74fe713aa85a56,61,train,0.55,11/20,-1.0,-0.20067069546215124,-0.20067069546215124,-0.5,C2,True,True,C2,True,False
e60931b5419b59dc1dd1dc92,61,train,0.55,11/20,1.0,0.20067069546215124,0.20067069546215124,-0.25,C2,False,True,C2,False,False
6cee7e31653d10a967307134,61,train,0.55,11/20,-1.0,-0.20067069546215124,-0.20067069546215124,-0.625,C2,True,True,C2,True,False
df8f67147e30bae4e0c6ac48,61,train,0.55,11/20,1.0,0.20067069546215124,0.20067069546215124,-0.25,C2,False,True,C2,False,False
6a8070a7043add0d7d826f48,61,train,0.55,11/20,-1.0,-0.20067069546215124,-0.20067069546215124,-0.5,C2,True,True,C2,True,False
f2a84c4d08099bda3eff0135,61,train,0.55,11/20,1.0,0.20067069546215124,0.20067069546215124,-0.125,C2,False,True,C2,False,False
2b814e936d07feda00bb0fcb,61,train,0.55,11/20,-1.0,-0.20067069546215124,-0.20067069546215124,-0.25,C2,True,True,C2,True,False
110846f6ee752b29f8bb181e,62,train,0.55,11/20,-2.0,-0.4013413909243025,-0.4013413909243025,-1.125,C2,True,True,C2,True,False
6ee68d4a7b3c237b3e21dcc6,62,train,0.55,11/20,0.0,0.0,0.0,-0.25,C2,,False,C2,False,False
10efcfc3949a34898fbf7d5e,62,train,0.55,11/20,0.0,0.0,0.0,0.0,C1,,False,TIE,False,True
ac4279471c4c8563f32d7ff2,62,train,0.55,11/20,2.0,0.4013413909243025,0.4013413909243025,0.5,C1,True,True,C1,True,False
dc5829bb921a4b5d95c15366,62,train,0.55,11/20,-2.0,-0.4013413909243025,-0.4013413909243025,0.25,C1,False,True,C1,False,False
3f04a2ce49fc3e0b3653ea95,62,train,0.55,11/20,0.0,0.0,0.0,0.75,C1,,False,C1,False,False
a5d8d735447e3772e3b90baa,62,train,0.55,11/20,0.0,0.0,0.0,0.875,C1,,False,C1,False,False
153e29a71c8fbe60aa0dcdbc,62,train,0.55,11/20,2.0,0.4013413909243025,0.4013413909243025,1.5,C1,True,True,C1,True,False
abd4f32f8b91cd174587f734,63,train,0.55,11/20,0.0,0.0,0.0,-0.625,C2,,False,C2,False,False
0f41c256df4aaf3caaebcab3,63,train,0.55,11/20,-2.0,-0.4013413909243025,-0.4013413909243025,-0.5,C2,True,True,C2,True,False
0fad0a72df9c8d45589eda75,63,train,0.55,11/20,2.0,0.4013413909243025,0.4013413909243025,-0.5,C2,False,True,C2,False,False
e78b3c1c492e7eef6e2c40c7,63,train,0.55,11/20,0.0,0.0,0.0,-0.75,C2,,False,C2,False,False
b046301fca534bb0d04ec4f8,63,train,0.55,11/20,0.0,0.0,0.0,-0.5,C2,,False,C2,False,False
f171fb8daa892b63d1baa219,63,train,0.55,11/20,-2.0,-0.4013413909243025,-0.4013413909243025,-0.5,C2,True,True,C2,True,False
c0a88b9fd93d30e96c45314f,63,train,0.55,11/20,2.0,0.4013413909243025,0.4013413909243025,-0.125,C2,False,True,C2,False,False
8afb232ea6b5af42cd9f097e,63,train,0.55,11/20,0.0,0.0,0.0,-0.125,C2,,False,C2,False,False
6f0bf85029061b3e006a2eb7,0,test,0.65,13/20,2.0,1.238078416812447,1.238078416812447,0.125,C1,True,True,C1,True,False
005cfd0efc4f99a9794efe98,0,test,0.65,13/20,0.0,0.0,0.0,-0.25,C2,,False,C2,False,False
0795003e0d81608722fdd8e0,0,test,0.65,13/20,2.0,1.238078416812447,1.238078416812447,0.0,C2,False,True,TIE,False,True
f840587456aee463295a2d35,0,test,0.65,13/20,0.0,0.0,0.0,-0.625,C2,,False,C2,False,False
58eaf311a94fc18ca258e72e,0,test,0.65,13/20,0.0,0.0,0.0,-1.25,C2,,False,C2,False,False
fc977310d43f5074a9d61451,0,test,0.65,13/20,-2.0,-1.238078416812447,-1.238078416812447,-1.125,C2,True,True,C2,True,False
62cdd019e53467c53375f585,0,test,0.65,13/20,0.0,0.0,0.0,-1.375,C2,,False,C2,False,False
692b569c77ad34b8b24f0b6a,0,test,0.65,13/20,-2.0,-1.238078416812447,-1.238078416812447,-1.625,C2,True,True,C2,True,False
ff9533e91f96519615db7514,1,test,0.65,13/20,1.0,0.6190392084062235,0.6190392084062235,0.375,C1,True,True,C1,True,False
b56d468bc053ef43f1a5e629,1,test,0.65,13/20,1.0,0.6190392084062235,0.6190392084062235,0.375,C1,True,True,C1,True,False
16c6a1f6698bbb8ba202a89c,1,test,0.65,13/20,1.0,0.6190392084062235,0.6190392084062235,0.5,C1,True,True,C1,True,False
d824ecd16240ee66625db622,1,test,0.65,13/20,1.0,0.6190392084062235,0.6190392084062235,0.5,C1,True,True,C1,True,False
f0097384f86a1cd5d96dcca1,1,test,0.65,13/20,-1.0,-0.6190392084062235,-0.6190392084062235,-0.75,C2,True,True,C2,True,False
1bf8e4436fc41585df22e76b,1,test,0.65,13/20,-1.0,-0.6190392084062235,-0.6190392084062235,-0.5,C2,True,True,C2,True,False
df40255de8f8a6449b5d38e9,1,test,0.65,13/20,-1.0,-0.6190392084062235,-0.6190392084062235,-0.375,C2,True,True,C2,True,False
927263e7f69ed6fa5d28503c,1,test,0.65,13/20,-1.0,-0.6190392084062235,-0.6190392084062235,0.0,C1,False,True,TIE,False,True
a1c6ecce6440c5eef04bdc4a,2,test,0.65,13/20,0.0,0.0,0.0,-0.75,C2,,False,C2,False,False
d2a4d8ff579a4aa182c09bf5,2,test,0.65,13/20,0.0,0.0,0.0,-0.5,C2,,False,C2,False,False
22163c44fa29f80310a790a2,2,test,0.65,13/20,0.0,0.0,0.0,-0.75,C2,,False,C2,False,False
e5b639882ec528f3e4c69e9c,2,test,0.65,13/20,0.0,0.0,0.0,-0.375,C2,,False,C2,False,False
d1707c7eeb707b590ec284a5,2,test,0.65,13/20,0.0,0.0,0.0,-0.375,C2,,False,C2,False,False
355a765d20a5c9160579fcb6,2,test,0.65,13/20,0.0,0.0,0.0,-0.25,C2,,False,C2,False,False
ade48aec72fa047638857cec,2,test,0.65,13/20,0.0,0.0,0.0,-0.25,C2,,False,C2,False,False
b31a0b319d97c90190131e94,2,test,0.65,13/20,0.0,0.0,0.0,0.125,C1,,False,C1,False,False
11ebce5b0cc5ecae251e3935,3,test,0.65,13/20,0.0,0.0,0.0,-0.625,C2,,False,C2,False,False
d17cfe8bee17aff4aec11461,3,test,0.65,13/20,-2.0,-1.238078416812447,-1.238078416812447,-0.5,C2,True,True,C2,True,False
82b4369e7eaedf3fb46eb268,3,test,0.65,13/20,2.0,1.238078416812447,1.238078416812447,-0.25,C2,False,True,C2,False,False
36ae360c30bb81f17aacf021,3,test,0.65,13/20,0.0,0.0,0.0,-0.5,C2,,False,C2,False,False
f0c20e3d7547da086187145c,3,test,0.65,13/20,0.0,0.0,0.0,-0.125,C2,,False,C2,False,False
0adac20619d72d0b9cac0649,3,test,0.65,13/20,-2.0,-1.238078416812447,-1.238078416812447,-0.125,C2,True,True,C2,True,False
b47b1d3204169716ed1828f4,3,test,0.65,13/20,2.0,1.238078416812447,1.238078416812447,0.0,C1,True,True,TIE,False,True
3f5ebf330ab8ef0e3124cbf1,3,test,0.65,13/20,0.0,0.0,0.0,0.125,C1,,False,C1,False,False
04683dbbc67b74214c059fb6,4,test,0.65,13/20,0.0,0.0,0.0,0.125,C1,,False,C1,False,False
f3c90e4d898d3a8dc2d20b2e,4,test,0.65,13/20,0.0,0.0,0.0,0.375,C1,,False,C1,False,False
2f0487dd3f53b264c8ad6ece,4,test,0.65,13/20,2.0,1.238078416812447,1.238078416812447,0.625,C1,True,True,C1,True,False
451d6ee31393f2c58829d7ce,4,test,0.65,13/20,2.0,1.238078416812447,1.238078416812447,0.625,C1,True,True,C1,True,False
bce98f6fe0b1358572482990,4,test,0.65,13/20,-2.0,-1.238078416812447,-1.238078416812447,-1.375,C2,True,True,C2,True,False
ad7bfdfa51b0c2566a01cec4,4,test,0.65,13/20,-2.0,-1.238078416812447,-1.238078416812447,-0.375,C2,True,True,C2,True,False
b2eafdc9f70b084642598f04,4,test,0.65,13/20,0.0,0.0,0.0,-0.375,C2,,False,C2,False,False
5b456da6aa1d50e865159040,4,test,0.65,13/20,0.0,0.0,0.0,0.75,C1,,False,C1,False,False
8004852baec19a56465858bf,5,train,0.65,13/20,0.0,0.0,0.0,-0.875,C2,,False,C2,False,False
b8780029ed1b106bdba428a4,5,train,0.65,13/20,-2.0,-1.238078416812447,-1.238078416812447,-0.875,C2,True,True,C2,True,False
998a09b04614989ede7aad05,5,train,0.65,13/20,2.0,1.238078416812447,1.238078416812447,-0.5,C2,False,True,C2,False,False
01774a8e7a25d4ab4c267c07,5,train,0.65,13/20,0.0,0.0,0.0,-0.75,C2,,False,C2,False,False
9a03b2e42b8df7396b90d5fd,5,train,0.65,13/20,0.0,0.0,0.0,-0.625,C2,,False,C2,False,False
27178008b3f8427ee00dbf06,5,train,0.65,13/20,-2.0,-1.238078416812447,-1.238078416812447,-0.5,C2,True,True,C2,True,False
197ef84bdfe32f0788b974a2,5,train,0.65,13/20,2.0,1.238078416812447,1.238078416812447,0.0,C2,False,True,TIE,False,True
c737740ee3312264f8633abe,5,train,0.65,13/20,0.0,0.0,0.0,-0.25,C2,,False,C2,False,False
49bbdab1de4aab7b7a62fad4,6,test,0.65,13/20,-3.0,-1.8571176252186705,-1.8571176252186705,-1.875,C2,True,True,C2,True,False
bfc5001466f27d8033c47736,6,test,0.65,13/20,-1.0,-0.6190392084062235,-0.6190392084062235,-0.875,C2,True,True,C2,True,False
8c653838663655cbd92a81d7,6,test,0.65,13/20,-1.0,-0.6190392084062235,-0.6190392084062235,-0.75,C2,True,True,C2,True,False
edd45ea6b9e84d8226b53b59,6,test,0.65,13/20,1.0,0.6190392084062235,0.6190392084062235,0.25,C1,True,True,C1,True,False
ea843a23dc210cb8f3471330,6,test,0.65,13/20,-1.0,-0.6190392084062235,-0.6190392084062235,-0.375,C2,True,True,C2,True,False
cdef5f02f12ee299e9e53dff,6,test,0.65,13/20,1.0,0.6190392084062235,0.6190392084062235,1.125,C1,True,True,C1,True,False
b4aa927bfc388458b9732d54,6,test,0.65,13/20,1.0,0.6190392084062235,0.6190392084062235,0.625,C1,True,True,C1,True,False
c65bece2742e1b45f4d46de5,6,test,0.65,13/20,3.0,1.8571176252186705,1.8571176252186705,2.125,C1,True,True,C1,True,False
2bbd27b7cbc458af6f2f33f7,7,train,0.65,13/20,0.0,0.0,0.0,-0.125,C2,,False,C2,False,False
7f8192448a692f5a2e3a2524,7,train,0.65,13/20,0.0,0.0,0.0,-0.375,C2,,False,C2,False,False
e2dd55096ebe0ff99997946f,7,train,0.65,13/20,0.0,0.0,0.0,-0.5,C2,,False,C2,False,False
825aabba315f76ac9d9da9eb,7,train,0.65,13/20,0.0,0.0,0.0,-0.5,C2,,False,C2,False,False
39cf3597df3c47bd5a4d59ef,7,train,0.65,13/20,0.0,0.0,0.0,-0.75,C2,,False,C2,False,False
cabe567fd358812cfe99fbde,7,train,0.65,13/20,0.0,0.0,0.0,-0.625,C2,,False,C2,False,False
a34f7353a9edf7e3ec4cf0e8,7,train,0.65,13/20,0.0,0.0,0.0,-0.75,C2,,False,C2,False,False
238751d6dc5a87e654124fde,7,train,0.65,13/20,0.0,0.0,0.0,-0.25,C2,,False,C2,False,False
619c743e563ab8b8f234a07a,8,train,0.65,13/20,-1.0,-0.6190392084062235,-0.6190392084062235,-1.5,C2,True,True,C2,True,False
5ad2a10bbf62e7b492530ef6,8,train,0.65,13/20,-3.0,-1.8571176252186705,-1.8571176252186705,-1.5,C2,True,True,C2,True,False
6589e69eaad78be5295b56e0,8,train,0.65,13/20,1.0,0.6190392084062235,0.6190392084062235,-1.0,C2,False,True,C2,False,False
110b0edc4e36ad3120bdbb60,8,train,0.65,13/20,-1.0,-0.6190392084062235,-0.6190392084062235,-1.125,C2,True,True,C2,True,False
54f2d8a0fdf6b8fb88c8e52a,8,train,0.65,13/20,1.0,0.6190392084062235,0.6190392084062235,-0.125,C2,False,True,C2,False,False
9994909fd977914935a6072f,8,train,0.65,13/20,-1.0,-0.6190392084062235,-0.6190392084062235,-0.25,C2,True,True,C2,True,False
93895c8e73e9dcff8286c9bd,8,train,0.65,13/20,3.0,1.8571176252186705,1.8571176252186705,0.5,C1,True,True,C1,True,False
299309c0651a34a8a5cca684,8,train,0.65,13/20,1.0,0.6190392084062235,0.6190392084062235,0.5,C1,True,True,C1,True,False
fe44fd765e9322117ef6855e,9,test,0.65,13/20,1.0,0.6190392084062235,0.6190392084062235,-0.375,C2,False,True,C2,False,False
ecac5408f4cbf7e7f0de2c6b,9,test,0.65,13/20,-1.0,-0.6190392084062235,-0.6190392084062235,-0.5,C2,True,True,C2,True,False
6f028a6dc6bc33b079ea4dbc,9,test,0.65,13/20,1.0,0.6190392084062235,0.6190392084062235,-0.5,C2,False,True,C2,False,False
d00b6b40de6a82bdb820018b,9,test,0.65,13/20,-1.0,-0.6190392084062235,-0.6190392084062235,-0.5,C2,True,True,C2,True,False
014d511a10d8f6327441f8ef,9,test,0.65,13/20,1.0,0.6190392084062235,0.6190392084062235,-0.375,C2,False,True,C2,False,False
a248007c2a7d5c338e42310b,9,test,0.65,13/20,-1.0,-0.6190392084062235,-0.6190392084062235,-0.375,C2,True,True,C2,True,False
f5c5bcf42a84b704c378822b,9,test,0.65,13/20,1.0,0.6190392084062235,0.6190392084062235,-0.375,C2,False,True,C2,False,False
a838f50aea07b0d9ca5ad4b1,9,test,0.65,13/20,-1.0,-0.6190392084062235,-0.6190392084062235,-0.25,C2,True,True,C2,True,False
6841c42aced215b15530bfde,10,test,0.65,13/20,1.0,0.6190392084062235,0.6190392084062235,0.0,C1,True,True,TIE,False,True
abc14f0a88de7d6ae38db10b,10,test,0.65,13/20,-1.0,-0.6190392084062235,-0.6190392084062235,-0.125,C2,True,True,C2,True,False
861087b44c3d7a82624c9c5c,10,test,0.65,13/20,1.0,0.6190392084062235,0.6190392084062235,0.0,C1,True,True,TIE,False,True
56658c807ebebadb8f66f005,10,test,0.65,13/20,-1.0,-0.6190392084062235,-0.6190392084062235,-0.5,C2,True,True,C2,True,False
2a56764edc739a235e5af1ce,10,test,0.65,13/20,1.0,0.6190392084062235,0.6190392084062235,-0.375,C2,False,True,C2,False,False
3fd551ac4877baa1624dea1a,10,test,0.65,13/20,-1.0,-0.6190392084062235,-0.6190392084062235,-0.5,C2,True,True,C2,True,False
0b14a2d5ba891cd8264177f7,10,test,0.65,13/20,1.0,0.6190392084062235,0.6190392084062235,-0.375,C2,False,True,C2,False,False
02653c282992aee91a530e2a,10,test,0.65,13/20,-1.0,-0.6190392084062235,-0.6190392084062235,-0.5,C2,True,True,C2,True,False
938150367ad973bba8061c43,11,train,0.65,13/20,0.0,0.0,0.0,-0.625,C2,,False,C2,False,False
8f0dd1ee6c0fbec9d088fd74,11,train,0.65,13/20,0.0,0.0,0.0,-0.5,C2,,False,C2,False,False
dc5c2501873424024501eba5,11,train,0.65,13/20,-2.0,-1.238078416812447,-1.238078416812447,-1.25,C2,True,True,C2,True,False
57fcec12417b5d72f3777756,11,train,0.65,13/20,-2.0,-1.238078416812447,-1.238078416812447,-0.5,C2,True,True,C2,True,False
84a718fa9df29f67b8dbdb63,11,train,0.65,13/20,2.0,1.238078416812447,1.238078416812447,0.0,C1,True,True,TIE,False,True
cfbde777299a45f9793fa753,11,train,0.65,13/20,2.0,1.238078416812447,1.238078416812447,0.0,C1,True,True,TIE,False,True
db90d8b21becfb366cc0e083,11,train,0.65,13/20,0.0,0.0,0.0,-0.75,C2,,False,C2,False,False
8617b30b7f7987d6d24e5e44,11,train,0.65,13/20,0.0,0.0,0.0,0.0,C1,,False,TIE,False,True
5b4185baefdc729618a7db43,12,train,0.65,13/20,0.0,0.0,0.0,-0.25,C2,,False,C2,False,False
d294bbb2962abbc5f2b789a5,12,train,0.65,13/20,2.0,1.238078416812447,1.238078416812447,-0.125,C1,True,True,C2,False,True
4768dc83466288659b7418e7,12,train,0.65,13/20,-2.0,-1.238078416812447,-1.238078416812447,-0.625,C2,True,True,C2,True,False
9cef64721c68d6471850d103,12,train,0.65,13/20,0.0,0.0,0.0,0.125,C1,,False,C1,False,False
8368c39f4ef4f6bd31936f98,12,train,0.65,13/20,0.0,0.0,0.0,-0.5,C2,,False,C2,False,False
b9dd1314994d48438fb6514a,12,train,0.65,13/20,2.0,1.238078416812447,1.238078416812447,0.0,C2,False,True,TIE,False,True
23c865c70e85755b4bf69ca5,12,train,0.65,13/20,-2.0,-1.238078416812447,-1.238078416812447,-1.125,C2,True,True,C2,True,False
4569766a24375498eaaccfa4,12,train,0.65,13/20,0.0,0.0,0.0,0.25,C1,,False,C1,False,False
ee579eb42919ad9d52ab26b2,13,train,0.65,13/20,3.0,1.8571176252186705,1.8571176252186705,0.5,C1,True,True,C1,True,False
401a0ed735789866d509e198,13,train,0.65,13/20,1.0,0.6190392084062235,0.6190392084062235,-0.375,C2,False,True,C2,False,False
026ef9c7d3f173e9e60787a5,13,train,0.65,13/20,1.0,0.6190392084062235,0.6190392084062235,-0.375,C2,False,True,C2,False,False
4ebae64fc0b6b743caf9c01b,13,train,0.65,13/20,-1.0,-0.6190392084062235,-0.6190392084062235,-0.875,C2,True,True,C2,True,False
2efc205379b46ec2587cb130,13,train,0.65,13/20,1.0,0.6190392084062235,0.6190392084062235,-0.875,C2,False,True,C2,False,False
918539d2b8a03af71fcb5c71,13,train,0.65,13/20,-1.0,-0.6190392084062235,-0.6190392084062235,-1.5,C2,True,True,C2,True,False
bfacb857d53e49fca8a38fdb,13,train,0.65,13/20,-1.0,-0.6190392084062235,-0.6190392084062235,-1.375,C2,True,True,C2,True,False
aab132839a129087bc9b6a9a,13,train,0.65,13/20,-3.0,-1.8571176252186705,-1.8571176252186705,-2.125,C2,True,True,C2,True,False
45f56f8a28c4feabad135fee,14,train,0.65,13/20,-1.0,-0.6190392084062235,-0.6190392084062235,-0.875,C2,True,True,C2,True,False
67a86be4c734e914c41c0be3,14,train,0.65,13/20,-3.0,-1.8571176252186705,-1.8571176252186705,-0.5,C2,True,True,C2,True,False
1111520c793d13d8a0aac28d,14,train,0.65,13/20,1.0,0.6190392084062235,0.6190392084062235,-0.125,C2,False,True,C2,False,False
fe831fe7635172df7f0638b9,14,train,0.65,13/20,-1.0,-0.6190392084062235,-0.6190392084062235,-0.125,C1,False,True,C2,True,True
8e1359ee013bd0937107bb7b,14,train,0.65,13/20,1.0,0.6190392084062235,0.6190392084062235,0.625,C1,True,True,C1,True,False
1a19a6c5548047bcaf7a40a6,14,train,0.65,13/20,-1.0,-0.6190392084062235,-0.6190392084062235,0.5,C1,False,True,C1,False,False
2cb1f63fb0a3f6329b92ef3d,14,train,0.65,13/20,3.0,1.8571176252186705,1.8571176252186705,1.125,C1,True,True,C1,True,False
fb43f7953fc238bd8feba7ec,14,train,0.65,13/20,1.0,0.6190392084062235,0.6190392084062235,1.375,C1,True,True,C1,True,False
e152b45430b0012e41f75fa6,15,train,0.65,13/20,-1.0,-0.6190392084062235,-0.6190392084062235,-1.0,C2,True,True,C2,True,False
c4ee8f3a4c34587c5ee3967c,15,train,0.65,13/20,-1.0,-0.6190392084062235,-0.6190392084062235,-0.875,C2,True,True,C2,True,False
318da7451df8ff1102eaaf1f,15,train,0.65,13/20,1.0,0.6190392084062235,0.6190392084062235,-0.5,C2,False,True,C2,False,False
13b40b9f4bac32e4d4dc386a,15,train,0.65,13/20,1.0,0.6190392084062235,0.6190392084062235,-0.5,C2,False,True,C2,False,False
330671e2f951a0bc47982421,15,train,0.65,13/20,-1.0,-0.6190392084062235,-0.6190392084062235,-0.5,C2,True,True,C2,True,False
61d4da87f330f1db7493973d,15,train,0.65,13/20,-1.0,-0.6190392084062235,-0.6190392084062235,-0.25,C2,True,True,C2,True,False
ec19fbbab1309b7273ae51ce,15,train,0.65,13/20,1.0,0.6190392084062235,0.6190392084062235,0.0,C1,True,True,TIE,False,True
40940e8efa63bd61c58ac5d9,15,train,0.65,13/20,1.0,0.6190392084062235,0.6190392084062235,0.375,C1,True,True,C1,True,False
84c6b046122e9288e470fd33,16,train,0.65,13/20,-1.0,-0.6190392084062235,-0.6190392084062235,-1.875,C2,True,True,C2,True,False
a55b6228426c942454f706f4,16,train,0.65,13/20,-3.0,-1.8571176252186705,-1.8571176252186705,-1.25,C2,True,True,C2,True,False
f68433b2866da3fc819c19ff,16,train,0.65,13/20,1.0,0.6190392084062235,0.6190392084062235,-1.125,C2,False,True,C2,False,False
7e99d70789e23165b5ea9ba9,16,train,0.65,13/20,-1.0,-0.6190392084062235,-0.6190392084062235,-0.625,C2,True,True,C2,True,False
8fc9c30a80444b9c3781870d,16,train,0.65,13/20,1.0,0.6190392084062235,0.6190392084062235,-0.125,C1,True,True,C2,False,True
954b06800c65bb074044b133,16,train,0.65,13/20,-1.0,-0.6190392084062235,-0.6190392084062235,0.25,C1,False,True,C1,False,False
3e6c382f5a79d7c508db5c88,16,train,0.65,13/20,3.0,1.8571176252186705,1.8571176252186705,0.625,C1,True,True,C1,True,False
46a8b6563d3e4c9cd287829d,16,train,0.65,13/20,1.0,0.6190392084062235,0.6190392084062235,1.0,C1,True,True,C1,True,False
635669f2283d7a7cc9825e5e,17,train,0.65,13/20,1.0,0.6190392084062235,0.6190392084062235,0.0,C1,True,True,TIE,False,True
fdf417d6f8e459fa3d66a6a1,17,train,0.65,13/20,1.0,0.6190392084062235,0.6190392084062235,0.25,C1,True,True,C1,True,False
8d3d364ae058eb8f67a1c7b1,17,train,0.65,13/20,1.0,0.6190392084062235,0.6190392084062235,-0.25,C2,False,True,C2,False,False
49449eab2ef9e06d4d961869,17,train,0.65,13/20,1.0,0.6190392084062235,0.6190392084062235,0.125,C1,True,True,C1,True,False
5b4b7879d63822858ac9ef35,17,train,0.65,13/20,-1.0,-0.6190392084062235,-0.6190392084062235,-0.75,C2,True,True,C2,True,False
9fabc24ebd070479808dff7e,17,train,0.65,13/20,-1.0,-0.6190392084062235,-0.6190392084062235,-0.375,C2,True,True,C2,True,False
f0db0f9a13619fb594fb4d50,17,train,0.65,13/20,-1.0,-0.6190392084062235,-0.6190392084062235,-0.5,C2,True,True,C2,True,False
40295b890a15075eeab12397,17,train,0.65,13/20,-1.0,-0.6190392084062235,-0.6190392084062235,-0.125,C2,True,True,C2,True,False
d82800a934ad17cc32ba2e73,18,train,0.65,13/20,0.0,0.0,0.0,-0.375,C2,,False,C2,False,False
5ffa75e1e28ddb73374c89a3,18,train,0.65,13/20,-2.0,-1.238078416812447,-1.238078416812447,-0.375,C2,True,True,C2,True,False
0cd0227fe881cf1d9bf3c7d9,18,train,0.65,13/20,2.0,1.238078416812447,1.238078416812447,0.125,C1,True,True,C1,True,False
776601c9f2b66a65fd6823b4,18,train,0.65,13/20,0.0,0.0,0.0,-0.5,C2,,False,C2,False,False
bee2e87d436ace2576cc0d1c,18,train,0.65,13/20,0.0,0.0,0.0,-0.5,C2,,False,C2,False,False
9e1f85e3294ae1bb4a70937f,18,train,0.65,13/20,-2.0,-1.238078416812447,-1.238078416812447,-0.625,C2,True,True,C2,True,False
a990ffacd5fed8ea188cb0da,18,train,0.65,13/20,2.0,1.238078416812447,1.238078416812447,0.5,C1,True,True,C1,True,False
639062ae379ce6b062949e5e,18,train,0.65,13/20,0.0,0.0,0.0,0.25,C1,,False,C1,False,False
a15e39e2ce4bbaefa6f72185,19,train,0.65,13/20,-2.0,-1.238078416812447,-1.238078416812447,-1.375,C2,True,True,C2,True,False
d23135c75100382533ef0819,19,train,0.65,13/20,0.0,0.0,0.0,-0.5,C2,,False,C2,False,False
73d19506fa9ae3ca538aff1e,19,train,0.65,13/20,-2.0,-1.238078416812447,-1.238078416812447,-1.125,C2,True,True,C2,True,False
ec09fbf716aca5fc8c954f2d,19,train,0.65,13/20,0.0,0.0,0.0,0.25,C1,,False,C1,False,False
4f24008c5cd7a41e19bb5da5,19,train,0.65,13/20,0.0,0.0,0.0,0.125,C1,,False,C1,False,False
dad73956fd8e4b04f313963d,19,train,0.65,13/20,2.0,1.238078416812447,1.238078416812447,0.75,C1,True,True,C1,True,False
fe1bf2e3890aec19d4049b9a,19,train,0.65,13/20,0.0,0.0,0.0,0.0,C1,,False,TIE,False,True
2fc6cab455aa5cd9c433f520,19,train,0.65,13/20,2.0,1.238078416812447,1.238078416812447,1.625,C1,True,True,C1,True,False
d36cc363d23c0554812b4aef,20,train,0.65,13/20,0.0,0.0,0.0,-0.875,C2,,False,C2,False,False
0bab54b9b0267aa2b6b96d99,20,train,0.65,13/20,0.0,0.0,0.0,-0.875,C2,,False,C2,False,False
38f1b2a74742341652d2c4c7,20,train,0.65,13/20,0.0,0.0,0.0,-1.0,C2,,False,C2,False,False
e18948f81961ccc390bc4987,20,train,0.65,13/20,0.0,0.0,0.0,-0.625,C2,,False,C2,False,False
3b91d9f197a8192b7c4de628,20,train,0.65,13/20,0.0,0.0,0.0,-0.75,C2,,False,C2,False,False
324cd96e2bfec5e0896ead50,20,train,0.65,13/20,0.0,0.0,0.0,-0.625,C2,,False,C2,False,False
b644c94018f300556725b8b1,20,train,0.65,13/20,0.0,0.0,0.0,-0.875,C2,,False,C2,False,False
7624881fc20c25638750b5d0,20,train,0.65,13/20,0.0,0.0,0.0,-0.375,C2,,False,C2,False,False
0b21c45864a18b9a3cf56214,21,train,0.65,13/20,0.0,0.0,0.0,-0.875,C2,,False,C2,False,False
780136c5929de5258c99588a,21,train,0.65,13/20,0.0,0.0,0.0,-0.875,C2,,False,C2,False,False
80a258600fd5e7e7309bf0d4,21,train,0.65,13/20,0.0,0.0,0.0,-0.625,C2,,False,C2,False,False
1b22a96e9035b1a5ed13673f,21,train,0.65,13/20,0.0,0.0,0.0,-0.5,C2,,False,C2,False,False
0931a5f5800a34858aa624d9,21,train,0.65,13/20,0.0,0.0,0.0,-0.625,C2,,False,C2,False,False
a36b1fa6856aad6efdbd4237,21,train,0.65,13/20,0.0,0.0,0.0,-0.5,C2,,False,C2,False,False
c66e9cb6651c7b825adfdd2c,21,train,0.65,13/20,0.0,0.0,0.0,-0.5,C2,,False,C2,False,False
dd61dac9e84930f8b6c80414,21,train,0.65,13/20,0.0,0.0,0.0,-0.25,C2,,False,C2,False,False
8684291d81717f6812fc8f1c,22,train,0.65,13/20,0.0,0.0,0.0,-0.75,C2,,False,C2,False,False
b1f1421537c70f0299cef1f2,22,train,0.65,13/20,0.0,0.0,0.0,-0.625,C2,,False,C2,False,False
0a237f4e9c1e7332970b4588,22,train,0.65,13/20,0.0,0.0,0.0,-0.75,C2,,False,C2,False,False
21892055e32fe5fef371b762,22,train,0.65,13/20,0.0,0.0,0.0,-0.5,C2,,False,C2,False,False
3db8e9976d81d79e20f56906,22,train,0.65,13/20,0.0,0.0,0.0,-0.625,C2,,False,C2,False,False
b85b4cb2d8af022ebf7d48d8,22,train,0.65,13/20,0.0,0.0,0.0,-0.375,C2,,False,C2,False,False
b429635c566f07899004b7b7,22,train,0.65,13/20,0.0,0.0,0.0,-0.625,C2,,False,C2,False,False
4edd4b029cce7aaf5507fff0,22,train,0.65,13/20,0.0,0.0,0.0,0.0,C1,,False,TIE,False,True
bef3cb83c7c44af7ecee589d,23,train,0.65,13/20,-2.0,-1.238078416812447,-1.238078416812447,-1.5,C2,True,True,C2,True,False
e4d15e9fa86ee4601b23d812,23,train,0.65,13/20,-2.0,-1.238078416812447,-1.238078416812447,-0.625,C2,True,True,C2,True,False
c7f3e38000844f68d18ef518,23,train,0.65,13/20,0.0,0.0,0.0,-0.5,C2,,False,C2,False,False
77149916dc47155b2fe7472f,23,train,0.65,13/20,0.0,0.0,0.0,0.25,C1,,False,C1,False,False
9da063221d97fa6a564032f3,23,train,0.65,13/20,0.0,0.0,0.0,0.125,C1,,False,C1,False,False
abc9e653d5b5be5b30b7ab3f,23,train,0.65,13/20,0.0,0.0,0.0,0.5,C1,,False,C1,False,False
84cb863aafb5024d964cd549,23,train,0.65,13/20,2.0,1.238078416812447,1.238078416812447,1.125,C1,True,True,C1,True,False
bd86d720083cb166252a5f82,23,train,0.65,13/20,2.0,1.238078416812447,1.238078416812447,1.875,C1,True,True,C1,True,False
574bec083ac9d00a9e90a0ed,24,train,0.65,13/20,0.0,0.0,0.0,0.25,C1,,False,C1,False,False
69f6681989af48fea63f6711,24,train,0.65,13/20,2.0,1.238078416812447,1.238078416812447,0.125,C1,True,True,C1,True,False
5973665452ce8f8bc67508ae,24,train,0.65,13/20,0.0,0.0,0.0,0.25,C1,,False,C1,False,False
e3a233c9deb7f4ece5329748,24,train,0.65,13/20,2.0,1.238078416812447,1.238078416812447,0.25,C1,True,True,C1,True,False
d3a19ce9a7e5ee6856429533,24,train,0.65,13/20,-2.0,-1.238078416812447,-1.238078416812447,-1.0,C2,True,True,C2,True,False
e3af6f8649000945c49e902a,24,train,0.65,13/20,0.0,0.0,0.0,-0.875,C2,,False,C2,False,False
62c83aaca6d557e8e16caea5,24,train,0.65,13/20,-2.0,-1.238078416812447,-1.238078416812447,-0.75,C2,True,True,C2,True,False
49fed5792c8e951afabdc4b7,24,train,0.65,13/20,0.0,0.0,0.0,-0.25,C2,,False,C2,False,False
088b9961316eb08fff6c045b,25,train,0.65,13/20,2.0,1.238078416812447,1.238078416812447,0.25,C1,True,True,C1,True,False
cf3e600dad245daaef23bc60,25,train,0.65,13/20,2.0,1.238078416812447,1.238078416812447,-0.125,C2,False,True,C2,False,False
7c2d7d6a3abb044538eda2a0,25,train,0.65,13/20,0.0,0.0,0.0,-0.625,C2,,False,C2,False,False
76e5535a64411edafcf4253e,25,train,0.65,13/20,0.0,0.0,0.0,-0.5,C2,,False,C2,False,False
50ea28928058480b359d698b,25,train,0.65,13/20,0.0,0.0,0.0,-1.0,C2,,False,C2,False,False
cb2240ba6438ea56a0b04f74,25,train,0.65,13/20,0.0,0.0,0.0,-1.0,C2,,False,C2,False,False
e5e3c6fca62a750feb1afad0,25,train,0.65,13/20,-2.0,-1.238078416812447,-1.238078416812447,-1.375,C2,True,True,C2,True,False
2b20ca1b287522a54457b833,25,train,0.65,13/20,-2.0,-1.238078416812447,-1.238078416812447,-1.5,C2,True,True,C2,True,False
b52f42dad84eade32d8546f0,26,train,0.65,13/20,-1.0,-0.6190392084062235,-0.6190392084062235,-1.25,C2,True,True,C2,True,False
ec139212923648e61ca2577f,26,train,0.65,13/20,-1.0,-0.6190392084062235,-0.6190392084062235,-0.75,C2,True,True,C2,True,False
8d2e093c95e2a1458f060403,26,train,0.65,13/20,1.0,0.6190392084062235,0.6190392084062235,-0.5,C2,False,True,C2,False,False
12b9c1fffaed5fb07ec6efba,26,train,0.65,13/20,1.0,0.6190392084062235,0.6190392084062235,-0.5,C2,False,True,C2,False,False
96711e27265acf9f236a355d,26,train,0.65,13/20,-1.0,-0.6190392084062235,-0.6190392084062235,-0.75,C2,True,True,C2,True,False
a7caa57c01abe6ddfff79d86,26,train,0.65,13/20,-1.0,-0.6190392084062235,-0.6190392084062235,-0.5,C2,True,True,C2,True,False
03afe9bde3193edfc4b0a988,26,train,0.65,13/20,1.0,0.6190392084062235,0.6190392084062235,-0.125,C1,True,True,C2,False,True
c7ddb8b380685e2f48630d84,26,train,0.65,13/20,1.0,0.6190392084062235,0.6190392084062235,0.25,C1,True,True,C1,True,False
7ba8cb68719dc23ecea92b01,27,train,0.65,13/20,0.0,0.0,0.0,-0.75,C2,,False,C2,False,False
1a8947afeeae63d170790101,27,train,0.65,13/20,2.0,1.238078416812447,1.238078416812447,-0.375,C2,False,True,C2,False,False
8aa481f96ff9f1a711227c68,27,train,0.65,13/20,-2.0,-1.238078416812447,-1.238078416812447,-1.0,C2,True,True,C2,True,False
b0c82d98cdef26649bace851,27,train,0.65,13/20,0.0,0.0,0.0,-0.375,C2,,False,C2,False,False
54a8f9fcb7e715e116818951,27,train,0.65,13/20,0.0,0.0,0.0,-0.625,C2,,False,C2,False,False
37b5d9890f20782a7f351ce0,27,train,0.65,13/20,2.0,1.238078416812447,1.238078416812447,-0.125,C2,False,True,C2,False,False
e1b541ee1bbc9cd430f08374,27,train,0.65,13/20,-2.0,-1.238078416812447,-1.238078416812447,-1.0,C2,True,True,C2,True,False
c523178798bce2d937674007,27,train,0.65,13/20,0.0,0.0,0.0,-0.125,C2,,False,C2,False,False
ef36e5842fb64980b74c912f,28,train,0.65,13/20,0.0,0.0,0.0,-0.625,C2,,False,C2,False,False
4c194604d71619d5bf14ca49,28,train,0.65,13/20,0.0,0.0,0.0,-0.625,C2,,False,C2,False,False
60b2491fe67597afcf934617,28,train,0.65,13/20,-2.0,-1.238078416812447,-1.238078416812447,-1.0,C2,True,True,C2,True,False
0aed3eb54e7f47870814e8f7,28,train,0.65,13/20,-2.0,-1.238078416812447,-1.238078416812447,-0.625,C2,True,True,C2,True,False
3da76c58b2ac8c576eb574e0,28,train,0.65,13/20,2.0,1.238078416812447,1.238078416812447,-0.125,C2,False,True,C2,False,False
7161b90d175b53952847f243,28,train,0.65,13/20,2.0,1.238078416812447,1.238078416812447,-0.25,C2,False,True,C2,False,False
68b2cae176128eb3345905d4,28,train,0.65,13/20,0.0,0.0,0.0,-0.625,C2,,False,C2,False,False
06eb0ccecee67f5cf1d2261a,28,train,0.65,13/20,0.0,0.0,0.0,-0.125,C2,,False,C2,False,False
0e0b3bdf7706b5c6ca9ba218,29,train,0.65,13/20,-1.0,-0.6190392084062235,-0.6190392084062235,-1.25,C2,True,True,C2,True,False
5a8e46c8b161eb8dd63ae291,29,train,0.65,13/20,-1.0,-0.6190392084062235,-0.6190392084062235,-1.0,C2,True,True,C2,True,False
e37ecc2a565f6c4b5716adba,29,train,0.65,13/20,-1.0,-0.6190392084062235,-0.6190392084062235,-1.125,C2,True,True,C2,True,False
456d4349f5fc19311d9708c5,29,train,0.65,13/20,-1.0,-0.6190392084062235,-0.6190392084062235,-0.5,C2,True,True,C2,True,False
eb319e27689156908f67ddca,29,train,0.65,13/20,1.0,0.6190392084062235,0.6190392084062235,-0.125,C2,False,True,C2,False,False
68ccb9aec800a415a3a13ee9,29,train,0.65,13/20,1.0,0.6190392084062235,0.6190392084062235,0.0,C2,False,True,TIE,False,True
575385cbc2f4c363d312a070,29,train,0.65,13/20,1.0,0.6190392084062235,0.6190392084062235,-0.375,C2,False,True,C2,False,False
3155813f9a8734d71b54e78c,29,train,0.65,13/20,1.0,0.6190392084062235,0.6190392084062235,0.25,C1,True,True,C1,True,False
bc0a0e394fbf9d9ed2089a87,30,train,0.65,13/20,3.0,1.8571176252186705,1.8571176252186705,0.5,C1,True,True,C1,True,False
9c4f28a70bfd6b78e2eb152d,30,train,0.65,13/20,1.0,0.6190392084062235,0.6190392084062235,0.0,C1,True,True,TIE,False,True
f290df9f1ddd2060f6b5dc23,30,train,0.65,13/20,1.0,0.6190392084062235,0.6190392084062235,-0.625,C2,False,True,C2,False,False
a5a030fd673fbc17e43080b6,30,train,0.65,13/20,-1.0,-0.6190392084062235,-0.6190392084062235,-0.625,C2,True,True,C2,True,False
1c9d28d080a01b78896a4177,30,train,0.65,13/20,1.0,0.6190392084062235,0.6190392084062235,-0.75,C2,False,True,C2,False,False
51896132baae856d2db8eab7,30,train,0.65,13/20,-1.0,-0.6190392084062235,-0.6190392084062235,-1.25,C2,True,True,C2,True,False
15a332b1681bf36d058136ca,30,train,0.65,13/20,-1.0,-0.6190392084062235,-0.6190392084062235,-1.75,C2,True,True,C2,True,False
8687b47b8cea247cbd47ddcf,30,train,0.65,13/20,-3.0,-1.8571176252186705,-1.8571176252186705,-2.0,C2,True,True,C2,True,False
f0ce1caf3e7f656c7cde48dd,31,train,0.65,13/20,-1.0,-0.6190392084062235,-0.6190392084062235,-1.625,C2,True,True,C2,True,False
58a5716a9bb2fb7b1f2c9309,31,train,0.65,13/20,1.0,0.6190392084062235,0.6190392084062235,-0.75,C2,False,True,C2,False,False
f9fc7c5c52d61f583ab35fb0,31,train,0.65,13/20,-1.0,-0.6190392084062235,-0.6190392084062235,-1.375,C2,True,True,C2,True,False
90c2f8f6fd855a75d655c5af,31,train,0.65,13/20,1.0,0.6190392084062235,0.6190392084062235,0.25,C1,True,True,C1,True,False
b584ef4497a077ed8c52f4ab,31,train,0.65,13/20,-1.0,-0.6190392084062235,-0.6190392084062235,-0.125,C1,False,True,C2,True,True
ad58106a8f346beab8c59ca4,31,train,0.65,13/20,1.0,0.6190392084062235,0.6190392084062235,0.5,C1,True,True,C1,True,False
74c895791e5188e039a5db9f,31,train,0.65,13/20,-1.0,-0.6190392084062235,-0.6190392084062235,-0.375,C2,True,True,C2,True,False
c3f0e3f183245754989863a2,31,train,0.65,13/20,1.0,0.6190392084062235,0.6190392084062235,1.25,C1,True,True,C1,True,False
256adc29dec9d090050d9f9d,32,train,0.65,13/20,-1.0,-0.6190392084062235,-0.6190392084062235,-1.0,C2,True,True,C2,True,False
d95676811e87d3377b3b5a3b,32,train,0.65,13/20,1.0,0.6190392084062235,0.6190392084062235,-0.5,C2,False,True,C2,False,False
89a1fe4d47fa9bc4af5fe963,32,train,0.65,13/20,-1.0,-0.6190392084062235,-0.6190392084062235,-1.0,C2,True,True,C2,True,False
4e653c5ecf06f16ea4d03d54,32,train,0.65,13/20,1.0,0.6190392084062235,0.6190392084062235,-0.25,C2,False,True,C2,False,False
b1f91dd9162a254c6ef83960,32,train,0.65,13/20,-1.0,-0.6190392084062235,-0.6190392084062235,-0.5,C2,True,True,C2,True,False
b82f58ff45245b3383b4864b,32,train,0.65,13/20,1.0,0.6190392084062235,0.6190392084062235,-0.125,C2,False,True,C2,False,False
85b7b220da69d64dc92a6ce9,32,train,0.65,13/20,-1.0,-0.6190392084062235,-0.6190392084062235,-0.5,C2,True,True,C2,True,False
563abc03cb50e2e24b0c8cba,32,train,0.65,13/20,1.0,0.6190392084062235,0.6190392084062235,0.5,C1,True,True,C1,True,False
357fa4ce3ef48247a8e08e3b,33,train,0.65,13/20,-3.0,-1.8571176252186705,-1.8571176252186705,-1.375,C2,True,True,C2,True,False
923111a2dec3b63cf901c175,33,train,0.65,13/20,-1.0,-0.6190392084062235,-0.6190392084062235,-0.75,C2,True,True,C2,True,False
975510dc52101cc626b68147,33,train,0.65,13/20,-1.0,-0.6190392084062235,-0.6190392084062235,-0.5,C2,True,True,C2,True,False
5e4fffdda142f6b575d12e29,33,train,0.65,13/20,1.0,0.6190392084062235,0.6190392084062235,0.125,C1,True,True,C1,True,False
795fa60a587022b5df22be77,33,train,0.65,13/20,-1.0,-0.6190392084062235,-0.6190392084062235,0.25,C1,False,True,C1,False,False
0becaae38c5e81c196f78c73,33,train,0.65,13/20,1.0,0.6190392084062235,0.6190392084062235,0.75,C1,True,True,C1,True,False
9410dc2e5e3502ed731008cf,33,train,0.65,13/20,1.0,0.6190392084062235,0.6190392084062235,0.875,C1,True,True,C1,True,False
242ebbcdb07cbee799e2cf12,33,train,0.65,13/20,3.0,1.8571176252186705,1.8571176252186705,1.625,C1,True,True,C1,True,False
18f6b25967077a22f89215c8,34,train,0.65,13/20,1.0,0.6190392084062235,0.6190392084062235,0.375,C1,True,True,C1,True,False
fb3286fdf91a2fa6cf55a02e,34,train,0.65,13/20,1.0,0.6190392084062235,0.6190392084062235,0.25,C1,True,True,C1,True,False
4a2d777f9a5f50bfa51896db,34,train,0.65,13/20,1.0,0.6190392084062235,0.6190392084062235,0.375,C1,True,True,C1,True,False
7f46733767318483800d7ed3,34,train,0.65,13/20,1.0,0.6190392084062235,0.6190392084062235,0.375,C1,True,True,C1,True,False
a940e6f5ec16b4072c3cd71d,34,train,0.65,13/20,-1.0,-0.6190392084062235,-0.6190392084062235,-0.75,C2,True,True,C2,True,False
9fbc4b1539c04da00283c2aa,34,train,0.65,13/20,-1.0,-0.6190392084062235,-0.6190392084062235,-0.625,C2,True,True,C2,True,False
64f5aa5b6a8d174ab632c461,34,train,0.65,13/20,-1.0,-0.6190392084062235,-0.6190392084062235,-0.625,C2,True,True,C2,True,False
3ea0b7e6122727a5f1ff43ea,34,train,0.65,13/20,-1.0,-0.6190392084062235,-0.6190392084062235,-0.125,C2,True,True,C2,True,False
2442e54642d81cf9438ad86c,35,train,0.65,13/20,0.0,0.0,0.0,-0.875,C2,,False,C2,False,False
5f858f998bedf1abe0f70aca,35,train,0.65,13/20,0.0,0.0,0.0,-0.625,C2,,False,C2,False,False
885c92ad9f30195d0554ee4b,35,train,0.65,13/20,0.0,0.0,0.0,-0.875,C2,,False,C2,False,False
587a44925844574b47454d58,35,train,0.65,13/20,0.0,0.0,0.0,-0.5,C2,,False,C2,False,False
012d60a34b615b3dbff1be92,35,train,0.65,13/20,0.0,0.0,0.0,-0.625,C2,,False,C2,False,False
1f7090fa3d1219b064db0b43,35,train,0.65,13/20,0.0,0.0,0.0,-0.375,C2,,False,C2,False,False
202b75f69628de41070e3c4b,35,train,0.65,13/20,0.0,0.0,0.0,-0.5,C2,,False,C2,False,False
fcfd5bb9b32f5225e3a8ba15,35,train,0.65,13/20,0.0,0.0,0.0,0.0,C2,,False,TIE,False,True
a81a19221c9704a2bf78475e,36,train,0.65,13/20,-1.0,-0.6190392084062235,-0.6190392084062235,-1.375,C2,True,True,C2,True,False
e2bbc3f64c5c4b20e43e6b9e,36,train,0.65,13/20,-1.0,-0.6190392084062235,-0.6190392084062235,-1.125,C2,True,True,C2,True,False
78662ea87f6325e0c99dc1ed,36,train,0.65,13/20,1.0,0.6190392084062235,0.6190392084062235,-0.875,C2,False,True,C2,False,False
af9a766ec3cb2c4ac90e98ab,36,train,0.65,13/20,1.0,0.6190392084062235,0.6190392084062235,-0.75,C2,False,True,C2,False,False
6ce78d110c573ed310244e08,36,train,0.65,13/20,-1.0,-0.6190392084062235,-0.6190392084062235,-1.125,C2,True,True,C2,True,False
2afcda78ec9e3155781b3c54,36,train,0.65,13/20,-1.0,-0.6190392084062235,-0.6190392084062235,-0.75,C2,True,True,C2,True,False
429542b731bf166aa3055801,36,train,0.65,13/20,1.0,0.6190392084062235,0.6190392084062235,-0.375,C2,False,True,C2,False,False
fe857fcf05f3ac72455eb92f,36,train,0.65,13/20,1.0,0.6190392084062235,0.6190392084062235,-0.125,C2,False,True,C2,False,False
d4066f06c491dd09c981eafa,37,train,0.65,13/20,0.0,0.0,0.0,-0.625,C2,,False,C2,False,False
46d826d1f8ac6d425924951b,37,train,0.65,13/20,0.0,0.0,0.0,-0.625,C2,,False,C2,False,False
72205e337b7915d05c1f5a95,37,train,0.65,13/20,0.0,0.0,0.0,-0.625,C2,,False,C2,False,False
cceb955f980422a933b1279a,37,train,0.65,13/20,0.0,0.0,0.0,-0.25,C2,,False,C2,False,False
bcd1d3896c1ff151ec746748,37,train,0.65,13/20,0.0,0.0,0.0,-0.625,C2,,False,C2,False,False
b6e6644dc0ec575bddb18a30,37,train,0.65,13/20,0.0,0.0,0.0,-0.625,C2,,False,C2,False,False
f99226c8fb4781dd99a479d2,37,train,0.65,13/20,0.0,0.0,0.0,-0.75,C2,,False,C2,False,False
3f7922ca9784fcb49d68c07c,37,train,0.65,13/20,0.0,0.0,0.0,-0.25,C2,,False,C2,False,False
2b645a8b36a43c22481b9d54,38,train,0.65,13/20,1.0,0.6190392084062235,0.6190392084062235,-0.25,C2,False,True,C2,False,False
a6771d3523cc643b536be5d4,38,train,0.65,13/20,-1.0,-0.6190392084062235,-0.6190392084062235,-0.375,C2,True,True,C2,True,False
df9a8b64b6c28c916ba5b650,38,train,0.65,13/20,-1.0,-0.6190392084062235,-0.6190392084062235,-1.25,C2,True,True,C2,True,False
53db32588587ab80d10d1797,38,train,0.65,13/20,-3.0,-1.8571176252186705,-1.8571176252186705,-0.875,C2,True,True,C2,True,False
7fedec9cac75fcb82a69b507,38,train,0.65,13/20,3.0,1.8571176252186705,1.8571176252186705,0.25,C1,True,True,C1,True,False
3134c85bc8821774813c7607,38,train,0.65,13/20,1.0,0.6190392084062235,0.6190392084062235,-0.125,C2,False,True,C2,False,False
f71de5cb34d5749aaacd6742,38,train,0.65,13/20,1.0,0.6190392084062235,0.6190392084062235,-0.75,C2,False,True,C2,False,False
58eda85c8a6d571b665a0178,38,train,0.65,13/20,-1.0,-0.6190392084062235,-0.6190392084062235,-0.625,C2,True,True,C2,True,False
82bca0062c605396df917db1,39,train,0.65,13/20,0.0,0.0,0.0,-0.625,C2,,False,C2,False,False
155c723f7d4458b4d46f0aab,39,train,0.65,13/20,0.0,0.0,0.0,-0.25,C2,,False,C2,False,False
050d0b29f08e64feaba24bb5,39,train,0.65,13/20,0.0,0.0,0.0,-0.625,C2,,False,C2,False,False
ed41b30bdf47ca180b58f0af,39,train,0.65,13/20,0.0,0.0,0.0,-0.375,C2,,False,C2,False,False
fdcdfafdf23490f9a06c84ac,39,train,0.65,13/20,0.0,0.0,0.0,-0.5,C2,,False,C2,False,False
555fd15cc4c6f1a2591d6098,39,train,0.65,13/20,0.0,0.0,0.0,-0.25,C2,,False,C2,False,False
41fab68b13f7e2263973b6e7,39,train,0.65,13/20,0.0,0.0,0.0,-0.5,C2,,False,C2,False,False
36ceb0ce3db5c8d88a18bcd6,39,train,0.65,13/20,0.0,0.0,0.0,0.125,C1,,False,C1,False,False
edcd694e9541e79cc8af252a,40,train,0.65,13/20,2.0,1.238078416812447,1.238078416812447,0.75,C1,True,True,C1,True,False
d67920e31288ecd7ca11730c,40,train,0.65,13/20,0.0,0.0,0.0,0.25,C1,,False,C1,False,False
181e30e083d9092f4bdecbd1,40,train,0.65,13/20,2.0,1.238078416812447,1.238078416812447,0.375,C1,True,True,C1,True,False
f729397dd8533acec557da7f,40,train,0.65,13/20,0.0,0.0,0.0,-0.125,C2,,False,C2,False,False
f9b0d06c15540d5b1cce2105,40,train,0.65,13/20,0.0,0.0,0.0,-0.875,C2,,False,C2,False,False
74c0ab0e6515677538848c4d,40,train,0.65,13/20,-2.0,-1.238078416812447,-1.238078416812447,-0.875,C2,True,True,C2,True,False
bdced4fbbf41abb6f260bcba,40,train,0.65,13/20,0.0,0.0,0.0,-0.875,C2,,False,C2,False,False
51b9dba48b2e8c418fc23b17,40,train,0.65,13/20,-2.0,-1.238078416812447,-1.238078416812447,-1.0,C2,True,True,C2,True,False
0a96716ab0f337fea32a71c9,41,train,0.65,13/20,0.0,0.0,0.0,-1.375,C2,,False,C2,False,False
b34821be39c39b7822be1ee6,41,train,0.65,13/20,-2.0,-1.238078416812447,-1.238078416812447,-1.25,C2,True,True,C2,True,False
f664aa83d7546083dcc3eb66,41,train,0.65,13/20,0.0,0.0,0.0,-1.25,C2,,False,C2,False,False
9af85c2d27bc2590b2bcf06d,41,train,0.65,13/20,-2.0,-1.238078416812447,-1.238078416812447,-1.125,C2,True,True,C2,True,False
e80797b1b86f54a4b965429a,41,train,0.65,13/20,2.0,1.238078416812447,1.238078416812447,-0.375,C2,False,True,C2,False,False
e8e096e0fd5e126a049ff8f4,41,train,0.65,13/20,0.0,0.0,0.0,-0.5,C2,,False,C2,False,False
538a3d53d2358b21fa9f9187,41,train,0.65,13/20,2.0,1.238078416812447,1.238078416812447,-0.5,C2,False,True,C2,False,False
f3dedf321a6c39c92225d9bf,41,train,0.65,13/20,0.0,0.0,0.0,-0.375,C2,,False,C2,False,False
86d0cedbdaab96ff423058b4,42,train,0.65,13/20,-1.0,-0.6190392084062235,-0.6190392084062235,-1.0,C2,True,True,C2,True,False
493e93520c857a7a9ee78178,42,train,0.65,13/20,-1.0,-0.6190392084062235,-0.6190392084062235,-0.625,C2,True,True,C2,True,False
4744a8fff9a33f512f37b57d,42,train,0.65,13/20,1.0,0.6190392084062235,0.6190392084062235,-0.375,C2,False,True,C2,False,False
dcf1a9cab26a306623524475,42,train,0.65,13/20,1.0,0.6190392084062235,0.6190392084062235,-0.125,C2,False,True,C2,False,False
a5e3f0126ba7c88b499f7b89,42,train,0.65,13/20,-1.0,-0.6190392084062235,-0.6190392084062235,-0.75,C2,True,True,C2,True,False
299a65f68a924732b1eced2f,42,train,0.65,13/20,-1.0,-0.6190392084062235,-0.6190392084062235,-0.5,C2,True,True,C2,True,False
fba3d29856ba07e78b93d792,42,train,0.65,13/20,1.0,0.6190392084062235,0.6190392084062235,-0.125,C2,False,True,C2,False,False
38fec5de79d2e65f1af2de72,42,train,0.65,13/20,1.0,0.6190392084062235,0.6190392084062235,0.375,C1,True,True,C1,True,False
326677dfab13df8eac27d604,43,train,0.65,13/20,0.0,0.0,0.0,-1.375,C2,,False,C2,False,False
251455d784e961d87795e720,43,train,0.65,13/20,-2.0,-1.238078416812447,-1.238078416812447,-1.0,C2,True,True,C2,True,False
1795424179f849bcb5ada7a8,43,train,0.65,13/20,0.0,0.0,0.0,-0.625,C2,,False,C2,False,False
3c9d40c53667518547b0dfc0,43,train,0.65,13/20,-2.0,-1.238078416812447,-1.238078416812447,-0.375,C2,True,True,C2,True,False
3bf4ff8e8f737b60919a38c6,43,train,0.65,13/20,2.0,1.238078416812447,1.238078416812447,0.125,C1,True,True,C1,True,False
c4fdfbeb196c62a47e3b89b8,43,train,0.65,13/20,0.0,0.0,0.0,0.125,C1,,False,C1,False,False
0b326978f994dbae9129138d,43,train,0.65,13/20,2.0,1.238078416812447,1.238078416812447,0.375,C1,True,True,C1,True,False
4b3636e9cb9ad4dfcf4b8b5e,43,train,0.65,13/20,0.0,0.0,0.0,0.625,C1,,False,C1,False,False
062ad2ed19c1aec4eb34f821,44,train,0.65,13/20,-1.0,-0.6190392084062235,-0.6190392084062235,-1.625,C2,True,True,C2,True,False
536ae36d99a0adf2ecce3ec9,44,train,0.65,13/20,-1.0,-0.6190392084062235,-0.6190392084062235,-1.125,C2,True,True,C2,True,False
0afe562f8cab4ce1f4928b37,44,train,0.65,13/20,-1.0,-0.6190392084062235,-0.6190392084062235,-1.25,C2,True,True,C2,True,False
95c05a75be51269ac895855c,44,train,0.65,13/20,-1.0,-0.6190392084062235,-0.6190392084062235,-0.5,C2,True,True,C2,True,False
b7c54eab320d4f628e3ce30a,44,train,0.65,13/20,1.0,0.6190392084062235,0.6190392084062235,0.125,C1,True,True,C1,True,False
eae0b90ee54496fedd4b0210,44,train,0.65,13/20,1.0,0.6190392084062235,0.6190392084062235,0.25,C1,True,True,C1,True,False
36d3fbb4e4d134bfb889891e,44,train,0.65,13/20,1.0,0.6190392084062235,0.6190392084062235,0.125,C1,True,True,C1,True,False
2db327193ed65846f2b0b350,44,train,0.65,13/20,1.0,0.6190392084062235,0.6190392084062235,0.875,C1,True,True,C1,True,False
9633bbe87f63a28ae9a81347,45,train,0.65,13/20,0.0,0.0,0.0,-1.125,C2,,False,C2,False,False
4bea0fa2185bfb54725f8776,45,train,0.65,13/20,0.0,0.0,0.0,-0.75,C2,,False,C2,False,False
8075b9b11a70445743fb1f38,45,train,0.65,13/20,0.0,0.0,0.0,-0.625,C2,,False,C2,False,False
afa3f345435f7458f27c2dfe,45,train,0.65,13/20,0.0,0.0,0.0,-0.375,C2,,False,C2,False,False
d1bb0585c3d68f473a28dd25,45,train,0.65,13/20,0.0,0.0,0.0,-0.5,C2,,False,C2,False,False
33666702ef0c557ff8e49339,45,train,0.65,13/20,0.0,0.0,0.0,-0.375,C2,,False,C2,False,False
346f2ce2aa5d877511fe821a,45,train,0.65,13/20,0.0,0.0,0.0,-0.375,C2,,False,C2,False,False
bb1206a8ecde85b6eb159429,45,train,0.65,13/20,0.0,0.0,0.0,0.125,C1,,False,C1,False,False
886494a424ef7f5d0c747e3a,46,train,0.65,13/20,-2.0,-1.238078416812447,-1.238078416812447,-1.75,C2,True,True,C2,True,False
c9a92abafe34870ab436c085,46,train,0.65,13/20,-2.0,-1.238078416812447,-1.238078416812447,-1.375,C2,True,True,C2,True,False
eb6c2fe126a6d6ad259d9eee,46,train,0.65,13/20,0.0,0.0,0.0,-0.875,C2,,False,C2,False,False
2bbd8d78008b61d0224e5411,46,train,0.65,13/20,0.0,0.0,0.0,-0.375,C2,,False,C2,False,False
3d9eddecfd80696caa086f86,46,train,0.65,13/20,0.0,0.0,0.0,-0.125,C2,,False,C2,False,False
28112b593d938ca99ebfbf56,46,train,0.65,13/20,0.0,0.0,0.0,0.0,C1,,False,TIE,False,True
9e84dc3117f7caa6a34455fc,46,train,0.65,13/20,2.0,1.238078416812447,1.238078416812447,0.5,C1,True,True,C1,True,False
557ceb30577620bfa0e62ba1,46,train,0.65,13/20,2.0,1.238078416812447,1.238078416812447,1.25,C1,True,True,C1,True,False
dcb9c7ae4ceef0c1034f8734,47,train,0.65,13/20,1.0,0.6190392084062235,0.6190392084062235,-0.125,C2,False,True,C2,False,False
c88ef06741ab8ad467f98920,47,train,0.65,13/20,1.0,0.6190392084062235,0.6190392084062235,-0.25,C2,False,True,C2,False,False
e1ef9e2f6cb46efd4b7ddb61,47,train,0.65,13/20,-1.0,-0.6190392084062235,-0.6190392084062235,-0.625,C2,True,True,C2,True,False
bdc1377f5bbaa3c9ce7c384e,47,train,0.65,13/20,-1.0,-0.6190392084062235,-0.6190392084062235,-0.375,C2,True,True,C2,True,False
33a73abc1bb56b0cbb4c04b2,47,train,0.65,13/20,1.0,0.6190392084062235,0.6190392084062235,0.0,C1,True,True,TIE,False,True
133d24123aa32bd9c766d39e,47,train,0.65,13/20,1.0,0.6190392084062235,0.6190392084062235,-0.375,C2,False,True,C2,False,False
9a0c6e95494057832ec0917b,47,train,0.65,13/20,-1.0,-0.6190392084062235,-0.6190392084062235,-0.875,C2,True,True,C2,True,False
6889a1bb33d00871d5a618a5,47,train,0.65,13/20,-1.0,-0.6190392084062235,-0.6190392084062235,-0.375,C2,True,True,C2,True,False
6870f8315c27f13eb0ddd9e7,48,train,0.65,13/20,0.0,0.0,0.0,-0.125,C2,,False,C2,False,False
d70e9f6d7c7009a0e6e257cb,48,train,0.65,13/20,0.0,0.0,0.0,0.125,C1,,False,C1,False,False
8265d9418250f1c3d29b435d,48,train,0.65,13/20,-2.0,-1.238078416812447,-1.238078416812447,-1.125,C2,True,True,C2,True,False
7bfeab7fe5feddabbed10a81,48,train,0.65,13/20,-2.0,-1.238078416812447,-1.238078416812447,-0.125,C1,False,True,C2,True,True
1e97accfce19e35cf331df66,48,train,0.65,13/20,2.0,1.238078416812447,1.238078416812447,0.375,C1,True,True,C1,True,False
4cc11ec44042c3261cf4c613,48,train,0.65,13/20,2.0,1.238078416812447,1.238078416812447,0.25,C1,True,True,C1,True,False
ac2c9f148bf5114e868444be,48,train,0.65,13/20,0.0,0.0,0.0,-0.5,C2,,False,C2,False,False
9ecfa0e10f65093d44bf6e90,48,train,0.65,13/20,0.0,0.0,0.0,0.625,C1,,False,C1,False,False
ddc648812ac5fece1b7b4e87,49,train,0.65,13/20,0.0,0.0,0.0,-1.375,C2,,False,C2,False,False
bbb3cef644271b7349b953f9,49,train,0.65,13/20,0.0,0.0,0.0,-1.0,C2,,False,C2,False,False
c33cba5de81843592df26652,49,train,0.65,13/20,-2.0,-1.238078416812447,-1.238078416812447,-1.375,C2,True,True,C2,True,False
6d81f66c23a2741eec7aff90,49,train,0.65,13/20,-2.0,-1.238078416812447,-1.238078416812447,-0.625,C2,True,True,C2,True,False
043716cfe9242bef9a7d0d0e,49,train,0.65,13/20,2.0,1.238078416812447,1.238078416812447,0.0,C1,True,True,TIE,False,True
c28ce7c2b62f92ebf41bb3fe,49,train,0.65,13/20,2.0,1.238078416812447,1.238078416812447,-0.125,C2,False,True,C2,False,False
c1384d8dd72fb7837d23fbc1,49,train,0.65,13/20,0.0,0.0,0.0,-0.125,C2,,False,C2,False,False
820b28cc1f1916abd8a45aa8,49,train,0.65,13/20,0.0,0.0,0.0,0.25,C1,,False,C1,False,False
ebe34fe1fd96fcebd34d6954,50,train,0.65,13/20,1.0,0.6190392084062235,0.6190392084062235,0.75,C1,True,True,C1,True,False
713b25da457518d2f93c5c3c,50,train,0.65,13/20,-1.0,-0.6190392084062235,-0.6190392084062235,0.375,C1,False,True,C1,False,False
c73fcc3c5f61ab0723f3d93e,50,train,0.65,13/20,3.0,1.8571176252186705,1.8571176252186705,1.5,C1,True,True,C1,True,False
b448b78c6dd8b2193792e570,50,train,0.65,13/20,1.0,0.6190392084062235,0.6190392084062235,0.5,C1,True,True,C1,True,False
66c705d1304c7cdabf6e84c2,50,train,0.65,13/20,-1.0,-0.6190392084062235,-0.6190392084062235,-1.25,C2,True,True,C2,True,False
3c0858c40069c6ca19c51f0c,50,train,0.65,13/20,-3.0,-1.8571176252186705,-1.8571176252186705,-1.125,C2,True,True,C2,True,False
743e8e221d0c172548e8f78a,50,train,0.65,13/20,1.0,0.6190392084062235,0.6190392084062235,0.875,C1,True,True,C1,True,False
f544d16b09a863d30e6fa52e,50,train,0.65,13/20,-1.0,-0.6190392084062235,-0.6190392084062235,0.625,C1,False,True,C1,False,False
a94afab29819683868f0e85f,51,train,0.65,13/20,-1.0,-0.6190392084062235,-0.6190392084062235,-0.375,C2,True,True,C2,True,False
4d975a05bc57c2e3fc55cfe9,51,train,0.65,13/20,1.0,0.6190392084062235,0.6190392084062235,-0.25,C2,False,True,C2,False,False
93a39ef268f92a00e8ac74ed,51,train,0.65,13/20,1.0,0.6190392084062235,0.6190392084062235,-0.125,C2,False,True,C2,False,False
4da176199563a8f8ff4409c4,51,train,0.65,13/20,3.0,1.8571176252186705,1.8571176252186705,0.125,C1,True,True,C1,True,False
6c4c227d42a2fe2df6a1208b,51,train,0.65,13/20,-3.0,-1.8571176252186705,-1.8571176252186705,-1.25,C2,True,True,C2,True,False
4e6d1f5f53c25e92064e7385,51,train,0.65,13/20,-1.0,-0.6190392084062235,-0.6190392084062235,-0.625,C2,True,True,C2,True,False
bee0313a015b2593371bf7a0,51,train,0.65,13/20,-1.0,-0.6190392084062235,-0.6190392084062235,-0.625,C2,True,True,C2,True,False
a6572d342be7917818b3c57f,51,train,0.65,13/20,1.0,0.6190392084062235,0.6190392084062235,0.125,C1,True,True,C1,True,False
81a3a75160582f30cc6c3f7b,52,train,0.65,13/20,-1.0,-0.6190392084062235,-0.6190392084062235,-1.0,C2,True,True,C2,True,False
8a05ef7fc2960f9f262910d5,52,train,0.65,13/20,1.0,0.6190392084062235,0.6190392084062235,-0.625,C2,False,True,C2,False,False
4cc8e182e31fd11dfd535d00,52,train,0.65,13/20,-1.0,-0.6190392084062235,-0.6190392084062235,-0.875,C2,True,True,C2,True,False
4fac07b52df6bcafe1f1bb13,52,train,0.65,13/20,1.0,0.6190392084062235,0.6190392084062235,-0.375,C2,False,True,C2,False,False
8ac181d64695000513843061,52,train,0.65,13/20,-1.0,-0.6190392084062235,-0.6190392084062235,-0.75,C2,True,True,C2,True,False
5801b008cf96a78eecd44234,52,train,0.65,13/20,1.0,0.6190392084062235,0.6190392084062235,-0.375,C2,False,True,C2,False,False
270d700824d224527bd641c6,52,train,0.65,13/20,-1.0,-0.6190392084062235,-0.6190392084062235,-0.625,C2,True,True,C2,True,False
b83d70dfdaa2e03da021c53c,52,train,0.65,13/20,1.0,0.6190392084062235,0.6190392084062235,0.0,C1,True,True,TIE,False,True
037768368cf0d62e1eb6341d,53,train,0.65,13/20,1.0,0.6190392084062235,0.6190392084062235,-0.875,C2,False,True,C2,False,False
239700790a46bdc542c6805a,53,train,0.65,13/20,-1.0,-0.6190392084062235,-0.6190392084062235,-0.875,C2,True,True,C2,True,False
014b1148d845afee814be661,53,train,0.65,13/20,1.0,0.6190392084062235,0.6190392084062235,-0.5,C2,False,True,C2,False,False
9d18ce01117bf000e2655f1f,53,train,0.65,13/20,-1.0,-0.6190392084062235,-0.6190392084062235,-0.625,C2,True,True,C2,True,False
4a5d74b7235afc0ce1f98791,53,train,0.65,13/20,1.0,0.6190392084062235,0.6190392084062235,-0.5,C2,False,True,C2,False,False
5c544f1b467538cf751d2b9e,53,train,0.65,13/20,-1.0,-0.6190392084062235,-0.6190392084062235,-0.75,C2,True,True,C2,True,False
9dbc8bbdf66366bc6dc17f63,53,train,0.65,13/20,1.0,0.6190392084062235,0.6190392084062235,-0.375,C2,False,True,C2,False,False
e203d7d20c60fbe67e1cf52f,53,train,0.65,13/20,-1.0,-0.6190392084062235,-0.6190392084062235,-0.75,C2,True,True,C2,True,False
b2685f4fe79313aab74ebe8b,54,train,0.65,13/20,2.0,1.238078416812447,1.238078416812447,0.375,C1,True,True,C1,True,False
9d5419a4905cfe3a879a0c9a,54,train,0.65,13/20,2.0,1.238078416812447,1.238078416812447,0.0,C1,True,True,TIE,False,True
9b9191724ac00e60bbf77ede,54,train,0.65,13/20,0.0,0.0,0.0,-0.75,C2,,False,C2,False,False
fd85ddbcf5abf1cfc0fcd9da,54,train,0.65,13/20,0.0,0.0,0.0,-0.625,C2,,False,C2,False,False
33ce669b249a7975691b45a4,54,train,0.65,13/20,0.0,0.0,0.0,-0.75,C2,,False,C2,False,False
6a01aa30e71297baf5e97970,54,train,0.65,13/20,0.0,0.0,0.0,-1.0,C2,,False,C2,False,False
ebfdfb69a9bf719436fcea25,54,train,0.65,13/20,-2.0,-1.238078416812447,-1.238078416812447,-1.625,C2,True,True,C2,True,False
d2890f207292a6f367d07a14,54,train,0.65,13/20,-2.0,-1.238078416812447,-1.238078416812447,-1.625,C2,True,True,C2,True,False
57d560d37f06ebb4852475ac,55,train,0.65,13/20,2.0,1.238078416812447,1.238078416812447,0.625,C1,True,True,C1,True,False
cea8eacec574dc834a4fb793,55,train,0.65,13/20,0.0,0.0,0.0,0.375,C1,,False,C1,False,False
c6c11b5ab8b199cbedc4ee97,55,train,0.65,13/20,2.0,1.238078416812447,1.238078416812447,0.5,C1,True,True,C1,True,False
02d4e91100d7904ce1362a70,55,train,0.65,13/20,0.0,0.0,0.0,0.125,C1,,False,C1,False,False
70d15bd87f6adcc487f5e159,55,train,0.65,13/20,0.0,0.0,0.0,-0.375,C2,,False,C2,False,False
820f683858865cd78b50c8d4,55,train,0.65,13/20,-2.0,-1.238078416812447,-1.238078416812447,-0.5,C2,True,True,C2,True,False
68262cd56a785763e157a91d,55,train,0.65,13/20,0.0,0.0,0.0,-0.5,C2,,False,C2,False,False
5ed9ec713d1bdb9651e4df28,55,train,0.65,13/20,-2.0,-1.238078416812447,-1.238078416812447,-0.375,C2,True,True,C2,True,False
56f91b7d8116bde2f93a5298,56,train,0.65,13/20,2.0,1.238078416812447,1.238078416812447,-0.25,C2,False,True,C2,False,False
1b99164e64dfbfd2d6a43ec4,56,train,0.65,13/20,0.0,0.0,0.0,-0.375,C2,,False,C2,False,False
ed7167621bb3ab85de644329,56,train,0.65,13/20,0.0,0.0,0.0,-0.875,C2,,False,C2,False,False
1290b1596066cf267798df12,56,train,0.65,13/20,-2.0,-1.238078416812447,-1.238078416812447,-0.75,C2,True,True,C2,True,False
5ff5185844fc5b9cc43974c7,56,train,0.65,13/20,2.0,1.238078416812447,1.238078416812447,-0.25,C2,False,True,C2,False,False
3e46bfe25ad50c9869a12680,56,train,0.65,13/20,0.0,0.0,0.0,-0.875,C2,,False,C2,False,False
f77c83f5ca96e6bdd805717a,56,train,0.65,13/20,0.0,0.0,0.0,-1.125,C2,,False,C2,False,False
24253c280f0ed49f3ebdaf61,56,train,0.65,13/20,-2.0,-1.238078416812447,-1.238078416812447,-1.25,C2,True,True,C2,True,False
8eaf70ceeedddcb06074c434,57,train,0.65,13/20,-1.0,-0.6190392084062235,-0.6190392084062235,-1.5,C2,True,True,C2,True,False
19cf5004488b88209646b8b1,57,train,0.65,13/20,-1.0,-0.6190392084062235,-0.6190392084062235,-1.25,C2,True,True,C2,True,False
f04d834ab8aa92b482513b82,57,train,0.65,13/20,-1.0,-0.6190392084062235,-0.6190392084062235,-1.125,C2,True,True,C2,True,False
0ba331a98d279d2ff04b5f1a,57,train,0.65,13/20,-1.0,-0.6190392084062235,-0.6190392084062235,-0.75,C2,True,True,C2,True,False
0bba19f2a9d750df73d25f7f,57,train,0.65,13/20,1.0,0.6190392084062235,0.6190392084062235,-0.25,C2,False,True,C2,False,False
3018fc2d42c5e9f42345b58e,57,train,0.65,13/20,1.0,0.6190392084062235,0.6190392084062235,-0.375,C2,False,True,C2,False,False
c7f51a9cd04444a6e075f9e0,57,train,0.65,13/20,1.0,0.6190392084062235,0.6190392084062235,-0.25,C2,False,True,C2,False,False
bed06f4e6615f6533b31e3dc,57,train,0.65,13/20,1.0,0.6190392084062235,0.6190392084062235,0.25,C1,True,True,C1,True,False
35c816be3828306242f765d4,58,train,0.65,13/20,-2.0,-1.238078416812447,-1.238078416812447,-1.875,C2,True,True,C2,True,False
a1b0758b67925fbd2e7106d0,58,train,0.65,13/20,-2.0,-1.238078416812447,-1.238078416812447,-1.375,C2,True,True,C2,True,False
a52c5ba8f3eb96f72d660658,58,train,0.65,13/20,0.0,0.0,0.0,-1.125,C2,,False,C2,False,False
cfd04fada2c94ee3be229bb4,58,train,0.65,13/20,0.0,0.0,0.0,-0.625,C2,,False,C2,False,False
b6a16afd2980f1298064afc9,58,train,0.65,13/20,0.0,0.0,0.0,-0.875,C2,,False,C2,False,False
a1652e57d7a6e6ae8080788d,58,train,0.65,13/20,0.0,0.0,0.0,-0.5,C2,,False,C2,False,False
924a43cc2eee22faade932a6,58,train,0.65,13/20,2.0,1.238078416812447,1.238078416812447,-0.125,C1,True,True,C2,False,True
f7b6c41d0aec752d9bc5fdff,58,train,0.65,13/20,2.0,1.238078416812447,1.238078416812447,0.75,C1,True,True,C1,True,False
084f534587ca970cb20561bc,59,train,0.65,13/20,0.0,0.0,0.0,-1.375,C2,,False,C2,False,False
ce7eead5409c08eee7d729da,59,train,0.65,13/20,-2.0,-1.238078416812447,-1.238078416812447,-1.375,C2,True,True,C2,True,False
045a751d84a1fa3cf85d021f,59,train,0.65,13/20,0.0,0.0,0.0,-1.125,C2,,False,C2,False,False
3665156b9f37f44ce0a41eb2,59,train,0.65,13/20,-2.0,-1.238078416812447,-1.238078416812447,-1.0,C2,True,True,C2,True,False
5f61f153356e203431a91dcb,59,train,0.65,13/20,2.0,1.238078416812447,1.238078416812447,-0.125,C1,True,True,C2,False,True
fd11f92f8c8f253f52f4a6f0,59,train,0.65,13/20,0.0,0.0,0.0,-0.25,C2,,False,C2,False,False
ea845d42b76dcb1d154e3668,59,train,0.65,13/20,2.0,1.238078416812447,1.238078416812447,0.25,C1,True,True,C1,True,False
9621dab01282f984e30beee5,59,train,0.65,13/20,0.0,0.0,0.0,0.5,C1,,False,C1,False,False
bb56903e40c63c9e1d14f7b8,60,train,0.65,13/20,-1.0,-0.6190392084062235,-0.6190392084062235,-0.875,C2,True,True,C2,True,False
d7e87e7f67202a9ce2bd4f48,60,train,0.65,13/20,-1.0,-0.6190392084062235,-0.6190392084062235,-0.375,C2,True,True,C2,True,False
af13a37857b60943dba55d35,60,train,0.65,13/20,1.0,0.6190392084062235,0.6190392084062235,-0.25,C2,False,True,C2,False,False
3adb4ac7e8396d8dc07d0a60,60,train,0.65,13/20,1.0,0.6190392084062235,0.6190392084062235,0.25,C1,True,True,C1,True,False
75b757cc14319fdda4d71e8e,60,train,0.65,13/20,-1.0,-0.6190392084062235,-0.6190392084062235,-0.125,C2,True,True,C2,True,False
120f2d8b28a7da348ea5145a,60,train,0.65,13/20,-1.0,-0.6190392084062235,-0.6190392084062235,0.375,C1,False,True,C1,False,False
9e3e5087233b92f16d731dc3,60,train,0.65,13/20,1.0,0.6190392084062235,0.6190392084062235,0.625,C1,True,True,C1,True,False
d73d9d08deec2ad461421935,60,train,0.65,13/20,1.0,0.6190392084062235,0.6190392084062235,1.125,C1,True,True,C1,True,False
34e56d2a892156a729782419,61,train,0.65,13/20,1.0,0.6190392084062235,0.6190392084062235,-0.125,C2,False,True,C2,False,False
5186fbb2580b5c60ebbc57da,61,train,0.65,13/20,-1.0,-0.6190392084062235,-0.6190392084062235,-0.5,C2,True,True,C2,True,False
cdf0deb22225411eb9390b42,61,train,0.65,13/20,1.0,0.6190392084062235,0.6190392084062235,-0.375,C2,False,True,C2,False,False
7474b68b46e7139be80aa4f4,61,train,0.65,13/20,-1.0,-0.6190392084062235,-0.6190392084062235,-0.625,C2,True,True,C2,True,False
69fb255ab21517b4a2af16ca,61,train,0.65,13/20,1.0,0.6190392084062235,0.6190392084062235,-0.125,C2,False,True,C2,False,False
e507034b826f5d4901a07979,61,train,0.65,13/20,-1.0,-0.6190392084062235,-0.6190392084062235,-0.5,C2,True,True,C2,True,False
2a8c722ba0c0dc30f96c47c8,61,train,0.65,13/20,1.0,0.6190392084062235,0.6190392084062235,-0.125,C2,False,True,C2,False,False
feb5daa4a73358a274722662,61,train,0.65,13/20,-1.0,-0.6190392084062235,-0.6190392084062235,-0.375,C2,True,True,C2,True,False
a9915e83b3caf1a6325dd0eb,62,train,0.65,13/20,-2.0,-1.238078416812447,-1.238078416812447,-1.0,C2,True,True,C2,True,False
86ad8212f46a9a97ff5c72d8,62,train,0.65,13/20,0.0,0.0,0.0,-0.25,C2,,False,C2,False,False
80914eee1469dd56a7eca5a6,62,train,0.65,13/20,0.0,0.0,0.0,0.125,C1,,False,C1,False,False
2ce134b6001737408afd43f5,62,train,0.65,13/20,2.0,1.238078416812447,1.238078416812447,0.5,C1,True,True,C1,True,False
fd0eef835e74dbe8723601bc,62,train,0.65,13/20,-2.0,-1.238078416812447,-1.238078416812447,0.125,C1,False,True,C1,False,False
fcf65249b5f0eb982019a8d2,62,train,0.65,13/20,0.0,0.0,0.0,0.625,C1,,False,C1,False,False
f4112838167e16f1c3f9515d,62,train,0.65,13/20,0.0,0.0,0.0,0.875,C1,,False,C1,False,False
684e0096304898f7ff9f0422,62,train,0.65,13/20,2.0,1.238078416812447,1.238078416812447,1.625,C1,True,True,C1,True,False
1cd763bd5dd5834bd7f2f068,63,train,0.65,13/20,0.0,0.0,0.0,-0.5,C2,,False,C2,False,False
98f927f44cf87ede84a946cf,63,train,0.65,13/20,-2.0,-1.238078416812447,-1.238078416812447,-0.5,C2,True,True,C2,True,False
271010c88a57a5223de759db,63,train,0.65,13/20,2.0,1.238078416812447,1.238078416812447,-0.5,C2,False,True,C2,False,False
d87681ab5dd6240b34e458ab,63,train,0.65,13/20,0.0,0.0,0.0,-0.625,C2,,False,C2,False,False
4a2c4850db761145b641d4b2,63,train,0.65,13/20,0.0,0.0,0.0,-0.5,C2,,False,C2,False,False
4b9571e2b0a3f3fef9cacbe5,63,train,0.65,13/20,-2.0,-1.238078416812447,-1.238078416812447,-0.375,C2,True,True,C2,True,False
1cebb30717cf5c2248be7b57,63,train,0.65,13/20,2.0,1.238078416812447,1.238078416812447,-0.125,C2,False,True,C2,False,False
e4339c3758651da164b2dd24,63,train,0.65,13/20,0.0,0.0,0.0,0.0,C2,,False,TIE,False,True
624aace20f7a58781c6055da,0,test,0.75,3/4,2.0,2.1972245773362196,2.1972245773362196,0.375,C1,True,True,C1,True,False
90f05c6203af18533dbab98d,0,test,0.75,3/4,0.0,0.0,0.0,0.0,C1,,False,TIE,False,True
3e67f2e318f4e07893e0fc12,0,test,0.75,3/4,2.0,2.1972245773362196,2.1972245773362196,0.125,C1,True,True,C1,True,False
d26d867e347ccff5bc4b5d24,0,test,0.75,3/4,0.0,0.0,0.0,-0.5,C2,,False,C2,False,False
1e434b1dbc96776c8285f29f,0,test,0.75,3/4,0.0,0.0,0.0,-1.0,C2,,False,C2,False,False
45ecaeeec9668bc21ef682db,0,test,0.75,3/4,-2.0,-2.1972245773362196,-2.1972245773362196,-1.0,C2,True,True,C2,True,False
845f2d7c298c24428ccce4ce,0,test,0.75,3/4,0.0,0.0,0.0,-1.125,C2,,False,C2,False,False
b19d7c5eaa3f6c550106646a,0,test,0.75,3/4,-2.0,-2.1972245773362196,-2.1972245773362196,-1.5,C2,True,True,C2,True,False
f8354f2fcd88ccb892227e9a,1,test,0.75,3/4,1.0,1.0986122886681098,1.0986122886681098,0.375,C1,True,True,C1,True,False
ee9182c0178e77eed30470ee,1,test,0.75,3/4,1.0,1.0986122886681098,1.0986122886681098,0.375,C1,True,True,C1,True,False
3237fb00f585ca60cdb7b288,1,test,0.75,3/4,1.0,1.0986122886681098,1.0986122886681098,0.5,C1,True,True,C1,True,False
a7b137f52c0829c88af375ac,1,test,0.75,3/4,1.0,1.0986122886681098,1.0986122886681098,0.625,C1,True,True,C1,True,False
9a951205f038e68c5f04ed1b,1,test,0.75,3/4,-1.0,-1.0986122886681098,-1.0986122886681098,-0.75,C2,True,True,C2,True,False
745f1d13b57169a772be8930,1,test,0.75,3/4,-1.0,-1.0986122886681098,-1.0986122886681098,-0.5,C2,True,True,C2,True,False
1959a1f938ecfd1eaa23ca38,1,test,0.75,3/4,-1.0,-1.0986122886681098,-1.0986122886681098,-0.25,C2,True,True,C2,True,False
adeffb16edca4d2bf6806b5a,1,test,0.75,3/4,-1.0,-1.0986122886681098,-1.0986122886681098,0.0,C1,False,True,TIE,False,True
70290ea6bac9f37d773a3c2d,2,test,0.75,3/4,0.0,0.0,0.0,-0.625,C2,,False,C2,False,False
cfc1e4f4579c0365d2554081,2,test,0.75,3/4,0.0,0.0,0.0,-0.5,C2,,False,C2,False,False
5dab03364edb06cdcf1827c4,2,test,0.75,3/4,0.0,0.0,0.0,-0.625,C2,,False,C2,False,False
eac8dc699716d69f5086b93c,2,test,0.75,3/4,0.0,0.0,0.0,-0.25,C2,,False,C2,False,False
e244046f4f752b5a5625f7f5,2,test,0.75,3/4,0.0,0.0,0.0,-0.25,C2,,False,C2,False,False
924894e4ec534e6ee4921c9a,2,test,0.75,3/4,0.0,0.0,0.0,-0.25,C2,,False,C2,False,False
82f1fb6728bc5da8f0d37730,2,test,0.75,3/4,0.0,0.0,0.0,-0.125,C2,,False,C2,False,False
6bee5b01592e25c00c8c575e,2,test,0.75,3/4,0.0,0.0,0.0,0.125,C1,,False,C1,False,False
31eae99300695db2a9cf3743,3,test,0.75,3/4,0.0,0.0,0.0,-0.625,C2,,False,C2,False,False
3234330b1b464e2f68a84fd5,3,test,0.75,3/4,-2.0,-2.1972245773362196,-2.1972245773362196,-0.625,C2,True,True,C2,True,False
bf7cdff397478f983724d33b,3,test,0.75,3/4,2.0,2.1972245773362196,2.1972245773362196,-0.125,C2,False,True,C2,False,False
63869172a70107f806c00d2a,3,test,0.75,3/4,0.0,0.0,0.0,-0.5,C2,,False,C2,False,False
2e25809dba6e622145c93751,3,test,0.75,3/4,0.0,0.0,0.0,-0.125,C2,,False,C2,False,False
9bcb3d9cf8508e7eae528b44,3,test,0.75,3/4,-2.0,-2.1972245773362196,-2.1972245773362196,-0.125,C2,True,True,C2,True,False
7d81af382b13c492fbece331,3,test,0.75,3/4,2.0,2.1972245773362196,2.1972245773362196,0.125,C1,True,True,C1,True,False
a8bf3f7cbab4cddb9a9bdf9c,3,test,0.75,3/4,0.0,0.0,0.0,0.125,C1,,False,C1,False,False
3ed2d0c842a884c3eb12ee6c,4,test,0.75,3/4,0.0,0.0,0.0,0.25,C1,,False,C1,False,False
3180ccbbb7c4a7de9fe99ebb,4,test,0.75,3/4,0.0,0.0,0.0,0.375,C1,,False,C1,False,False
3a234f529097dd9d3c03ecc8,4,test,0.75,3/4,2.0,2.1972245773362196,2.1972245773362196,0.75,C1,True,True,C1,True,False
418daf34967c272b14876e24,4,test,0.75,3/4,2.0,2.1972245773362196,2.1972245773362196,0.75,C1,True,True,C1,True,False
79c92286d31a162f0c96662c,4,test,0.75,3/4,-2.0,-2.1972245773362196,-2.1972245773362196,-1.25,C2,True,True,C2,True,False
34e3af1ff0014acd4a3e1613,4,test,0.75,3/4,-2.0,-2.1972245773362196,-2.1972245773362196,-0.25,C2,True,True,C2,True,False
213abd562072719bb9e0d7b9,4,test,0.75,3/4,0.0,0.0,0.0,-0.25,C2,,False,C2,False,False
71494872c07e2ce1201473e1,4,test,0.75,3/4,0.0,0.0,0.0,0.875,C1,,False,C1,False,False
3445aaff9940c6c2e63d3e16,5,train,0.75,3/4,0.0,0.0,0.0,-0.75,C2,,False,C2,False,False
e0b05ada9b1b09ede4e0df92,5,train,0.75,3/4,-2.0,-2.1972245773362196,-2.1972245773362196,-0.75,C2,True,True,C2,True,False
8ce6948f17b87f37f4e5170f,5,train,0.75,3/4,2.0,2.1972245773362196,2.1972245773362196,-0.5,C2,False,True,C2,False,False
74cf6116fc998da4410dea7c,5,train,0.75,3/4,0.0,0.0,0.0,-0.75,C2,,False,C2,False,False
b23e96a9eeaba783165f06a3,5,train,0.75,3/4,0.0,0.0,0.0,-0.5,C2,,False,C2,False,False
20a7587b2407a88cb2644e53,5,train,0.75,3/4,-2.0,-2.1972245773362196,-2.1972245773362196,-0.375,C2,True,True,C2,True,False
8189b3eedee2a79ce3f168ff,5,train,0.75,3/4,2.0,2.1972245773362196,2.1972245773362196,0.0,C2,False,True,TIE,False,True
f38992cd6d4bfb08a97f7dce,5,train,0.75,3/4,0.0,0.0,0.0,-0.125,C2,,False,C2,False,False
28f72bcb2aac7e16684a709d,6,test,0.75,3/4,-3.0,-3.295836866004329,-3.295836866004329,-2.0,C2,True,True,C2,True,False
f02e9aae9011efc4ea2abe19,6,test,0.75,3/4,-1.0,-1.0986122886681098,-1.0986122886681098,-1.0,C2,True,True,C2,True,False
ad7bebbbd52c0c78ea2476e2,6,test,0.75,3/4,-1.0,-1.0986122886681098,-1.0986122886681098,-1.0,C2,True,True,C2,True,False
ed9451227cd6cbe6ba475420,6,test,0.75,3/4,1.0,1.0986122886681098,1.0986122886681098,0.125,C1,True,True,C1,True,False
c6691b2095e311728db1fa74,6,test,0.75,3/4,-1.0,-1.0986122886681098,-1.0986122886681098,-0.375,C2,True,True,C2,True,False
3a9c60dec31f86b64df90a47,6,test,0.75,3/4,1.0,1.0986122886681098,1.0986122886681098,1.0,C1,True,True,C1,True,False
e4c7dbf718a5c94abcf88053,6,test,0.75,3/4,1.0,1.0986122886681098,1.0986122886681098,0.5,C1,True,True,C1,True,False
fc24c29bdf1e9a9baf21b91e,6,test,0.75,3/4,3.0,3.295836866004329,3.295836866004329,2.0,C1,True,True,C1,True,False
34806d23c6eec113a8f65fb3,7,train,0.75,3/4,0.0,0.0,0.0,0.0,C1,,False,TIE,False,True
e6c9482e4c44f61cfa699d6f,7,train,0.75,3/4,0.0,0.0,0.0,-0.25,C2,,False,C2,False,False
c7e94f938cb2c4a71f5bdbe4,7,train,0.75,3/4,0.0,0.0,0.0,-0.25,C2,,False,C2,False,False
d58d31a99c53c21d65745e53,7,train,0.75,3/4,0.0,0.0,0.0,-0.375,C2,,False,C2,False,False
4226f745e89b9fcbe249be79,7,train,0.75,3/4,0.0,0.0,0.0,-0.625,C2,,False,C2,False,False
6913f75cf3070e59aeb6ded8,7,train,0.75,3/4,0.0,0.0,0.0,-0.625,C2,,False,C2,False,False
9dec325c0c7c3061561224ab,7,train,0.75,3/4,0.0,0.0,0.0,-0.625,C2,,False,C2,False,False
9fd84f87639848c44b54dfc3,7,train,0.75,3/4,0.0,0.0,0.0,-0.125,C2,,False,C2,False,False
3ca55b6690240fea92d25392,8,train,0.75,3/4,-1.0,-1.0986122886681098,-1.0986122886681098,-1.625,C2,True,True,C2,True,False
dc84ad36a99e2de8d50b5802,8,train,0.75,3/4,-3.0,-3.295836866004329,-3.295836866004329,-1.625,C2,True,True,C2,True,False
f1e138388885e01cf1a580ca,8,train,0.75,3/4,1.0,1.0986122886681098,1.0986122886681098,-1.0,C2,False,True,C2,False,False
4a8e54a6fdd8405c2e1f6199,8,train,0.75,3/4,-1.0,-1.0986122886681098,-1.0986122886681098,-1.0,C2,True,True,C2,True,False
99d83c332580c9d3dac946f9,8,train,0.75,3/4,1.0,1.0986122886681098,1.0986122886681098,-0.25,C2,False,True,C2,False,False
dd020585781b40504d1df06c,8,train,0.75,3/4,-1.0,-1.0986122886681098,-1.0986122886681098,-0.375,C2,True,True,C2,True,False
5d28f14cc48d5a738658cfb9,8,train,0.75,3/4,3.0,3.295836866004329,3.295836866004329,0.375,C1,True,True,C1,True,False
bbbb3d54e85efef8f81f281b,8,train,0.75,3/4,1.0,1.0986122886681098,1.0986122886681098,0.375,C1,True,True,C1,True,False
e8a54183cabf477e02b0e5eb,9,test,0.75,3/4,1.0,1.0986122886681098,1.0986122886681098,-0.375,C2,False,True,C2,False,False
ea40ffed507ca3a6a4d94930,9,test,0.75,3/4,-1.0,-1.0986122886681098,-1.0986122886681098,-0.5,C2,True,True,C2,True,False
d94f90e1d051c3371b694ecb,9,test,0.75,3/4,1.0,1.0986122886681098,1.0986122886681098,-0.375,C2,False,True,C2,False,False
f0828a3da850c00d22305326,9,test,0.75,3/4,-1.0,-1.0986122886681098,-1.0986122886681098,-0.375,C2,True,True,C2,True,False
f53994164e59c013c17e5201,9,test,0.75,3/4,1.0,1.0986122886681098,1.0986122886681098,-0.25,C2,False,True,C2,False,False
59aa31b624fcf48648cca611,9,test,0.75,3/4,-1.0,-1.0986122886681098,-1.0986122886681098,-0.375,C2,True,True,C2,True,False
c6803ceda724a49f0630d592,9,test,0.75,3/4,1.0,1.0986122886681098,1.0986122886681098,-0.125,C2,False,True,C2,False,False
0215f9aa9e4b85e94559a94c,9,test,0.75,3/4,-1.0,-1.0986122886681098,-1.0986122886681098,-0.25,C2,True,True,C2,True,False
398fcfe51b98b4473d9291af,10,test,0.75,3/4,1.0,1.0986122886681098,1.0986122886681098,0.125,C1,True,True,C1,True,False
803018f4cdf0a66eac693e1a,10,test,0.75,3/4,-1.0,-1.0986122886681098,-1.0986122886681098,0.0,C1,False,True,TIE,False,True
4a35d07fe15268ca81a94804,10,test,0.75,3/4,1.0,1.0986122886681098,1.0986122886681098,0.0,C1,True,True,TIE,False,True
bc3e02eb3cc219ba451a91c8,10,test,0.75,3/4,-1.0,-1.0986122886681098,-1.0986122886681098,-0.25,C2,True,True,C2,True,False
18879e4eb54335428a1042fa,10,test,0.75,3/4,1.0,1.0986122886681098,1.0986122886681098,-0.25,C2,False,True,C2,False,False
bce11dabd96f5255dd37d5d4,10,test,0.75,3/4,-1.0,-1.0986122886681098,-1.0986122886681098,-0.375,C2,True,True,C2,True,False
371661561846e28c405befe6,10,test,0.75,3/4,1.0,1.0986122886681098,1.0986122886681098,-0.25,C2,False,True,C2,False,False
eb2909657e56c480d9f0b489,10,test,0.75,3/4,-1.0,-1.0986122886681098,-1.0986122886681098,-0.375,C2,True,True,C2,True,False
3714453af8c8c9f0e8b90591,11,train,0.75,3/4,0.0,0.0,0.0,-0.75,C2,,False,C2,False,False
c862e68a33abe90a1480a472,11,train,0.75,3/4,0.0,0.0,0.0,-0.5,C2,,False,C2,False,False
26bea679ddbe1ddd02f6ef13,11,train,0.75,3/4,-2.0,-2.1972245773362196,-2.1972245773362196,-1.25,C2,True,True,C2,True,False
4580425b998c5735293c90a2,11,train,0.75,3/4,-2.0,-2.1972245773362196,-2.1972245773362196,-0.25,C2,True,True,C2,True,False
9f302b0c24f5c8da9bc6b8c1,11,train,0.75,3/4,2.0,2.1972245773362196,2.1972245773362196,0.125,C1,True,True,C1,True,False
ee520d1ffcc4228f1f674d24,11,train,0.75,3/4,2.0,2.1972245773362196,2.1972245773362196,0.0,C1,True,True,TIE,False,True
97b2b830b2a2f0303c926537,11,train,0.75,3/4,0.0,0.0,0.0,-0.75,C2,,False,C2,False,False
4a65a5a73e27b751e84e71c5,11,train,0.75,3/4,0.0,0.0,0.0,0.0,C1,,False,TIE,False,True
2ab26a54c2446ad62fa9a544,12,train,0.75,3/4,0.0,0.0,0.0,-0.125,C2,,False,C2,False,False
128947eb346a5d9f1e20ce68,12,train,0.75,3/4,2.0,2.1972245773362196,2.1972245773362196,0.125,C1,True,True,C1,True,False
bf78e33431b482ef08be64fa,12,train,0.75,3/4,-2.0,-2.1972245773362196,-2.1972245773362196,-0.5,C2,True,True,C2,True,False
2a18af5f1512c49a9516809e,12,train,0.75,3/4,0.0,0.0,0.0,0.375,C1,,False,C1,False,False
d2862e8637ae21b96e7bcf1e,12,train,0.75,3/4,0.0,0.0,0.0,-0.5,C2,,False,C2,False,False
5d6a744f4d3ac70dbbae062a,12,train,0.75,3/4,2.0,2.1972245773362196,2.1972245773362196,0.125,C1,True,True,C1,True,False
ddc64ca6373375db4b829927,12,train,0.75,3/4,-2.0,-2.1972245773362196,-2.1972245773362196,-1.125,C2,True,True,C2,True,False
7a8d9d6304e80d75d9ac0109,12,train,0.75,3/4,0.0,0.0,0.0,0.25,C1,,False,C1,False,False
8884b41dc6de469695049db2,13,train,0.75,3/4,3.0,3.295836866004329,3.295836866004329,0.625,C1,True,True,C1,True,False
d772cc313991550d4ff9c602,13,train,0.75,3/4,1.0,1.0986122886681098,1.0986122886681098,-0.125,C2,False,True,C2,False,False
18f3d41933e5740104f36f0e,13,train,0.75,3/4,1.0,1.0986122886681098,1.0986122886681098,-0.125,C2,False,True,C2,False,False
228aab3bf2ff5eb6e34efacf,13,train,0.75,3/4,-1.0,-1.0986122886681098,-1.0986122886681098,-0.75,C2,True,True,C2,True,False
1ef8aa36486349a71c9b1226,13,train,0.75,3/4,1.0,1.0986122886681098,1.0986122886681098,-0.75,C2,False,True,C2,False,False
6e7f7c5026169719e03a44a0,13,train,0.75,3/4,-1.0,-1.0986122886681098,-1.0986122886681098,-1.25,C2,True,True,C2,True,False
28f098aeee32a1c63ff3bb92,13,train,0.75,3/4,-1.0,-1.0986122886681098,-1.0986122886681098,-1.125,C2,True,True,C2,True,False
36ec27cfec18f3e485f93685,13,train,0.75,3/4,-3.0,-3.295836866004329,-3.295836866004329,-1.875,C2,True,True,C2,True,False
1805d61b8612670679317da6,14,train,0.75,3/4,-1.0,-1.0986122886681098,-1.0986122886681098,-0.875,C2,True,True,C2,True,False
eaa568c42df85dbfe70377d0,14,train,0.75,3/4,-3.0,-3.295836866004329,-3.295836866004329,-0.5,C2,True,True,C2,True,False
daf37cdd3290177f4b7aad77,14,train,0.75,3/4,1.0,1.0986122886681098,1.0986122886681098,-0.25,C2,False,True,C2,False,False
3a892db4c2470cbc9d40eee1,14,train,0.75,3/4,-1.0,-1.0986122886681098,-1.0986122886681098,-0.125,C1,False,True,C2,True,True
3b0918a3beb67f8e835fcc0a,14,train,0.75,3/4,1.0,1.0986122886681098,1.0986122886681098,0.75,C1,True,True,C1,True,False
108b86425b8e11debed0d9ad,14,train,0.75,3/4,-1.0,-1.0986122886681098,-1.0986122886681098,0.625,C1,False,True,C1,False,False
ac28b568a6823f96d55cb07e,14,train,0.75,3/4,3.0,3.295836866004329,3.295836866004329,1.125,C1,True,True,C1,True,False
cb49121b2bc01ae7431e1932,14,train,0.75,3/4,1.0,1.0986122886681098,1.0986122886681098,1.375,C1,True,True,C1,True,False
ecca091b43373135fcb90efd,15,train,0.75,3/4,-1.0,-1.0986122886681098,-1.0986122886681098,-1.0,C2,True,True,C2,True,False
84a3fd043c4356e466a8fd6c,15,train,0.75,3/4,-1.0,-1.0986122886681098,-1.0986122886681098,-0.75,C2,True,True,C2,True,False
0e59ec382690b41104eb9939,15,train,0.75,3/4,1.0,1.0986122886681098,1.0986122886681098,-0.5,C2,False,True,C2,False,False
31bf937d136824fbfff36e1a,15,train,0.75,3/4,1.0,1.0986122886681098,1.0986122886681098,-0.5,C2,False,True,C2,False,False
d316a8687cff68239bd64d31,15,train,0.75,3/4,-1.0,-1.0986122886681098,-1.0986122886681098,-0.5,C2,True,True,C2,True,False
f9b7ada9fb401d5ce100e049,15,train,0.75,3/4,-1.0,-1.0986122886681098,-1.0986122886681098,-0.125,C1,False,True,C2,True,True
dde311759d12d06c83269e4d,15,train,0.75,3/4,1.0,1.0986122886681098,1.0986122886681098,0.0,C1,True,True,TIE,False,True
6acd74654385769eafeba11d,15,train,0.75,3/4,1.0,1.0986122886681098,1.0986122886681098,0.375,C1,True,True,C1,True,False
57a505713b4b3f56e051413e,16,train,0.75,3/4,-1.0,-1.0986122886681098,-1.0986122886681098,-2.0,C2,True,True,C2,True,False
27c5103d23a83247c27c58a1,16,train,0.75,3/4,-3.0,-3.295836866004329,-3.295836866004329,-1.25,C2,True,True,C2,True,False
abb5c91690d48c90ea3acddd,16,train,0.75,3/4,1.0,1.0986122886681098,1.0986122886681098,-1.125,C2,False,True,C2,False,False
3f3494fc4358c72d7b2be35f,16,train,0.75,3/4,-1.0,-1.0986122886681098,-1.0986122886681098,-0.625,C2,True,True,C2,True,False
32b138428572df74fdb5bf8a,16,train,0.75,3/4,1.0,1.0986122886681098,1.0986122886681098,0.0,C1,True,True,TIE,False,True
76364f0c48dd092d9a3595ba,16,train,0.75,3/4,-1.0,-1.0986122886681098,-1.0986122886681098,0.25,C1,False,True,C1,False,False
8e209a59184cd6608b76de82,16,train,0.75,3/4,3.0,3.295836866004329,3.295836866004329,0.625,C1,True,True,C1,True,False
98d35009d87f433dd29176be,16,train,0.75,3/4,1.0,1.0986122886681098,1.0986122886681098,1.125,C1,True,True,C1,True,False
fb9098476110733254f508ff,17,train,0.75,3/4,1.0,1.0986122886681098,1.0986122886681098,0.25,C1,True,True,C1,True,False
ac4cd4c1b70840051caa0632,17,train,0.75,3/4,1.0,1.0986122886681098,1.0986122886681098,0.5,C1,True,True,C1,True,False
3ca2fa70da12a202098fb73a,17,train,0.75,3/4,1.0,1.0986122886681098,1.0986122886681098,-0.125,C2,False,True,C2,False,False
35e160ad3208e88f7a80d7d9,17,train,0.75,3/4,1.0,1.0986122886681098,1.0986122886681098,0.25,C1,True,True,C1,True,False
830176a684dc5eee2c232514,17,train,0.75,3/4,-1.0,-1.0986122886681098,-1.0986122886681098,-0.75,C2,True,True,C2,True,False
3d075bf407e439091a58ed68,17,train,0.75,3/4,-1.0,-1.0986122886681098,-1.0986122886681098,-0.25,C2,True,True,C2,True,False
7a3e6bdd87defba073cd4e63,17,train,0.75,3/4,-1.0,-1.0986122886681098,-1.0986122886681098,-0.5,C2,True,True,C2,True,False
ae0b026fd4fac3165ffc9c46,17,train,0.75,3/4,-1.0,-1.0986122886681098,-1.0986122886681098,0.0,C1,False,True,TIE,False,True
de832f35fc97684dc0d07a48,18,train,0.75,3/4,0.0,0.0,0.0,-0.25,C2,,False,C2,False,False
6bfbc844c4d3a8968d900511,18,train,0.75,3/4,-2.0,-2.1972245773362196,-2.1972245773362196,-0.375,C2,True,True,C2,True,False
b31d8034d8b44378557c7a0f,18,train,0.75,3/4,2.0,2.1972245773362196,2.1972245773362196,0.125,C1,True,True,C1,True,False
78ebf9f17d0211694fa9e120,18,train,0.75,3/4,0.0,0.0,0.0,-0.375,C2,,False,C2,False,False
1f5fd5ac0201f3006d6dd9df,18,train,0.75,3/4,0.0,0.0,0.0,-0.375,C2,,False,C2,False,False
80b4881e21a3405f70ceb67e,18,train,0.75,3/4,-2.0,-2.1972245773362196,-2.1972245773362196,-0.625,C2,True,True,C2,True,False
df09f4a4ba273a833e6f30b8,18,train,0.75,3/4,2.0,2.1972245773362196,2.1972245773362196,0.625,C1,True,True,C1,True,False
430fc0979680c7fbee2cb036,18,train,0.75,3/4,0.0,0.0,0.0,0.375,C1,,False,C1,False,False
d3e328c4ad758ccf11949572,19,train,0.75,3/4,-2.0,-2.1972245773362196,-2.1972245773362196,-1.25,C2,True,True,C2,True,False
3e068357b562523aec0dcdb5,19,train,0.75,3/4,0.0,0.0,0.0,-0.375,C2,,False,C2,False,False
5c6c4cf65ae54dac740d86f8,19,train,0.75,3/4,-2.0,-2.1972245773362196,-2.1972245773362196,-1.0,C2,True,True,C2,True,False
c52a741d4ddccab302225bdc,19,train,0.75,3/4,0.0,0.0,0.0,0.375,C1,,False,C1,False,False
5a32d9369e82abe9cf6e9ae7,19,train,0.75,3/4,0.0,0.0,0.0,0.25,C1,,False,C1,False,False
9f3e693c6138c2b693d3e0d1,19,train,0.75,3/4,2.0,2.1972245773362196,2.1972245773362196,0.875,C1,True,True,C1,True,False
0b8c3cb1f7a634731e3cda3f,19,train,0.75,3/4,0.0,0.0,0.0,-0.125,C1,,False,C2,False,True
9c36b3276e432f5791b3c054,19,train,0.75,3/4,2.0,2.1972245773362196,2.1972245773362196,1.75,C1,True,True,C1,True,False
6f222fc38a0e6f6808023fd0,20,train,0.75,3/4,0.0,0.0,0.0,-0.875,C2,,False,C2,False,False
ec6a7008269adf8ec47e56f6,20,train,0.75,3/4,0.0,0.0,0.0,-0.75,C2,,False,C2,False,False
2d2dec3961d79b4bc77fbd90,20,train,0.75,3/4,0.0,0.0,0.0,-1.0,C2,,False,C2,False,False
73ec2376e707e91e362111c8,20,train,0.75,3/4,0.0,0.0,0.0,-0.625,C2,,False,C2,False,False
1357676ec098af15c5b7f338,20,train,0.75,3/4,0.0,0.0,0.0,-0.625,C2,,False,C2,False,False
ac645151f23f411876fd0643,20,train,0.75,3/4,0.0,0.0,0.0,-0.5,C2,,False,C2,False,False
f8c9de5eb8599ccaec07f306,20,train,0.75,3/4,0.0,0.0,0.0,-0.875,C2,,False,C2,False,False
caa0828b9aedd0a26252b119,20,train,0.75,3/4,0.0,0.0,0.0,-0.375,C2,,False,C2,False,False
cefd76031ec5059716d7c9aa,21,train,0.75,3/4,0.0,0.0,0.0,-1.0,C2,,False,C2,False,False
c0275d67f11caf6fbf79b551,21,train,0.75,3/4,0.0,0.0,0.0,-0.75,C2,,False,C2,False,False
a892f1fcbdd85e7fea095c4d,21,train,0.75,3/4,0.0,0.0,0.0,-0.5,C2,,False,C2,False,False
1d39624c6990446c41b311b9,21,train,0.75,3/4,0.0,0.0,0.0,-0.375,C2,,False,C2,False,False
4470239fb8ae703d80e61c95,21,train,0.75,3/4,0.0,0.0,0.0,-0.625,C2,,False,C2,False,False
c60afbb833d9233d8b91843c,21,train,0.75,3/4,0.0,0.0,0.0,-0.625,C2,,False,C2,False,False
770124b2d2a2364b19369191,21,train,0.75,3/4,0.0,0.0,0.0,-0.375,C2,,False,C2,False,False
2dd599f8a69906baea7ac062,21,train,0.75,3/4,0.0,0.0,0.0,-0.125,C2,,False,C2,False,False
c8326a210a5d7cccc48bc2ec,22,train,0.75,3/4,0.0,0.0,0.0,-0.625,C2,,False,C2,False,False
dd46aef0f927662213cdc7c5,22,train,0.75,3/4,0.0,0.0,0.0,-0.5,C2,,False,C2,False,False
b781ecde6d85a068fe29a9e0,22,train,0.75,3/4,0.0,0.0,0.0,-0.75,C2,,False,C2,False,False
f7fd4b622a5b44899594d0fd,22,train,0.75,3/4,0.0,0.0,0.0,-0.375,C2,,False,C2,False,False
a8b24e898bdd141fa21c01f3,22,train,0.75,3/4,0.0,0.0,0.0,-0.5,C2,,False,C2,False,False
840222568eebdf895d576994,22,train,0.75,3/4,0.0,0.0,0.0,-0.375,C2,,False,C2,False,False
691de016967c395b2c8e2f9f,22,train,0.75,3/4,0.0,0.0,0.0,-0.5,C2,,False,C2,False,False
95bd2f2f4732c8550f1659ed,22,train,0.75,3/4,0.0,0.0,0.0,0.125,C1,,False,C1,False,False
5a9387f07dd3ec9400873b2f,23,train,0.75,3/4,-2.0,-2.1972245773362196,-2.1972245773362196,-1.5,C2,True,True,C2,True,False
9e337486d1bccdfaf02d1c94,23,train,0.75,3/4,-2.0,-2.1972245773362196,-2.1972245773362196,-0.75,C2,True,True,C2,True,False
c11e490841e100a748d83ba5,23,train,0.75,3/4,0.0,0.0,0.0,-0.375,C2,,False,C2,False,False
8583eecc6787c864150577bb,23,train,0.75,3/4,0.0,0.0,0.0,0.25,C1,,False,C1,False,False
eb2c7cc1d01a4b664f436acd,23,train,0.75,3/4,0.0,0.0,0.0,0.125,C1,,False,C1,False,False
eeb2aa91d58234f08c3f5fff,23,train,0.75,3/4,0.0,0.0,0.0,0.5,C1,,False,C1,False,False
1d418306be7a48b5068fc682,23,train,0.75,3/4,2.0,2.1972245773362196,2.1972245773362196,1.25,C1,True,True,C1,True,False
0762e7a396531976c92773e0,23,train,0.75,3/4,2.0,2.1972245773362196,2.1972245773362196,1.875,C1,True,True,C1,True,False
d1ec1b8c2d47bae830adf28c,24,train,0.75,3/4,0.0,0.0,0.0,0.375,C1,,False,C1,False,False
2c43ec54fcc1812b545e403b,24,train,0.75,3/4,2.0,2.1972245773362196,2.1972245773362196,0.25,C1,True,True,C1,True,False
276ccdeec6ce336775ddd514,24,train,0.75,3/4,0.0,0.0,0.0,0.25,C1,,False,C1,False,False
71073e870bbfd493a830feaa,24,train,0.75,3/4,2.0,2.1972245773362196,2.1972245773362196,0.375,C1,True,True,C1,True,False
32366b1fae7087ad8d3233c2,24,train,0.75,3/4,-2.0,-2.1972245773362196,-2.1972245773362196,-0.875,C2,True,True,C2,True,False
1317339657298c09b9d7ff35,24,train,0.75,3/4,0.0,0.0,0.0,-0.75,C2,,False,C2,False,False
fd47a6462934b7a82d5b59ed,24,train,0.75,3/4,-2.0,-2.1972245773362196,-2.1972245773362196,-0.75,C2,True,True,C2,True,False
dd83c408d9284c68ccd6fefc,24,train,0.75,3/4,0.0,0.0,0.0,-0.125,C2,,False,C2,False,False
f9363cca29942042e5137d97,25,train,0.75,3/4,2.0,2.1972245773362196,2.1972245773362196,0.5,C1,True,True,C1,True,False
9d9b76144d80982275dfd3fc,25,train,0.75,3/4,2.0,2.1972245773362196,2.1972245773362196,0.125,C1,True,True,C1,True,False
b90c4c6ac7dc2147aa69908b,25,train,0.75,3/4,0.0,0.0,0.0,-0.375,C2,,False,C2,False,False
a45ca27d848f07e3ef12e2ae,25,train,0.75,3/4,0.0,0.0,0.0,-0.25,C2,,False,C2,False,False
4a30dda70cb98227e2de1d06,25,train,0.75,3/4,0.0,0.0,0.0,-0.75,C2,,False,C2,False,False
65c238269219cc0798186058,25,train,0.75,3/4,0.0,0.0,0.0,-0.875,C2,,False,C2,False,False
690003699bfe4bf8be584ffb,25,train,0.75,3/4,-2.0,-2.1972245773362196,-2.1972245773362196,-1.125,C2,True,True,C2,True,False
38566d4c9fedc676f073a2b6,25,train,0.75,3/4,-2.0,-2.1972245773362196,-2.1972245773362196,-1.25,C2,True,True,C2,True,False
0d7aa9aad2dbc43e6ee9274c,26,train,0.75,3/4,-1.0,-1.0986122886681098,-1.0986122886681098,-1.125,C2,True,True,C2,True,False
5ba0d0b8eaac9801e53af06d,26,train,0.75,3/4,-1.0,-1.0986122886681098,-1.0986122886681098,-0.75,C2,True,True,C2,True,False
6a2d7b500a1bb09373810ab9,26,train,0.75,3/4,1.0,1.0986122886681098,1.0986122886681098,-0.5,C2,False,True,C2,False,False
c6603f7f4783372ab92253e3,26,train,0.75,3/4,1.0,1.0986122886681098,1.0986122886681098,-0.5,C2,False,True,C2,False,False
2282a51483239cb84d00c4b4,26,train,0.75,3/4,-1.0,-1.0986122886681098,-1.0986122886681098,-0.75,C2,True,True,C2,True,False
60cfbe219833b71dd8ce0e14,26,train,0.75,3/4,-1.0,-1.0986122886681098,-1.0986122886681098,-0.5,C2,True,True,C2,True,False
f3e8f4df32dbcc9b1fb3033f,26,train,0.75,3/4,1.0,1.0986122886681098,1.0986122886681098,0.0,C2,False,True,TIE,False,True
9b8e35ed67fd389ca72483d5,26,train,0.75,3/4,1.0,1.0986122886681098,1.0986122886681098,0.375,C1,True,True,C1,True,False
578b5dc409380774f4725640,27,train,0.75,3/4,0.0,0.0,0.0,-0.75,C2,,False,C2,False,False
be90e89963699984e5544244,27,train,0.75,3/4,2.0,2.1972245773362196,2.1972245773362196,-0.375,C2,False,True,C2,False,False
d17474eb49d1c3a4e506a39f,27,train,0.75,3/4,-2.0,-2.1972245773362196,-2.1972245773362196,-1.0,C2,True,True,C2,True,False
30b30845cd50309dcb23ad23,27,train,0.75,3/4,0.0,0.0,0.0,-0.25,C2,,False,C2,False,False
3379438a4fe8eb82ecd70ae2,27,train,0.75,3/4,0.0,0.0,0.0,-0.5,C2,,False,C2,False,False
5cc88d00f9314f08dec92de6,27,train,0.75,3/4,2.0,2.1972245773362196,2.1972245773362196,0.0,C2,False,True,TIE,False,True
5dbe20e0fc591e4109adf3a2,27,train,0.75,3/4,-2.0,-2.1972245773362196,-2.1972245773362196,-1.0,C2,True,True,C2,True,False
46425232e44b8f6e876e2411,27,train,0.75,3/4,0.0,0.0,0.0,-0.125,C1,,False,C2,False,True
7efc39dea8cfcc90441c3c56,28,train,0.75,3/4,0.0,0.0,0.0,-0.625,C2,,False,C2,False,False
289243d987095cc51fce3889,28,train,0.75,3/4,0.0,0.0,0.0,-0.625,C2,,False,C2,False,False
5ec16ab8ca801714e23391b8,28,train,0.75,3/4,-2.0,-2.1972245773362196,-2.1972245773362196,-0.875,C2,True,True,C2,True,False
80907f6c5d66bf8bff2b731d,28,train,0.75,3/4,-2.0,-2.1972245773362196,-2.1972245773362196,-0.5,C2,True,True,C2,True,False
4b22619a7c50d29778d209ab,28,train,0.75,3/4,2.0,2.1972245773362196,2.1972245773362196,-0.125,C2,False,True,C2,False,False
eebbaa681b7bb3fe75207498,28,train,0.75,3/4,2.0,2.1972245773362196,2.1972245773362196,-0.25,C2,False,True,C2,False,False
46f904113bd3b179dd157017,28,train,0.75,3/4,0.0,0.0,0.0,-0.5,C2,,False,C2,False,False
cafb4a44ab2cbe4978e3e6c3,28,train,0.75,3/4,0.0,0.0,0.0,0.0,C1,,False,TIE,False,True
b59250a27571508349c8ab65,29,train,0.75,3/4,-1.0,-1.0986122886681098,-1.0986122886681098,-1.125,C2,True,True,C2,True,False
1cc0b9b53d6db7181106fea0,29,train,0.75,3/4,-1.0,-1.0986122886681098,-1.0986122886681098,-1.0,C2,True,True,C2,True,False
13860607abfb99b13768f76d,29,train,0.75,3/4,-1.0,-1.0986122886681098,-1.0986122886681098,-1.125,C2,True,True,C2,True,False
8e07913ee312b3905bf85cf4,29,train,0.75,3/4,-1.0,-1.0986122886681098,-1.0986122886681098,-0.5,C2,True,True,C2,True,False
d27b5c8eb1737e6a9f4d3d10,29,train,0.75,3/4,1.0,1.0986122886681098,1.0986122886681098,-0.125,C2,False,True,C2,False,False
5816d21df169557e9c86c636,29,train,0.75,3/4,1.0,1.0986122886681098,1.0986122886681098,0.0,C1,True,True,TIE,False,True
703e1934e2d30403e4d94800,29,train,0.75,3/4,1.0,1.0986122886681098,1.0986122886681098,-0.25,C2,False,True,C2,False,False
789b436d6c5d265368d72929,29,train,0.75,3/4,1.0,1.0986122886681098,1.0986122886681098,0.375,C1,True,True,C1,True,False
64b1cfb27415a011c1fb661f,30,train,0.75,3/4,3.0,3.295836866004329,3.295836866004329,0.75,C1,True,True,C1,True,False
69603dbe340b5b17fed6de30,30,train,0.75,3/4,1.0,1.0986122886681098,1.0986122886681098,0.25,C1,True,True,C1,True,False
64c842af720146c5458c195d,30,train,0.75,3/4,1.0,1.0986122886681098,1.0986122886681098,-0.625,C2,False,True,C2,False,False
a1532799cf43b2bffbbeea4d,30,train,0.75,3/4,-1.0,-1.0986122886681098,-1.0986122886681098,-0.375,C2,True,True,C2,True,False
634c17744a9adae92bba44eb,30,train,0.75,3/4,1.0,1.0986122886681098,1.0986122886681098,-0.625,C2,False,True,C2,False,False
83bec8d234329c77f072c114,30,train,0.75,3/4,-1.0,-1.0986122886681098,-1.0986122886681098,-1.0,C2,True,True,C2,True,False
ee528e9c68fb105972e7154c,30,train,0.75,3/4,-1.0,-1.0986122886681098,-1.0986122886681098,-1.625,C2,True,True,C2,True,False
dbb040dbde85cd931e551424,30,train,0.75,3/4,-3.0,-3.295836866004329,-3.295836866004329,-1.75,C2,True,True,C2,True,False
09075ccdd87f66b93ad0a7c1,31,train,0.75,3/4,-1.0,-1.0986122886681098,-1.0986122886681098,-1.5,C2,True,True,C2,True,False
2c6f1bef5b025bbea362771a,31,train,0.75,3/4,1.0,1.0986122886681098,1.0986122886681098,-0.75,C2,False,True,C2,False,False
a350fd1e95631d654c4f47d3,31,train,0.75,3/4,-1.0,-1.0986122886681098,-1.0986122886681098,-1.375,C2,True,True,C2,True,False
dd5064f3a40e29dff8efba54,31,train,0.75,3/4,1.0,1.0986122886681098,1.0986122886681098,0.25,C1,True,True,C1,True,False
61d6f58e7c72c9576204be5b,31,train,0.75,3/4,-1.0,-1.0986122886681098,-1.0986122886681098,-0.125,C1,False,True,C2,True,True
92977c881c001b95c0bff59d,31,train,0.75,3/4,1.0,1.0986122886681098,1.0986122886681098,0.5,C1,True,True,C1,True,False
b2caeff4fad6ecfe1be98ed9,31,train,0.75,3/4,-1.0,-1.0986122886681098,-1.0986122886681098,-0.25,C2,True,True,C2,True,False
803a239933d1574aeb82b718,31,train,0.75,3/4,1.0,1.0986122886681098,1.0986122886681098,1.375,C1,True,True,C1,True,False
fb52abc1101b0cc29bbb0d4c,32,train,0.75,3/4,-1.0,-1.0986122886681098,-1.0986122886681098,-0.75,C2,True,True,C2,True,False
94aee648f07d364ada6e96f4,32,train,0.75,3/4,1.0,1.0986122886681098,1.0986122886681098,-0.375,C2,False,True,C2,False,False
c4b769c98dde6186cf710ea6,32,train,0.75,3/4,-1.0,-1.0986122886681098,-1.0986122886681098,-0.75,C2,True,True,C2,True,False
48f8f9817a1183003dcf69b2,32,train,0.75,3/4,1.0,1.0986122886681098,1.0986122886681098,-0.25,C2,False,True,C2,False,False
c5ebbf82f5937bff4dea5eb7,32,train,0.75,3/4,-1.0,-1.0986122886681098,-1.0986122886681098,-0.5,C2,True,True,C2,True,False
f98a2b177514900c603395f9,32,train,0.75,3/4,1.0,1.0986122886681098,1.0986122886681098,-0.125,C2,False,True,C2,False,False
a0fed2a1b4995ab0ec98466c,32,train,0.75,3/4,-1.0,-1.0986122886681098,-1.0986122886681098,-0.5,C2,True,True,C2,True,False
ca074e46510b944ae0af8cc0,32,train,0.75,3/4,1.0,1.0986122886681098,1.0986122886681098,0.5,C1,True,True,C1,True,False
bbb25d2eff7e9ccdf89ea7c3,33,train,0.75,3/4,-3.0,-3.295836866004329,-3.295836866004329,-1.625,C2,True,True,C2,True,False
1279e9909cc35e1631bdb1c6,33,train,0.75,3/4,-1.0,-1.0986122886681098,-1.0986122886681098,-0.875,C2,True,True,C2,True,False
5bff81bbc43c1314c1eaaa25,33,train,0.75,3/4,-1.0,-1.0986122886681098,-1.0986122886681098,-0.5,C2,True,True,C2,True,False
bfd1afcf1348bb590a4d668a,33,train,0.75,3/4,1.0,1.0986122886681098,1.0986122886681098,0.0,C1,True,True,TIE,False,True
c28de73a1a584d8213b38a10,33,train,0.75,3/4,-1.0,-1.0986122886681098,-1.0986122886681098,0.25,C1,False,True,C1,False,False
d32bb25523920ba22be51fe4,33,train,0.75,3/4,1.0,1.0986122886681098,1.0986122886681098,0.75,C1,True,True,C1,True,False
7bb38283b0da6c2664259030,33,train,0.75,3/4,1.0,1.0986122886681098,1.0986122886681098,0.75,C1,True,True,C1,True,False
029fd18d2d4c48a101bbb6c0,33,train,0.75,3/4,3.0,3.295836866004329,3.295836866004329,1.625,C1,True,True,C1,True,False
d8c7f79d9aa32a8515089f57,34,train,0.75,3/4,1.0,1.0986122886681098,1.0986122886681098,0.25,C1,True,True,C1,True,False
4be17ff12569e11999e60f1b,34,train,0.75,3/4,1.0,1.0986122886681098,1.0986122886681098,0.25,C1,True,True,C1,True,False
c610c32e835da2e6f117947e,34,train,0.75,3/4,1.0,1.0986122886681098,1.0986122886681098,0.5,C1,True,True,C1,True,False
609926352bffe4e748a7a4da,34,train,0.75,3/4,1.0,1.0986122886681098,1.0986122886681098,0.375,C1,True,True,C1,True,False
3612fe6ad179cefd4294e9c7,34,train,0.75,3/4,-1.0,-1.0986122886681098,-1.0986122886681098,-0.75,C2,True,True,C2,True,False
411bd510631b0b4d5ee04641,34,train,0.75,3/4,-1.0,-1.0986122886681098,-1.0986122886681098,-0.625,C2,True,True,C2,True,False
2dde0317cd29d613984ba3f2,34,train,0.75,3/4,-1.0,-1.0986122886681098,-1.0986122886681098,-0.625,C2,True,True,C2,True,False
2a3d03e6b8c1fbaad6f63384,34,train,0.75,3/4,-1.0,-1.0986122886681098,-1.0986122886681098,-0.25,C2,True,True,C2,True,False
2571a569e8d20c805e7791ac,35,train,0.75,3/4,0.0,0.0,0.0,-0.875,C2,,False,C2,False,False
7714ad71a4c2116d89eca4aa,35,train,0.75,3/4,0.0,0.0,0.0,-0.625,C2,,False,C2,False,False
10636d78ea2347742a0bb76e,35,train,0.75,3/4,0.0,0.0,0.0,-0.5,C2,,False,C2,False,False
3fe5ee3e681247951397cabd,35,train,0.75,3/4,0.0,0.0,0.0,-0.25,C2,,False,C2,False,False
bb0c7b6b01da0e1693f44250,35,train,0.75,3/4,0.0,0.0,0.0,-0.5,C2,,False,C2,False,False
f05907035f7292ebc5e93d50,35,train,0.75,3/4,0.0,0.0,0.0,-0.25,C2,,False,C2,False,False
205f37f4c3f03ceff1f825c1,35,train,0.75,3/4,0.0,0.0,0.0,-0.25,C2,,False,C2,False,False
f5e2545e9b9392cbb18e6660,35,train,0.75,3/4,0.0,0.0,0.0,0.0,C1,,False,TIE,False,True
f457b695fb350997a713f69a,36,train,0.75,3/4,-1.0,-1.0986122886681098,-1.0986122886681098,-1.5,C2,True,True,C2,True,False
8c8f5eb0c83057b93ac9b437,36,train,0.75,3/4,-1.0,-1.0986122886681098,-1.0986122886681098,-1.0,C2,True,True,C2,True,False
d0cb71b0b44bb881a846d6d3,36,train,0.75,3/4,1.0,1.0986122886681098,1.0986122886681098,-0.875,C2,False,True,C2,False,False
38be4d3402134a1688135ec5,36,train,0.75,3/4,1.0,1.0986122886681098,1.0986122886681098,-0.75,C2,False,True,C2,False,False
44c74b15f4e749d14ab41108,36,train,0.75,3/4,-1.0,-1.0986122886681098,-1.0986122886681098,-1.0,C2,True,True,C2,True,False
3a0063a26a536e5e665ce10d,36,train,0.75,3/4,-1.0,-1.0986122886681098,-1.0986122886681098,-0.625,C2,True,True,C2,True,False
be539ce70991a389cd29d606,36,train,0.75,3/4,1.0,1.0986122886681098,1.0986122886681098,-0.375,C2,False,True,C2,False,False
486552aaabbfd7cf50848fd3,36,train,0.75,3/4,1.0,1.0986122886681098,1.0986122886681098,0.0,C2,False,True,TIE,False,True
69e95f437ac2a8b74b538848,37,train,0.75,3/4,0.0,0.0,0.0,-0.625,C2,,False,C2,False,False
29af220a203cb0614656dd17,37,train,0.75,3/4,0.0,0.0,0.0,-0.5,C2,,False,C2,False,False
91df1e6d4d75984711f317dd,37,train,0.75,3/4,0.0,0.0,0.0,-0.5,C2,,False,C2,False,False
f5b9ce7f931be9dab29a7228,37,train,0.75,3/4,0.0,0.0,0.0,-0.25,C2,,False,C2,False,False
e36dc18794acd04477375909,37,train,0.75,3/4,0.0,0.0,0.0,-0.5,C2,,False,C2,False,False
f0c379b9e8e4ffcd474362bd,37,train,0.75,3/4,0.0,0.0,0.0,-0.375,C2,,False,C2,False,False
65b02ac6c7386aa8ef23fa25,37,train,0.75,3/4,0.0,0.0,0.0,-0.625,C2,,False,C2,False,False
a7ec81edf796b8a842741579,37,train,0.75,3/4,0.0,0.0,0.0,-0.125,C2,,False,C2,False,False
3450479556cbbcd9fb08725c,38,train,0.75,3/4,1.0,1.0986122886681098,1.0986122886681098,-0.125,C2,False,True,C2,False,False
8db8bef5ae4c9929fc651aac,38,train,0.75,3/4,-1.0,-1.0986122886681098,-1.0986122886681098,-0.375,C2,True,True,C2,True,False
2575148bddc475c02c6dde7e,38,train,0.75,3/4,-1.0,-1.0986122886681098,-1.0986122886681098,-1.125,C2,True,True,C2,True,False
5a995e90cc90aeb139d1783b,38,train,0.75,3/4,-3.0,-3.295836866004329,-3.295836866004329,-0.875,C2,True,True,C2,True,False
e2e9b1a2c6484535e9dba843,38,train,0.75,3/4,3.0,3.295836866004329,3.295836866004329,0.375,C1,True,True,C1,True,False
ec7f07e289cf072142f4db99,38,train,0.75,3/4,1.0,1.0986122886681098,1.0986122886681098,0.0,C1,True,True,TIE,False,True
bf4b25fd0ad34ba429521ba9,38,train,0.75,3/4,1.0,1.0986122886681098,1.0986122886681098,-0.875,C2,False,True,C2,False,False
5cfdd34897ac201e03e0da28,38,train,0.75,3/4,-1.0,-1.0986122886681098,-1.0986122886681098,-0.625,C2,True,True,C2,True,False
906033f473948d4b61561934,39,train,0.75,3/4,0.0,0.0,0.0,-0.5,C2,,False,C2,False,False
3443722952928d939f4b8829,39,train,0.75,3/4,0.0,0.0,0.0,-0.125,C2,,False,C2,False,False
f6640d559ad80ab1668570e9,39,train,0.75,3/4,0.0,0.0,0.0,-0.5,C2,,False,C2,False,False
23e841cdf0cf604a5a9ed4e6,39,train,0.75,3/4,0.0,0.0,0.0,-0.25,C2,,False,C2,False,False
75d992f74b742e458791b224,39,train,0.75,3/4,0.0,0.0,0.0,-0.375,C2,,False,C2,False,False
90d5650295a0bf6c8365c57d,39,train,0.75,3/4,0.0,0.0,0.0,-0.125,C1,,False,C2,False,True
60b844d0cd1b9fdbb0a52cdc,39,train,0.75,3/4,0.0,0.0,0.0,-0.5,C2,,False,C2,False,False
36a0eff23cb298b1ee00e64c,39,train,0.75,3/4,0.0,0.0,0.0,0.25,C1,,False,C1,False,False
ea07d640c8573115b08eca9f,40,train,0.75,3/4,2.0,2.1972245773362196,2.1972245773362196,0.875,C1,True,True,C1,True,False
cab8700db4070d8cd4b96381,40,train,0.75,3/4,0.0,0.0,0.0,0.25,C1,,False,C1,False,False
82fab44dae7e839a0291f5c2,40,train,0.75,3/4,2.0,2.1972245773362196,2.1972245773362196,0.5,C1,True,True,C1,True,False
e01cb4602486a87b6c571545,40,train,0.75,3/4,0.0,0.0,0.0,0.125,C1,,False,C1,False,False
9233c6b63da14725d731744a,40,train,0.75,3/4,0.0,0.0,0.0,-0.75,C2,,False,C2,False,False
68a72b4ebbce4243f7fc4f10,40,train,0.75,3/4,-2.0,-2.1972245773362196,-2.1972245773362196,-0.875,C2,True,True,C2,True,False
a41e4fa0d20a191a361f9a59,40,train,0.75,3/4,0.0,0.0,0.0,-0.875,C2,,False,C2,False,False
9643b2db1cbc193786779619,40,train,0.75,3/4,-2.0,-2.1972245773362196,-2.1972245773362196,-1.0,C2,True,True,C2,True,False
44094366c038e4ca514ba043,41,train,0.75,3/4,0.0,0.0,0.0,-1.375,C2,,False,C2,False,False
4a9a5249ad6812866e9b2952,41,train,0.75,3/4,-2.0,-2.1972245773362196,-2.1972245773362196,-1.25,C2,True,True,C2,True,False
5d293594dc2dfade0b8eb121,41,train,0.75,3/4,0.0,0.0,0.0,-1.125,C2,,False,C2,False,False
61d996a181d4e25727abcd25,41,train,0.75,3/4,-2.0,-2.1972245773362196,-2.1972245773362196,-1.0,C2,True,True,C2,True,False
51d5e23ec41f1a0315adb727,41,train,0.75,3/4,2.0,2.1972245773362196,2.1972245773362196,-0.25,C2,False,True,C2,False,False
77a8622df71424eeabc9b7d2,41,train,0.75,3/4,0.0,0.0,0.0,-0.625,C2,,False,C2,False,False
88a1e5b16329b46bf29321e3,41,train,0.75,3/4,2.0,2.1972245773362196,2.1972245773362196,-0.375,C2,False,True,C2,False,False
1ecb95b8f84f5fc38ad6b281,41,train,0.75,3/4,0.0,0.0,0.0,-0.375,C2,,False,C2,False,False
03c8138680923867578ba7ae,42,train,0.75,3/4,-1.0,-1.0986122886681098,-1.0986122886681098,-0.875,C2,True,True,C2,True,False
ffd75707c3c93501509abd10,42,train,0.75,3/4,-1.0,-1.0986122886681098,-1.0986122886681098,-0.625,C2,True,True,C2,True,False
f2ee148e90254ea0e7b5e3be,42,train,0.75,3/4,1.0,1.0986122886681098,1.0986122886681098,-0.5,C2,False,True,C2,False,False
2a117c4f8ad96f9d73512622,42,train,0.75,3/4,1.0,1.0986122886681098,1.0986122886681098,-0.25,C2,False,True,C2,False,False
e64bd674869ab8760c1103c9,42,train,0.75,3/4,-1.0,-1.0986122886681098,-1.0986122886681098,-0.625,C2,True,True,C2,True,False
9282419de7b5903e9ac26339,42,train,0.75,3/4,-1.0,-1.0986122886681098,-1.0986122886681098,-0.5,C2,True,True,C2,True,False
4332b8315d070e5a98e08386,42,train,0.75,3/4,1.0,1.0986122886681098,1.0986122886681098,-0.125,C2,False,True,C2,False,False
b22a61ec5a004000b5cdac75,42,train,0.75,3/4,1.0,1.0986122886681098,1.0986122886681098,0.375,C1,True,True,C1,True,False
cf940dfea2c53104680a5a1c,43,train,0.75,3/4,0.0,0.0,0.0,-1.25,C2,,False,C2,False,False
2e6f26cf861e24c507be95b1,43,train,0.75,3/4,-2.0,-2.1972245773362196,-2.1972245773362196,-1.0,C2,True,True,C2,True,False
ea94791f6d28d5011c6b48c3,43,train,0.75,3/4,0.0,0.0,0.0,-0.625,C2,,False,C2,False,False
fff5d1688c91bd63a5c6ab7b,43,train,0.75,3/4,-2.0,-2.1972245773362196,-2.1972245773362196,-0.5,C2,True,True,C2,True,False
353c741283f51202000d8190,43,train,0.75,3/4,2.0,2.1972245773362196,2.1972245773362196,0.125,C1,True,True,C1,True,False
e802d710c2acd8843e2b27fb,43,train,0.75,3/4,0.0,0.0,0.0,0.0,C1,,False,TIE,False,True
1de9b85cd30f723eb1100971,43,train,0.75,3/4,2.0,2.1972245773362196,2.1972245773362196,0.375,C1,True,True,C1,True,False
01094a10751d05398f526a4c,43,train,0.75,3/4,0.0,0.0,0.0,0.75,C1,,False,C1,False,False
5f59248d9f11a413dc5f8005,44,train,0.75,3/4,-1.0,-1.0986122886681098,-1.0986122886681098,-1.625,C2,True,True,C2,True,False
bd9a2730f92920114b4c7d45,44,train,0.75,3/4,-1.0,-1.0986122886681098,-1.0986122886681098,-1.0,C2,True,True,C2,True,False
61fa5a92c3dfab98634558b8,44,train,0.75,3/4,-1.0,-1.0986122886681098,-1.0986122886681098,-1.25,C2,True,True,C2,True,False
e635cdf11889c694dd75abc3,44,train,0.75,3/4,-1.0,-1.0986122886681098,-1.0986122886681098,-0.375,C2,True,True,C2,True,False
0b8634517190b7b39ea7b332,44,train,0.75,3/4,1.0,1.0986122886681098,1.0986122886681098,0.0,C1,True,True,TIE,False,True
fb69489578060e2ae2ec5c1b,44,train,0.75,3/4,1.0,1.0986122886681098,1.0986122886681098,0.125,C1,True,True,C1,True,False
8d85059cbfc4ac5bf76abf96,44,train,0.75,3/4,1.0,1.0986122886681098,1.0986122886681098,0.125,C1,True,True,C1,True,False
6bd1be7485115496eda7932d,44,train,0.75,3/4,1.0,1.0986122886681098,1.0986122886681098,0.75,C1,True,True,C1,True,False
9a6351402f4db2d7231aeb19,45,train,0.75,3/4,0.0,0.0,0.0,-1.0,C2,,False,C2,False,False
2e2b73b371e69e2e5a0afdc9,45,train,0.75,3/4,0.0,0.0,0.0,-0.75,C2,,False,C2,False,False
5dde115ca73dc969fc195c68,45,train,0.75,3/4,0.0,0.0,0.0,-0.75,C2,,False,C2,False,False
0311686bd2cae5ecc474a457,45,train,0.75,3/4,0.0,0.0,0.0,-0.375,C2,,False,C2,False,False
37cb8a33d1276e03235e9715,45,train,0.75,3/4,0.0,0.0,0.0,-0.5,C2,,False,C2,False,False
6311697c8a887d0cb26b8f96,45,train,0.75,3/4,0.0,0.0,0.0,-0.25,C2,,False,C2,False,False
190764ca72f5eaf637b7437b,45,train,0.75,3/4,0.0,0.0,0.0,-0.25,C2,,False,C2,False,False
a2b024a04eaefc6ce20356c1,45,train,0.75,3/4,0.0,0.0,0.0,0.125,C1,,False,C1,False,False
ad90ca9129ec3926de8950a0,46,train,0.75,3/4,-2.0,-2.1972245773362196,-2.1972245773362196,-1.625,C2,True,True,C2,True,False
7808840ec99ffe47394308a7,46,train,0.75,3/4,-2.0,-2.1972245773362196,-2.1972245773362196,-1.25,C2,True,True,C2,True,False
eb682790e26259e8a5c1b9b0,46,train,0.75,3/4,0.0,0.0,0.0,-1.0,C2,,False,C2,False,False
e459dce87110172ecc0e472d,46,train,0.75,3/4,0.0,0.0,0.0,-0.5,C2,,False,C2,False,False
88c7e0635909727a204667f5,46,train,0.75,3/4,0.0,0.0,0.0,-0.25,C2,,False,C2,False,False
6709dc71885ec6293d1daf36,46,train,0.75,3/4,0.0,0.0,0.0,0.0,C1,,False,TIE,False,True
fc3848f913370702b54f2697,46,train,0.75,3/4,2.0,2.1972245773362196,2.1972245773362196,0.5,C1,True,True,C1,True,False
fca6a9162615aa1274ea3fde,46,train,0.75,3/4,2.0,2.1972245773362196,2.1972245773362196,1.125,C1,True,True,C1,True,False
54e4c2e559625dbb57db5d30,47,train,0.75,3/4,1.0,1.0986122886681098,1.0986122886681098,0.0,C1,True,True,TIE,False,True
26adf30b503d3a12d3883555,47,train,0.75,3/4,1.0,1.0986122886681098,1.0986122886681098,-0.125,C2,False,True,C2,False,False
d3f050f9aa7818d8f99f5b6a,47,train,0.75,3/4,-1.0,-1.0986122886681098,-1.0986122886681098,-0.625,C2,True,True,C2,True,False
7a2bcfe38c9c7420eacf4099,47,train,0.75,3/4,-1.0,-1.0986122886681098,-1.0986122886681098,-0.25,C2,True,True,C2,True,False
d071d04e8f61467ccecadad6,47,train,0.75,3/4,1.0,1.0986122886681098,1.0986122886681098,0.125,C1,True,True,C1,True,False
027f6181346d8ea5d2c01770,47,train,0.75,3/4,1.0,1.0986122886681098,1.0986122886681098,-0.375,C2,False,True,C2,False,False
5f1111ea336cba9755d054c7,47,train,0.75,3/4,-1.0,-1.0986122886681098,-1.0986122886681098,-0.75,C2,True,True,C2,True,False
4b64d0e6c4ef9d3107476f75,47,train,0.75,3/4,-1.0,-1.0986122886681098,-1.0986122886681098,-0.25,C2,True,True,C2,True,False
9fda6c7ebe1e1da7d6e3eb20,48,train,0.75,3/4,0.0,0.0,0.0,-0.125,C2,,False,C2,False,False
ada986fc34580e1a7e371e73,48,train,0.75,3/4,0.0,0.0,0.0,0.125,C1,,False,C1,False,False
93390a66e48d18ed994a5e98,48,train,0.75,3/4,-2.0,-2.1972245773362196,-2.1972245773362196,-1.0,C2,True,True,C2,True,False
6781e902aa9eaaa7fdaf3358,48,train,0.75,3/4,-2.0,-2.1972245773362196,-2.1972245773362196,0.125,C1,False,True,C1,False,False
fefd2ea03eeadf33119bb9b0,48,train,0.75,3/4,2.0,2.1972245773362196,2.1972245773362196,0.25,C1,True,True,C1,True,False
351f1646d5307296e33cb422,48,train,0.75,3/4,2.0,2.1972245773362196,2.1972245773362196,0.375,C1,True,True,C1,True,False
07eef7295e6c1a153faa0174,48,train,0.75,3/4,0.0,0.0,0.0,-0.5,C2,,False,C2,False,False
c35460852d19202c2687022e,48,train,0.75,3/4,0.0,0.0,0.0,0.75,C1,,False,C1,False,False
518627817330978f9c9d7222,49,train,0.75,3/4,0.0,0.0,0.0,-1.375,C2,,False,C2,False,False
8fd62008e4955e682844cc06,49,train,0.75,3/4,0.0,0.0,0.0,-0.875,C2,,False,C2,False,False
5fed79336139b27bf0018600,49,train,0.75,3/4,-2.0,-2.1972245773362196,-2.1972245773362196,-1.25,C2,True,True,C2,True,False
34740955e64a460abe5d0460,49,train,0.75,3/4,-2.0,-2.1972245773362196,-2.1972245773362196,-0.625,C2,True,True,C2,True,False
ac3d4891f1634dc40583b50f,49,train,0.75,3/4,2.0,2.1972245773362196,2.1972245773362196,0.0,C1,True,True,TIE,False,True
2de3c27a2df71e57483f21d0,49,train,0.75,3/4,2.0,2.1972245773362196,2.1972245773362196,-0.125,C1,True,True,C2,False,True
129a26cc39deb35dce9313a8,49,train,0.75,3/4,0.0,0.0,0.0,-0.125,C2,,False,C2,False,False
bca307489e4a6a5cd3262712,49,train,0.75,3/4,0.0,0.0,0.0,0.375,C1,,False,C1,False,False
0a9d6f0d2ac60cbecafe9a1d,50,train,0.75,3/4,1.0,1.0986122886681098,1.0986122886681098,0.875,C1,True,True,C1,True,False
8dfd943b5bcbfcdf3cd6025b,50,train,0.75,3/4,-1.0,-1.0986122886681098,-1.0986122886681098,0.625,C1,False,True,C1,False,False
ba7aee94d4a932fe8e7ede29,50,train,0.75,3/4,3.0,3.295836866004329,3.295836866004329,1.75,C1,True,True,C1,True,False
c0f536fcfb50803ab27c663e,50,train,0.75,3/4,1.0,1.0986122886681098,1.0986122886681098,0.75,C1,True,True,C1,True,False
20de9de47bb1ecfd6a690cd4,50,train,0.75,3/4,-1.0,-1.0986122886681098,-1.0986122886681098,-1.25,C2,True,True,C2,True,False
d95b854bea8e0f4b96c4c45e,50,train,0.75,3/4,-3.0,-3.295836866004329,-3.295836866004329,-0.875,C2,True,True,C2,True,False
6e28463f1e8c133f84750468,50,train,0.75,3/4,1.0,1.0986122886681098,1.0986122886681098,1.0,C1,True,True,C1,True,False
62fa55eba5d05328e99d04d8,50,train,0.75,3/4,-1.0,-1.0986122886681098,-1.0986122886681098,0.75,C1,False,True,C1,False,False
3fade3b4a1269bf6678cd523,51,train,0.75,3/4,-1.0,-1.0986122886681098,-1.0986122886681098,-0.25,C2,True,True,C2,True,False
78b286a660fe14dd17b547f0,51,train,0.75,3/4,1.0,1.0986122886681098,1.0986122886681098,-0.125,C2,False,True,C2,False,False
38e2e0ee617cc466ef54da1d,51,train,0.75,3/4,1.0,1.0986122886681098,1.0986122886681098,-0.125,C2,False,True,C2,False,False
f6117f49107194320ae36141,51,train,0.75,3/4,3.0,3.295836866004329,3.295836866004329,0.25,C1,True,True,C1,True,False
324fa5fbc9ac3a83c51cd931,51,train,0.75,3/4,-3.0,-3.295836866004329,-3.295836866004329,-1.25,C2,True,True,C2,True,False
7323a87d186eb707edc9c7ca,51,train,0.75,3/4,-1.0,-1.0986122886681098,-1.0986122886681098,-0.5,C2,True,True,C2,True,False
8a91ea2776b7319e0dd818c3,51,train,0.75,3/4,-1.0,-1.0986122886681098,-1.0986122886681098,-0.625,C2,True,True,C2,True,False
89c10fdec19595da11e6a443,51,train,0.75,3/4,1.0,1.0986122886681098,1.0986122886681098,0.125,C1,True,True,C1,True,False
4e18288b4bd3229dd2eafbad,52,train,0.75,3/4,-1.0,-1.0986122886681098,-1.0986122886681098,-0.875,C2,True,True,C2,True,False
1b2d92b23036c86fa04b9473,52,train,0.75,3/4,1.0,1.0986122886681098,1.0986122886681098,-0.625,C2,False,True,C2,False,False
53a54e387aa999fbe376117e,52,train,0.75,3/4,-1.0,-1.0986122886681098,-1.0986122886681098,-0.875,C2,True,True,C2,True,False
f9bd42f948d6486af766a2e1,52,train,0.75,3/4,1.0,1.0986122886681098,1.0986122886681098,-0.375,C2,False,True,C2,False,False
7db82117699e9600ebfd19b0,52,train,0.75,3/4,-1.0,-1.0986122886681098,-1.0986122886681098,-0.625,C2,True,True,C2,True,False
6110be1656bcff7eb4609d70,52,train,0.75,3/4,1.0,1.0986122886681098,1.0986122886681098,-0.25,C2,False,True,C2,False,False
f8aeae77a3c588bb9bb6f787,52,train,0.75,3/4,-1.0,-1.0986122886681098,-1.0986122886681098,-0.625,C2,True,True,C2,True,False
4d4fb99a0dd15903abee55da,52,train,0.75,3/4,1.0,1.0986122886681098,1.0986122886681098,0.25,C1,True,True,C1,True,False
c3d1204e62dd945cc453bb6e,53,train,0.75,3/4,1.0,1.0986122886681098,1.0986122886681098,-0.625,C2,False,True,C2,False,False
9b9ecfe838f7ad2796249e07,53,train,0.75,3/4,-1.0,-1.0986122886681098,-1.0986122886681098,-0.75,C2,True,True,C2,True,False
f4ef8c5812412e34200ed228,53,train,0.75,3/4,1.0,1.0986122886681098,1.0986122886681098,-0.375,C2,False,True,C2,False,False
e75d1e0b69f9fe106f2c26f3,53,train,0.75,3/4,-1.0,-1.0986122886681098,-1.0986122886681098,-0.625,C2,True,True,C2,True,False
6818b5d3941f664d825358dd,53,train,0.75,3/4,1.0,1.0986122886681098,1.0986122886681098,-0.375,C2,False,True,C2,False,False
eaf19d797d132a22dfdd472c,53,train,0.75,3/4,-1.0,-1.0986122886681098,-1.0986122886681098,-0.625,C2,True,True,C2,True,False
886fa8a87bfeb539d96c172e,53,train,0.75,3/4,1.0,1.0986122886681098,1.0986122886681098,-0.25,C2,False,True,C2,False,False
a2696c74080fb630f3f3f68f,53,train,0.75,3/4,-1.0,-1.0986122886681098,-1.0986122886681098,-0.625,C2,True,True,C2,True,False
8a9f62be9ce383c22f8cae0f,54,train,0.75,3/4,2.0,2.1972245773362196,2.1972245773362196,0.5,C1,True,True,C1,True,False
ef4ac7aefc8819d61f280fef,54,train,0.75,3/4,2.0,2.1972245773362196,2.1972245773362196,0.125,C1,True,True,C1,True,False
420f68dab581273944a21261,54,train,0.75,3/4,0.0,0.0,0.0,-0.625,C2,,False,C2,False,False
24487827f6b34afd4fac75d8,54,train,0.75,3/4,0.0,0.0,0.0,-0.375,C2,,False,C2,False,False
74aa6c81b50ae5c1892099cf,54,train,0.75,3/4,0.0,0.0,0.0,-0.625,C2,,False,C2,False,False
79b4e728f10857439bdd19e4,54,train,0.75,3/4,0.0,0.0,0.0,-0.75,C2,,False,C2,False,False
fe501f1a0f92d3463aedad92,54,train,0.75,3/4,-2.0,-2.1972245773362196,-2.1972245773362196,-1.625,C2,True,True,C2,True,False
70d70652732a0c7ad30bdae2,54,train,0.75,3/4,-2.0,-2.1972245773362196,-2.1972245773362196,-1.375,C2,True,True,C2,True,False
6cb1fbbbf63c2c82dbf28436,55,train,0.75,3/4,2.0,2.1972245773362196,2.1972245773362196,0.875,C1,True,True,C1,True,False
e464352a9b1ece2b7120498d,55,train,0.75,3/4,0.0,0.0,0.0,0.5,C1,,False,C1,False,False
7674679755a7e5e58b779b0b,55,train,0.75,3/4,2.0,2.1972245773362196,2.1972245773362196,0.5,C1,True,True,C1,True,False
08536f0780e3b1f22ebd6c10,55,train,0.75,3/4,0.0,0.0,0.0,0.25,C1,,False,C1,False,False
acae188f263774087b87f201,55,train,0.75,3/4,0.0,0.0,0.0,-0.25,C2,,False,C2,False,False
a03c955dbc6fa6cd87a6822b,55,train,0.75,3/4,-2.0,-2.1972245773362196,-2.1972245773362196,-0.5,C2,True,True,C2,True,False
eb135a071b1e8857474f2789,55,train,0.75,3/4,0.0,0.0,0.0,-0.5,C2,,False,C2,False,False
a009df1e006e73707b902367,55,train,0.75,3/4,-2.0,-2.1972245773362196,-2.1972245773362196,-0.375,C2,True,True,C2,True,False
cdeacfc5851cb625744b8674,56,train,0.75,3/4,2.0,2.1972245773362196,2.1972245773362196,0.0,C2,False,True,TIE,False,True
66f8743bdc114f3b8ee22318,56,train,0.75,3/4,0.0,0.0,0.0,-0.375,C2,,False,C2,False,False
afbd1378012236ebbb76f300,56,train,0.75,3/4,0.0,0.0,0.0,-0.75,C2,,False,C2,False,False
f48a4c05cf6fdf1f6351f109,56,train,0.75,3/4,-2.0,-2.1972245773362196,-2.1972245773362196,-0.625,C2,True,True,C2,True,False
46b92ecc091ccaa8eedaaf2a,56,train,0.75,3/4,2.0,2.1972245773362196,2.1972245773362196,-0.125,C2,False,True,C2,False,False
fc703094219a85b1020f6f43,56,train,0.75,3/4,0.0,0.0,0.0,-0.625,C2,,False,C2,False,False
e9b0a67c52eccf0742aabc0d,56,train,0.75,3/4,0.0,0.0,0.0,-1.0,C2,,False,C2,False,False
cb5144949dad9fa0b14dd9d2,56,train,0.75,3/4,-2.0,-2.1972245773362196,-2.1972245773362196,-1.125,C2,True,True,C2,True,False
00da8e9628b4d378e057d2d9,57,train,0.75,3/4,-1.0,-1.0986122886681098,-1.0986122886681098,-1.5,C2,True,True,C2,True,False
c4c4e21a654a1d3a0b85aef9,57,train,0.75,3/4,-1.0,-1.0986122886681098,-1.0986122886681098,-1.125,C2,True,True,C2,True,False
7d0b4aba2894a97a97791537,57,train,0.75,3/4,-1.0,-1.0986122886681098,-1.0986122886681098,-1.125,C2,True,True,C2,True,False
1a94628bb7c5f71861105d48,57,train,0.75,3/4,-1.0,-1.0986122886681098,-1.0986122886681098,-0.75,C2,True,True,C2,True,False
13cb9202a537e2b4eb85b4c1,57,train,0.75,3/4,1.0,1.0986122886681098,1.0986122886681098,-0.25,C2,False,True,C2,False,False
9deb6a1046bbfe5f2be6df2b,57,train,0.75,3/4,1.0,1.0986122886681098,1.0986122886681098,-0.25,C2,False,True,C2,False,False
2357acbf334e773cbe417716,57,train,0.75,3/4,1.0,1.0986122886681098,1.0986122886681098,-0.25,C2,False,True,C2,False,False
e276faa0e97a86b82fe94099,57,train,0.75,3/4,1.0,1.0986122886681098,1.0986122886681098,0.25,C1,True,True,C1,True,False
a108317d31d3fa7f5a9e3a3c,58,train,0.75,3/4,-2.0,-2.1972245773362196,-2.1972245773362196,-1.875,C2,True,True,C2,True,False
66e6ecb53f1379230461d767,58,train,0.75,3/4,-2.0,-2.1972245773362196,-2.1972245773362196,-1.5,C2,True,True,C2,True,False
3a8403b1c81ac722f46cc138,58,train,0.75,3/4,0.0,0.0,0.0,-1.0,C2,,False,C2,False,False
bd72119a3c826cf0d31f5b3b,58,train,0.75,3/4,0.0,0.0,0.0,-0.625,C2,,False,C2,False,False
6ae20a7b0a786544e0d85a46,58,train,0.75,3/4,0.0,0.0,0.0,-0.75,C2,,False,C2,False,False
5295d74ff7b68cab1c8e8bc2,58,train,0.75,3/4,0.0,0.0,0.0,-0.5,C2,,False,C2,False,False
88d59f5481b7d5dde2bbab3f,58,train,0.75,3/4,2.0,2.1972245773362196,2.1972245773362196,0.0,C1,True,True,TIE,False,True
7ca35908691190ff50048a39,58,train,0.75,3/4,2.0,2.1972245773362196,2.1972245773362196,0.625,C1,True,True,C1,True,False
4ecd7186f6ce47bf9069c413,59,train,0.75,3/4,0.0,0.0,0.0,-1.375,C2,,False,C2,False,False
b143086ce4ed9026f264685f,59,train,0.75,3/4,-2.0,-2.1972245773362196,-2.1972245773362196,-1.25,C2,True,True,C2,True,False
e63bfa52168509cdd4b4be46,59,train,0.75,3/4,0.0,0.0,0.0,-1.0,C2,,False,C2,False,False
ee623da9e202baf5ae131eda,59,train,0.75,3/4,-2.0,-2.1972245773362196,-2.1972245773362196,-1.0,C2,True,True,C2,True,False
3834d06678fd53045d306949,59,train,0.75,3/4,2.0,2.1972245773362196,2.1972245773362196,0.0,C1,True,True,TIE,False,True
3e648e622756f46f9df54dd2,59,train,0.75,3/4,0.0,0.0,0.0,-0.125,C2,,False,C2,False,False
b48372bff55a806690f337a5,59,train,0.75,3/4,2.0,2.1972245773362196,2.1972245773362196,0.25,C1,True,True,C1,True,False
5541d266f8c7662aa140963f,59,train,0.75,3/4,0.0,0.0,0.0,0.375,C1,,False,C1,False,False
b19d728da0df9e3e33cf0441,60,train,0.75,3/4,-1.0,-1.0986122886681098,-1.0986122886681098,-1.0,C2,True,True,C2,True,False
6cd28fdf0d6bbc6ece5133cf,60,train,0.75,3/4,-1.0,-1.0986122886681098,-1.0986122886681098,-0.375,C2,True,True,C2,True,False
6d406e10bd6a73dcc9ae7020,60,train,0.75,3/4,1.0,1.0986122886681098,1.0986122886681098,-0.25,C2,False,True,C2,False,False
315cabf732b438a0a34011d7,60,train,0.75,3/4,1.0,1.0986122886681098,1.0986122886681098,0.25,C1,True,True,C1,True,False
56ca99262cfa1a9dd4efe7a7,60,train,0.75,3/4,-1.0,-1.0986122886681098,-1.0986122886681098,-0.25,C2,True,True,C2,True,False
a17a0eced063fe8c32bfa781,60,train,0.75,3/4,-1.0,-1.0986122886681098,-1.0986122886681098,0.375,C1,False,True,C1,False,False
11644272c02097ddbcac6e12,60,train,0.75,3/4,1.0,1.0986122886681098,1.0986122886681098,0.5,C1,True,True,C1,True,False
4c8ab51b78e4b664f01b8070,60,train,0.75,3/4,1.0,1.0986122886681098,1.0986122886681098,1.25,C1,True,True,C1,True,False
e752f7ccfd5ae88b0000fdfb,61,train,0.75,3/4,1.0,1.0986122886681098,1.0986122886681098,-0.125,C2,False,True,C2,False,False
010a441df5aa5adf21faf964,61,train,0.75,3/4,-1.0,-1.0986122886681098,-1.0986122886681098,-0.375,C2,True,True,C2,True,False
97db3d288c1069e3ffb816db,61,train,0.75,3/4,1.0,1.0986122886681098,1.0986122886681098,-0.25,C2,False,True,C2,False,False
550356324f655a2737bf0caa,61,train,0.75,3/4,-1.0,-1.0986122886681098,-1.0986122886681098,-0.5,C2,True,True,C2,True,False
5b6bf4b24df46d59d7720249,61,train,0.75,3/4,1.0,1.0986122886681098,1.0986122886681098,-0.125,C2,False,True,C2,False,False
65b10131659a357def778104,61,train,0.75,3/4,-1.0,-1.0986122886681098,-1.0986122886681098,-0.375,C2,True,True,C2,True,False
2b57c2fafdcd70357e3edbd7,61,train,0.75,3/4,1.0,1.0986122886681098,1.0986122886681098,-0.125,C2,False,True,C2,False,False
823213a53dc6b1525362bb7f,61,train,0.75,3/4,-1.0,-1.0986122886681098,-1.0986122886681098,-0.25,C2,True,True,C2,True,False
96ca529431c5148882e79037,62,train,0.75,3/4,-2.0,-2.1972245773362196,-2.1972245773362196,-1.0,C2,True,True,C2,True,False
ea74190d6b93dcf530c6411f,62,train,0.75,3/4,0.0,0.0,0.0,-0.25,C2,,False,C2,False,False
9f93c82a3b9414168931f965,62,train,0.75,3/4,0.0,0.0,0.0,0.0,C1,,False,TIE,False,True
ad152eed35216fc68c1b87a4,62,train,0.75,3/4,2.0,2.1972245773362196,2.1972245773362196,0.5,C1,True,True,C1,True,False
797f1d58fcf17a7d8b57e155,62,train,0.75,3/4,-2.0,-2.1972245773362196,-2.1972245773362196,0.25,C1,False,True,C1,False,False
d43705ad5ae40528ae16ca1e,62,train,0.75,3/4,0.0,0.0,0.0,0.75,C1,,False,C1,False,False
d6149300a011a3885d9f5afc,62,train,0.75,3/4,0.0,0.0,0.0,0.875,C1,,False,C1,False,False
ea6b1e87f6e54b0bab907c53,62,train,0.75,3/4,2.0,2.1972245773362196,2.1972245773362196,1.625,C1,True,True,C1,True,False
318dab13d8cb8abf41ebf4ae,63,train,0.75,3/4,0.0,0.0,0.0,-0.5,C2,,False,C2,False,False
9fe31ce3bebd97f98b95242e,63,train,0.75,3/4,-2.0,-2.1972245773362196,-2.1972245773362196,-0.625,C2,True,True,C2,True,False
b02b9fd9c1c375bbfee0a22d,63,train,0.75,3/4,2.0,2.1972245773362196,2.1972245773362196,-0.5,C2,False,True,C2,False,False
8da763f8cfb3c11e8c6750a6,63,train,0.75,3/4,0.0,0.0,0.0,-0.625,C2,,False,C2,False,False
2fd94d6a53a3c0c2d6146aab,63,train,0.75,3/4,0.0,0.0,0.0,-0.375,C2,,False,C2,False,False
e17f5db06b9c225691b0f3b2,63,train,0.75,3/4,-2.0,-2.1972245773362196,-2.1972245773362196,-0.375,C2,True,True,C2,True,False
177e9924d2b6e734143fbc12,63,train,0.75,3/4,2.0,2.1972245773362196,2.1972245773362196,-0.125,C2,False,True,C2,False,False
9e10d926cc16ead79590dc46,63,train,0.75,3/4,0.0,0.0,0.0,0.0,C1,,False,TIE,False,True
66c73bb0a9a8afc778d8e9a2,0,test,0.85,17/20,2.0,3.4692021107762128,3.4692021107762128,0.375,C1,True,True,C1,True,False
d6820b52f294a394cc14c2ef,0,test,0.85,17/20,0.0,0.0,0.0,-0.125,C2,,False,C2,False,False
eb4cd53e7705988b5a1a2335,0,test,0.85,17/20,2.0,3.4692021107762128,3.4692021107762128,0.125,C1,True,True,C1,True,False
3bc65775ac5b589c82a9c644,0,test,0.85,17/20,0.0,0.0,0.0,-0.625,C2,,False,C2,False,False
7ae312dbc778cc3852a1f2be,0,test,0.85,17/20,0.0,0.0,0.0,-1.25,C2,,False,C2,False,False
b04071ef8fd7d8c229e71f26,0,test,0.85,17/20,-2.0,-3.4692021107762128,-3.4692021107762128,-1.0,C2,True,True,C2,True,False
0eab44ceb75a7515a8718ea4,0,test,0.85,17/20,0.0,0.0,0.0,-1.375,C2,,False,C2,False,False
399ca2196e04affe744e7c9d,0,test,0.85,17/20,-2.0,-3.4692021107762128,-3.4692021107762128,-1.625,C2,True,True,C2,True,False
e57e85d5b620d3c1b3e6d5be,1,test,0.85,17/20,1.0,1.7346010553881064,1.7346010553881064,0.5,C1,True,True,C1,True,False
9f214178fbd2266ca3f5bc0f,1,test,0.85,17/20,1.0,1.7346010553881064,1.7346010553881064,0.5,C1,True,True,C1,True,False
21255f9d4b857a7215f52fba,1,test,0.85,17/20,1.0,1.7346010553881064,1.7346010553881064,0.625,C1,True,True,C1,True,False
8c570901b6446b482cb76aab,1,test,0.85,17/20,1.0,1.7346010553881064,1.7346010553881064,0.75,C1,True,True,C1,True,False
fcaa4f3276c1f6c163bc492b,1,test,0.85,17/20,-1.0,-1.7346010553881064,-1.7346010553881064,-0.75,C2,True,True,C2,True,False
f63af1afe143b264176e856c,1,test,0.85,17/20,-1.0,-1.7346010553881064,-1.7346010553881064,-0.5,C2,True,True,C2,True,False
9277e4acaf5b720d4aca07d1,1,test,0.85,17/20,-1.0,-1.7346010553881064,-1.7346010553881064,-0.375,C2,True,True,C2,True,False
07c825bed2221b06744a27d8,1,test,0.85,17/20,-1.0,-1.7346010553881064,-1.7346010553881064,0.125,C1,False,True,C1,False,False
70bb4037827e4c8c8c3c4b03,2,test,0.85,17/20,0.0,0.0,0.0,-0.625,C2,,False,C2,False,False
0ae648c3d1b6df784cce5551,2,test,0.85,17/20,0.0,0.0,0.0,-0.5,C2,,False,C2,False,False
982a2933d439e28c50625d17,2,test,0.85,17/20,0.0,0.0,0.0,-0.625,C2,,False,C2,False,False
4de4cfeee7cd83f4ad587502,2,test,0.85,17/20,0.0,0.0,0.0,-0.25,C2,,False,C2,False,False
bc50b24ae27e9e5e924919e9,2,test,0.85,17/20,0.0,0.0,0.0,-0.375,C2,,False,C2,False,False
739a1605ff073d965ce29da9,2,test,0.85,17/20,0.0,0.0,0.0,-0.25,C2,,False,C2,False,False
876547d44f513fd8f71ad56f,2,test,0.85,17/20,0.0,0.0,0.0,-0.25,C2,,False,C2,False,False
e08c8ac7d2db30963939f7f6,2,test,0.85,17/20,0.0,0.0,0.0,0.125,C1,,False,C1,False,False
ea4691f12b79df14cbb79b4c,3,test,0.85,17/20,0.0,0.0,0.0,-0.625,C2,,False,C2,False,False
278f98d0406cd4548992db47,3,test,0.85,17/20,-2.0,-3.4692021107762128,-3.4692021107762128,-0.5,C2,True,True,C2,True,False
1c98bfda7d5207413082135b,3,test,0.85,17/20,2.0,3.4692021107762128,3.4692021107762128,0.0,C2,False,True,TIE,False,True
45fefce0c7133f4cbfc15c05,3,test,0.85,17/20,0.0,0.0,0.0,-0.375,C2,,False,C2,False,False
2e56aaf29534ee03a2ed9fae,3,test,0.85,17/20,0.0,0.0,0.0,-0.125,C2,,False,C2,False,False
9912748632815478c48e64f9,3,test,0.85,17/20,-2.0,-3.4692021107762128,-3.4692021107762128,-0.125,C2,True,True,C2,True,False
428a769f4453c6be66a771b1,3,test,0.85,17/20,2.0,3.4692021107762128,3.4692021107762128,0.0,C1,True,True,TIE,False,True
4c7bb9d267717fc5ae19107f,3,test,0.85,17/20,0.0,0.0,0.0,0.125,C1,,False,C1,False,False
31af116bad2f969141db5e7c,4,test,0.85,17/20,0.0,0.0,0.0,0.25,C1,,False,C1,False,False
080c50097917eee6a1a3b9dc,4,test,0.85,17/20,0.0,0.0,0.0,0.5,C1,,False,C1,False,False
f9aa3f1227570e2d324f9ed9,4,test,0.85,17/20,2.0,3.4692021107762128,3.4692021107762128,0.875,C1,True,True,C1,True,False
be9fb91202445bac387e7a92,4,test,0.85,17/20,2.0,3.4692021107762128,3.4692021107762128,0.875,C1,True,True,C1,True,False
7f310c73ebc3afec23029402,4,test,0.85,17/20,-2.0,-3.4692021107762128,-3.4692021107762128,-1.375,C2,True,True,C2,True,False
869f4409895c48f6e3161ca4,4,test,0.85,17/20,-2.0,-3.4692021107762128,-3.4692021107762128,-0.375,C2,True,True,C2,True,False
fac5622b6c45255d1c424ec1,4,test,0.85,17/20,0.0,0.0,0.0,-0.375,C2,,False,C2,False,False
cfbe83f3daec139f317b034a,4,test,0.85,17/20,0.0,0.0,0.0,0.875,C1,,False,C1,False,False
5738d47f4763e590aa3b3ead,5,train,0.85,17/20,0.0,0.0,0.0,-0.875,C2,,False,C2,False,False
0bfffbf150d15f57117c15c5,5,train,0.85,17/20,-2.0,-3.4692021107762128,-3.4692021107762128,-0.75,C2,True,True,C2,True,False
de68f098b5bcf9e3953a1672,5,train,0.85,17/20,2.0,3.4692021107762128,3.4692021107762128,-0.375,C2,False,True,C2,False,False
9e79af7bc9ed4de22388d470,5,train,0.85,17/20,0.0,0.0,0.0,-0.75,C2,,False,C2,False,False
d272babfe101178da5fbb003,5,train,0.85,17/20,0.0,0.0,0.0,-0.5,C2,,False,C2,False,False
827f52ef0609ebab623a37cd,5,train,0.85,17/20,-2.0,-3.4692021107762128,-3.4692021107762128,-0.375,C2,True,True,C2,True,False
3934a8531a25dad5301d4923,5,train,0.85,17/20,2.0,3.4692021107762128,3.4692021107762128,0.0,C1,True,True,TIE,False,True
141b7c33828ef7de7e0b8ac4,5,train,0.85,17/20,0.0,0.0,0.0,-0.125,C2,,False,C2,False,False
27173f8bbe9fa210b082ab43,6,test,0.85,17/20,-3.0,-5.203803166164319,-5.203803166164319,-2.0,C2,True,True,C2,True,False
0955dc676dd7a8a9360e3fcf,6,test,0.85,17/20,-1.0,-1.7346010553881064,-1.7346010553881064,-0.875,C2,True,True,C2,True,False
55ee8d24e07630fa317c407c,6,test,0.85,17/20,-1.0,-1.7346010553881064,-1.7346010553881064,-0.875,C2,True,True,C2,True,False
d0f707db98735346bfb6d7b7,6,test,0.85,17/20,1.0,1.7346010553881064,1.7346010553881064,0.375,C1,True,True,C1,True,False
6e547128262c2edb32cb7171,6,test,0.85,17/20,-1.0,-1.7346010553881064,-1.7346010553881064,-0.5,C2,True,True,C2,True,False
058cef496d11d7aba384db5d,6,test,0.85,17/20,1.0,1.7346010553881064,1.7346010553881064,1.125,C1,True,True,C1,True,False
22d4e9b79b5a7dd9e649688c,6,test,0.85,17/20,1.0,1.7346010553881064,1.7346010553881064,0.625,C1,True,True,C1,True,False
996b5f3823be526b7742bf88,6,test,0.85,17/20,3.0,5.203803166164319,5.203803166164319,2.125,C1,True,True,C1,True,False
fc8d61555f1cb0bd2d505396,7,train,0.85,17/20,0.0,0.0,0.0,0.0,C1,,False,TIE,False,True
8de1194586da0d3a2cbb6d64,7,train,0.85,17/20,0.0,0.0,0.0,-0.25,C2,,False,C2,False,False
5532516c224827d579321c43,7,train,0.85,17/20,0.0,0.0,0.0,-0.5,C2,,False,C2,False,False
eb991fce18525541d8671dde,7,train,0.85,17/20,0.0,0.0,0.0,-0.375,C2,,False,C2,False,False
581ab54dc6edc07c21a8ad59,7,train,0.85,17/20,0.0,0.0,0.0,-0.75,C2,,False,C2,False,False
2629932a315194ccef4521bd,7,train,0.85,17/20,0.0,0.0,0.0,-0.625,C2,,False,C2,False,False
d6c9cbe914c068efc7cd44bb,7,train,0.85,17/20,0.0,0.0,0.0,-0.625,C2,,False,C2,False,False
7e5eb8fe7e208926812350e2,7,train,0.85,17/20,0.0,0.0,0.0,-0.125,C2,,False,C2,False,False
97651bef1df50b0a5ed75de2,8,train,0.85,17/20,-1.0,-1.7346010553881064,-1.7346010553881064,-1.625,C2,True,True,C2,True,False
868d9297bcb231651281bb2b,8,train,0.85,17/20,-3.0,-5.203803166164319,-5.203803166164319,-1.5,C2,True,True,C2,True,False
1e297a0cda33ca6b2ef0587e,8,train,0.85,17/20,1.0,1.7346010553881064,1.7346010553881064,-1.0,C2,False,True,C2,False,False
1e83a3d587b8d31be81374ee,8,train,0.85,17/20,-1.0,-1.7346010553881064,-1.7346010553881064,-1.0,C2,True,True,C2,True,False
1c37a5be89ad1de6425f8b88,8,train,0.85,17/20,1.0,1.7346010553881064,1.7346010553881064,-0.125,C1,True,True,C2,False,True
28f48381132f9ef67038e665,8,train,0.85,17/20,-1.0,-1.7346010553881064,-1.7346010553881064,-0.25,C2,True,True,C2,True,False
69276a28fdb9b229c306fc51,8,train,0.85,17/20,3.0,5.203803166164319,5.203803166164319,0.5,C1,True,True,C1,True,False
57b374a56e75ad3e265eccf3,8,train,0.85,17/20,1.0,1.7346010553881064,1.7346010553881064,0.5,C1,True,True,C1,True,False
42e639981419999769917ddf,9,test,0.85,17/20,1.0,1.7346010553881064,1.7346010553881064,-0.375,C2,False,True,C2,False,False
a83256c26597b80730fb7f08,9,test,0.85,17/20,-1.0,-1.7346010553881064,-1.7346010553881064,-0.5,C2,True,True,C2,True,False
994e9c8bbf8c6da44562f091,9,test,0.85,17/20,1.0,1.7346010553881064,1.7346010553881064,-0.375,C2,False,True,C2,False,False
e5c0bdfea9b4a7d2ba84477d,9,test,0.85,17/20,-1.0,-1.7346010553881064,-1.7346010553881064,-0.5,C2,True,True,C2,True,False
a4f79753970c174cd7b07f13,9,test,0.85,17/20,1.0,1.7346010553881064,1.7346010553881064,-0.25,C2,False,True,C2,False,False
3df91f1f8b552dc7638c3596,9,test,0.85,17/20,-1.0,-1.7346010553881064,-1.7346010553881064,-0.375,C2,True,True,C2,True,False
cd3742d7a368d1e0b533eb7a,9,test,0.85,17/20,1.0,1.7346010553881064,1.7346010553881064,-0.25,C2,False,True,C2,False,False
bb907e9de8b8562de11c4d55,9,test,0.85,17/20,-1.0,-1.7346010553881064,-1.7346010553881064,-0.25,C2,True,True,C2,True,False
cecc86e7eb541364c7a154dd,10,test,0.85,17/20,1.0,1.7346010553881064,1.7346010553881064,0.125,C1,True,True,C1,True,False
e00e0104f3d9290f7df2671a,10,test,0.85,17/20,-1.0,-1.7346010553881064,-1.7346010553881064,-0.125,C2,True,True,C2,True,False
9a650752693155b898b65f45,10,test,0.85,17/20,1.0,1.7346010553881064,1.7346010553881064,0.0,C1,True,True,TIE,False,True
e173b3ae6233bd7f39b19b56,10,test,0.85,17/20,-1.0,-1.7346010553881064,-1.7346010553881064,-0.375,C2,True,True,C2,True,False
e59d42b1babb5e3c934f7fb0,10,test,0.85,17/20,1.0,1.7346010553881064,1.7346010553881064,-0.375,C2,False,True,C2,False,False
0af4d143e509bd9de00f6aef,10,test,0.85,17/20,-1.0,-1.7346010553881064,-1.7346010553881064,-0.375,C2,True,True,C2,True,False
227ad4cd353a2da13822d9ab,10,test,0.85,17/20,1.0,1.7346010553881064,1.7346010553881064,-0.375,C2,False,True,C2,False,False
7de791f71383a059ee5547c0,10,test,0.85,17/20,-1.0,-1.7346010553881064,-1.7346010553881064,-0.5,C2,True,True,C2,True,False
976e1a2450a5e01ad5ff646a,11,train,0.85,17/20,0.0,0.0,0.0,-0.75,C2,,False,C2,False,False
02fe88c918cf460069b4f1a1,11,train,0.85,17/20,0.0,0.0,0.0,-0.5,C2,,False,C2,False,False
630647fb24cec79f1adcbec6,11,train,0.85,17/20,-2.0,-3.4692021107762128,-3.4692021107762128,-1.375,C2,True,True,C2,True,False
40d793d5b1c73dded19cd95f,11,train,0.85,17/20,-2.0,-3.4692021107762128,-3.4692021107762128,-0.25,C2,True,True,C2,True,False
8bc55b26cc12cb281c32f9fb,11,train,0.85,17/20,2.0,3.4692021107762128,3.4692021107762128,0.125,C1,True,True,C1,True,False
7264062d0e360fa9fbda24bd,11,train,0.85,17/20,2.0,3.4692021107762128,3.4692021107762128,0.0,C1,True,True,TIE,False,True
be8897fe8c2093a7043b8db1,11,train,0.85,17/20,0.0,0.0,0.0,-0.75,C2,,False,C2,False,False
b17246374fa9fa68dcfb9870,11,train,0.85,17/20,0.0,0.0,0.0,0.125,C1,,False,C1,False,False
4257c9562aa08af8f3cad7a9,12,train,0.85,17/20,0.0,0.0,0.0,-0.125,C2,,False,C2,False,False
b78def806966ad5a2041370d,12,train,0.85,17/20,2.0,3.4692021107762128,3.4692021107762128,0.125,C1,True,True,C1,True,False
d851533b89c4432d2ce432c4,12,train,0.85,17/20,-2.0,-3.4692021107762128,-3.4692021107762128,-0.5,C2,True,True,C2,True,False
4d3e943761aa67452287ac42,12,train,0.85,17/20,0.0,0.0,0.0,0.25,C1,,False,C1,False,False
13fd240a67af934abf1b821b,12,train,0.85,17/20,0.0,0.0,0.0,-0.5,C2,,False,C2,False,False
edc1d3b53c711de3a44f3bd0,12,train,0.85,17/20,2.0,3.4692021107762128,3.4692021107762128,0.125,C1,True,True,C1,True,False
4920e43479033c543885580f,12,train,0.85,17/20,-2.0,-3.4692021107762128,-3.4692021107762128,-1.25,C2,True,True,C2,True,False
2645e4c301d765283636cc99,12,train,0.85,17/20,0.0,0.0,0.0,0.375,C1,,False,C1,False,False
38d54898bd1590d1dde69c39,13,train,0.85,17/20,3.0,5.203803166164319,5.203803166164319,0.625,C1,True,True,C1,True,False
b94ee1831a3656951f18871a,13,train,0.85,17/20,1.0,1.7346010553881064,1.7346010553881064,-0.25,C2,False,True,C2,False,False
42decaeab4c544770c91e077,13,train,0.85,17/20,1.0,1.7346010553881064,1.7346010553881064,-0.125,C2,False,True,C2,False,False
a0add1d21f4d4f20046e9229,13,train,0.85,17/20,-1.0,-1.7346010553881064,-1.7346010553881064,-0.875,C2,True,True,C2,True,False
8ca73f664f618a9b6d86d074,13,train,0.85,17/20,1.0,1.7346010553881064,1.7346010553881064,-0.875,C2,False,True,C2,False,False
bfdd2c8db0b01faa18c4c440,13,train,0.85,17/20,-1.0,-1.7346010553881064,-1.7346010553881064,-1.5,C2,True,True,C2,True,False
f768d96e7349158dd8d3fd70,13,train,0.85,17/20,-1.0,-1.7346010553881064,-1.7346010553881064,-1.375,C2,True,True,C2,True,False
c9aabb9909ca91aebfe4a50a,13,train,0.85,17/20,-3.0,-5.203803166164319,-5.203803166164319,-2.125,C2,True,True,C2,True,False
affbd4654b8ab54b97fddb92,14,train,0.85,17/20,-1.0,-1.7346010553881064,-1.7346010553881064,-0.875,C2,True,True,C2,True,False
3a41685aef69e28f50c15b73,14,train,0.85,17/20,-3.0,-5.203803166164319,-5.203803166164319,-0.5,C2,True,True,C2,True,False
b6f39ac129d58ef703e20d97,14,train,0.85,17/20,1.0,1.7346010553881064,1.7346010553881064,-0.125,C2,False,True,C2,False,False
9348bd32adbb9855d23ef161,14,train,0.85,17/20,-1.0,-1.7346010553881064,-1.7346010553881064,0.125,C1,False,True,C1,False,False
c33746dac88c69691dae4279,14,train,0.85,17/20,1.0,1.7346010553881064,1.7346010553881064,0.625,C1,True,True,C1,True,False
1dc1eec1c104ca3846d2018d,14,train,0.85,17/20,-1.0,-1.7346010553881064,-1.7346010553881064,0.75,C1,False,True,C1,False,False
b840c9721f15b6733fbcd2de,14,train,0.85,17/20,3.0,5.203803166164319,5.203803166164319,1.25,C1,True,True,C1,True,False
446449952c2100db98b9eecb,14,train,0.85,17/20,1.0,1.7346010553881064,1.7346010553881064,1.5,C1,True,True,C1,True,False
a47faf936bc7124bc4058f5e,15,train,0.85,17/20,-1.0,-1.7346010553881064,-1.7346010553881064,-1.0,C2,True,True,C2,True,False
0247b90e9ba698f317eaee83,15,train,0.85,17/20,-1.0,-1.7346010553881064,-1.7346010553881064,-0.875,C2,True,True,C2,True,False
3dc0e16020e69e4bd94537d5,15,train,0.85,17/20,1.0,1.7346010553881064,1.7346010553881064,-0.5,C2,False,True,C2,False,False
f5f660afb55ee5851f97f8c0,15,train,0.85,17/20,1.0,1.7346010553881064,1.7346010553881064,-0.5,C2,False,True,C2,False,False
cc4bdd24980b8eff5023d27f,15,train,0.85,17/20,-1.0,-1.7346010553881064,-1.7346010553881064,-0.5,C2,True,True,C2,True,False
4bedecfe6ed950e156367b61,15,train,0.85,17/20,-1.0,-1.7346010553881064,-1.7346010553881064,0.0,C2,True,True,TIE,False,True
ec2bd833b7e5013ae072cfca,15,train,0.85,17/20,1.0,1.7346010553881064,1.7346010553881064,0.0,C1,True,True,TIE,False,True
421c4a5d17fe3ba564476be5,15,train,0.85,17/20,1.0,1.7346010553881064,1.7346010553881064,0.5,C1,True,True,C1,True,False
57eca60643e15de4bddf6ccb,16,train,0.85,17/20,-1.0,-1.7346010553881064,-1.7346010553881064,-1.875,C2,True,True,C2,True,False
281b0bfbf80cca899eb607ec,16,train,0.85,17/20,-3.0,-5.203803166164319,-5.203803166164319,-1.375,C2,True,True,C2,True,False
c05e42440693a526b014d3ef,16,train,0.85,17/20,1.0,1.7346010553881064,1.7346010553881064,-1.0,C2,False,True,C2,False,False
5fd4e42318cee8ff78c9bca4,16,train,0.85,17/20,-1.0,-1.7346010553881064,-1.7346010553881064,-0.5,C2,True,True,C2,True,False
3b772392211cee98ae19e9d7,16,train,0.85,17/20,1.0,1.7346010553881064,1.7346010553881064,0.0,C1,True,True,TIE,False,True
fa45de1899b0ccfc1bd8e1d0,16,train,0.85,17/20,-1.0,-1.7346010553881064,-1.7346010553881064,0.375,C1,False,True,C1,False,False
02871828f7d7509f8af1d635,16,train,0.85,17/20,3.0,5.203803166164319,5.203803166164319,0.875,C1,True,True,C1,True,False
012354d82eb9236d3af6f69e,16,train,0.85,17/20,1.0,1.7346010553881064,1.7346010553881064,1.25,C1,True,True,C1,True,False
c9358451ffdd861caf65d2aa,17,train,0.85,17/20,1.0,1.7346010553881064,1.7346010553881064,0.25,C1,True,True,C1,True,False
dfeaa99057d77f101343c9d8,17,train,0.85,17/20,1.0,1.7346010553881064,1.7346010553881064,0.5,C1,True,True,C1,True,False
328967a9ea161cacc7bb6815,17,train,0.85,17/20,1.0,1.7346010553881064,1.7346010553881064,-0.125,C2,False,True,C2,False,False
abc65731da62612c6aebfdf9,17,train,0.85,17/20,1.0,1.7346010553881064,1.7346010553881064,0.125,C1,True,True,C1,True,False
5cdc30d0cc063cabcaa1b038,17,train,0.85,17/20,-1.0,-1.7346010553881064,-1.7346010553881064,-0.625,C2,True,True,C2,True,False
1455cb00c0d66687599e398e,17,train,0.85,17/20,-1.0,-1.7346010553881064,-1.7346010553881064,-0.25,C2,True,True,C2,True,False
fdde87cb081ab53e14cc16c0,17,train,0.85,17/20,-1.0,-1.7346010553881064,-1.7346010553881064,-0.625,C2,True,True,C2,True,False
2ea0d02bef74a904f42c0f0a,17,train,0.85,17/20,-1.0,-1.7346010553881064,-1.7346010553881064,0.125,C1,False,True,C1,False,False
d6abf9b6da71dcbb8d268cf6,18,train,0.85,17/20,0.0,0.0,0.0,-0.375,C2,,False,C2,False,False
b996b74f0b726cb4388858d9,18,train,0.85,17/20,-2.0,-3.4692021107762128,-3.4692021107762128,-0.5,C2,True,True,C2,True,False
cbf4a9fd11e9f4daf4d7b72f,18,train,0.85,17/20,2.0,3.4692021107762128,3.4692021107762128,0.125,C1,True,True,C1,True,False
7b73ac73a1d3493b85b495ec,18,train,0.85,17/20,0.0,0.0,0.0,-0.375,C2,,False,C2,False,False
f0fff5f27c1628d0400a4d4e,18,train,0.85,17/20,0.0,0.0,0.0,-0.5,C2,,False,C2,False,False
ae4f6db03839216d0e2b5ea0,18,train,0.85,17/20,-2.0,-3.4692021107762128,-3.4692021107762128,-0.625,C2,True,True,C2,True,False
cee727f27e6aef2ee7ff4695,18,train,0.85,17/20,2.0,3.4692021107762128,3.4692021107762128,0.625,C1,True,True,C1,True,False
b9a0d803892a98812c6b8de4,18,train,0.85,17/20,0.0,0.0,0.0,0.375,C1,,False,C1,False,False
f82e52850a05b7b270f4d721,19,train,0.85,17/20,-2.0,-3.4692021107762128,-3.4692021107762128,-1.375,C2,True,True,C2,True,False
12d3b7234ca0fc4c57916cc3,19,train,0.85,17/20,0.0,0.0,0.0,-0.375,C2,,False,C2,False,False
28053f2727585b50d35d1059,19,train,0.85,17/20,-2.0,-3.4692021107762128,-3.4692021107762128,-1.125,C2,True,True,C2,True,False
9f67f534480f63f7ecd423a5,19,train,0.85,17/20,0.0,0.0,0.0,0.375,C1,,False,C1,False,False
0bbfe2fbd1f586d5438bdfcb,19,train,0.85,17/20,0.0,0.0,0.0,0.25,C1,,False,C1,False,False
b3cb3eaee04c9801cc11a7ed,19,train,0.85,17/20,2.0,3.4692021107762128,3.4692021107762128,0.875,C1,True,True,C1,True,False
03591e4acf655996aeac68c2,19,train,0.85,17/20,0.0,0.0,0.0,0.0,C1,,False,TIE,False,True
1810ced3a87511f1bbf2ab04,19,train,0.85,17/20,2.0,3.4692021107762128,3.4692021107762128,1.875,C1,True,True,C1,True,False
3a8f36395645e350b822ac8f,20,train,0.85,17/20,0.0,0.0,0.0,-1.0,C2,,False,C2,False,False
34e34f2a37acccec35852aec,20,train,0.85,17/20,0.0,0.0,0.0,-0.875,C2,,False,C2,False,False
deb67ffc8f7a9d002fb10754,20,train,0.85,17/20,0.0,0.0,0.0,-1.125,C2,,False,C2,False,False
211d64d77ce9e657fc4ae35a,20,train,0.85,17/20,0.0,0.0,0.0,-0.625,C2,,False,C2,False,False
25740c2aea31e5e212b83950,20,train,0.85,17/20,0.0,0.0,0.0,-0.75,C2,,False,C2,False,False
2bf9245e371752dd658f9b12,20,train,0.85,17/20,0.0,0.0,0.0,-0.625,C2,,False,C2,False,False
ab69f5635be371f66711dfee,20,train,0.85,17/20,0.0,0.0,0.0,-0.875,C2,,False,C2,False,False
d81adb8a4043dbd0d555955f,20,train,0.85,17/20,0.0,0.0,0.0,-0.375,C2,,False,C2,False,False
cbe6bb871f0233a664781b80,21,train,0.85,17/20,0.0,0.0,0.0,-0.875,C2,,False,C2,False,False
26470bcb1e303dc0c9dad16f,21,train,0.85,17/20,0.0,0.0,0.0,-0.75,C2,,False,C2,False,False
d8ae6b8cc035b604f44a63fb,21,train,0.85,17/20,0.0,0.0,0.0,-0.625,C2,,False,C2,False,False
7e7c5bedf953e3af7c7ee5ef,21,train,0.85,17/20,0.0,0.0,0.0,-0.375,C2,,False,C2,False,False
3c21db4a68d994cb1edd3f05,21,train,0.85,17/20,0.0,0.0,0.0,-0.625,C2,,False,C2,False,False
4c96eac55544feeca32c17c8,21,train,0.85,17/20,0.0,0.0,0.0,-0.625,C2,,False,C2,False,False
8d0f27a360bb9735d965f498,21,train,0.85,17/20,0.0,0.0,0.0,-0.375,C2,,False,C2,False,False
17d8033cb4b221dc55b82326,21,train,0.85,17/20,0.0,0.0,0.0,-0.125,C2,,False,C2,False,False
6a2a46788d192024b62c6450,22,train,0.85,17/20,0.0,0.0,0.0,-0.75,C2,,False,C2,False,False
c65888229e46fbedba9aedb0,22,train,0.85,17/20,0.0,0.0,0.0,-0.5,C2,,False,C2,False,False
c21782bed19e584cd8d3d214,22,train,0.85,17/20,0.0,0.0,0.0,-0.75,C2,,False,C2,False,False
5db62f5776b66a5833134bdc,22,train,0.85,17/20,0.0,0.0,0.0,-0.5,C2,,False,C2,False,False
b8e51b5b31ea54662d808bff,22,train,0.85,17/20,0.0,0.0,0.0,-0.5,C2,,False,C2,False,False
720be4d3eab5d3a1deb3d1ca,22,train,0.85,17/20,0.0,0.0,0.0,-0.25,C2,,False,C2,False,False
1ce308f431a368066d9ee615,22,train,0.85,17/20,0.0,0.0,0.0,-0.5,C2,,False,C2,False,False
f23e65bd120041a1cb7f5ec4,22,train,0.85,17/20,0.0,0.0,0.0,0.125,C1,,False,C1,False,False
dc340dc1512d8d9b9269f918,23,train,0.85,17/20,-2.0,-3.4692021107762128,-3.4692021107762128,-1.625,C2,True,True,C2,True,False
68415570388b361be260ca00,23,train,0.85,17/20,-2.0,-3.4692021107762128,-3.4692021107762128,-0.75,C2,True,True,C2,True,False
28085d4c8e63fb26303305f2,23,train,0.85,17/20,0.0,0.0,0.0,-0.375,C2,,False,C2,False,False
f9d973f86adc95c15fbbf506,23,train,0.85,17/20,0.0,0.0,0.0,0.375,C1,,False,C1,False,False
9b08f441516bf1e040b2cc41,23,train,0.85,17/20,0.0,0.0,0.0,0.125,C1,,False,C1,False,False
7858281a96c06a135fee8f12,23,train,0.85,17/20,0.0,0.0,0.0,0.625,C1,,False,C1,False,False
0fcdff48b45c6e65ceef01af,23,train,0.85,17/20,2.0,3.4692021107762128,3.4692021107762128,1.375,C1,True,True,C1,True,False
6bfcdc3b543ff7d05ad444d1,23,train,0.85,17/20,2.0,3.4692021107762128,3.4692021107762128,2.0,C1,True,True,C1,True,False
8ba7e4e7f6d19f0be45f54d1,24,train,0.85,17/20,0.0,0.0,0.0,0.375,C1,,False,C1,False,False
819356a3a67469e1d9e044cc,24,train,0.85,17/20,2.0,3.4692021107762128,3.4692021107762128,0.25,C1,True,True,C1,True,False
fdfd16583bc19a02ab3ae4fd,24,train,0.85,17/20,0.0,0.0,0.0,0.25,C1,,False,C1,False,False
23606f7fc61ddb1d7c7b9418,24,train,0.85,17/20,2.0,3.4692021107762128,3.4692021107762128,0.25,C1,True,True,C1,True,False
c3d9c66c75eaee89a7a4af5a,24,train,0.85,17/20,-2.0,-3.4692021107762128,-3.4692021107762128,-0.875,C2,True,True,C2,True,False
d2d04bfa184c90390a93f54c,24,train,0.85,17/20,0.0,0.0,0.0,-0.875,C2,,False,C2,False,False
102fa1dbc2dcfacbcf198896,24,train,0.85,17/20,-2.0,-3.4692021107762128,-3.4692021107762128,-0.75,C2,True,True,C2,True,False
6e7377908ffc901562b28632,24,train,0.85,17/20,0.0,0.0,0.0,-0.125,C2,,False,C2,False,False
2b8c8a59a91917508a3428b8,25,train,0.85,17/20,2.0,3.4692021107762128,3.4692021107762128,0.5,C1,True,True,C1,True,False
5248e3a604fc31ebe0c8d301,25,train,0.85,17/20,2.0,3.4692021107762128,3.4692021107762128,0.0,C1,True,True,TIE,False,True
74de754f2bfcc5ecd1c5f50e,25,train,0.85,17/20,0.0,0.0,0.0,-0.5,C2,,False,C2,False,False
2ac727eb742644a8f85aad0b,25,train,0.85,17/20,0.0,0.0,0.0,-0.5,C2,,False,C2,False,False
01c6fd808e957322b1ba75e7,25,train,0.85,17/20,0.0,0.0,0.0,-0.875,C2,,False,C2,False,False
c2b717f8bf9f6071ad20a81c,25,train,0.85,17/20,0.0,0.0,0.0,-0.875,C2,,False,C2,False,False
992e8959bc0aba18af80e034,25,train,0.85,17/20,-2.0,-3.4692021107762128,-3.4692021107762128,-1.375,C2,True,True,C2,True,False
6a330c995c119d17f60588ed,25,train,0.85,17/20,-2.0,-3.4692021107762128,-3.4692021107762128,-1.5,C2,True,True,C2,True,False
1264405412f07b0f36fe778e,26,train,0.85,17/20,-1.0,-1.7346010553881064,-1.7346010553881064,-1.125,C2,True,True,C2,True,False
f30321a7b4530b832a547159,26,train,0.85,17/20,-1.0,-1.7346010553881064,-1.7346010553881064,-0.75,C2,True,True,C2,True,False
e2e6591337eb6d24d8edc051,26,train,0.85,17/20,1.0,1.7346010553881064,1.7346010553881064,-0.375,C2,False,True,C2,False,False
02bdba0a46483b5f073b69eb,26,train,0.85,17/20,1.0,1.7346010553881064,1.7346010553881064,-0.375,C2,False,True,C2,False,False
3bc6353b7bbc124c5cd629a0,26,train,0.85,17/20,-1.0,-1.7346010553881064,-1.7346010553881064,-0.875,C2,True,True,C2,True,False
291088684c40157806499736,26,train,0.85,17/20,-1.0,-1.7346010553881064,-1.7346010553881064,-0.375,C2,True,True,C2,True,False
420591a5e549484f4b97d979,26,train,0.85,17/20,1.0,1.7346010553881064,1.7346010553881064,-0.125,C1,True,True,C2,False,True
25063d3fa451b8214d1b6447,26,train,0.85,17/20,1.0,1.7346010553881064,1.7346010553881064,0.375,C1,True,True,C1,True,False
a11b7535292c0d8569d45c4c,27,train,0.85,17/20,0.0,0.0,0.0,-0.625,C2,,False,C2,False,False
98ce736db21294cf9380ff50,27,train,0.85,17/20,2.0,3.4692021107762128,3.4692021107762128,-0.375,C2,False,True,C2,False,False
b650e94fc8550d4aa1eb037c,27,train,0.85,17/20,-2.0,-3.4692021107762128,-3.4692021107762128,-1.0,C2,True,True,C2,True,False
129119533ffd56ed4330fa45,27,train,0.85,17/20,0.0,0.0,0.0,-0.25,C2,,False,C2,False,False
c504e930a508d663daa8c1d2,27,train,0.85,17/20,0.0,0.0,0.0,-0.5,C2,,False,C2,False,False
0adc42fc5905554f6285c912,27,train,0.85,17/20,2.0,3.4692021107762128,3.4692021107762128,-0.125,C2,False,True,C2,False,False
5e899a821dcc5f8d8a11f889,27,train,0.85,17/20,-2.0,-3.4692021107762128,-3.4692021107762128,-1.0,C2,True,True,C2,True,False
1968c85340cd4a1876bcf46b,27,train,0.85,17/20,0.0,0.0,0.0,0.0,C2,,False,TIE,False,True
1cfd257fb865c83f5a6e245c,28,train,0.85,17/20,0.0,0.0,0.0,-0.625,C2,,False,C2,False,False
9aab7d12236d7d8bfc5f0e64,28,train,0.85,17/20,0.0,0.0,0.0,-0.625,C2,,False,C2,False,False
7e9de36f175e51fbb731f2df,28,train,0.85,17/20,-2.0,-3.4692021107762128,-3.4692021107762128,-1.0,C2,True,True,C2,True,False
82f0a30d4a582f359c79ceea,28,train,0.85,17/20,-2.0,-3.4692021107762128,-3.4692021107762128,-0.5,C2,True,True,C2,True,False
c9b784732c5ba442fda2cce3,28,train,0.85,17/20,2.0,3.4692021107762128,3.4692021107762128,0.0,C2,False,True,TIE,False,True
805dbbdf3c1f50e26585d5f8,28,train,0.85,17/20,2.0,3.4692021107762128,3.4692021107762128,-0.125,C2,False,True,C2,False,False
08d8383cca9b89fea760663d,28,train,0.85,17/20,0.0,0.0,0.0,-0.5,C2,,False,C2,False,False
6e6cefe3400e60a7191f73de,28,train,0.85,17/20,0.0,0.0,0.0,0.0,C2,,False,TIE,False,True
db06262edcd18af27cd188af,29,train,0.85,17/20,-1.0,-1.7346010553881064,-1.7346010553881064,-1.25,C2,True,True,C2,True,False
da64d82aee27ecffa6b6be65,29,train,0.85,17/20,-1.0,-1.7346010553881064,-1.7346010553881064,-1.0,C2,True,True,C2,True,False
41caff882190a3b1acba35da,29,train,0.85,17/20,-1.0,-1.7346010553881064,-1.7346010553881064,-1.125,C2,True,True,C2,True,False
e566e3c0cc4f693798f1904e,29,train,0.85,17/20,-1.0,-1.7346010553881064,-1.7346010553881064,-0.375,C2,True,True,C2,True,False
2ad60a3d21bd9ac2b71a1336,29,train,0.85,17/20,1.0,1.7346010553881064,1.7346010553881064,-0.125,C2,False,True,C2,False,False
427ff0d49926100f62e0cab4,29,train,0.85,17/20,1.0,1.7346010553881064,1.7346010553881064,0.0,C1,True,True,TIE,False,True
60b47e7733dbf9c48d2f7ab8,29,train,0.85,17/20,1.0,1.7346010553881064,1.7346010553881064,-0.25,C2,False,True,C2,False,False
110ffd13d66c7e90396113dc,29,train,0.85,17/20,1.0,1.7346010553881064,1.7346010553881064,0.5,C1,True,True,C1,True,False
ddbde62d27d4a0b4ad0e8636,30,train,0.85,17/20,3.0,5.203803166164319,5.203803166164319,0.75,C1,True,True,C1,True,False
e26e41cc6aa1ac57eb66f7dc,30,train,0.85,17/20,1.0,1.7346010553881064,1.7346010553881064,0.125,C1,True,True,C1,True,False
16dba2e1955152fad94e3737,30,train,0.85,17/20,1.0,1.7346010553881064,1.7346010553881064,-0.625,C2,False,True,C2,False,False
6b6f200db0e52281525a67f4,30,train,0.85,17/20,-1.0,-1.7346010553881064,-1.7346010553881064,-0.625,C2,True,True,C2,True,False
ba60d6bb20a3c00442aedc74,30,train,0.85,17/20,1.0,1.7346010553881064,1.7346010553881064,-0.75,C2,False,True,C2,False,False
faf582aeb0b4c1e385d744f9,30,train,0.85,17/20,-1.0,-1.7346010553881064,-1.7346010553881064,-1.125,C2,True,True,C2,True,False
df9db26dd954609928084a9d,30,train,0.85,17/20,-1.0,-1.7346010553881064,-1.7346010553881064,-1.75,C2,True,True,C2,True,False
783f877f63009780541b32cc,30,train,0.85,17/20,-3.0,-5.203803166164319,-5.203803166164319,-1.875,C2,True,True,C2,True,False
dc3c1defdb22a1c72a507b0b,31,train,0.85,17/20,-1.0,-1.7346010553881064,-1.7346010553881064,-1.5,C2,True,True,C2,True,False
ce191927f7d891fb0335b0b2,31,train,0.85,17/20,1.0,1.7346010553881064,1.7346010553881064,-0.625,C2,False,True,C2,False,False
bbac7ff0d2779c1f93249092,31,train,0.85,17/20,-1.0,-1.7346010553881064,-1.7346010553881064,-1.375,C2,True,True,C2,True,False
e27c9badf1f68b3faeca20ad,31,train,0.85,17/20,1.0,1.7346010553881064,1.7346010553881064,0.25,C1,True,True,C1,True,False
162a2dce8a79dfcad2f5e75d,31,train,0.85,17/20,-1.0,-1.7346010553881064,-1.7346010553881064,-0.125,C2,True,True,C2,True,False
e72ff8405ebb245e33e58f2b,31,train,0.85,17/20,1.0,1.7346010553881064,1.7346010553881064,0.625,C1,True,True,C1,True,False
723f320268110e6119f12869,31,train,0.85,17/20,-1.0,-1.7346010553881064,-1.7346010553881064,-0.375,C2,True,True,C2,True,False
37139ac0624c17f09fa84eeb,31,train,0.85,17/20,1.0,1.7346010553881064,1.7346010553881064,1.5,C1,True,True,C1,True,False
b948169bc91834eb727c6630,32,train,0.85,17/20,-1.0,-1.7346010553881064,-1.7346010553881064,-0.875,C2,True,True,C2,True,False
1570108d5eddb112df96eeb9,32,train,0.85,17/20,1.0,1.7346010553881064,1.7346010553881064,-0.375,C2,False,True,C2,False,False
2ecaba5b683b9b36997cce76,32,train,0.85,17/20,-1.0,-1.7346010553881064,-1.7346010553881064,-0.875,C2,True,True,C2,True,False
5682fe7d8ec5e54b79e7872d,32,train,0.85,17/20,1.0,1.7346010553881064,1.7346010553881064,-0.125,C2,False,True,C2,False,False
2f220d81dd626ad2e4e7cd51,32,train,0.85,17/20,-1.0,-1.7346010553881064,-1.7346010553881064,-0.5,C2,True,True,C2,True,False
ec7b746a1e27de4008f458c3,32,train,0.85,17/20,1.0,1.7346010553881064,1.7346010553881064,-0.125,C2,False,True,C2,False,False
5bb9f78f80640d5fe4839d95,32,train,0.85,17/20,-1.0,-1.7346010553881064,-1.7346010553881064,-0.5,C2,True,True,C2,True,False
f5b084eae837dc95b2301425,32,train,0.85,17/20,1.0,1.7346010553881064,1.7346010553881064,0.5,C1,True,True,C1,True,False
29178824b754e949c2967871,33,train,0.85,17/20,-3.0,-5.203803166164319,-5.203803166164319,-1.5,C2,True,True,C2,True,False
0257a618bb63796905fbad40,33,train,0.85,17/20,-1.0,-1.7346010553881064,-1.7346010553881064,-0.875,C2,True,True,C2,True,False
3f33f8907c0b5538ece5dab5,33,train,0.85,17/20,-1.0,-1.7346010553881064,-1.7346010553881064,-0.375,C2,True,True,C2,True,False
4120026e50a525676aa4f4cf,33,train,0.85,17/20,1.0,1.7346010553881064,1.7346010553881064,0.25,C1,True,True,C1,True,False
9ba2ba1b2b204e88be4b4843,33,train,0.85,17/20,-1.0,-1.7346010553881064,-1.7346010553881064,0.25,C1,False,True,C1,False,False
6735d611e6df19419a226585,33,train,0.85,17/20,1.0,1.7346010553881064,1.7346010553881064,0.75,C1,True,True,C1,True,False
bde8eed953cfc292537917cf,33,train,0.85,17/20,1.0,1.7346010553881064,1.7346010553881064,1.0,C1,True,True,C1,True,False
712ac4597bbc842a6f659b26,33,train,0.85,17/20,3.0,5.203803166164319,5.203803166164319,1.625,C1,True,True,C1,True,False
dcc2010dc32ec182d3d45afa,34,train,0.85,17/20,1.0,1.7346010553881064,1.7346010553881064,0.375,C1,True,True,C1,True,False
064c69b98677b2c6c49228e6,34,train,0.85,17/20,1.0,1.7346010553881064,1.7346010553881064,0.25,C1,True,True,C1,True,False
dfd70af30f32488b82b8ae9e,34,train,0.85,17/20,1.0,1.7346010553881064,1.7346010553881064,0.5,C1,True,True,C1,True,False
d28af5e5b93d89627f027205,34,train,0.85,17/20,1.0,1.7346010553881064,1.7346010553881064,0.5,C1,True,True,C1,True,False
93c87cd2bb2e5f0950e105aa,34,train,0.85,17/20,-1.0,-1.7346010553881064,-1.7346010553881064,-0.625,C2,True,True,C2,True,False
827b63639c1934fdc6555461,34,train,0.85,17/20,-1.0,-1.7346010553881064,-1.7346010553881064,-0.625,C2,True,True,C2,True,False
8c40b7b2fdfbde44b3daa12e,34,train,0.85,17/20,-1.0,-1.7346010553881064,-1.7346010553881064,-0.625,C2,True,True,C2,True,False
463d2e14c165b29df9e236ce,34,train,0.85,17/20,-1.0,-1.7346010553881064,-1.7346010553881064,-0.125,C2,True,True,C2,True,False
e73ff3ee1f0fcd84e6c77964,35,train,0.85,17/20,0.0,0.0,0.0,-0.875,C2,,False,C2,False,False
2a0de2a9c143075fc41ae8ca,35,train,0.85,17/20,0.0,0.0,0.0,-0.625,C2,,False,C2,False,False
8b7d577324c4ce497d254b26,35,train,0.85,17/20,0.0,0.0,0.0,-0.625,C2,,False,C2,False,False
472f73ba78695659b6ae4591,35,train,0.85,17/20,0.0,0.0,0.0,-0.375,C2,,False,C2,False,False
fda08a2a9d6e6c1f35894f86,35,train,0.85,17/20,0.0,0.0,0.0,-0.5,C2,,False,C2,False,False
0ea2beba7458815962bbc90a,35,train,0.85,17/20,0.0,0.0,0.0,-0.375,C2,,False,C2,False,False
edb9dc6c13b1a3d4c021e006,35,train,0.85,17/20,0.0,0.0,0.0,-0.375,C2,,False,C2,False,False
dafb8c3404ce836a261d7711,35,train,0.85,17/20,0.0,0.0,0.0,0.0,C2,,False,TIE,False,True
6beb9d81772849866e0decda,36,train,0.85,17/20,-1.0,-1.7346010553881064,-1.7346010553881064,-1.5,C2,True,True,C2,True,False
22041adee9f1b9438b2e014c,36,train,0.85,17/20,-1.0,-1.7346010553881064,-1.7346010553881064,-1.0,C2,True,True,C2,True,False
c7d2e510dc92a2f427ee8359,36,train,0.85,17/20,1.0,1.7346010553881064,1.7346010553881064,-0.875,C2,False,True,C2,False,False
120d3d444e2bafe3a5176d50,36,train,0.85,17/20,1.0,1.7346010553881064,1.7346010553881064,-0.625,C2,False,True,C2,False,False
8d2ab6d3935b6bac16e0fae4,36,train,0.85,17/20,-1.0,-1.7346010553881064,-1.7346010553881064,-1.0,C2,True,True,C2,True,False
df7e89a1e77ca0f02fe2e802,36,train,0.85,17/20,-1.0,-1.7346010553881064,-1.7346010553881064,-0.75,C2,True,True,C2,True,False
37ddf462cf77167df53c3479,36,train,0.85,17/20,1.0,1.7346010553881064,1.7346010553881064,-0.375,C2,False,True,C2,False,False
7766e518819ba9e1e65633db,36,train,0.85,17/20,1.0,1.7346010553881064,1.7346010553881064,0.0,C1,True,True,TIE,False,True
7a72dc4842e5c38dc6230b25,37,train,0.85,17/20,0.0,0.0,0.0,-0.5,C2,,False,C2,False,False
2f57498b8d464d22890ff96b,37,train,0.85,17/20,0.0,0.0,0.0,-0.625,C2,,False,C2,False,False
37b511625d9518d8b193a598,37,train,0.85,17/20,0.0,0.0,0.0,-0.625,C2,,False,C2,False,False
dabcb66f3c1db4a41a6db11a,37,train,0.85,17/20,0.0,0.0,0.0,-0.25,C2,,False,C2,False,False
e101576e19788c8949a2bf33,37,train,0.85,17/20,0.0,0.0,0.0,-0.5,C2,,False,C2,False,False
871ec719415233bb3726cd8e,37,train,0.85,17/20,0.0,0.0,0.0,-0.5,C2,,False,C2,False,False
b2c8baf16c08f1d02ef7a19d,37,train,0.85,17/20,0.0,0.0,0.0,-0.75,C2,,False,C2,False,False
fba91e02a5ebb1b3c6fcaa72,37,train,0.85,17/20,0.0,0.0,0.0,-0.125,C2,,False,C2,False,False
be961c286a494b571996f12a,38,train,0.85,17/20,1.0,1.7346010553881064,1.7346010553881064,-0.25,C2,False,True,C2,False,False
71f98fc78fded9833cbc04d3,38,train,0.85,17/20,-1.0,-1.7346010553881064,-1.7346010553881064,-0.375,C2,True,True,C2,True,False
154d38f1a93b9b0c2b5fc230,38,train,0.85,17/20,-1.0,-1.7346010553881064,-1.7346010553881064,-1.25,C2,True,True,C2,True,False
206aab31b84e75beb44a06b2,38,train,0.85,17/20,-3.0,-5.203803166164319,-5.203803166164319,-0.875,C2,True,True,C2,True,False
4e51558be96cdd857ec56e37,38,train,0.85,17/20,3.0,5.203803166164319,5.203803166164319,0.625,C1,True,True,C1,True,False
c1bf240a0802c16ced56fd19,38,train,0.85,17/20,1.0,1.7346010553881064,1.7346010553881064,0.125,C1,True,True,C1,True,False
809325872c0ff86445a985d5,38,train,0.85,17/20,1.0,1.7346010553881064,1.7346010553881064,-0.875,C2,False,True,C2,False,False
e14446f13b5be1f004fd0ad7,38,train,0.85,17/20,-1.0,-1.7346010553881064,-1.7346010553881064,-0.5,C2,True,True,C2,True,False
0239341fc420a35af6c837fd,39,train,0.85,17/20,0.0,0.0,0.0,-0.5,C2,,False,C2,False,False
235b85b4b8538ffd521e02d3,39,train,0.85,17/20,0.0,0.0,0.0,-0.25,C2,,False,C2,False,False
ca946078af25a0c6d9c661a1,39,train,0.85,17/20,0.0,0.0,0.0,-0.5,C2,,False,C2,False,False
8e6594ab42389fb1b72a0ced,39,train,0.85,17/20,0.0,0.0,0.0,-0.25,C2,,False,C2,False,False
71591c6a973a24b3d1953ff9,39,train,0.85,17/20,0.0,0.0,0.0,-0.5,C2,,False,C2,False,False
82359c45e13c3147747a4a96,39,train,0.85,17/20,0.0,0.0,0.0,-0.125,C2,,False,C2,False,False
bfd23fb1fc90d1994bf5e814,39,train,0.85,17/20,0.0,0.0,0.0,-0.5,C2,,False,C2,False,False
980a99b220853dae802de9e9,39,train,0.85,17/20,0.0,0.0,0.0,0.25,C1,,False,C1,False,False
49a6c19e4b2162977c5caad7,40,train,0.85,17/20,2.0,3.4692021107762128,3.4692021107762128,0.875,C1,True,True,C1,True,False
b24b512088a7871874b7052c,40,train,0.85,17/20,0.0,0.0,0.0,0.375,C1,,False,C1,False,False
e9254c9162062448c5ab6632,40,train,0.85,17/20,2.0,3.4692021107762128,3.4692021107762128,0.5,C1,True,True,C1,True,False
c7f324f02b852601d6177094,40,train,0.85,17/20,0.0,0.0,0.0,0.0,C1,,False,TIE,False,True
4815c60361c25825cbffa5da,40,train,0.85,17/20,0.0,0.0,0.0,-0.875,C2,,False,C2,False,False
db05ede8a846b23a71584083,40,train,0.85,17/20,-2.0,-3.4692021107762128,-3.4692021107762128,-1.0,C2,True,True,C2,True,False
b237c26fb26ae2850b8da746,40,train,0.85,17/20,0.0,0.0,0.0,-1.0,C2,,False,C2,False,False
bb506b0d5aa6a5dd6d667bff,40,train,0.85,17/20,-2.0,-3.4692021107762128,-3.4692021107762128,-1.0,C2,True,True,C2,True,False
c6eaea55a3d5b70b62a73baa,41,train,0.85,17/20,0.0,0.0,0.0,-1.375,C2,,False,C2,False,False
b15096d457556aca0ef8c55c,41,train,0.85,17/20,-2.0,-3.4692021107762128,-3.4692021107762128,-1.25,C2,True,True,C2,True,False
9cd308d5466c0bb5ce57fe96,41,train,0.85,17/20,0.0,0.0,0.0,-1.125,C2,,False,C2,False,False
1ffed1e47242157efd5e9c57,41,train,0.85,17/20,-2.0,-3.4692021107762128,-3.4692021107762128,-1.0,C2,True,True,C2,True,False
9699ab5192e035648c4e2211,41,train,0.85,17/20,2.0,3.4692021107762128,3.4692021107762128,-0.375,C2,False,True,C2,False,False
8506003e51c579c417284863,41,train,0.85,17/20,0.0,0.0,0.0,-0.625,C2,,False,C2,False,False
bc56b24de31ec63ed21256e3,41,train,0.85,17/20,2.0,3.4692021107762128,3.4692021107762128,-0.375,C2,False,True,C2,False,False
51c6d6cd7b2a0bd6e8062a8b,41,train,0.85,17/20,0.0,0.0,0.0,-0.375,C2,,False,C2,False,False
d68b5ffbdaa9354dced4a48d,42,train,0.85,17/20,-1.0,-1.7346010553881064,-1.7346010553881064,-1.0,C2,True,True,C2,True,False
fad63204e860dcb58174678b,42,train,0.85,17/20,-1.0,-1.7346010553881064,-1.7346010553881064,-0.5,C2,True,True,C2,True,False
2a8971266ab6d553f4aae3cc,42,train,0.85,17/20,1.0,1.7346010553881064,1.7346010553881064,-0.5,C2,False,True,C2,False,False
57aaf15bd5f8127950c0278b,42,train,0.85,17/20,1.0,1.7346010553881064,1.7346010553881064,-0.125,C2,False,True,C2,False,False
7461bb5a3a279af8a21cfbb7,42,train,0.85,17/20,-1.0,-1.7346010553881064,-1.7346010553881064,-0.75,C2,True,True,C2,True,False
16718e21f2c603bf89ef3400,42,train,0.85,17/20,-1.0,-1.7346010553881064,-1.7346010553881064,-0.375,C2,True,True,C2,True,False
3e32929b882ae3a934332d0c,42,train,0.85,17/20,1.0,1.7346010553881064,1.7346010553881064,-0.125,C2,False,True,C2,False,False
ee7bea7156c1afb2642ce6be,42,train,0.85,17/20,1.0,1.7346010553881064,1.7346010553881064,0.5,C1,True,True,C1,True,False
3feadd2af3019ad100e3f7a3,43,train,0.85,17/20,0.0,0.0,0.0,-1.375,C2,,False,C2,False,False
6f07dd4d4012ae1d505f040c,43,train,0.85,17/20,-2.0,-3.4692021107762128,-3.4692021107762128,-1.0,C2,True,True,C2,True,False
cb5b1549b7f938bfd122854d,43,train,0.85,17/20,0.0,0.0,0.0,-0.5,C2,,False,C2,False,False
42702e6210f527a752322ff5,43,train,0.85,17/20,-2.0,-3.4692021107762128,-3.4692021107762128,-0.5,C2,True,True,C2,True,False
be7bbfd35a087784496af371,43,train,0.85,17/20,2.0,3.4692021107762128,3.4692021107762128,0.125,C1,True,True,C1,True,False
f8e93ca61af7470e218b635c,43,train,0.85,17/20,0.0,0.0,0.0,0.125,C1,,False,C1,False,False
a44ec89b86028ed7222c8f97,43,train,0.85,17/20,2.0,3.4692021107762128,3.4692021107762128,0.375,C1,True,True,C1,True,False
495f2e66d082f50606441f3f,43,train,0.85,17/20,0.0,0.0,0.0,0.75,C1,,False,C1,False,False
718dff96ba3dc549241fb7c5,44,train,0.85,17/20,-1.0,-1.7346010553881064,-1.7346010553881064,-1.625,C2,True,True,C2,True,False
739fb756f3cf1a5b71d9f451,44,train,0.85,17/20,-1.0,-1.7346010553881064,-1.7346010553881064,-1.125,C2,True,True,C2,True,False
88e4d71a35866274b70b80b5,44,train,0.85,17/20,-1.0,-1.7346010553881064,-1.7346010553881064,-1.25,C2,True,True,C2,True,False
51b60b6b23325830e6120cf9,44,train,0.85,17/20,-1.0,-1.7346010553881064,-1.7346010553881064,-0.375,C2,True,True,C2,True,False
32406bbad20a15997e50ed5c,44,train,0.85,17/20,1.0,1.7346010553881064,1.7346010553881064,0.125,C1,True,True,C1,True,False
487ce240f4a76cc581852220,44,train,0.85,17/20,1.0,1.7346010553881064,1.7346010553881064,0.25,C1,True,True,C1,True,False
760dfc77381d259f016b8655,44,train,0.85,17/20,1.0,1.7346010553881064,1.7346010553881064,0.25,C1,True,True,C1,True,False
6e246f22aa5b34c46d96c7e6,44,train,0.85,17/20,1.0,1.7346010553881064,1.7346010553881064,1.0,C1,True,True,C1,True,False
0e02673593f5b355d9c535a3,45,train,0.85,17/20,0.0,0.0,0.0,-1.0,C2,,False,C2,False,False
3ea5a8049a41f0e1114c02d4,45,train,0.85,17/20,0.0,0.0,0.0,-0.75,C2,,False,C2,False,False
746f397db517675c94997b8c,45,train,0.85,17/20,0.0,0.0,0.0,-0.75,C2,,False,C2,False,False
523e2f0ce675df9de3d1980b,45,train,0.85,17/20,0.0,0.0,0.0,-0.375,C2,,False,C2,False,False
62b5e6449074c59ecba0bc40,45,train,0.85,17/20,0.0,0.0,0.0,-0.5,C2,,False,C2,False,False
dcde0ff4102591eca3975bdb,45,train,0.85,17/20,0.0,0.0,0.0,-0.375,C2,,False,C2,False,False
aeb9fd9a4f3c7bd6a755cc4b,45,train,0.85,17/20,0.0,0.0,0.0,-0.25,C2,,False,C2,False,False
ba49eb318afbb7a5a70e2cc6,45,train,0.85,17/20,0.0,0.0,0.0,0.25,C1,,False,C1,False,False
140715261708c9926881ad03,46,train,0.85,17/20,-2.0,-3.4692021107762128,-3.4692021107762128,-1.75,C2,True,True,C2,True,False
5f811dcc99c386fefb8accd7,46,train,0.85,17/20,-2.0,-3.4692021107762128,-3.4692021107762128,-1.375,C2,True,True,C2,True,False
a63359624060224aa5db69e9,46,train,0.85,17/20,0.0,0.0,0.0,-0.875,C2,,False,C2,False,False
5aba75f280854358483a642c,46,train,0.85,17/20,0.0,0.0,0.0,-0.375,C2,,False,C2,False,False
c873ae253b3eba6393639128,46,train,0.85,17/20,0.0,0.0,0.0,-0.125,C2,,False,C2,False,False
ef2fd214b03c45d4445495d6,46,train,0.85,17/20,0.0,0.0,0.0,0.125,C1,,False,C1,False,False
551f0af1d3d0d8f0d213104c,46,train,0.85,17/20,2.0,3.4692021107762128,3.4692021107762128,0.625,C1,True,True,C1,True,False
7fd75b2d0a5243eb1ad6a6a2,46,train,0.85,17/20,2.0,3.4692021107762128,3.4692021107762128,1.375,C1,True,True,C1,True,False
b98b943a574ef357d5a9f149,47,train,0.85,17/20,1.0,1.7346010553881064,1.7346010553881064,0.0,C1,True,True,TIE,False,True
2c2a786082f88b1eea469734,47,train,0.85,17/20,1.0,1.7346010553881064,1.7346010553881064,-0.125,C2,False,True,C2,False,False
cf639e7202ece0706d45cbfc,47,train,0.85,17/20,-1.0,-1.7346010553881064,-1.7346010553881064,-0.625,C2,True,True,C2,True,False
79e1004e7819acfb76583109,47,train,0.85,17/20,-1.0,-1.7346010553881064,-1.7346010553881064,-0.25,C2,True,True,C2,True,False
284bbffc6dfbd16d9fe5b9c5,47,train,0.85,17/20,1.0,1.7346010553881064,1.7346010553881064,0.125,C1,True,True,C1,True,False
673e6dbf8a720e37f97d8532,47,train,0.85,17/20,1.0,1.7346010553881064,1.7346010553881064,-0.375,C2,False,True,C2,False,False
8e32ebd6a33e7c9594b9b0c6,47,train,0.85,17/20,-1.0,-1.7346010553881064,-1.7346010553881064,-0.875,C2,True,True,C2,True,False
ce30c599c4727aa48dd8573e,47,train,0.85,17/20,-1.0,-1.7346010553881064,-1.7346010553881064,-0.25,C2,True,True,C2,True,False
77b8adb6a03fe7befac2f791,48,train,0.85,17/20,0.0,0.0,0.0,-0.125,C1,,False,C2,False,True
90aa09be07b880cd8a5771f8,48,train,0.85,17/20,0.0,0.0,0.0,0.125,C1,,False,C1,False,False
1c84ffdd7a17571947f859a2,48,train,0.85,17/20,-2.0,-3.4692021107762128,-3.4692021107762128,-1.125,C2,True,True,C2,True,False
18bcd4e82a8ce3d1616d36de,48,train,0.85,17/20,-2.0,-3.4692021107762128,-3.4692021107762128,0.125,C1,False,True,C1,False,False
6aee1397fb790527b3964d39,48,train,0.85,17/20,2.0,3.4692021107762128,3.4692021107762128,0.5,C1,True,True,C1,True,False
d6afb60a8c16510bba8ae458,48,train,0.85,17/20,2.0,3.4692021107762128,3.4692021107762128,0.5,C1,True,True,C1,True,False
6cc0db896e1fd09da593c8d3,48,train,0.85,17/20,0.0,0.0,0.0,-0.625,C2,,False,C2,False,False
6899fc6a330c9dddc77af9be,48,train,0.85,17/20,0.0,0.0,0.0,0.75,C1,,False,C1,False,False
1c48b0995061a1c8835a28e5,49,train,0.85,17/20,0.0,0.0,0.0,-1.25,C2,,False,C2,False,False
652e81841be6c21677f60486,49,train,0.85,17/20,0.0,0.0,0.0,-1.0,C2,,False,C2,False,False
7d65a6cab4347df7a21a1a87,49,train,0.85,17/20,-2.0,-3.4692021107762128,-3.4692021107762128,-1.25,C2,True,True,C2,True,False
a3f63d3b2cd381bec38e66f0,49,train,0.85,17/20,-2.0,-3.4692021107762128,-3.4692021107762128,-0.625,C2,True,True,C2,True,False
3781f2d8311a02d5444bcd5c,49,train,0.85,17/20,2.0,3.4692021107762128,3.4692021107762128,0.125,C1,True,True,C1,True,False
6bdc9e00dc503670740fa7f6,49,train,0.85,17/20,2.0,3.4692021107762128,3.4692021107762128,0.0,C1,True,True,TIE,False,True
d1acee346234876477baa0b1,49,train,0.85,17/20,0.0,0.0,0.0,-0.125,C2,,False,C2,False,False
b2bef00336f293f9d0307422,49,train,0.85,17/20,0.0,0.0,0.0,0.375,C1,,False,C1,False,False
26851d078eb86dead0eafbf9,50,train,0.85,17/20,1.0,1.7346010553881064,1.7346010553881064,0.875,C1,True,True,C1,True,False
6e01989bd113c0159c408414,50,train,0.85,17/20,-1.0,-1.7346010553881064,-1.7346010553881064,0.625,C1,False,True,C1,False,False
7520f1740ac39ac14590bd86,50,train,0.85,17/20,3.0,5.203803166164319,5.203803166164319,1.875,C1,True,True,C1,True,False
8b200abc9ec1e66def263c26,50,train,0.85,17/20,1.0,1.7346010553881064,1.7346010553881064,0.75,C1,True,True,C1,True,False
3f720ff3c797da1347aebb63,50,train,0.85,17/20,-1.0,-1.7346010553881064,-1.7346010553881064,-1.375,C2,True,True,C2,True,False
9e58473fcefcc87fb2b03da4,50,train,0.85,17/20,-3.0,-5.203803166164319,-5.203803166164319,-1.0,C2,True,True,C2,True,False
2dc97d093baf157659f72bf3,50,train,0.85,17/20,1.0,1.7346010553881064,1.7346010553881064,1.0,C1,True,True,C1,True,False
216d40ddb67af2d1028236d3,50,train,0.85,17/20,-1.0,-1.7346010553881064,-1.7346010553881064,0.875,C1,False,True,C1,False,False
e647d5ba0407f87d582fb5c6,51,train,0.85,17/20,-1.0,-1.7346010553881064,-1.7346010553881064,-0.25,C2,True,True,C2,True,False
0c312450e427c7ea88c023ff,51,train,0.85,17/20,1.0,1.7346010553881064,1.7346010553881064,-0.125,C2,False,True,C2,False,False
ce10955301d7326484eabb8d,51,train,0.85,17/20,1.0,1.7346010553881064,1.7346010553881064,0.0,C2,False,True,TIE,False,True
ed238b9fbf3cdc84a744660a,51,train,0.85,17/20,3.0,5.203803166164319,5.203803166164319,0.25,C1,True,True,C1,True,False
f9f95a06174b0681ad1e5aa2,51,train,0.85,17/20,-3.0,-5.203803166164319,-5.203803166164319,-1.375,C2,True,True,C2,True,False
9c17045d210e1bb77bc7ae1c,51,train,0.85,17/20,-1.0,-1.7346010553881064,-1.7346010553881064,-0.625,C2,True,True,C2,True,False
3233a07d901e1e665062c1a6,51,train,0.85,17/20,-1.0,-1.7346010553881064,-1.7346010553881064,-0.625,C2,True,True,C2,True,False
718f3a9a3612a210e3a8bbf0,51,train,0.85,17/20,1.0,1.7346010553881064,1.7346010553881064,0.125,C1,True,True,C1,True,False
c29ce1d799cac5059a41f020,52,train,0.85,17/20,-1.0,-1.7346010553881064,-1.7346010553881064,-1.0,C2,True,True,C2,True,False
db371a62d70237eaf8f0bd99,52,train,0.85,17/20,1.0,1.7346010553881064,1.7346010553881064,-0.625,C2,False,True,C2,False,False
e1d16effc3d905de94b427fe,52,train,0.85,17/20,-1.0,-1.7346010553881064,-1.7346010553881064,-1.0,C2,True,True,C2,True,False
0d1c416cd676357c844a8b2a,52,train,0.85,17/20,1.0,1.7346010553881064,1.7346010553881064,-0.5,C2,False,True,C2,False,False
0df0b5350dd1b7eee12539c9,52,train,0.85,17/20,-1.0,-1.7346010553881064,-1.7346010553881064,-0.625,C2,True,True,C2,True,False
283ae57edee0d8d9f3fa935c,52,train,0.85,17/20,1.0,1.7346010553881064,1.7346010553881064,-0.25,C2,False,True,C2,False,False
7917db68a9f4c3e4addc886d,52,train,0.85,17/20,-1.0,-1.7346010553881064,-1.7346010553881064,-0.625,C2,True,True,C2,True,False
ab7512b347ae70e1b285d807,52,train,0.85,17/20,1.0,1.7346010553881064,1.7346010553881064,0.125,C1,True,True,C1,True,False
40e8266b018b171c94c61806,53,train,0.85,17/20,1.0,1.7346010553881064,1.7346010553881064,-0.875,C2,False,True,C2,False,False
effecefc52650ceea556f260,53,train,0.85,17/20,-1.0,-1.7346010553881064,-1.7346010553881064,-0.625,C2,True,True,C2,True,False
e14abf5652bf5bd386666a31,53,train,0.85,17/20,1.0,1.7346010553881064,1.7346010553881064,-0.5,C2,False,True,C2,False,False
50370ae5e1c9f4b8c8eab86b,53,train,0.85,17/20,-1.0,-1.7346010553881064,-1.7346010553881064,-0.625,C2,True,True,C2,True,False
9a7ab0b84a491e3c0116d707,53,train,0.85,17/20,1.0,1.7346010553881064,1.7346010553881064,-0.5,C2,False,True,C2,False,False
04ab78cf1e73464dd983a92b,53,train,0.85,17/20,-1.0,-1.7346010553881064,-1.7346010553881064,-0.625,C2,True,True,C2,True,False
1ea9c51f6f5b430660a8f4d1,53,train,0.85,17/20,1.0,1.7346010553881064,1.7346010553881064,-0.375,C2,False,True,C2,False,False
e2fa34b45a2714d341d44389,53,train,0.85,17/20,-1.0,-1.7346010553881064,-1.7346010553881064,-0.625,C2,True,True,C2,True,False
521b99e737b9a3413a0be63c,54,train,0.85,17/20,2.0,3.4692021107762128,3.4692021107762128,0.375,C1,True,True,C1,True,False
6dbaed9b79eb6792b927760e,54,train,0.85,17/20,2.0,3.4692021107762128,3.4692021107762128,0.125,C1,True,True,C1,True,False
7f9ed82716a112da19b4a912,54,train,0.85,17/20,0.0,0.0,0.0,-0.75,C2,,False,C2,False,False
ccca8df12a5b052cdf8df7a7,54,train,0.85,17/20,0.0,0.0,0.0,-0.5,C2,,False,C2,False,False
13fb5fe74a1b3ff16823a037,54,train,0.85,17/20,0.0,0.0,0.0,-0.75,C2,,False,C2,False,False
3528dddaebf52d235a6a74b8,54,train,0.85,17/20,0.0,0.0,0.0,-1.0,C2,,False,C2,False,False
209fda8d2b17786507e3f687,54,train,0.85,17/20,-2.0,-3.4692021107762128,-3.4692021107762128,-1.75,C2,True,True,C2,True,False
a6c8d804f095b9998fe877ce,54,train,0.85,17/20,-2.0,-3.4692021107762128,-3.4692021107762128,-1.625,C2,True,True,C2,True,False
823b336993c58711c2a278f8,55,train,0.85,17/20,2.0,3.4692021107762128,3.4692021107762128,0.875,C1,True,True,C1,True,False
b7539176dca343cd991864e1,55,train,0.85,17/20,0.0,0.0,0.0,0.5,C1,,False,C1,False,False
e312fd36c5aa2c45a37bf169,55,train,0.85,17/20,2.0,3.4692021107762128,3.4692021107762128,0.5,C1,True,True,C1,True,False
8974ebee28e39fea2e6b065b,55,train,0.85,17/20,0.0,0.0,0.0,0.125,C1,,False,C1,False,False
f57e754a2edc9a8ab497bd86,55,train,0.85,17/20,0.0,0.0,0.0,-0.375,C2,,False,C2,False,False
60b816f98975f91a42e4b3a8,55,train,0.85,17/20,-2.0,-3.4692021107762128,-3.4692021107762128,-0.625,C2,True,True,C2,True,False
d32e0b888d686d47183efc5e,55,train,0.85,17/20,0.0,0.0,0.0,-0.5,C2,,False,C2,False,False
5ea4fc172f08db6c89a91959,55,train,0.85,17/20,-2.0,-3.4692021107762128,-3.4692021107762128,-0.375,C2,True,True,C2,True,False
526b279915828f723c3cc5e5,56,train,0.85,17/20,2.0,3.4692021107762128,3.4692021107762128,0.0,C1,True,True,TIE,False,True
69815c8c71590ba376e1b264,56,train,0.85,17/20,0.0,0.0,0.0,-0.375,C2,,False,C2,False,False
c87d5cabcb7a509c67058e3c,56,train,0.85,17/20,0.0,0.0,0.0,-0.875,C2,,False,C2,False,False
8c64307e68fc6a48dae16341,56,train,0.85,17/20,-2.0,-3.4692021107762128,-3.4692021107762128,-0.75,C2,True,True,C2,True,False
96ddae136d8c3b1082adbc20,56,train,0.85,17/20,2.0,3.4692021107762128,3.4692021107762128,-0.125,C2,False,True,C2,False,False
ab0c6a2b62168bf9e3d9c488,56,train,0.85,17/20,0.0,0.0,0.0,-0.75,C2,,False,C2,False,False
1756d09a24e814a844b4de77,56,train,0.85,17/20,0.0,0.0,0.0,-1.125,C2,,False,C2,False,False
ae9a1ac9a1fc64750c215f4c,56,train,0.85,17/20,-2.0,-3.4692021107762128,-3.4692021107762128,-1.375,C2,True,True,C2,True,False
5133b20a37c1d935c17ba6f9,57,train,0.85,17/20,-1.0,-1.7346010553881064,-1.7346010553881064,-1.5,C2,True,True,C2,True,False
8f3c3d0b5a1c240e14b54457,57,train,0.85,17/20,-1.0,-1.7346010553881064,-1.7346010553881064,-1.125,C2,True,True,C2,True,False
1aa8a15e196ac72c1c15218b,57,train,0.85,17/20,-1.0,-1.7346010553881064,-1.7346010553881064,-1.25,C2,True,True,C2,True,False
82d10e64eb13450f299819d9,57,train,0.85,17/20,-1.0,-1.7346010553881064,-1.7346010553881064,-0.625,C2,True,True,C2,True,False
19f0c23b0dbe213a7551f8f8,57,train,0.85,17/20,1.0,1.7346010553881064,1.7346010553881064,-0.25,C2,False,True,C2,False,False
e7c28102b8f7f9453d684e68,57,train,0.85,17/20,1.0,1.7346010553881064,1.7346010553881064,-0.125,C2,False,True,C2,False,False
3e59321efe05b84b0e6a288c,57,train,0.85,17/20,1.0,1.7346010553881064,1.7346010553881064,-0.25,C2,False,True,C2,False,False
69ab2914af1fee98392b22f8,57,train,0.85,17/20,1.0,1.7346010553881064,1.7346010553881064,0.5,C1,True,True,C1,True,False
897793a086a7dd37b846a649,58,train,0.85,17/20,-2.0,-3.4692021107762128,-3.4692021107762128,-2.0,C2,True,True,C2,True,False
2baf579414baa30441d392cd,58,train,0.85,17/20,-2.0,-3.4692021107762128,-3.4692021107762128,-1.375,C2,True,True,C2,True,False
2c66014c8b2fc7ca4044061e,58,train,0.85,17/20,0.0,0.0,0.0,-1.125,C2,,False,C2,False,False
15386b7794037f192c55f9e8,58,train,0.85,17/20,0.0,0.0,0.0,-0.5,C2,,False,C2,False,False
b1ee5fe40574d3f3ddaa938c,58,train,0.85,17/20,0.0,0.0,0.0,-0.875,C2,,False,C2,False,False
e2b1fbd7efdb1ca5fe738bec,58,train,0.85,17/20,0.0,0.0,0.0,-0.5,C2,,False,C2,False,False
f432cc5c3602f7f4665c847d,58,train,0.85,17/20,2.0,3.4692021107762128,3.4692021107762128,0.0,C1,True,True,TIE,False,True
d361d447bea3ce45b12a84b3,58,train,0.85,17/20,2.0,3.4692021107762128,3.4692021107762128,0.75,C1,True,True,C1,True,False
37f2c93f124337401d2cf72e,59,train,0.85,17/20,0.0,0.0,0.0,-1.375,C2,,False,C2,False,False
5bd99c54aad79bc029320538,59,train,0.85,17/20,-2.0,-3.4692021107762128,-3.4692021107762128,-1.25,C2,True,True,C2,True,False
1311339f27462878a452bc58,59,train,0.85,17/20,0.0,0.0,0.0,-1.0,C2,,False,C2,False,False
aac06f98d1ab88d83e00ecef,59,train,0.85,17/20,-2.0,-3.4692021107762128,-3.4692021107762128,-1.0,C2,True,True,C2,True,False
d9fff7fc2b4ca2bfbd327a29,59,train,0.85,17/20,2.0,3.4692021107762128,3.4692021107762128,0.0,C1,True,True,TIE,False,True
c160c1da2627a7363137c085,59,train,0.85,17/20,0.0,0.0,0.0,-0.125,C2,,False,C2,False,False
1c681e0f785fcb44fd89a392,59,train,0.85,17/20,2.0,3.4692021107762128,3.4692021107762128,0.25,C1,True,True,C1,True,False
9051b95729325ba96ae08b63,59,train,0.85,17/20,0.0,0.0,0.0,0.5,C1,,False,C1,False,False
5d397cee105bdfffd64e04ab,60,train,0.85,17/20,-1.0,-1.7346010553881064,-1.7346010553881064,-1.0,C2,True,True,C2,True,False
787c5506cddd961fb4ba2240,60,train,0.85,17/20,-1.0,-1.7346010553881064,-1.7346010553881064,-0.375,C2,True,True,C2,True,False
acfc4873a099b55152d6554e,60,train,0.85,17/20,1.0,1.7346010553881064,1.7346010553881064,-0.125,C1,True,True,C2,False,True
e0c7a59d1e1d3b12a16318d8,60,train,0.85,17/20,1.0,1.7346010553881064,1.7346010553881064,0.375,C1,True,True,C1,True,False
e415b33d5b996f51e3aae0e0,60,train,0.85,17/20,-1.0,-1.7346010553881064,-1.7346010553881064,-0.25,C2,True,True,C2,True,False
38ed3a89919a23fdc8d8e7eb,60,train,0.85,17/20,-1.0,-1.7346010553881064,-1.7346010553881064,0.5,C1,False,True,C1,False,False
6e78bffb3c780a63b4d20a41,60,train,0.85,17/20,1.0,1.7346010553881064,1.7346010553881064,0.625,C1,True,True,C1,True,False
8582e11b06bd33c6e54a7aa8,60,train,0.85,17/20,1.0,1.7346010553881064,1.7346010553881064,1.375,C1,True,True,C1,True,False
73f4bcc89911d125de2c9f6a,61,train,0.85,17/20,1.0,1.7346010553881064,1.7346010553881064,-0.125,C2,False,True,C2,False,False
c7636b320654ff67e3836cbf,61,train,0.85,17/20,-1.0,-1.7346010553881064,-1.7346010553881064,-0.375,C2,True,True,C2,True,False
35194cf63237674d64bcf1f8,61,train,0.85,17/20,1.0,1.7346010553881064,1.7346010553881064,-0.25,C2,False,True,C2,False,False
77170fc0c0095453ca2b3270,61,train,0.85,17/20,-1.0,-1.7346010553881064,-1.7346010553881064,-0.625,C2,True,True,C2,True,False
3bdaa991de5988acc525ca6e,61,train,0.85,17/20,1.0,1.7346010553881064,1.7346010553881064,-0.125,C2,False,True,C2,False,False
cd55a43ff762b966035ed0b0,61,train,0.85,17/20,-1.0,-1.7346010553881064,-1.7346010553881064,-0.625,C2,True,True,C2,True,False
ecc4e4933d32a27d99acb622,61,train,0.85,17/20,1.0,1.7346010553881064,1.7346010553881064,-0.125,C2,False,True,C2,False,False
94dcde618a7c2042e2d4b744,61,train,0.85,17/20,-1.0,-1.7346010553881064,-1.7346010553881064,-0.25,C2,True,True,C2,True,False
969338031d85b3ea00e8c5d6,62,train,0.85,17/20,-2.0,-3.4692021107762128,-3.4692021107762128,-1.0,C2,True,True,C2,True,False
dec412512bfe201e33375c7b,62,train,0.85,17/20,0.0,0.0,0.0,-0.125,C2,,False,C2,False,False
8d59e5e1aba76f9bd450c7de,62,train,0.85,17/20,0.0,0.0,0.0,0.25,C1,,False,C1,False,False
69c2953bd5a37bb3b06d39c3,62,train,0.85,17/20,2.0,3.4692021107762128,3.4692021107762128,0.75,C1,True,True,C1,True,False
3052bc774ec2b4c04ef27844,62,train,0.85,17/20,-2.0,-3.4692021107762128,-3.4692021107762128,0.25,C1,False,True,C1,False,False
9a39c7e579ce231c727d4634,62,train,0.85,17/20,0.0,0.0,0.0,0.875,C1,,False,C1,False,False
70fe8e6f49022072632c4301,62,train,0.85,17/20,0.0,0.0,0.0,1.0,C1,,False,C1,False,False
9ac769f5da536be591e6e138,62,train,0.85,17/20,2.0,3.4692021107762128,3.4692021107762128,1.75,C1,True,True,C1,True,False
2c9fac387367c0eda7a8a82b,63,train,0.85,17/20,0.0,0.0,0.0,-0.5,C2,,False,C2,False,False
33fa022d5ca5fb7a87244f06,63,train,0.85,17/20,-2.0,-3.4692021107762128,-3.4692021107762128,-0.625,C2,True,True,C2,True,False
9ed4f6aa99ac2b98d978bd57,63,train,0.85,17/20,2.0,3.4692021107762128,3.4692021107762128,-0.5,C2,False,True,C2,False,False
19f3f478c7746acb0576c0bb,63,train,0.85,17/20,0.0,0.0,0.0,-0.625,C2,,False,C2,False,False
d337579715f1c3572246e81a,63,train,0.85,17/20,0.0,0.0,0.0,-0.5,C2,,False,C2,False,False
7be8a50547b49e4478d25964,63,train,0.85,17/20,-2.0,-3.4692021107762128,-3.4692021107762128,-0.375,C2,True,True,C2,True,False
fb67d6b386c3ba0ffd826e71,63,train,0.85,17/20,2.0,3.4692021107762128,3.4692021107762128,-0.25,C2,False,True,C2,False,False
4f0ab3b9d0f0a073dc35a2a3,63,train,0.85,17/20,0.0,0.0,0.0,-0.125,C1,,False,C2,False,True
5b2ad9b4d2b0c9091d39e718,0,test,0.95,19/20,2.0,5.8888779583328805,5.8888779583328805,0.375,C1,True,True,C1,True,False
34592aaa8de0b515721ad366,0,test,0.95,19/20,0.0,0.0,0.0,0.0,C2,,False,TIE,False,True
c93173df329f56618b927feb,0,test,0.95,19/20,2.0,5.8888779583328805,5.8888779583328805,0.125,C1,True,True,C1,True,False
39205ea30dd019be4bb13246,0,test,0.95,19/20,0.0,0.0,0.0,-0.625,C2,,False,C2,False,False
793c071dab98bf65c5067c37,0,test,0.95,19/20,0.0,0.0,0.0,-1.125,C2,,False,C2,False,False
deae2b535fbd00029b3f1305,0,test,0.95,19/20,-2.0,-5.8888779583328805,-5.8888779583328805,-1.125,C2,True,True,C2,True,False
535ff9cd9d672f658f036f36,0,test,0.95,19/20,0.0,0.0,0.0,-1.25,C2,,False,C2,False,False
96734362fb72f117543a97d2,0,test,0.95,19/20,-2.0,-5.8888779583328805,-5.8888779583328805,-1.875,C2,True,True,C2,True,False
51be24a3026b7c368b8646d9,1,test,0.95,19/20,1.0,2.9444389791664403,2.9444389791664403,0.625,C1,True,True,C1,True,False
1ec9512b144d410f1fcc1104,1,test,0.95,19/20,1.0,2.9444389791664403,2.9444389791664403,0.625,C1,True,True,C1,True,False
6b2430bac4222be38fa8af75,1,test,0.95,19/20,1.0,2.9444389791664403,2.9444389791664403,0.75,C1,True,True,C1,True,False
31ec4b4a810315bf362995b9,1,test,0.95,19/20,1.0,2.9444389791664403,2.9444389791664403,0.875,C1,True,True,C1,True,False
e65f250a165c6ae0136cf318,1,test,0.95,19/20,-1.0,-2.9444389791664403,-2.9444389791664403,-0.625,C2,True,True,C2,True,False
ba1fbefd1d771e024222df10,1,test,0.95,19/20,-1.0,-2.9444389791664403,-2.9444389791664403,-0.375,C2,True,True,C2,True,False
ec1e112ff3dd2840469206ab,1,test,0.95,19/20,-1.0,-2.9444389791664403,-2.9444389791664403,-0.375,C2,True,True,C2,True,False
1a719cecfe0492cb40b9ca1e,1,test,0.95,19/20,-1.0,-2.9444389791664403,-2.9444389791664403,0.125,C1,False,True,C1,False,False
3b5beb7e3e401b3011b0cacc,2,test,0.95,19/20,0.0,0.0,0.0,-0.625,C2,,False,C2,False,False
326dd608aa172d208a978024,2,test,0.95,19/20,0.0,0.0,0.0,-0.5,C2,,False,C2,False,False
c3e1e8469c93f99eeb8e956c,2,test,0.95,19/20,0.0,0.0,0.0,-0.625,C2,,False,C2,False,False
b638938c379f587087be5305,2,test,0.95,19/20,0.0,0.0,0.0,-0.125,C2,,False,C2,False,False
d8c0b14cce2abe04c17d0eb0,2,test,0.95,19/20,0.0,0.0,0.0,-0.25,C2,,False,C2,False,False
170a97fc61e3b28d37abefa7,2,test,0.95,19/20,0.0,0.0,0.0,-0.125,C2,,False,C2,False,False
823411baa4428a6a4e4dd486,2,test,0.95,19/20,0.0,0.0,0.0,-0.25,C2,,False,C2,False,False
9654bfc5dc835981e3950b08,2,test,0.95,19/20,0.0,0.0,0.0,0.25,C1,,False,C1,False,False
8f6eeae6af89b20555bb9464,3,test,0.95,19/20,0.0,0.0,0.0,-0.625,C2,,False,C2,False,False
0182a9b70f2733d1eaefb26f,3,test,0.95,19/20,-2.0,-5.8888779583328805,-5.8888779583328805,-0.5,C2,True,True,C2,True,False
a4ddccda0e36364bb62a15d2,3,test,0.95,19/20,2.0,5.8888779583328805,5.8888779583328805,0.0,C2,False,True,TIE,False,True
1c6b93e10055a259b46a7126,3,test,0.95,19/20,0.0,0.0,0.0,-0.625,C2,,False,C2,False,False
01fae5a73ebc0467ee437ce0,3,test,0.95,19/20,0.0,0.0,0.0,-0.25,C2,,False,C2,False,False
57bf8cc514f3b92d8f46610c,3,test,0.95,19/20,-2.0,-5.8888779583328805,-5.8888779583328805,-0.125,C2,True,True,C2,True,False
6b2d11ed09b20d39b0c6a683,3,test,0.95,19/20,2.0,5.8888779583328805,5.8888779583328805,0.0,C1,True,True,TIE,False,True
8e27bb8c72e36b96c8007be9,3,test,0.95,19/20,0.0,0.0,0.0,0.25,C1,,False,C1,False,False
29d7eb97dc2a607312de7af0,4,test,0.95,19/20,0.0,0.0,0.0,0.25,C1,,False,C1,False,False
46cf6bdc6889892d0802f56f,4,test,0.95,19/20,0.0,0.0,0.0,0.5,C1,,False,C1,False,False
47e0f54ecb2f9a5d53bb6dae,4,test,0.95,19/20,2.0,5.8888779583328805,5.8888779583328805,0.875,C1,True,True,C1,True,False
c3a278840f840e4ccee8d41a,4,test,0.95,19/20,2.0,5.8888779583328805,5.8888779583328805,0.875,C1,True,True,C1,True,False
1b56b41ed68683646a90189e,4,test,0.95,19/20,-2.0,-5.8888779583328805,-5.8888779583328805,-1.5,C2,True,True,C2,True,False
ba411c070cc4a4158f58db22,4,test,0.95,19/20,-2.0,-5.8888779583328805,-5.8888779583328805,-0.5,C2,True,True,C2,True,False
2dc603ac4b973978d57d2f01,4,test,0.95,19/20,0.0,0.0,0.0,-0.375,C2,,False,C2,False,False
a7c16939deb2b23003bbbcbf,4,test,0.95,19/20,0.0,0.0,0.0,1.0,C1,,False,C1,False,False
bf11ff3c607a5c9e8a351a2a,5,train,0.95,19/20,0.0,0.0,0.0,-0.625,C2,,False,C2,False,False
a1261e153614e903fab634e4,5,train,0.95,19/20,-2.0,-5.8888779583328805,-5.8888779583328805,-0.75,C2,True,True,C2,True,False
3c0d18599ee9c5e16061ac30,5,train,0.95,19/20,2.0,5.8888779583328805,5.8888779583328805,-0.375,C2,False,True,C2,False,False
4d03491f0df52097f66ea987,5,train,0.95,19/20,0.0,0.0,0.0,-0.75,C2,,False,C2,False,False
6eaec4fab8f0220d744c60fe,5,train,0.95,19/20,0.0,0.0,0.0,-0.625,C2,,False,C2,False,False
d5968bfe0567c9bfc4ef86f2,5,train,0.95,19/20,-2.0,-5.8888779583328805,-5.8888779583328805,-0.375,C2,True,True,C2,True,False
e94018704a73630d8a61ae00,5,train,0.95,19/20,2.0,5.8888779583328805,5.8888779583328805,0.0,C1,True,True,TIE,False,True
888085e6ed14b1ba024b3278,5,train,0.95,19/20,0.0,0.0,0.0,0.0,C2,,False,TIE,False,True
b6cc3198e676991b349250ca,6,test,0.95,19/20,-3.0,-8.83331693749932,-8.83331693749932,-2.0,C2,True,True,C2,True,False
591bf7e102e3fcad48580505,6,test,0.95,19/20,-1.0,-2.9444389791664403,-2.9444389791664403,-1.0,C2,True,True,C2,True,False
e3137dfacc3e7f491623d0dd,6,test,0.95,19/20,-1.0,-2.9444389791664403,-2.9444389791664403,-0.875,C2,True,True,C2,True,False
15e3167056b4ef8a97e12023,6,test,0.95,19/20,1.0,2.9444389791664403,2.9444389791664403,0.375,C1,True,True,C1,True,False
4f19fbcbca916c308c997c03,6,test,0.95,19/20,-1.0,-2.9444389791664403,-2.9444389791664403,-0.5,C2,True,True,C2,True,False
deb5536cb508b967ed05c57a,6,test,0.95,19/20,1.0,2.9444389791664403,2.9444389791664403,1.125,C1,True,True,C1,True,False
c621548dfc585121386695cb,6,test,0.95,19/20,1.0,2.9444389791664403,2.9444389791664403,0.75,C1,True,True,C1,True,False
7bc8cc64de85952a9a8b84ea,6,test,0.95,19/20,3.0,8.83331693749932,8.83331693749932,2.375,C1,True,True,C1,True,False
116db916b054c3ab938c5dee,7,train,0.95,19/20,0.0,0.0,0.0,0.0,C1,,False,TIE,False,True
1184370c8b98ac5a3567dd26,7,train,0.95,19/20,0.0,0.0,0.0,-0.125,C2,,False,C2,False,False
f556af425d663b168c5ad5d0,7,train,0.95,19/20,0.0,0.0,0.0,-0.375,C2,,False,C2,False,False
16d2cfb124c251af37323614,7,train,0.95,19/20,0.0,0.0,0.0,-0.375,C2,,False,C2,False,False
3a0ef811f5bd6ae9037f0cf4,7,train,0.95,19/20,0.0,0.0,0.0,-0.75,C2,,False,C2,False,False
49121c75ecea46cb6ec8fdfc,7,train,0.95,19/20,0.0,0.0,0.0,-0.5,C2,,False,C2,False,False
58a3e626bafae1ff039b5046,7,train,0.95,19/20,0.0,0.0,0.0,-0.625,C2,,False,C2,False,False
94b0b4a429c387e309944c9a,7,train,0.95,19/20,0.0,0.0,0.0,-0.125,C1,,False,C2,False,True
97bec24410cd553aa3664373,8,train,0.95,19/20,-1.0,-2.9444389791664403,-2.9444389791664403,-1.75,C2,True,True,C2,True,False
0f841facd1beabc86e271efd,8,train,0.95,19/20,-3.0,-8.83331693749932,-8.83331693749932,-1.625,C2,True,True,C2,True,False
bf2a2ba36a5c702ddf8408ae,8,train,0.95,19/20,1.0,2.9444389791664403,2.9444389791664403,-0.875,C2,False,True,C2,False,False
96300f9b82be70204b9d1110,8,train,0.95,19/20,-1.0,-2.9444389791664403,-2.9444389791664403,-1.0,C2,True,True,C2,True,False
d4ec0bbed6de3d820ec756a1,8,train,0.95,19/20,1.0,2.9444389791664403,2.9444389791664403,0.0,C2,False,True,TIE,False,True
829cdfda378ca8c66a579058,8,train,0.95,19/20,-1.0,-2.9444389791664403,-2.9444389791664403,-0.25,C2,True,True,C2,True,False
6ebe1ad4f1556c11e1238d98,8,train,0.95,19/20,3.0,8.83331693749932,8.83331693749932,0.625,C1,True,True,C1,True,False
1fdf3abe145cb968215d2fd4,8,train,0.95,19/20,1.0,2.9444389791664403,2.9444389791664403,0.625,C1,True,True,C1,True,False
84be52663d07dfe680b17151,9,test,0.95,19/20,1.0,2.9444389791664403,2.9444389791664403,-0.375,C2,False,True,C2,False,False
b52b60a10b74b2d4f9742500,9,test,0.95,19/20,-1.0,-2.9444389791664403,-2.9444389791664403,-0.5,C2,True,True,C2,True,False
a4d7c6cd7a0b45bfaf79d06b,9,test,0.95,19/20,1.0,2.9444389791664403,2.9444389791664403,-0.375,C2,False,True,C2,False,False
b5b899075c40e26199c9de22,9,test,0.95,19/20,-1.0,-2.9444389791664403,-2.9444389791664403,-0.375,C2,True,True,C2,True,False
87607998be8bc6256b1ae940,9,test,0.95,19/20,1.0,2.9444389791664403,2.9444389791664403,-0.25,C2,False,True,C2,False,False
332545bcc0980ec9d89329e8,9,test,0.95,19/20,-1.0,-2.9444389791664403,-2.9444389791664403,-0.375,C2,True,True,C2,True,False
70afeed27e1649c48bd8bb49,9,test,0.95,19/20,1.0,2.9444389791664403,2.9444389791664403,-0.125,C2,False,True,C2,False,False
72e5b9fa443ca1b4f62fbb51,9,test,0.95,19/20,-1.0,-2.9444389791664403,-2.9444389791664403,-0.125,C2,True,True,C2,True,False
1fa073f173df39fd4849bb3e,10,test,0.95,19/20,1.0,2.9444389791664403,2.9444389791664403,0.125,C1,True,True,C1,True,False
21396dfedf1967e23657b4a5,10,test,0.95,19/20,-1.0,-2.9444389791664403,-2.9444389791664403,0.125,C1,False,True,C1,False,False
b3453ff95e5944a745b684d7,10,test,0.95,19/20,1.0,2.9444389791664403,2.9444389791664403,0.0,C1,True,True,TIE,False,True
2f37c24370f86d767f5f023b,10,test,0.95,19/20,-1.0,-2.9444389791664403,-2.9444389791664403,-0.375,C2,True,True,C2,True,False
6f5e8182f8d13e0e25f60d95,10,test,0.95,19/20,1.0,2.9444389791664403,2.9444389791664403,-0.375,C2,False,True,C2,False,False
395d9dbeb85b03dee8b4b7e5,10,test,0.95,19/20,-1.0,-2.9444389791664403,-2.9444389791664403,-0.375,C2,True,True,C2,True,False
a277cd12c5179a79f1f004c8,10,test,0.95,19/20,1.0,2.9444389791664403,2.9444389791664403,-0.25,C2,False,True,C2,False,False
8edd2584767b99d575b77f39,10,test,0.95,19/20,-1.0,-2.9444389791664403,-2.9444389791664403,-0.375,C2,True,True,C2,True,False
8ef83bbc30ae4f30b2241f1b,11,train,0.95,19/20,0.0,0.0,0.0,-0.625,C2,,False,C2,False,False
95feec319b97f9deb78b7142,11,train,0.95,19/20,0.0,0.0,0.0,-0.375,C2,,False,C2,False,False
07f9c7fd7500fe3744edda01,11,train,0.95,19/20,-2.0,-5.8888779583328805,-5.8888779583328805,-1.375,C2,True,True,C2,True,False
db2a61eee622987a8e79e0c8,11,train,0.95,19/20,-2.0,-5.8888779583328805,-5.8888779583328805,-0.375,C2,True,True,C2,True,False
15d8fa079a74e663d6ce8d0d,11,train,0.95,19/20,2.0,5.8888779583328805,5.8888779583328805,0.25,C1,True,True,C1,True,False
85f697cc68d7b766becf5212,11,train,0.95,19/20,2.0,5.8888779583328805,5.8888779583328805,0.125,C1,True,True,C1,True,False
ce0fc97863be4b22462ae9df,11,train,0.95,19/20,0.0,0.0,0.0,-0.75,C2,,False,C2,False,False
d3cbd543fa2bc02e5d155507,11,train,0.95,19/20,0.0,0.0,0.0,0.25,C1,,False,C1,False,False
fd83147dc549cd1ed4ee3d79,12,train,0.95,19/20,0.0,0.0,0.0,0.0,C2,,False,TIE,False,True
1aff3912756837a546510768,12,train,0.95,19/20,2.0,5.8888779583328805,5.8888779583328805,0.125,C1,True,True,C1,True,False
878aa6c78234ea53edc1c860,12,train,0.95,19/20,-2.0,-5.8888779583328805,-5.8888779583328805,-0.5,C2,True,True,C2,True,False
a7faaa395b3996a8d66a1352,12,train,0.95,19/20,0.0,0.0,0.0,0.375,C1,,False,C1,False,False
d2f84a76092ba9383e2040f9,12,train,0.95,19/20,0.0,0.0,0.0,-0.5,C2,,False,C2,False,False
2d2972c847ebfc83ee315169,12,train,0.95,19/20,2.0,5.8888779583328805,5.8888779583328805,0.0,C1,True,True,TIE,False,True
72cd490deedb8b56eca60113,12,train,0.95,19/20,-2.0,-5.8888779583328805,-5.8888779583328805,-1.125,C2,True,True,C2,True,False
2eba8342ec7420083b16ec0c,12,train,0.95,19/20,0.0,0.0,0.0,0.5,C1,,False,C1,False,False
3090044ec841783ac810ad25,13,train,0.95,19/20,3.0,8.83331693749932,8.83331693749932,0.75,C1,True,True,C1,True,False
7261abed107cf8f1d837d155,13,train,0.95,19/20,1.0,2.9444389791664403,2.9444389791664403,-0.25,C2,False,True,C2,False,False
7bbe44d320ccff2870d103d8,13,train,0.95,19/20,1.0,2.9444389791664403,2.9444389791664403,-0.125,C2,False,True,C2,False,False
a05cce9a919fff4f3fa28a97,13,train,0.95,19/20,-1.0,-2.9444389791664403,-2.9444389791664403,-0.875,C2,True,True,C2,True,False
ea5ab0b6e946c5a36fd6fe29,13,train,0.95,19/20,1.0,2.9444389791664403,2.9444389791664403,-0.875,C2,False,True,C2,False,False
8e17eac6ae41f896aad89d7b,13,train,0.95,19/20,-1.0,-2.9444389791664403,-2.9444389791664403,-1.375,C2,True,True,C2,True,False
a04d822c18202cbad2c64217,13,train,0.95,19/20,-1.0,-2.9444389791664403,-2.9444389791664403,-1.375,C2,True,True,C2,True,False
2afcd903424f949fb59f6865,13,train,0.95,19/20,-3.0,-8.83331693749932,-8.83331693749932,-2.125,C2,True,True,C2,True,False
7929f367e05a7b3b8e2ea467,14,train,0.95,19/20,-1.0,-2.9444389791664403,-2.9444389791664403,-1.0,C2,True,True,C2,True,False
eae73ad9f5a03be49ec7b531,14,train,0.95,19/20,-3.0,-8.83331693749932,-8.83331693749932,-0.5,C2,True,True,C2,True,False
7b247f721941ad40522088c6,14,train,0.95,19/20,1.0,2.9444389791664403,2.9444389791664403,0.0,C1,True,True,TIE,False,True
626978606a9766498e5f5896,14,train,0.95,19/20,-1.0,-2.9444389791664403,-2.9444389791664403,0.0,C1,False,True,TIE,False,True
5c1089b2fb3619643fb6f6f3,14,train,0.95,19/20,1.0,2.9444389791664403,2.9444389791664403,0.75,C1,True,True,C1,True,False
8a20d524b48d32efea061401,14,train,0.95,19/20,-1.0,-2.9444389791664403,-2.9444389791664403,0.75,C1,False,True,C1,False,False
9ac9f889f1862e50e16ce5a8,14,train,0.95,19/20,3.0,8.83331693749932,8.83331693749932,1.25,C1,True,True,C1,True,False
356ede3780d5934a24b04991,14,train,0.95,19/20,1.0,2.9444389791664403,2.9444389791664403,1.625,C1,True,True,C1,True,False
5f48f51e73a5f6f014643bea,15,train,0.95,19/20,-1.0,-2.9444389791664403,-2.9444389791664403,-1.0,C2,True,True,C2,True,False
e19765e899eb69c722a94528,15,train,0.95,19/20,-1.0,-2.9444389791664403,-2.9444389791664403,-0.75,C2,True,True,C2,True,False
9bc6dae40dd19aa185b4147d,15,train,0.95,19/20,1.0,2.9444389791664403,2.9444389791664403,-0.5,C2,False,True,C2,False,False
2328b28b3bc3ba1a7b3f78e0,15,train,0.95,19/20,1.0,2.9444389791664403,2.9444389791664403,-0.375,C2,False,True,C2,False,False
84fa5fd70effce149515682c,15,train,0.95,19/20,-1.0,-2.9444389791664403,-2.9444389791664403,-0.375,C2,True,True,C2,True,False
a560f67f858cf85f95a8f4ce,15,train,0.95,19/20,-1.0,-2.9444389791664403,-2.9444389791664403,0.0,C1,False,True,TIE,False,True
e54cb6a6b43317e225a37b13,15,train,0.95,19/20,1.0,2.9444389791664403,2.9444389791664403,0.0,C1,True,True,TIE,False,True
2e319bfe2515434a23329826,15,train,0.95,19/20,1.0,2.9444389791664403,2.9444389791664403,0.5,C1,True,True,C1,True,False
c6a1ef9cafe3c2e6dd36c098,16,train,0.95,19/20,-1.0,-2.9444389791664403,-2.9444389791664403,-2.0,C2,True,True,C2,True,False
ec174f3abfdeef99b444c19b,16,train,0.95,19/20,-3.0,-8.83331693749932,-8.83331693749932,-1.25,C2,True,True,C2,True,False
172da706ee6cfcb4b762ab33,16,train,0.95,19/20,1.0,2.9444389791664403,2.9444389791664403,-1.0,C2,False,True,C2,False,False
8f92b68a577767bbc28a6c70,16,train,0.95,19/20,-1.0,-2.9444389791664403,-2.9444389791664403,-0.5,C2,True,True,C2,True,False
e9993a8161c90d4338188c52,16,train,0.95,19/20,1.0,2.9444389791664403,2.9444389791664403,0.0,C1,True,True,TIE,False,True
7405073a9ed598ee79151b5c,16,train,0.95,19/20,-1.0,-2.9444389791664403,-2.9444389791664403,0.25,C1,False,True,C1,False,False
f9500b76a91fd5a9d6b310ac,16,train,0.95,19/20,3.0,8.83331693749932,8.83331693749932,0.75,C1,True,True,C1,True,False
c0a36515795e51b4f52491c6,16,train,0.95,19/20,1.0,2.9444389791664403,2.9444389791664403,1.375,C1,True,True,C1,True,False
a205950f7453ec9814c18905,17,train,0.95,19/20,1.0,2.9444389791664403,2.9444389791664403,0.375,C1,True,True,C1,True,False
815df07f84698918fbe4d25a,17,train,0.95,19/20,1.0,2.9444389791664403,2.9444389791664403,0.5,C1,True,True,C1,True,False
29eea5bc7f16d2880b84f44a,17,train,0.95,19/20,1.0,2.9444389791664403,2.9444389791664403,-0.125,C2,False,True,C2,False,False
69e87accc219e0a0203c4b93,17,train,0.95,19/20,1.0,2.9444389791664403,2.9444389791664403,0.25,C1,True,True,C1,True,False
9fdad56598209c0512cba31a,17,train,0.95,19/20,-1.0,-2.9444389791664403,-2.9444389791664403,-0.625,C2,True,True,C2,True,False
a269325502d93c239bea0e3b,17,train,0.95,19/20,-1.0,-2.9444389791664403,-2.9444389791664403,-0.25,C2,True,True,C2,True,False
e948f212ee3e89c9d40bcb9f,17,train,0.95,19/20,-1.0,-2.9444389791664403,-2.9444389791664403,-0.5,C2,True,True,C2,True,False
22ba547daaab7dba545c8488,17,train,0.95,19/20,-1.0,-2.9444389791664403,-2.9444389791664403,0.125,C1,False,True,C1,False,False
15a9f04e6afd4d7a374cb06e,18,train,0.95,19/20,0.0,0.0,0.0,-0.25,C2,,False,C2,False,False
2598018f723f119219e933df,18,train,0.95,19/20,-2.0,-5.8888779583328805,-5.8888779583328805,-0.25,C2,True,True,C2,True,False
1fb1ece3144d364f281df930,18,train,0.95,19/20,2.0,5.8888779583328805,5.8888779583328805,0.125,C1,True,True,C1,True,False
0b57b59f7f948edef18e1388,18,train,0.95,19/20,0.0,0.0,0.0,-0.25,C2,,False,C2,False,False
91f9e6c2025c432398e60468,18,train,0.95,19/20,0.0,0.0,0.0,-0.5,C2,,False,C2,False,False
33f23af194e7b1b398df635d,18,train,0.95,19/20,-2.0,-5.8888779583328805,-5.8888779583328805,-0.625,C2,True,True,C2,True,False
7ef7259391a3db4a3d0541c2,18,train,0.95,19/20,2.0,5.8888779583328805,5.8888779583328805,0.625,C1,True,True,C1,True,False
54affcddb4d06a3cef5767d2,18,train,0.95,19/20,0.0,0.0,0.0,0.5,C1,,False,C1,False,False
713528139b8a8bd4bcbc56e4,19,train,0.95,19/20,-2.0,-5.8888779583328805,-5.8888779583328805,-1.375,C2,True,True,C2,True,False
6025b516aa1b6d53c07a671b,19,train,0.95,19/20,0.0,0.0,0.0,-0.25,C2,,False,C2,False,False
bd9c15829803466e05c238da,19,train,0.95,19/20,-2.0,-5.8888779583328805,-5.8888779583328805,-1.125,C2,True,True,C2,True,False
2d6032e4b9f5737954cd32b9,19,train,0.95,19/20,0.0,0.0,0.0,0.5,C1,,False,C1,False,False
19d8e0006a812fcf91f8f7ab,19,train,0.95,19/20,0.0,0.0,0.0,0.25,C1,,False,C1,False,False
6437fde194d1c8ea1e437682,19,train,0.95,19/20,2.0,5.8888779583328805,5.8888779583328805,1.0,C1,True,True,C1,True,False
f5dabc3898efed7e17536788,19,train,0.95,19/20,0.0,0.0,0.0,-0.125,C2,,False,C2,False,False
403a8236913dd888e5b77264,19,train,0.95,19/20,2.0,5.8888779583328805,5.8888779583328805,1.75,C1,True,True,C1,True,False
1f69856fe7b194b2362b6e0a,20,train,0.95,19/20,0.0,0.0,0.0,-0.875,C2,,False,C2,False,False
597c28d95bd6b5ed53a8ab81,20,train,0.95,19/20,0.0,0.0,0.0,-0.875,C2,,False,C2,False,False
20a68cd0da5166c3c4f253b9,20,train,0.95,19/20,0.0,0.0,0.0,-1.0,C2,,False,C2,False,False
5e6c831d39bb45802fe6ff67,20,train,0.95,19/20,0.0,0.0,0.0,-0.5,C2,,False,C2,False,False
57f8548d66b6a08fa985c1e2,20,train,0.95,19/20,0.0,0.0,0.0,-0.625,C2,,False,C2,False,False
2804f0aad7ad78e3e4c6e633,20,train,0.95,19/20,0.0,0.0,0.0,-0.5,C2,,False,C2,False,False
2f305bcdefa0652b6645ae9e,20,train,0.95,19/20,0.0,0.0,0.0,-0.75,C2,,False,C2,False,False
649a7d6fb14578b842076430,20,train,0.95,19/20,0.0,0.0,0.0,-0.25,C2,,False,C2,False,False
2c9e2fa14387858aded36f09,21,train,0.95,19/20,0.0,0.0,0.0,-0.875,C2,,False,C2,False,False
e8b48b3c8bfa6afa0191ff2f,21,train,0.95,19/20,0.0,0.0,0.0,-0.75,C2,,False,C2,False,False
c50cfee0d46cd9f9a75bb9da,21,train,0.95,19/20,0.0,0.0,0.0,-0.5,C2,,False,C2,False,False
6b3bf6845391ba3b99fced08,21,train,0.95,19/20,0.0,0.0,0.0,-0.375,C2,,False,C2,False,False
1bd74528a7241de6b1721bd7,21,train,0.95,19/20,0.0,0.0,0.0,-0.625,C2,,False,C2,False,False
3192f977c6c6c64cb5fe12e8,21,train,0.95,19/20,0.0,0.0,0.0,-0.5,C2,,False,C2,False,False
f7811f1c4b6e72093d94e8e8,21,train,0.95,19/20,0.0,0.0,0.0,-0.25,C2,,False,C2,False,False
34d20da2ba7a296e9d397ef1,21,train,0.95,19/20,0.0,0.0,0.0,-0.125,C1,,False,C2,False,True
359bd0afa84ff3e4ab1256c6,22,train,0.95,19/20,0.0,0.0,0.0,-0.75,C2,,False,C2,False,False
3e8a5372b85e242b63a075f5,22,train,0.95,19/20,0.0,0.0,0.0,-0.5,C2,,False,C2,False,False
ad65a8409cfe6a526b7f4969,22,train,0.95,19/20,0.0,0.0,0.0,-0.75,C2,,False,C2,False,False
7e5e4d952eaf075c9402db2f,22,train,0.95,19/20,0.0,0.0,0.0,-0.375,C2,,False,C2,False,False
2e9af1b483650e5ff76a42bc,22,train,0.95,19/20,0.0,0.0,0.0,-0.5,C2,,False,C2,False,False
eda97672380c991b1d9320ed,22,train,0.95,19/20,0.0,0.0,0.0,-0.375,C2,,False,C2,False,False
bf05ccc0d9a46c99694cebde,22,train,0.95,19/20,0.0,0.0,0.0,-0.5,C2,,False,C2,False,False
f64be319926e12af362777a6,22,train,0.95,19/20,0.0,0.0,0.0,0.25,C1,,False,C1,False,False
f915cff23b0f09a43b48b241,23,train,0.95,19/20,-2.0,-5.8888779583328805,-5.8888779583328805,-1.625,C2,True,True,C2,True,False
124cff6d7cba842975ffccf3,23,train,0.95,19/20,-2.0,-5.8888779583328805,-5.8888779583328805,-0.625,C2,True,True,C2,True,False
9837b9a878cad65a3fa2225e,23,train,0.95,19/20,0.0,0.0,0.0,-0.375,C2,,False,C2,False,False
0e4a553aa1ba3e5ca2e9d42d,23,train,0.95,19/20,0.0,0.0,0.0,0.375,C1,,False,C1,False,False
87ba12312099550deec9c3d6,23,train,0.95,19/20,0.0,0.0,0.0,0.0,C1,,False,TIE,False,True
5fc4cf398ef5e0cfb2d39063,23,train,0.95,19/20,0.0,0.0,0.0,0.5,C1,,False,C1,False,False
effb5117f11141b990a9ce06,23,train,0.95,19/20,2.0,5.8888779583328805,5.8888779583328805,1.25,C1,True,True,C1,True,False
14c1662457af64414d55643d,23,train,0.95,19/20,2.0,5.8888779583328805,5.8888779583328805,1.875,C1,True,True,C1,True,False
a2e4334fdf93441ba9393660,24,train,0.95,19/20,0.0,0.0,0.0,0.5,C1,,False,C1,False,False
e238f45d45dd4d774a1434ce,24,train,0.95,19/20,2.0,5.8888779583328805,5.8888779583328805,0.25,C1,True,True,C1,True,False
38455d45d63d6df3a5b28838,24,train,0.95,19/20,0.0,0.0,0.0,0.25,C1,,False,C1,False,False
6b6f4804e514acd5b26685b7,24,train,0.95,19/20,2.0,5.8888779583328805,5.8888779583328805,0.375,C1,True,True,C1,True,False
bc9a124d8ef1a088485e473b,24,train,0.95,19/20,-2.0,-5.8888779583328805,-5.8888779583328805,-0.875,C2,True,True,C2,True,False
02e8db031932c721f5dd7ebf,24,train,0.95,19/20,0.0,0.0,0.0,-0.875,C2,,False,C2,False,False
84d0f6c36e47ce11d90e0477,24,train,0.95,19/20,-2.0,-5.8888779583328805,-5.8888779583328805,-0.75,C2,True,True,C2,True,False
bafd9f4fc5f6b201b0c72fbe,24,train,0.95,19/20,0.0,0.0,0.0,-0.125,C2,,False,C2,False,False
0806ad92ff4ea2bf860beaec,25,train,0.95,19/20,2.0,5.8888779583328805,5.8888779583328805,0.625,C1,True,True,C1,True,False
3795cd29a3b766c7e016b3ef,25,train,0.95,19/20,2.0,5.8888779583328805,5.8888779583328805,0.0,C1,True,True,TIE,False,True
857c55ed3ea7451585f1e2f8,25,train,0.95,19/20,0.0,0.0,0.0,-0.5,C2,,False,C2,False,False
5fc113c2bbb15e19fe49f88d,25,train,0.95,19/20,0.0,0.0,0.0,-0.5,C2,,False,C2,False,False
cb080c52986f80c0373bca42,25,train,0.95,19/20,0.0,0.0,0.0,-1.0,C2,,False,C2,False,False
56de322e0fb2671c35c79e87,25,train,0.95,19/20,0.0,0.0,0.0,-0.875,C2,,False,C2,False,False
329827ff05d91df525cbbf80,25,train,0.95,19/20,-2.0,-5.8888779583328805,-5.8888779583328805,-1.375,C2,True,True,C2,True,False
e444d844018cd90dadd1bb1b,25,train,0.95,19/20,-2.0,-5.8888779583328805,-5.8888779583328805,-1.5,C2,True,True,C2,True,False
14f9deb9957fc0b61788b581,26,train,0.95,19/20,-1.0,-2.9444389791664403,-2.9444389791664403,-1.125,C2,True,True,C2,True,False
2af82e2687bd008df9bb8034,26,train,0.95,19/20,-1.0,-2.9444389791664403,-2.9444389791664403,-0.75,C2,True,True,C2,True,False
0e206c33c88b0c1d17c07e71,26,train,0.95,19/20,1.0,2.9444389791664403,2.9444389791664403,-0.375,C2,False,True,C2,False,False
79e25395143ae398992703db,26,train,0.95,19/20,1.0,2.9444389791664403,2.9444389791664403,-0.5,C2,False,True,C2,False,False
36ccda9eb09fdafc5dc0c46a,26,train,0.95,19/20,-1.0,-2.9444389791664403,-2.9444389791664403,-0.875,C2,True,True,C2,True,False
a9eeea664150352c19f39ce5,26,train,0.95,19/20,-1.0,-2.9444389791664403,-2.9444389791664403,-0.5,C2,True,True,C2,True,False
7cd962a95e3866a4f3a88017,26,train,0.95,19/20,1.0,2.9444389791664403,2.9444389791664403,0.0,C1,True,True,TIE,False,True
9cb6a80534d7c59be1b89a0e,26,train,0.95,19/20,1.0,2.9444389791664403,2.9444389791664403,0.5,C1,True,True,C1,True,False
1c0d00b76d8f44076ae5db23,27,train,0.95,19/20,0.0,0.0,0.0,-0.625,C2,,False,C2,False,False
e98eb881dcc6bda9f8003202,27,train,0.95,19/20,2.0,5.8888779583328805,5.8888779583328805,-0.375,C2,False,True,C2,False,False
d9b301a0b58a2706d2d3e8f5,27,train,0.95,19/20,-2.0,-5.8888779583328805,-5.8888779583328805,-1.0,C2,True,True,C2,True,False
b6fc263b9e0472ff0ca75e73,27,train,0.95,19/20,0.0,0.0,0.0,-0.25,C2,,False,C2,False,False
250ae8fe8caab377afaf2c71,27,train,0.95,19/20,0.0,0.0,0.0,-0.5,C2,,False,C2,False,False
ca0a82a14b21aaf25efd950c,27,train,0.95,19/20,2.0,5.8888779583328805,5.8888779583328805,0.0,C1,True,True,TIE,False,True
30cafb997a0493d0dceeda6d,27,train,0.95,19/20,-2.0,-5.8888779583328805,-5.8888779583328805,-1.0,C2,True,True,C2,True,False
5ebfca3f4ae4e76a2519841e,27,train,0.95,19/20,0.0,0.0,0.0,0.0,C1,,False,TIE,False,True
2130675fdf5c979c8a360505,28,train,0.95,19/20,0.0,0.0,0.0,-0.625,C2,,False,C2,False,False
6061c7bca6fca5e5421d3773,28,train,0.95,19/20,0.0,0.0,0.0,-0.625,C2,,False,C2,False,False
b0a3035764b66148ea79c826,28,train,0.95,19/20,-2.0,-5.8888779583328805,-5.8888779583328805,-1.0,C2,True,True,C2,True,False
a4630be051b81387082f1807,28,train,0.95,19/20,-2.0,-5.8888779583328805,-5.8888779583328805,-0.5,C2,True,True,C2,True,False
f4cbe8da05cef6c1a5d06afe,28,train,0.95,19/20,2.0,5.8888779583328805,5.8888779583328805,0.0,C1,True,True,TIE,False,True
7a0311d5ecc31a0114bb8342,28,train,0.95,19/20,2.0,5.8888779583328805,5.8888779583328805,-0.125,C2,False,True,C2,False,False
88b06432754a8b0073a9ec5f,28,train,0.95,19/20,0.0,0.0,0.0,-0.625,C2,,False,C2,False,False
063f7670dace4173d728308d,28,train,0.95,19/20,0.0,0.0,0.0,0.0,C1,,False,TIE,False,True
a0e52676c6d77b528b593f61,29,train,0.95,19/20,-1.0,-2.9444389791664403,-2.9444389791664403,-1.375,C2,True,True,C2,True,False
20d34015d315d0aeec86142f,29,train,0.95,19/20,-1.0,-2.9444389791664403,-2.9444389791664403,-1.0,C2,True,True,C2,True,False
8656caeb4d9d1913c0969758,29,train,0.95,19/20,-1.0,-2.9444389791664403,-2.9444389791664403,-1.125,C2,True,True,C2,True,False
cad3ccf0c5dd3e9d9f4bb5a1,29,train,0.95,19/20,-1.0,-2.9444389791664403,-2.9444389791664403,-0.375,C2,True,True,C2,True,False
fb5f3f1e60cba0b43b4d7333,29,train,0.95,19/20,1.0,2.9444389791664403,2.9444389791664403,0.0,C2,False,True,TIE,False,True
86ae4654b014bb79010a9c4c,29,train,0.95,19/20,1.0,2.9444389791664403,2.9444389791664403,0.0,C1,True,True,TIE,False,True
1f8e2262f63e982263e635c6,29,train,0.95,19/20,1.0,2.9444389791664403,2.9444389791664403,-0.125,C2,False,True,C2,False,False
2278609c2a655dfdcd1b56aa,29,train,0.95,19/20,1.0,2.9444389791664403,2.9444389791664403,0.5,C1,True,True,C1,True,False
6c2c38e40ca53d88bdb7757f,30,train,0.95,19/20,3.0,8.83331693749932,8.83331693749932,0.875,C1,True,True,C1,True,False
1ccd7293fa886d8d36e94f4a,30,train,0.95,19/20,1.0,2.9444389791664403,2.9444389791664403,0.125,C1,True,True,C1,True,False
3e68e8400d057ee94aa2b478,30,train,0.95,19/20,1.0,2.9444389791664403,2.9444389791664403,-0.75,C2,False,True,C2,False,False
f9bf682d35413bbca2d1b39e,30,train,0.95,19/20,-1.0,-2.9444389791664403,-2.9444389791664403,-0.75,C2,True,True,C2,True,False
c35c0cad4d7d4308dfba9268,30,train,0.95,19/20,1.0,2.9444389791664403,2.9444389791664403,-0.75,C2,False,True,C2,False,False
74f44e562251001be826759c,30,train,0.95,19/20,-1.0,-2.9444389791664403,-2.9444389791664403,-1.125,C2,True,True,C2,True,False
06b87961a179331dfd7d9b2c,30,train,0.95,19/20,-1.0,-2.9444389791664403,-2.9444389791664403,-1.875,C2,True,True,C2,True,False
02ba9bd9220347bddf0c2a5e,30,train,0.95,19/20,-3.0,-8.83331693749932,-8.83331693749932,-2.0,C2,True,True,C2,True,False
c0c8fd4ef723723242910a42,31,train,0.95,19/20,-1.0,-2.9444389791664403,-2.9444389791664403,-1.625,C2,True,True,C2,True,False
98593556b6c2360349029e8e,31,train,0.95,19/20,1.0,2.9444389791664403,2.9444389791664403,-0.625,C2,False,True,C2,False,False
9b40b0d94a3d295bdc00f8d0,31,train,0.95,19/20,-1.0,-2.9444389791664403,-2.9444389791664403,-1.375,C2,True,True,C2,True,False
d456beec480514973e9aa6c3,31,train,0.95,19/20,1.0,2.9444389791664403,2.9444389791664403,0.375,C1,True,True,C1,True,False
0f3964006015de07ae4a7f4d,31,train,0.95,19/20,-1.0,-2.9444389791664403,-2.9444389791664403,-0.125,C2,True,True,C2,True,False
4a825f42b7e1ff44bcab1a99,31,train,0.95,19/20,1.0,2.9444389791664403,2.9444389791664403,0.625,C1,True,True,C1,True,False
c84db86f0311116dcd405ca2,31,train,0.95,19/20,-1.0,-2.9444389791664403,-2.9444389791664403,-0.375,C2,True,True,C2,True,False
120eafe8e430faae96da1e2d,31,train,0.95,19/20,1.0,2.9444389791664403,2.9444389791664403,1.375,C1,True,True,C1,True,False
5dde0ca2f6aeab062fd7857a,32,train,0.95,19/20,-1.0,-2.9444389791664403,-2.9444389791664403,-0.875,C2,True,True,C2,True,False
2b45c4e9287c9fe765e50f6a,32,train,0.95,19/20,1.0,2.9444389791664403,2.9444389791664403,-0.375,C2,False,True,C2,False,False
d0b621b27bdf30c28371319b,32,train,0.95,19/20,-1.0,-2.9444389791664403,-2.9444389791664403,-0.875,C2,True,True,C2,True,False
ae10eabc40665eedfcb82803,32,train,0.95,19/20,1.0,2.9444389791664403,2.9444389791664403,-0.125,C2,False,True,C2,False,False
d105eec06d8531ef37493a52,32,train,0.95,19/20,-1.0,-2.9444389791664403,-2.9444389791664403,-0.5,C2,True,True,C2,True,False
e7043ca46ae247263cb27ddf,32,train,0.95,19/20,1.0,2.9444389791664403,2.9444389791664403,0.0,C1,True,True,TIE,False,True
f884d4ba7f210dd726d07fd2,32,train,0.95,19/20,-1.0,-2.9444389791664403,-2.9444389791664403,-0.5,C2,True,True,C2,True,False
0dfd22c025e78d3a27f0d097,32,train,0.95,19/20,1.0,2.9444389791664403,2.9444389791664403,0.5,C1,True,True,C1,True,False
63506ffb5dd77ce027b9d3fd,33,train,0.95,19/20,-3.0,-8.83331693749932,-8.83331693749932,-1.625,C2,True,True,C2,True,False
2d55a1a4e7312718248cb1a9,33,train,0.95,19/20,-1.0,-2.9444389791664403,-2.9444389791664403,-0.875,C2,True,True,C2,True,False
94a796ecb9f2f9f3bc4dbd1e,33,train,0.95,19/20,-1.0,-2.9444389791664403,-2.9444389791664403,-0.375,C2,True,True,C2,True,False
223f3b17f64d9b1d7dc149bc,33,train,0.95,19/20,1.0,2.9444389791664403,2.9444389791664403,0.25,C1,True,True,C1,True,False
8e89fd54ee1333d70a1f73d7,33,train,0.95,19/20,-1.0,-2.9444389791664403,-2.9444389791664403,0.375,C1,False,True,C1,False,False
8aaac54abac00eb35e744e46,33,train,0.95,19/20,1.0,2.9444389791664403,2.9444389791664403,0.875,C1,True,True,C1,True,False
b8ac5eee86a4c79861358a68,33,train,0.95,19/20,1.0,2.9444389791664403,2.9444389791664403,1.0,C1,True,True,C1,True,False
eaf1ed5b7b137829b62480f9,33,train,0.95,19/20,3.0,8.83331693749932,8.83331693749932,1.75,C1,True,True,C1,True,False
2bf328bf94b90a2440916c7b,34,train,0.95,19/20,1.0,2.9444389791664403,2.9444389791664403,0.5,C1,True,True,C1,True,False
ae211569ea0accdd03e51a5a,34,train,0.95,19/20,1.0,2.9444389791664403,2.9444389791664403,0.375,C1,True,True,C1,True,False
72f3756352810685918bb218,34,train,0.95,19/20,1.0,2.9444389791664403,2.9444389791664403,0.625,C1,True,True,C1,True,False
0d8c11486de7e4a3cf5a8e21,34,train,0.95,19/20,1.0,2.9444389791664403,2.9444389791664403,0.5,C1,True,True,C1,True,False
c1f307c9a0a59b9dc50306b4,34,train,0.95,19/20,-1.0,-2.9444389791664403,-2.9444389791664403,-0.75,C2,True,True,C2,True,False
a83cf57e8d4409f038bc0726,34,train,0.95,19/20,-1.0,-2.9444389791664403,-2.9444389791664403,-0.625,C2,True,True,C2,True,False
0cc4301ba5028434a600ea93,34,train,0.95,19/20,-1.0,-2.9444389791664403,-2.9444389791664403,-0.625,C2,True,True,C2,True,False
cb6b7bd93dbc1153fee459a1,34,train,0.95,19/20,-1.0,-2.9444389791664403,-2.9444389791664403,0.0,C2,True,True,TIE,False,True
a2b78cdddde262b9c89aeedb,35,train,0.95,19/20,0.0,0.0,0.0,-0.875,C2,,False,C2,False,False
aaff53e910b77804b428114d,35,train,0.95,19/20,0.0,0.0,0.0,-0.625,C2,,False,C2,False,False
7076916aca18c5c79ae69557,35,train,0.95,19/20,0.0,0.0,0.0,-0.625,C2,,False,C2,False,False
34d87acb6c6ebed997d6b431,35,train,0.95,19/20,0.0,0.0,0.0,-0.375,C2,,False,C2,False,False
ec5a76e54b49280bcb45f8f7,35,train,0.95,19/20,0.0,0.0,0.0,-0.5,C2,,False,C2,False,False
036e8ea76945ca07c5c6b8d5,35,train,0.95,19/20,0.0,0.0,0.0,-0.375,C2,,False,C2,False,False
e7b6729d2c6983426cebdb7d,35,train,0.95,19/20,0.0,0.0,0.0,-0.375,C2,,False,C2,False,False
8858c3f26d91e9cd8e2e7294,35,train,0.95,19/20,0.0,0.0,0.0,0.125,C1,,False,C1,False,False
69e7ef4e9a035282c0159c56,36,train,0.95,19/20,-1.0,-2.9444389791664403,-2.9444389791664403,-1.5,C2,True,True,C2,True,False
7e559d30b07d34e5a57cb72e,36,train,0.95,19/20,-1.0,-2.9444389791664403,-2.9444389791664403,-1.0,C2,True,True,C2,True,False
bf757486f5b32818afb9df3c,36,train,0.95,19/20,1.0,2.9444389791664403,2.9444389791664403,-0.75,C2,False,True,C2,False,False
6abdaf7a7c91294641ba48dc,36,train,0.95,19/20,1.0,2.9444389791664403,2.9444389791664403,-0.75,C2,False,True,C2,False,False
0aa8fcc95fe2435488bb5288,36,train,0.95,19/20,-1.0,-2.9444389791664403,-2.9444389791664403,-1.0,C2,True,True,C2,True,False
f07f1bcf438000aed7e10c4d,36,train,0.95,19/20,-1.0,-2.9444389791664403,-2.9444389791664403,-0.75,C2,True,True,C2,True,False
8fde7805b4e0be20f4c5cd34,36,train,0.95,19/20,1.0,2.9444389791664403,2.9444389791664403,-0.25,C2,False,True,C2,False,False
03172b635675375571871b68,36,train,0.95,19/20,1.0,2.9444389791664403,2.9444389791664403,0.0,C1,True,True,TIE,False,True
ed99d560ddf422c9ccc77472,37,train,0.95,19/20,0.0,0.0,0.0,-0.625,C2,,False,C2,False,False
02279d954d921c18a9f87baf,37,train,0.95,19/20,0.0,0.0,0.0,-0.5,C2,,False,C2,False,False
c89b2495d0a7a7e482cafb11,37,train,0.95,19/20,0.0,0.0,0.0,-0.625,C2,,False,C2,False,False
48651bd2939703dae3515845,37,train,0.95,19/20,0.0,0.0,0.0,-0.25,C2,,False,C2,False,False
50f2e957e1b10721a002bb11,37,train,0.95,19/20,0.0,0.0,0.0,-0.5,C2,,False,C2,False,False
445d71817098f66d7d030ed9,37,train,0.95,19/20,0.0,0.0,0.0,-0.5,C2,,False,C2,False,False
aa8d89006e38cdaf600eeea9,37,train,0.95,19/20,0.0,0.0,0.0,-0.625,C2,,False,C2,False,False
e154f8244dd97e9fc740c7d2,37,train,0.95,19/20,0.0,0.0,0.0,-0.125,C2,,False,C2,False,False
a6261978dbcd0a7447482b6f,38,train,0.95,19/20,1.0,2.9444389791664403,2.9444389791664403,-0.125,C2,False,True,C2,False,False
dcad26456f5e8ad60999981e,38,train,0.95,19/20,-1.0,-2.9444389791664403,-2.9444389791664403,-0.25,C2,True,True,C2,True,False
fd2e72f4c46a98460a4b6c9e,38,train,0.95,19/20,-1.0,-2.9444389791664403,-2.9444389791664403,-1.25,C2,True,True,C2,True,False
c66ddaf181d442324eb57896,38,train,0.95,19/20,-3.0,-8.83331693749932,-8.83331693749932,-0.875,C2,True,True,C2,True,False
c92d8ba806dbdc81714840e8,38,train,0.95,19/20,3.0,8.83331693749932,8.83331693749932,0.625,C1,True,True,C1,True,False
08b508b6c5c79f4c0e2f0bc9,38,train,0.95,19/20,1.0,2.9444389791664403,2.9444389791664403,0.25,C1,True,True,C1,True,False
2c6ae3af46bd9d513881a5e7,38,train,0.95,19/20,1.0,2.9444389791664403,2.9444389791664403,-0.75,C2,False,True,C2,False,False
d6b8c6bec0dcf625329fbaec,38,train,0.95,19/20,-1.0,-2.9444389791664403,-2.9444389791664403,-0.375,C2,True,True,C2,True,False
5bd78ea2c7b01d0d6002ff3a,39,train,0.95,19/20,0.0,0.0,0.0,-0.5,C2,,False,C2,False,False
2cef32796b3f0c0c99f6e7e3,39,train,0.95,19/20,0.0,0.0,0.0,-0.125,C2,,False,C2,False,False
dcdba2ccfb582624212d1129,39,train,0.95,19/20,0.0,0.0,0.0,-0.5,C2,,False,C2,False,False
ed49b4cee541a74fdaf97f68,39,train,0.95,19/20,0.0,0.0,0.0,0.0,C1,,False,TIE,False,True
708b5cd96a5c187ed56fda88,39,train,0.95,19/20,0.0,0.0,0.0,-0.5,C2,,False,C2,False,False
bb425e11e985cc4e5ebe9c95,39,train,0.95,19/20,0.0,0.0,0.0,0.0,C2,,False,TIE,False,True
4c63eaa24e1a198498e933f3,39,train,0.95,19/20,0.0,0.0,0.0,-0.375,C2,,False,C2,False,False
e9e9c9d36beab7fb1718ef08,39,train,0.95,19/20,0.0,0.0,0.0,0.375,C1,,False,C1,False,False
ff9247971356af5e3050229a,40,train,0.95,19/20,2.0,5.8888779583328805,5.8888779583328805,1.0,C1,True,True,C1,True,False
2aa430958c832303f205f199,40,train,0.95,19/20,0.0,0.0,0.0,0.5,C1,,False,C1,False,False
10af87c507b7dbbdde684231,40,train,0.95,19/20,2.0,5.8888779583328805,5.8888779583328805,0.5,C1,True,True,C1,True,False
bcd08971b16180bb56e3a7cf,40,train,0.95,19/20,0.0,0.0,0.0,-0.125,C1,,False,C2,False,True
6cc7c9235c40b264142f6576,40,train,0.95,19/20,0.0,0.0,0.0,-0.875,C2,,False,C2,False,False
f53e68f0a7a766d754ee028e,40,train,0.95,19/20,-2.0,-5.8888779583328805,-5.8888779583328805,-1.0,C2,True,True,C2,True,False
9ab553d6ed85b78bf5098ac8,40,train,0.95,19/20,0.0,0.0,0.0,-1.0,C2,,False,C2,False,False
8d85e5ffcad961b3555655f9,40,train,0.95,19/20,-2.0,-5.8888779583328805,-5.8888779583328805,-1.0,C2,True,True,C2,True,False
241e51f42337b8ade8da3275,41,train,0.95,19/20,0.0,0.0,0.0,-1.375,C2,,False,C2,False,False
c930eb8d35f70da74bf70ecc,41,train,0.95,19/20,-2.0,-5.8888779583328805,-5.8888779583328805,-1.25,C2,True,True,C2,True,False
8eaf60c9683e4864b0a449ea,41,train,0.95,19/20,0.0,0.0,0.0,-1.25,C2,,False,C2,False,False
acbb23376d1b4bd9323fde0d,41,train,0.95,19/20,-2.0,-5.8888779583328805,-5.8888779583328805,-1.125,C2,True,True,C2,True,False
da7a47af5bd8ae21a01d8357,41,train,0.95,19/20,2.0,5.8888779583328805,5.8888779583328805,-0.375,C2,False,True,C2,False,False
d411bc971277807f99e97e41,41,train,0.95,19/20,0.0,0.0,0.0,-0.625,C2,,False,C2,False,False
ca4603073e087278937d3462,41,train,0.95,19/20,2.0,5.8888779583328805,5.8888779583328805,-0.375,C2,False,True,C2,False,False
aea6cc46def3d0ab07f2f6da,41,train,0.95,19/20,0.0,0.0,0.0,-0.25,C2,,False,C2,False,False
84a2fdc8bf8731f9dd437ed3,42,train,0.95,19/20,-1.0,-2.9444389791664403,-2.9444389791664403,-1.0,C2,True,True,C2,True,False
258c01b5192681c19587ca32,42,train,0.95,19/20,-1.0,-2.9444389791664403,-2.9444389791664403,-0.75,C2,True,True,C2,True,False
dc1878f5af64177a77b000ae,42,train,0.95,19/20,1.0,2.9444389791664403,2.9444389791664403,-0.5,C2,False,True,C2,False,False
8e22963d5bb7b4a3080eb861,42,train,0.95,19/20,1.0,2.9444389791664403,2.9444389791664403,0.0,C1,True,True,TIE,False,True
b7453184bdbb8f0fd08ef35d,42,train,0.95,19/20,-1.0,-2.9444389791664403,-2.9444389791664403,-0.75,C2,True,True,C2,True,False
b08b6f5e1adec33a4180f57e,42,train,0.95,19/20,-1.0,-2.9444389791664403,-2.9444389791664403,-0.5,C2,True,True,C2,True,False
2e01bd35a413569a461566e6,42,train,0.95,19/20,1.0,2.9444389791664403,2.9444389791664403,-0.125,C2,False,True,C2,False,False
6c9129badeea1b7d9375d6e9,42,train,0.95,19/20,1.0,2.9444389791664403,2.9444389791664403,0.625,C1,True,True,C1,True,False
491f6ada731822e32549e207,43,train,0.95,19/20,0.0,0.0,0.0,-1.25,C2,,False,C2,False,False
15c479a4d113366d7a00fac3,43,train,0.95,19/20,-2.0,-5.8888779583328805,-5.8888779583328805,-0.875,C2,True,True,C2,True,False
8c8d4285bde749c0010b2025,43,train,0.95,19/20,0.0,0.0,0.0,-0.625,C2,,False,C2,False,False
dda09a0091892221c8364522,43,train,0.95,19/20,-2.0,-5.8888779583328805,-5.8888779583328805,-0.375,C2,True,True,C2,True,False
3b0d3b8b8783751812a5b172,43,train,0.95,19/20,2.0,5.8888779583328805,5.8888779583328805,0.25,C1,True,True,C1,True,False
8fdea04c60aab99e6d70d938,43,train,0.95,19/20,0.0,0.0,0.0,0.125,C1,,False,C1,False,False
3621084030295c65383286c9,43,train,0.95,19/20,2.0,5.8888779583328805,5.8888779583328805,0.375,C1,True,True,C1,True,False
b96daf349df3036426abc513,43,train,0.95,19/20,0.0,0.0,0.0,0.75,C1,,False,C1,False,False
c84ed48d855885ec80402568,44,train,0.95,19/20,-1.0,-2.9444389791664403,-2.9444389791664403,-1.5,C2,True,True,C2,True,False
5dbe48dfed1bcb0b51b66fac,44,train,0.95,19/20,-1.0,-2.9444389791664403,-2.9444389791664403,-1.125,C2,True,True,C2,True,False
e78fdbbd79736517ee10b032,44,train,0.95,19/20,-1.0,-2.9444389791664403,-2.9444389791664403,-1.125,C2,True,True,C2,True,False
8e8fbd3fa32a75f8d106a8c1,44,train,0.95,19/20,-1.0,-2.9444389791664403,-2.9444389791664403,-0.25,C2,True,True,C2,True,False
96763fbf47cbea5ecee4eb9d,44,train,0.95,19/20,1.0,2.9444389791664403,2.9444389791664403,0.125,C1,True,True,C1,True,False
eca87f03bb12ba97e01a07e8,44,train,0.95,19/20,1.0,2.9444389791664403,2.9444389791664403,0.375,C1,True,True,C1,True,False
a015fb1be104f494e6e03abe,44,train,0.95,19/20,1.0,2.9444389791664403,2.9444389791664403,0.25,C1,True,True,C1,True,False
3e7ce52e6398140137bfde9d,44,train,0.95,19/20,1.0,2.9444389791664403,2.9444389791664403,1.0,C1,True,True,C1,True,False
0821d706ddfd986989dec6ed,45,train,0.95,19/20,0.0,0.0,0.0,-1.0,C2,,False,C2,False,False
d38fb4e64b318ce101fce7a1,45,train,0.95,19/20,0.0,0.0,0.0,-0.625,C2,,False,C2,False,False
d4bbb72bb0621183ca03bf2d,45,train,0.95,19/20,0.0,0.0,0.0,-0.75,C2,,False,C2,False,False
935794df5092e0d3d06da501,45,train,0.95,19/20,0.0,0.0,0.0,-0.25,C2,,False,C2,False,False
23a439a294143e19b9fa57ec,45,train,0.95,19/20,0.0,0.0,0.0,-0.5,C2,,False,C2,False,False
98c12cff97ef269ced51e0f0,45,train,0.95,19/20,0.0,0.0,0.0,-0.375,C2,,False,C2,False,False
5028cd301f0e281278eb42e5,45,train,0.95,19/20,0.0,0.0,0.0,-0.25,C2,,False,C2,False,False
9e3ec1dde18e3aa4032e795a,45,train,0.95,19/20,0.0,0.0,0.0,0.25,C1,,False,C1,False,False
028b6d792d2eaef51537389e,46,train,0.95,19/20,-2.0,-5.8888779583328805,-5.8888779583328805,-1.75,C2,True,True,C2,True,False
55dbde1bc39d18dd555c6403,46,train,0.95,19/20,-2.0,-5.8888779583328805,-5.8888779583328805,-1.25,C2,True,True,C2,True,False
537ea88910813305d1a6044f,46,train,0.95,19/20,0.0,0.0,0.0,-0.875,C2,,False,C2,False,False
c16bcec36885e871c55a15a1,46,train,0.95,19/20,0.0,0.0,0.0,-0.25,C2,,False,C2,False,False
192d21412c8ad19b07c919a1,46,train,0.95,19/20,0.0,0.0,0.0,-0.125,C2,,False,C2,False,False
7b34ed0e67510ee1aae72ebb,46,train,0.95,19/20,0.0,0.0,0.0,0.125,C1,,False,C1,False,False
c5440a659eaa6f15d21ba18a,46,train,0.95,19/20,2.0,5.8888779583328805,5.8888779583328805,0.625,C1,True,True,C1,True,False
afc95daf40a7a71f2e17d197,46,train,0.95,19/20,2.0,5.8888779583328805,5.8888779583328805,1.375,C1,True,True,C1,True,False
1796804ccf738b96008735cb,47,train,0.95,19/20,1.0,2.9444389791664403,2.9444389791664403,0.125,C1,True,True,C1,True,False
da8b74a9c177f2c2a0d1e9c5,47,train,0.95,19/20,1.0,2.9444389791664403,2.9444389791664403,-0.125,C2,False,True,C2,False,False
efc0ce26baad308877ec3c1b,47,train,0.95,19/20,-1.0,-2.9444389791664403,-2.9444389791664403,-0.625,C2,True,True,C2,True,False
4bebf653644c5d8217724115,47,train,0.95,19/20,-1.0,-2.9444389791664403,-2.9444389791664403,-0.25,C2,True,True,C2,True,False
001196c62082a076683c627d,47,train,0.95,19/20,1.0,2.9444389791664403,2.9444389791664403,0.125,C1,True,True,C1,True,False
c8f094a4a591a5b2da19a8fa,47,train,0.95,19/20,1.0,2.9444389791664403,2.9444389791664403,-0.25,C2,False,True,C2,False,False
c6d45b6e5899350d1f231028,47,train,0.95,19/20,-1.0,-2.9444389791664403,-2.9444389791664403,-0.875,C2,True,True,C2,True,False
6d010b8a0e5ad9988172639b,47,train,0.95,19/20,-1.0,-2.9444389791664403,-2.9444389791664403,-0.25,C2,True,True,C2,True,False
78e923fdc3bafecb279353b7,48,train,0.95,19/20,0.0,0.0,0.0,0.0,C1,,False,TIE,False,True
df651ce7c35b122035528905,48,train,0.95,19/20,0.0,0.0,0.0,0.25,C1,,False,C1,False,False
bf84c9e483ad1629c2f35b62,48,train,0.95,19/20,-2.0,-5.8888779583328805,-5.8888779583328805,-1.125,C2,True,True,C2,True,False
876e5c63b5ba5b7381a71c10,48,train,0.95,19/20,-2.0,-5.8888779583328805,-5.8888779583328805,0.375,C1,False,True,C1,False,False
59bac34e21a0001acd7ac48a,48,train,0.95,19/20,2.0,5.8888779583328805,5.8888779583328805,0.5,C1,True,True,C1,True,False
f77c03287098e2d9b0ea7964,48,train,0.95,19/20,2.0,5.8888779583328805,5.8888779583328805,0.625,C1,True,True,C1,True,False
3f9a9827a1e86802db58a3ff,48,train,0.95,19/20,0.0,0.0,0.0,-0.625,C2,,False,C2,False,False
96239d18beb95005537855bc,48,train,0.95,19/20,0.0,0.0,0.0,0.75,C1,,False,C1,False,False
dbbcb917fab9207a03495545,49,train,0.95,19/20,0.0,0.0,0.0,-1.25,C2,,False,C2,False,False
c7fe87a1f9c7d694d91ba91f,49,train,0.95,19/20,0.0,0.0,0.0,-1.0,C2,,False,C2,False,False
edb1acdc375a59e018cfa3c0,49,train,0.95,19/20,-2.0,-5.8888779583328805,-5.8888779583328805,-1.25,C2,True,True,C2,True,False
32ff24b61c7565e5f0f55ed4,49,train,0.95,19/20,-2.0,-5.8888779583328805,-5.8888779583328805,-0.5,C2,True,True,C2,True,False
4d40484e4e05d5406d7358bf,49,train,0.95,19/20,2.0,5.8888779583328805,5.8888779583328805,0.125,C1,True,True,C1,True,False
5cf2f9e4acd75a4a5d650f61,49,train,0.95,19/20,2.0,5.8888779583328805,5.8888779583328805,0.125,C1,True,True,C1,True,False
c69689a9e137c39ab48a70e2,49,train,0.95,19/20,0.0,0.0,0.0,0.0,C2,,False,TIE,False,True
02bafbcc92cbf7acd5657a1e,49,train,0.95,19/20,0.0,0.0,0.0,0.5,C1,,False,C1,False,False
91429a203ea54992be289994,50,train,0.95,19/20,1.0,2.9444389791664403,2.9444389791664403,1.0,C1,True,True,C1,True,False
f67a01175f4411fe0ec7ad81,50,train,0.95,19/20,-1.0,-2.9444389791664403,-2.9444389791664403,0.625,C1,False,True,C1,False,False
fcc6eefba1f441fab6e50968,50,train,0.95,19/20,3.0,8.83331693749932,8.83331693749932,2.0,C1,True,True,C1,True,False
dba4001208490f6d5f688305,50,train,0.95,19/20,1.0,2.9444389791664403,2.9444389791664403,0.875,C1,True,True,C1,True,False
425f8de4dd8842e4ca6e6cb9,50,train,0.95,19/20,-1.0,-2.9444389791664403,-2.9444389791664403,-1.25,C2,True,True,C2,True,False
8e60ba6a89b5f31a432bf818,50,train,0.95,19/20,-3.0,-8.83331693749932,-8.83331693749932,-1.125,C2,True,True,C2,True,False
27d63a76a3f8ef5f55a799ac,50,train,0.95,19/20,1.0,2.9444389791664403,2.9444389791664403,1.0,C1,True,True,C1,True,False
f0d37dc074e33d338bc1558d,50,train,0.95,19/20,-1.0,-2.9444389791664403,-2.9444389791664403,0.875,C1,False,True,C1,False,False
2f8654237cde7b62a903b1ed,51,train,0.95,19/20,-1.0,-2.9444389791664403,-2.9444389791664403,-0.125,C2,True,True,C2,True,False
341dee0c83c3579ee19a4a9f,51,train,0.95,19/20,1.0,2.9444389791664403,2.9444389791664403,-0.125,C2,False,True,C2,False,False
dcd90950ee265633d61426d0,51,train,0.95,19/20,1.0,2.9444389791664403,2.9444389791664403,0.0,C2,False,True,TIE,False,True
ba1bd59c10330b8a69061496,51,train,0.95,19/20,3.0,8.83331693749932,8.83331693749932,0.25,C1,True,True,C1,True,False
099e01561dfbeead2ac0df87,51,train,0.95,19/20,-3.0,-8.83331693749932,-8.83331693749932,-1.375,C2,True,True,C2,True,False
c937e827d9dd2db8902f0f8a,51,train,0.95,19/20,-1.0,-2.9444389791664403,-2.9444389791664403,-0.625,C2,True,True,C2,True,False
d34fb2a54a3e87173657e973,51,train,0.95,19/20,-1.0,-2.9444389791664403,-2.9444389791664403,-0.75,C2,True,True,C2,True,False
ceef46653842d5c2599afefc,51,train,0.95,19/20,1.0,2.9444389791664403,2.9444389791664403,0.125,C1,True,True,C1,True,False
f9b36581d5cf30888cc075a9,52,train,0.95,19/20,-1.0,-2.9444389791664403,-2.9444389791664403,-1.0,C2,True,True,C2,True,False
be0fad5525a486a9eea13de2,52,train,0.95,19/20,1.0,2.9444389791664403,2.9444389791664403,-0.625,C2,False,True,C2,False,False
84f842ec14a1d76be93c7d6e,52,train,0.95,19/20,-1.0,-2.9444389791664403,-2.9444389791664403,-1.0,C2,True,True,C2,True,False
246774390553577026711e84,52,train,0.95,19/20,1.0,2.9444389791664403,2.9444389791664403,-0.375,C2,False,True,C2,False,False
7b084e533eeb826aa30935a4,52,train,0.95,19/20,-1.0,-2.9444389791664403,-2.9444389791664403,-0.625,C2,True,True,C2,True,False
8ac895ee97ffc6c1708333aa,52,train,0.95,19/20,1.0,2.9444389791664403,2.9444389791664403,-0.25,C2,False,True,C2,False,False
a70db5d1a4610c06a1b248c6,52,train,0.95,19/20,-1.0,-2.9444389791664403,-2.9444389791664403,-0.625,C2,True,True,C2,True,False
f33402122efa7ac61052519e,52,train,0.95,19/20,1.0,2.9444389791664403,2.9444389791664403,0.125,C1,True,True,C1,True,False
56a3dc4c681b1bf1bf44e576,53,train,0.95,19/20,1.0,2.9444389791664403,2.9444389791664403,-0.75,C2,False,True,C2,False,False
7d04b8f426596ee6cb2e2769,53,train,0.95,19/20,-1.0,-2.9444389791664403,-2.9444389791664403,-0.75,C2,True,True,C2,True,False
319ca56ef66641a716796dd6,53,train,0.95,19/20,1.0,2.9444389791664403,2.9444389791664403,-0.5,C2,False,True,C2,False,False
7351cf0027c282d16122e884,53,train,0.95,19/20,-1.0,-2.9444389791664403,-2.9444389791664403,-0.625,C2,True,True,C2,True,False
1e61dab4ada3edd6afb00de0,53,train,0.95,19/20,1.0,2.9444389791664403,2.9444389791664403,-0.5,C2,False,True,C2,False,False
cdd7315e74e5cb2a79c79724,53,train,0.95,19/20,-1.0,-2.9444389791664403,-2.9444389791664403,-0.75,C2,True,True,C2,True,False
41ddc91a50a46606cfd1c39b,53,train,0.95,19/20,1.0,2.9444389791664403,2.9444389791664403,-0.25,C2,False,True,C2,False,False
c480afcec071cb2c473d9628,53,train,0.95,19/20,-1.0,-2.9444389791664403,-2.9444389791664403,-0.625,C2,True,True,C2,True,False
9f3d7d9fe31cea7bde73c84d,54,train,0.95,19/20,2.0,5.8888779583328805,5.8888779583328805,0.5,C1,True,True,C1,True,False
1d6bcf10fad3532bd0a48586,54,train,0.95,19/20,2.0,5.8888779583328805,5.8888779583328805,0.125,C1,True,True,C1,True,False
86e44f3a603444fba09d3d9a,54,train,0.95,19/20,0.0,0.0,0.0,-0.875,C2,,False,C2,False,False
f4fb5b39339e68b7a54b95fb,54,train,0.95,19/20,0.0,0.0,0.0,-0.625,C2,,False,C2,False,False
c7c8412d6430256ad4ea1094,54,train,0.95,19/20,0.0,0.0,0.0,-0.75,C2,,False,C2,False,False
fc414bba40c002590f359487,54,train,0.95,19/20,0.0,0.0,0.0,-0.875,C2,,False,C2,False,False
b1b5f33ffbea2f98a264adf2,54,train,0.95,19/20,-2.0,-5.8888779583328805,-5.8888779583328805,-1.75,C2,True,True,C2,True,False
80e29b515c3df2bcae53817a,54,train,0.95,19/20,-2.0,-5.8888779583328805,-5.8888779583328805,-1.75,C2,True,True,C2,True,False
04be5b5f882a0d6475e2bc60,55,train,0.95,19/20,2.0,5.8888779583328805,5.8888779583328805,1.0,C1,True,True,C1,True,False
9af27b540fd73453a56b164f,55,train,0.95,19/20,0.0,0.0,0.0,0.5,C1,,False,C1,False,False
3e463912018619e3339fb849,55,train,0.95,19/20,2.0,5.8888779583328805,5.8888779583328805,0.5,C1,True,True,C1,True,False
85080f559b053f0e279f92a7,55,train,0.95,19/20,0.0,0.0,0.0,0.125,C1,,False,C1,False,False
7b0dabe5a6ffa36e13863d12,55,train,0.95,19/20,0.0,0.0,0.0,-0.375,C2,,False,C2,False,False
a8fdb0a56e6419f63080d788,55,train,0.95,19/20,-2.0,-5.8888779583328805,-5.8888779583328805,-0.625,C2,True,True,C2,True,False
25d7e3916345ab11b1dd3596,55,train,0.95,19/20,0.0,0.0,0.0,-0.625,C2,,False,C2,False,False
e0c0e45c82c42f934ba16de7,55,train,0.95,19/20,-2.0,-5.8888779583328805,-5.8888779583328805,-0.375,C2,True,True,C2,True,False
128ab460ddee47a50cbe44e0,56,train,0.95,19/20,2.0,5.8888779583328805,5.8888779583328805,0.0,C1,True,True,TIE,False,True
9ce8f61899c5a7f2dc05ee47,56,train,0.95,19/20,0.0,0.0,0.0,-0.375,C2,,False,C2,False,False
21ab4d2f5aaf25a2ad04d136,56,train,0.95,19/20,0.0,0.0,0.0,-0.875,C2,,False,C2,False,False
75f70901f4c13e50d1f9c8a3,56,train,0.95,19/20,-2.0,-5.8888779583328805,-5.8888779583328805,-0.75,C2,True,True,C2,True,False
40ed3b41791f7110f4052f07,56,train,0.95,19/20,2.0,5.8888779583328805,5.8888779583328805,-0.125,C2,False,True,C2,False,False
ee6b7b3c2509454ed0972c86,56,train,0.95,19/20,0.0,0.0,0.0,-0.75,C2,,False,C2,False,False
f0277919cebf2c8eeb2cecbd,56,train,0.95,19/20,0.0,0.0,0.0,-1.125,C2,,False,C2,False,False
2b28da89fff4522cad48529a,56,train,0.95,19/20,-2.0,-5.8888779583328805,-5.8888779583328805,-1.375,C2,True,True,C2,True,False
bd4c78777c204377d0f79025,57,train,0.95,19/20,-1.0,-2.9444389791664403,-2.9444389791664403,-1.375,C2,True,True,C2,True,False
28cb4bbbe5a882636d0f6532,57,train,0.95,19/20,-1.0,-2.9444389791664403,-2.9444389791664403,-1.125,C2,True,True,C2,True,False
48df62295f4319bd6c4aba07,57,train,0.95,19/20,-1.0,-2.9444389791664403,-2.9444389791664403,-1.125,C2,True,True,C2,True,False
a8d895262f626cd9854fef69,57,train,0.95,19/20,-1.0,-2.9444389791664403,-2.9444389791664403,-0.625,C2,True,True,C2,True,False
1d6e00ff7038e6d563ad7be1,57,train,0.95,19/20,1.0,2.9444389791664403,2.9444389791664403,-0.25,C2,False,True,C2,False,False
b47ae599267285a8a4755677,57,train,0.95,19/20,1.0,2.9444389791664403,2.9444389791664403,-0.125,C2,False,True,C2,False,False
748f086c31073d7a7d5f565e,57,train,0.95,19/20,1.0,2.9444389791664403,2.9444389791664403,-0.125,C2,False,True,C2,False,False
5e849c189b228c28fa3817d6,57,train,0.95,19/20,1.0,2.9444389791664403,2.9444389791664403,0.625,C1,True,True,C1,True,False
3ccfd86710ba72406826012b,58,train,0.95,19/20,-2.0,-5.8888779583328805,-5.8888779583328805,-2.0,C2,True,True,C2,True,False
19c158a84fa1e487e6724e84,58,train,0.95,19/20,-2.0,-5.8888779583328805,-5.8888779583328805,-1.5,C2,True,True,C2,True,False
173acde704ba560329358320,58,train,0.95,19/20,0.0,0.0,0.0,-1.125,C2,,False,C2,False,False
8ce170153574fc182a7695ae,58,train,0.95,19/20,0.0,0.0,0.0,-0.375,C2,,False,C2,False,False
f22d3ec9c1b74cd9ababd06d,58,train,0.95,19/20,0.0,0.0,0.0,-0.875,C2,,False,C2,False,False
be21714dafa1af76966ab0cb,58,train,0.95,19/20,0.0,0.0,0.0,-0.375,C2,,False,C2,False,False
eaa62a1b3bd1d524e595df7f,58,train,0.95,19/20,2.0,5.8888779583328805,5.8888779583328805,0.0,C1,True,True,TIE,False,True
5d50d172ff58a292861a39e5,58,train,0.95,19/20,2.0,5.8888779583328805,5.8888779583328805,0.875,C1,True,True,C1,True,False
4b3d9bbb27986f98f9760114,59,train,0.95,19/20,0.0,0.0,0.0,-1.375,C2,,False,C2,False,False
b80e0d63619ec2acf17a55a1,59,train,0.95,19/20,-2.0,-5.8888779583328805,-5.8888779583328805,-1.375,C2,True,True,C2,True,False
6e0b75293b308a61ee7af2e3,59,train,0.95,19/20,0.0,0.0,0.0,-1.0,C2,,False,C2,False,False
4e4e5b53eaa98129f418f2e5,59,train,0.95,19/20,-2.0,-5.8888779583328805,-5.8888779583328805,-1.0,C2,True,True,C2,True,False
c6b42c4da0d0e5d4ec2ebb4d,59,train,0.95,19/20,2.0,5.8888779583328805,5.8888779583328805,0.125,C1,True,True,C1,True,False
2cc469c85246039d9a69c8cd,59,train,0.95,19/20,0.0,0.0,0.0,-0.125,C2,,False,C2,False,False
d9f27122a73b3383c9f2fa25,59,train,0.95,19/20,2.0,5.8888779583328805,5.8888779583328805,0.25,C1,True,True,C1,True,False
bfc84ed1126de1462010267e,59,train,0.95,19/20,0.0,0.0,0.0,0.625,C1,,False,C1,False,False
cc6d4cfc2cbb42078906a1f9,60,train,0.95,19/20,-1.0,-2.9444389791664403,-2.9444389791664403,-0.875,C2,True,True,C2,True,False
eb594cb38fdb3792db07d585,60,train,0.95,19/20,-1.0,-2.9444389791664403,-2.9444389791664403,-0.25,C2,True,True,C2,True,False
7ce09b6e4ae6845fdb2d2d76,60,train,0.95,19/20,1.0,2.9444389791664403,2.9444389791664403,0.0,C1,True,True,TIE,False,True
bdabfde2c1b170d9d003ff29,60,train,0.95,19/20,1.0,2.9444389791664403,2.9444389791664403,0.5,C1,True,True,C1,True,False
bcf6674c9ac16981345c177c,60,train,0.95,19/20,-1.0,-2.9444389791664403,-2.9444389791664403,-0.125,C2,True,True,C2,True,False
604116d0a154b5b65b07009f,60,train,0.95,19/20,-1.0,-2.9444389791664403,-2.9444389791664403,0.375,C1,False,True,C1,False,False
2e69e93ccf9308246e10b5bf,60,train,0.95,19/20,1.0,2.9444389791664403,2.9444389791664403,0.625,C1,True,True,C1,True,False
d1754ceb88d30c8a5cf031aa,60,train,0.95,19/20,1.0,2.9444389791664403,2.9444389791664403,1.375,C1,True,True,C1,True,False
4925831190442ce9bb6d3699,61,train,0.95,19/20,1.0,2.9444389791664403,2.9444389791664403,-0.125,C2,False,True,C2,False,False
6d2942abfe903e90640de054,61,train,0.95,19/20,-1.0,-2.9444389791664403,-2.9444389791664403,-0.375,C2,True,True,C2,True,False
ed756ab0a8113da3e5f60575,61,train,0.95,19/20,1.0,2.9444389791664403,2.9444389791664403,-0.25,C2,False,True,C2,False,False
9160817c4e678cdd0bac49e4,61,train,0.95,19/20,-1.0,-2.9444389791664403,-2.9444389791664403,-0.5,C2,True,True,C2,True,False
b9440f127c385af7e2f844d2,61,train,0.95,19/20,1.0,2.9444389791664403,2.9444389791664403,-0.125,C2,False,True,C2,False,False
0616a3550a6d25b04c62e146,61,train,0.95,19/20,-1.0,-2.9444389791664403,-2.9444389791664403,-0.5,C2,True,True,C2,True,False
5767bd39d406322411e0c5ac,61,train,0.95,19/20,1.0,2.9444389791664403,2.9444389791664403,-0.125,C1,True,True,C2,False,True
ba455ab4d5d47c84a53ab848,61,train,0.95,19/20,-1.0,-2.9444389791664403,-2.9444389791664403,-0.25,C2,True,True,C2,True,False
23122e2597fc5778325eca2a,62,train,0.95,19/20,-2.0,-5.8888779583328805,-5.8888779583328805,-1.0,C2,True,True,C2,True,False
2c18a6899b4bab9db1bf77da,62,train,0.95,19/20,0.0,0.0,0.0,-0.125,C2,,False,C2,False,False
06df74d7c7bd368505bf1750,62,train,0.95,19/20,0.0,0.0,0.0,0.125,C1,,False,C1,False,False
c7ac5c921b83694deadb73d3,62,train,0.95,19/20,2.0,5.8888779583328805,5.8888779583328805,0.75,C1,True,True,C1,True,False
18bcec99d2d91e7538ebf5d4,62,train,0.95,19/20,-2.0,-5.8888779583328805,-5.8888779583328805,0.25,C1,False,True,C1,False,False
12bcc619b9dea11b86e05f4f,62,train,0.95,19/20,0.0,0.0,0.0,0.75,C1,,False,C1,False,False
31262a5ca1cf079894e7cea4,62,train,0.95,19/20,0.0,0.0,0.0,0.875,C1,,False,C1,False,False
178a54e6f4c3f3f3d470f415,62,train,0.95,19/20,2.0,5.8888779583328805,5.8888779583328805,1.75,C1,True,True,C1,True,False
7fec07cc3d2ff1bc7d9d570a,63,train,0.95,19/20,0.0,0.0,0.0,-0.375,C2,,False,C2,False,False
ba6286bb92ea19fc687282be,63,train,0.95,19/20,-2.0,-5.8888779583328805,-5.8888779583328805,-0.5,C2,True,True,C2,True,False
00cf52b65ac2ff846167c377,63,train,0.95,19/20,2.0,5.8888779583328805,5.8888779583328805,-0.375,C2,False,True,C2,False,False
621f93ad5fd8edf8dadbb156,63,train,0.95,19/20,0.0,0.0,0.0,-0.625,C2,,False,C2,False,False
65993d9c263eecc514512690,63,train,0.95,19/20,0.0,0.0,0.0,-0.5,C2,,False,C2,False,False
1ec98d768dc5d0f6ae6bad54,63,train,0.95,19/20,-2.0,-5.8888779583328805,-5.8888779583328805,-0.5,C2,True,True,C2,True,False
39433d8ea20e4ba73236fa4f,63,train,0.95,19/20,2.0,5.8888779583328805,5.8888779583328805,-0.125,C2,False,True,C2,False,False
54197902a52e5202b77c2b65,63,train,0.95,19/20,0.0,0.0,0.0,0.0,C1,,False,TIE,False,True
